source_pdf,institute_code,institute_name,course_code,academic_year,cap_round,candidate_type,category,seat_type,university_type,cutoff_value,cutoff_unit,raw_row_text,page_number,allotment_type,row_hash
088e3b17100f-PG_MCA_CAP4_Cutoff_All_Institutes_2025_26.pdf,1005,"Sant Gadge Baba Amravati University,Amravati",0100524110,2025-26,4,Maharashtra,GOPENH,GOPENH,HU,74.782248,percentile,GOPENH | 8120 | 74.782248 | Stage-I,1,Home University Seats Allotted to Home University Candidates,68ba0285a20a13c3aa9c60874cab16bee85ad9514b64aa65e02a6fc5a9ae68c6
088e3b17100f-PG_MCA_CAP4_Cutoff_All_Institutes_2025_26.pdf,1005,"Sant Gadge Baba Amravati University,Amravati",0100524110,2025-26,4,Maharashtra,GSCH,GSCH,HU,31.6629561,percentile,GSCH | 19682 | 31.6629561 | Stage-I,1,Home University Seats Allotted to Home University Candidates,763ba43b8d762e7095967f487522b49dbc32ce12bd5d26d14ad1869e4293743b
088e3b17100f-PG_MCA_CAP4_Cutoff_All_Institutes_2025_26.pdf,1005,"Sant Gadge Baba Amravati University,Amravati",0100524110,2025-26,4,Maharashtra,GNTBH,GNTBH,HU,34.5198145,percentile,GNTBH | 18929 | 34.5198145 | Stage-I,1,Home University Seats Allotted to Home University Candidates,2d13ae20def4caafef372aee9a365afd67b854d416712ccebf0e22e21a356903
088e3b17100f-PG_MCA_CAP4_Cutoff_All_Institutes_2025_26.pdf,1005,"Sant Gadge Baba Amravati University,Amravati",0100524110,2025-26,4,Maharashtra,GNTDH,GNTDH,HU,71.1549338,percentile,GNTDH | 9204 | 71.1549338 | Stage-I,1,Home University Seats Allotted to Home University Candidates,ddb591e54fd65eff2605d0dddfe4948ae56b986b782937e26de92ad5b18d4b0a
088e3b17100f-PG_MCA_CAP4_Cutoff_All_Institutes_2025_26.pdf,1005,"Sant Gadge Baba Amravati University,Amravati",0100524110,2025-26,4,Maharashtra,GOPENO,GOPENO,HU,29.9046039,percentile,GOPENO | 19873 | 29.9046039 | Stage-I,1,Other Than Home University Seats Allotted to Other Than Home University Candidates,9267491378a8d882ade7747857baaeee7ce7bdd22d3ba28e99b7a83fa71bff76
088e3b17100f-PG_MCA_CAP4_Cutoff_All_Institutes_2025_26.pdf,1005,"Sant Gadge Baba Amravati University,Amravati",0100524110,2025-26,4,Maharashtra,GSTO,GSTO,HU,21.0059952,percentile,GSTO | 22077 | 21.0059952 | Stage-I,1,Other Than Home University Seats Allotted to Other Than Home University Candidates,98bacc3805bec192b2f625c12ddd7b73933894d8b9bd711b9c214956eb9422bb
088e3b17100f-PG_MCA_CAP4_Cutoff_All_Institutes_2025_26.pdf,1005,"Sant Gadge Baba Amravati University,Amravati",0100524110,2025-26,4,Maharashtra,GSCO,GSCO,HU,7.9446476,percentile,GSCO | 24257 | 7.9446476 | Stage-I,1,Other Than Home University Seats Allotted to Home University Candidates,36c97403fad0c3eb19bdf1bc683816a7d08c6778e0f2f71d98e3148dc3c43397
088e3b17100f-PG_MCA_CAP4_Cutoff_All_Institutes_2025_26.pdf,1102,"Vidya Bharati Mahavidyalaya Department of Research and PG Studies in Science & Management, Amravati",0110224110,2025-26,4,Maharashtra,GOPENH,GOPENH,HU,76.9216256,percentile,GOPENH | 7837 | 76.9216256 | Stage-I,2,Home University Seats Allotted to Home University Candidates,ff967446ec7eea819abc6e8f5e74776a6422e5ae84f7a2fe69e17ae3d4d40ca2
088e3b17100f-PG_MCA_CAP4_Cutoff_All_Institutes_2025_26.pdf,1102,"Vidya Bharati Mahavidyalaya Department of Research and PG Studies in Science & Management, Amravati",0110224110,2025-26,4,Maharashtra,GOPENO,GOPENO,HU,13.5402134,percentile,GOPENO | 23181 | 13.5402134 | Stage-I,2,Other Than Home University Seats Allotted to Other Than Home University Candidates,a21ab63f80100648d70fd1a3887a0ff460e88bed0f8c27b924dd282890cf7fb4
088e3b17100f-PG_MCA_CAP4_Cutoff_All_Institutes_2025_26.pdf,1102,"Vidya Bharati Mahavidyalaya Department of Research and PG Studies in Science & Management, Amravati",0110224110,2025-26,4,Maharashtra,GOPENO,GOPENO,HU,63.1574978,percentile,GOPENO | 11811 | 63.1574978 | Stage-I,2,Other Than Home University Seats Allotted to Home University Candidates,5b340be02489b26940d536f0f0128c80a653268f403985162d4f2d1aa806669b
088e3b17100f-PG_MCA_CAP4_Cutoff_All_Institutes_2025_26.pdf,1102,"Vidya Bharati Mahavidyalaya Department of Research and PG Studies in Science & Management, Amravati",0110224110,2025-26,4,Maharashtra,MI-MH,MI-MH,MI,65.8578922,percentile,MI-MH | 10819 | 65.8578922 | Stage-MI-MH,2,Minority Seats : Minority Seats Allotted to Non Minority Candidates,0e825ddc523f7c952bc60df6e41413041bed7f41148d8c2c379804b1dcddefb9
088e3b17100f-PG_MCA_CAP4_Cutoff_All_Institutes_2025_26.pdf,1105,"Prof. Ram Meghe Institute of Technology & Research, Amravati",0110524110,2025-26,4,Maharashtra,GNTCH,GNTCH,HU,2.0662871,percentile,GNTCH | 25231 | 2.0662871 | Stage-I,3,Home University Seats Allotted to Home University Candidates,9e813cb6f95d5091fab4cbee6b1b61ffd55397fc1ed9d0d881d56bb726977c94
088e3b17100f-PG_MCA_CAP4_Cutoff_All_Institutes_2025_26.pdf,1105,"Prof. Ram Meghe Institute of Technology & Research, Amravati",0110524110,2025-26,4,Maharashtra,GSCO,GSCO,HU,25.4779232,percentile,GSCO | 21223 | 25.4779232 | Stage-I,3,Other Than Home University Seats Allotted to Other Than Home University Candidates,f58f5f1a34dc41af94633de00ac643045b387221e287f8b01a376adad9de7e2b
088e3b17100f-PG_MCA_CAP4_Cutoff_All_Institutes_2025_26.pdf,1105,"Prof. Ram Meghe Institute of Technology & Research, Amravati",0110524110,2025-26,4,Maharashtra,GOBCO,GOBCO,HU,23.1010151,percentile,GOBCO | 21358 | 23.1010151 | Stage-I,3,Other Than Home University Seats Allotted to Other Than Home University Candidates,0638a9c722d62ff592c2468b3a5fa98c78706411c1ff5955cc65dd73001a1ca4
088e3b17100f-PG_MCA_CAP4_Cutoff_All_Institutes_2025_26.pdf,1105,"Prof. Ram Meghe Institute of Technology & Research, Amravati",0110524110,2025-26,4,Maharashtra,GSTO,GSTO,HU,71.1549338,percentile,GSTO | 9359 | 71.1549338 | Stage-IV,3,Other Than Home University Seats Allotted to Home University Candidates,67a77f3e50923104fce6fb9bcbd7f96e9b22c960a973aaab0cdfa6e384f7701a
088e3b17100f-PG_MCA_CAP4_Cutoff_All_Institutes_2025_26.pdf,1105,"Prof. Ram Meghe Institute of Technology & Research, Amravati",0110524110,2025-26,4,Maharashtra,GNTAO,GNTAO,HU,67.3579428,percentile,GNTAO | 10337 | 67.3579428 | Stage-IV,3,Other Than Home University Seats Allotted to Home University Candidates,69ee122ba5943b9ce513d881dc477aa0bcbc0369523bdf4d6c390e33e77dfb35
088e3b17100f-PG_MCA_CAP4_Cutoff_All_Institutes_2025_26.pdf,1105,"Prof. Ram Meghe Institute of Technology & Research, Amravati",0110524110,2025-26,4,Maharashtra,GOBCO,GOBCO,HU,71.1549338,percentile,GOBCO | 9576 | 71.1549338 | Stage-IV,3,Other Than Home University Seats Allotted to Home University Candidates,50e4a83b9ee45603defd2326eec2452bb78050a1dcc807e6c172f48ddcce2087
088e3b17100f-PG_MCA_CAP4_Cutoff_All_Institutes_2025_26.pdf,1107,"P. R. Pote Patil College of Engineering & Management, Amravati",0110724110,2025-26,4,Maharashtra,GNTDH,GNTDH,HU,85.2118788,percentile,GNTDH | 5077 | 85.2118788 | Stage-IV,4,Home University Seats Allotted to Home University Candidates,e08ae3c0f3269e9dff0830cfc6d1ccfee05335ada7219de47e8b0bab1d865e93
088e3b17100f-PG_MCA_CAP4_Cutoff_All_Institutes_2025_26.pdf,1107,"P. R. Pote Patil College of Engineering & Management, Amravati",0110724110,2025-26,4,Maharashtra,GOPENO,GOPENO,HU,79.9969812,percentile,GOPENO | 6712 | 79.9969812 | Stage-I,4,Other Than Home University Seats Allotted to Home University Candidates,cdcfd7b2aa742f7a0cdd8bd216381f18e2d4e6cc9b2b1f148cbdbe84cf649160
088e3b17100f-PG_MCA_CAP4_Cutoff_All_Institutes_2025_26.pdf,1111,"P.G. Department of Computer Science & Technology, D.C.P.E., H.V.P. Mandal, Amravati",0111124110,2025-26,4,Maharashtra,GOPENH,GOPENH,HU,58.7911466,percentile,GOPENH | 12822 | 58.7911466 | Stage-I,5,Home University Seats Allotted to Home University Candidates,a0136818171de90fbce8c6324c91d2659a5e313af75404c81729db6cb382c3b5
088e3b17100f-PG_MCA_CAP4_Cutoff_All_Institutes_2025_26.pdf,1111,"P.G. Department of Computer Science & Technology, D.C.P.E., H.V.P. Mandal, Amravati",0111124110,2025-26,4,Maharashtra,GSCH,GSCH,HU,39.3989669,percentile,GSCH | 17825 | 39.3989669 | Stage-I,5,Home University Seats Allotted to Home University Candidates,c166a72468800836eba002c57c840069da11aceac37b58890a7403ac3907f3df
088e3b17100f-PG_MCA_CAP4_Cutoff_All_Institutes_2025_26.pdf,1111,"P.G. Department of Computer Science & Technology, D.C.P.E., H.V.P. Mandal, Amravati",0111124110,2025-26,4,Maharashtra,GSTH,GSTH,HU,25.4779232,percentile,GSTH | 20850 | 25.4779232 | Stage-I,5,Home University Seats Allotted to Home University Candidates,6b820fd9e8939e08161d4f5fbd6291dbfa989a384c4fbf4a2912095ecea788c0
088e3b17100f-PG_MCA_CAP4_Cutoff_All_Institutes_2025_26.pdf,1111,"P.G. Department of Computer Science & Technology, D.C.P.E., H.V.P. Mandal, Amravati",0111124110,2025-26,4,Maharashtra,GNTCH,GNTCH,HU,56.5488095,percentile,GNTCH | 13616 | 56.5488095 | Stage-I,5,Home University Seats Allotted to Home University Candidates,6b221c82bd66ae08229e28487fd6391d8682788a29cf0496cf0f3a3329d5f13d
088e3b17100f-PG_MCA_CAP4_Cutoff_All_Institutes_2025_26.pdf,1111,"P.G. Department of Computer Science & Technology, D.C.P.E., H.V.P. Mandal, Amravati",0111124110,2025-26,4,Maharashtra,GOPENO,GOPENO,HU,53.942159,percentile,GOPENO | 14125 | 53.942159 | Stage-I,5,Other Than Home University Seats Allotted to Home University Candidates,80bf212d829f8928f489858e766c9c8c62133fe89b27f35d8b2981de9b56bf89
088e3b17100f-PG_MCA_CAP4_Cutoff_All_Institutes_2025_26.pdf,1113,"Sadhana Shikshan Mandal, Saraswati College, Shegaon",0111324110,2025-26,4,Maharashtra,GOPENH,GOPENH,HU,51.4093808,percentile,GOPENH | 15201 | 51.4093808 | Stage-I,6,Home University Seats Allotted to Home University Candidates,dbcc3440c9d4bec43dfe57cbca101efe9a7b8408f50928906b89d2f84aa19a66
088e3b17100f-PG_MCA_CAP4_Cutoff_All_Institutes_2025_26.pdf,1113,"Sadhana Shikshan Mandal, Saraswati College, Shegaon",0111324110,2025-26,4,Maharashtra,GSCH,GSCH,HU,27.2744425,percentile,GSCH | 20562 | 27.2744425 | Stage-I,6,Home University Seats Allotted to Home University Candidates,1cf5a578dccb7e1a74044365a02659cd42f730985940b164418c8e6f968446c5
088e3b17100f-PG_MCA_CAP4_Cutoff_All_Institutes_2025_26.pdf,1113,"Sadhana Shikshan Mandal, Saraswati College, Shegaon",0111324110,2025-26,4,Maharashtra,GSTH,GSTH,HU,39.3989669,percentile,GSTH | 18217 | 39.3989669 | Stage-I,6,Home University Seats Allotted to Home University Candidates,f6cac68d7ea55726d8e2d362dd8e2f1fcab8474ecc5f99fceb3c0a97e427d302
088e3b17100f-PG_MCA_CAP4_Cutoff_All_Institutes_2025_26.pdf,1113,"Sadhana Shikshan Mandal, Saraswati College, Shegaon",0111324110,2025-26,4,Maharashtra,GNTAH,GNTAH,HU,41.4550394,percentile,GNTAH | 17117 | 41.4550394 | Stage-I,6,Home University Seats Allotted to Home University Candidates,8170a665836d46b1ca4d41761a7b99351d71ea9d23afb3cef5705e29a8130b9a
088e3b17100f-PG_MCA_CAP4_Cutoff_All_Institutes_2025_26.pdf,1113,"Sadhana Shikshan Mandal, Saraswati College, Shegaon",0111324110,2025-26,4,Maharashtra,GNTBH,GNTBH,HU,13.5402134,percentile,GNTBH | 23334 | 13.5402134 | Stage-I,6,Home University Seats Allotted to Other Than Home University Candidates,b5c9fb7f8880f84ac93bfab8eeb56ab92739873bb4b10d73d62ca5eec817706e
088e3b17100f-PG_MCA_CAP4_Cutoff_All_Institutes_2025_26.pdf,1113,"Sadhana Shikshan Mandal, Saraswati College, Shegaon",0111324110,2025-26,4,Maharashtra,GOPENO,GOPENO,HU,19.1539942,percentile,GOPENO | 22375 | 19.1539942 | Stage-I,6,Other Than Home University Seats Allotted to Other Than Home University Candidates,be3a5ff2c3ed9252a7d141da3f13be9b50e76e277e03103a573932e9d8f0bb10
088e3b17100f-PG_MCA_CAP4_Cutoff_All_Institutes_2025_26.pdf,1113,"Sadhana Shikshan Mandal, Saraswati College, Shegaon",0111324110,2025-26,4,Maharashtra,GOBCO,GOBCO,HU,16.9789978,percentile,GOBCO | 22470 | 16.9789978 | Stage-I,6,Other Than Home University Seats Allotted to Other Than Home University Candidates,d98b7148cafdd044cdc523509fb0fb0508995d4291d9bb8a9e38cb14eaf236ce
088e3b17100f-PG_MCA_CAP4_Cutoff_All_Institutes_2025_26.pdf,1314,SMT RADHADEVI GOENKA COLLEGE FOR WOMEN,0111324110,2025-26,4,Maharashtra,GOPENH,GOPENH,HU,4.302251,percentile,GOPENH | 24778 | 4.302251 | Stage-I,7,Home University Seats Allotted to Home University Candidates,bdedb657af9d2167a4f61daf842940448701339bd097bf8d8161836425265c8b
088e3b17100f-PG_MCA_CAP4_Cutoff_All_Institutes_2025_26.pdf,1314,SMT RADHADEVI GOENKA COLLEGE FOR WOMEN,0111324110,2025-26,4,Maharashtra,GOPENO,GOPENO,HU,5.5960152,percentile,GOPENO | 24636 | 5.5960152 | Stage-I,7,Other Than Home University Seats Allotted to Other Than Home University Candidates,cf3f5240e990b4a4e63be63026eeb0b9ad99ed0cd80367ab87120a25217dcf7a
088e3b17100f-PG_MCA_CAP4_Cutoff_All_Institutes_2025_26.pdf,1314,SMT RADHADEVI GOENKA COLLEGE FOR WOMEN,0111324110,2025-26,4,Maharashtra,GOPENO,GOPENO,HU,4.302251,percentile,GOPENO | 24810 | 4.302251 | Stage-I,7,Other Than Home University Seats Allotted to Home University Candidates,40ffb29e0952bb727dee031ea2028d0b2a354ae6d108c744053fee70338f852c
088e3b17100f-PG_MCA_CAP4_Cutoff_All_Institutes_2025_26.pdf,1314,SMT RADHADEVI GOENKA COLLEGE FOR WOMEN,0111324110,2025-26,4,Maharashtra,TFWS,TFWS,SL,85.2118788,percentile,TFWS | 4875 | 85.2118788 | Stage-I,7,Other Than Home University Seats Allotted to Home University Candidates,9c79a0e2ec54e0de2fc0d794f94d0208f167244918ee2c45e7917f65dbda6279
088e3b17100f-PG_MCA_CAP4_Cutoff_All_Institutes_2025_26.pdf,2001,"Dr. B. A. M.University Dept. Of Management Science, Aurangabad",0200124110,2025-26,4,Maharashtra,GOPENH,GOPENH,HU,53.942159,percentile,GOPENH | 14141 | 53.942159 | Stage-I,8,Home University Seats Allotted to Home University Candidates,5c192a3471564f1a4f198b80f76f397d776d2d9a6a42430d2e6b0aaa12670eb9
088e3b17100f-PG_MCA_CAP4_Cutoff_All_Institutes_2025_26.pdf,2001,"Dr. B. A. M.University Dept. Of Management Science, Aurangabad",0200124110,2025-26,4,Maharashtra,GSCH,GSCH,HU,49.3533426,percentile,GSCH | 15234 | 49.3533426 | Stage-I,8,Home University Seats Allotted to Home University Candidates,25f0b449a740dd380a8e17e70d926dea1da13c2517d29c18fba08299926e1e3a
088e3b17100f-PG_MCA_CAP4_Cutoff_All_Institutes_2025_26.pdf,2001,"Dr. B. A. M.University Dept. Of Management Science, Aurangabad",0200124110,2025-26,4,Maharashtra,GSTH,GSTH,HU,36.496736,percentile,GSTH | 18379 | 36.496736 | Stage-I,8,Home University Seats Allotted to Home University Candidates,a06ae8e9876d94ddf07d2fb2d381a99c4f465437ceb41b685162d01c7fcc75f1
088e3b17100f-PG_MCA_CAP4_Cutoff_All_Institutes_2025_26.pdf,2001,"Dr. B. A. M.University Dept. Of Management Science, Aurangabad",0200124110,2025-26,4,Maharashtra,GOPENO,GOPENO,HU,85.3851665,percentile,GOPENO | 4677 | 85.3851665 | Stage-I,8,Other Than Home University Seats Allotted to Other Than Home University Candidates,bcdf62d72424effc27f20bf6b6fb9533f6f7cedd305169216b61f7c813419f7a
088e3b17100f-PG_MCA_CAP4_Cutoff_All_Institutes_2025_26.pdf,2001,"Dr. B. A. M.University Dept. Of Management Science, Aurangabad",0200124110,2025-26,4,Maharashtra,GSTO,GSTO,HU,29.9046039,percentile,GSTO | 19845 | 29.9046039 | Stage-I,8,Other Than Home University Seats Allotted to Other Than Home University Candidates,7f9ebd5d78f883fd17a52ce75f9d2837c8a7fbc8480ff15d3576a89d04257cdc
088e3b17100f-PG_MCA_CAP4_Cutoff_All_Institutes_2025_26.pdf,2005,"Dr. Babasaheb Ambedkar Marathwada Vidyapeeth,(Aurangabad) Sub Section - Osmanabad",0200524110,2025-26,4,Maharashtra,GOPENH,GOPENH,HU,51.4093808,percentile,GOPENH | 15130 | 51.4093808 | Stage-I,9,Home University Seats Allotted to Home University Candidates,f8917e19fde9ab0ba47e689571d8cb68972b77a1cf47567d70c0019b72667ebc
088e3b17100f-PG_MCA_CAP4_Cutoff_All_Institutes_2025_26.pdf,2005,"Dr. Babasaheb Ambedkar Marathwada Vidyapeeth,(Aurangabad) Sub Section - Osmanabad",0200524110,2025-26,4,Maharashtra,GOBCH,GOBCH,HU,19.1539942,percentile,GOBCH | 22219 | 19.1539942 | Stage-I,9,Home University Seats Allotted to Other Than Home University Candidates,b999ea2c6bdf0b4796c71151a0d12d7adc19da4c05cfe7113e10ccb5d058e68f
088e3b17100f-PG_MCA_CAP4_Cutoff_All_Institutes_2025_26.pdf,2005,"Dr. Babasaheb Ambedkar Marathwada Vidyapeeth,(Aurangabad) Sub Section - Osmanabad",0200524110,2025-26,4,Maharashtra,GOPENO,GOPENO,HU,56.5488095,percentile,GOPENO | 13437 | 56.5488095 | Stage-I,9,Other Than Home University Seats Allotted to Other Than Home University Candidates,036e242f5a4f76b2534db257ae5e793419d4e2e44beda937f9bfa8d95c7ab8a5
088e3b17100f-PG_MCA_CAP4_Cutoff_All_Institutes_2025_26.pdf,2007,"Swami Ramanand Teerth Marathwada Vidyapeeth, Nanded",0200724110,2025-26,4,Maharashtra,GOPENH,GOPENH,HU,69.7143504,percentile,GOPENH | 9623 | 69.7143504 | Stage-I,10,Home University Seats Allotted to Home University Candidates,5949348a6d9491930ba5105d81175ddbfb25ec7b0a0307105b41e03ed481d258
088e3b17100f-PG_MCA_CAP4_Cutoff_All_Institutes_2025_26.pdf,2007,"Swami Ramanand Teerth Marathwada Vidyapeeth, Nanded",0200724110,2025-26,4,Maharashtra,GSCH,GSCH,HU,36.496736,percentile,GSCH | 18761 | 36.496736 | Stage-I,10,Home University Seats Allotted to Home University Candidates,3211ac58c67aeaea3b53e9e0f2c45f992329306caa070c439ef3b248f07ed6b9
088e3b17100f-PG_MCA_CAP4_Cutoff_All_Institutes_2025_26.pdf,2007,"Swami Ramanand Teerth Marathwada Vidyapeeth, Nanded",0200724110,2025-26,4,Maharashtra,GSTH,GSTH,HU,61.2807064,percentile,GSTH | 12125 | 61.2807064 | Stage-I,10,Home University Seats Allotted to Home University Candidates,d1b74789622fbb20bf49b7890845a2f5d704f76f9588398c6417f6d1a3c9e271
088e3b17100f-PG_MCA_CAP4_Cutoff_All_Institutes_2025_26.pdf,2007,"Swami Ramanand Teerth Marathwada Vidyapeeth, Nanded",0200724110,2025-26,4,Maharashtra,GOPENO,GOPENO,HU,7.4072677,percentile,GOPENO | 24443 | 7.4072677 | Stage-I,10,Other Than Home University Seats Allotted to Other Than Home University Candidates,79fd329bfc5a4a083af363937e5da3a49bd45b124b78a374ffbb66277cfb84f4
088e3b17100f-PG_MCA_CAP4_Cutoff_All_Institutes_2025_26.pdf,2007,"Swami Ramanand Teerth Marathwada Vidyapeeth, Nanded",0200724110,2025-26,4,Maharashtra,GOBCO,GOBCO,HU,9.7430286,percentile,GOBCO | 23961 | 9.7430286 | Stage-I,10,Other Than Home University Seats Allotted to Home University Candidates,31ac81149d880ae7355a279759e2ea6be4f2f6aed6ad6425fee5dd2828b46369
088e3b17100f-PG_MCA_CAP4_Cutoff_All_Institutes_2025_26.pdf,2008,"Government College of Engineering, Chhatrapati Sambhajinagar",0200824110,2025-26,4,Maharashtra,GSCH,GSCH,HU,74.782248,percentile,GSCH | 7999 | 74.782248 | Stage-I,11,Home University Seats Allotted to Home University Candidates,2919cd50ad67c4ab7bb9acbf89bde04578e00ca5744b0840bf1bbbb44f56db78
088e3b17100f-PG_MCA_CAP4_Cutoff_All_Institutes_2025_26.pdf,2008,"Government College of Engineering, Chhatrapati Sambhajinagar",0200824110,2025-26,4,Maharashtra,GOPENO,GOPENO,HU,93.405226,percentile,GOPENO | 2124 | 93.405226 | Stage-I,11,Other Than Home University Seats Allotted to Other Than Home University Candidates,527cb9f3b3ba6289ab5a9e3fb6688813dc641f29f2c5cf94b4f9fb653356d276
088e3b17100f-PG_MCA_CAP4_Cutoff_All_Institutes_2025_26.pdf,2008,"Government College of Engineering, Chhatrapati Sambhajinagar",0200824110,2025-26,4,Maharashtra,GSEBCO,GSEBCO,HU,77.8251197,percentile,GSEBCO | 7137 | 77.8251197 | Stage-I,11,Other Than Home University Seats Allotted to Other Than Home University Candidates,c16022b457d13c5a263aa919992c69eb53c930248dbdf4068455dff816d3621c
088e3b17100f-PG_MCA_CAP4_Cutoff_All_Institutes_2025_26.pdf,2102,"Rajarshi Shahu Institute of Management, Aurangabad",0210224110,2025-26,4,Maharashtra,GOPENH,GOPENH,HU,58.7911466,percentile,GOPENH | 13098 | 58.7911466 | Stage-I,12,Home University Seats Allotted to Home University Candidates,8be6a8bef39a8c65c5051942cfdd699443a5ef54a1bb72954682dc76939bdbf8
088e3b17100f-PG_MCA_CAP4_Cutoff_All_Institutes_2025_26.pdf,2102,"Rajarshi Shahu Institute of Management, Aurangabad",0210224110,2025-26,4,Maharashtra,GNTBH,GNTBH,HU,13.5402134,percentile,GNTBH | 23151 | 13.5402134 | Stage-I,12,Home University Seats Allotted to Other Than Home University Candidates,41590e8ba6a8528171d9b4b645303f0f0de7682f3a56f7954525bd9b7f41cfc7
088e3b17100f-PG_MCA_CAP4_Cutoff_All_Institutes_2025_26.pdf,2102,"Rajarshi Shahu Institute of Management, Aurangabad",0210224110,2025-26,4,Maharashtra,GOPENO,GOPENO,HU,36.496736,percentile,GOPENO | 18668 | 36.496736 | Stage-I,12,Other Than Home University Seats Allotted to Other Than Home University Candidates,4ea437634ac46451e857bb4ea7cdc48fb26a75f9da69cb2506c3e1c5ce2c110f
088e3b17100f-PG_MCA_CAP4_Cutoff_All_Institutes_2025_26.pdf,2102,"Rajarshi Shahu Institute of Management, Aurangabad",0210224110,2025-26,4,Maharashtra,GSCO,GSCO,HU,15.5994113,percentile,GSCO | 22820 | 15.5994113 | Stage-I,12,Other Than Home University Seats Allotted to Other Than Home University Candidates,0490af65343a441aa47a09fa9d6b17a73c33a9eb4d4b289ee23045cb509c830f
088e3b17100f-PG_MCA_CAP4_Cutoff_All_Institutes_2025_26.pdf,2102,"Rajarshi Shahu Institute of Management, Aurangabad",0210224110,2025-26,4,Maharashtra,GSTO,GSTO,HU,23.1010151,percentile,GSTO | 21410 | 23.1010151 | Stage-I,12,Other Than Home University Seats Allotted to Other Than Home University Candidates,8a6a7736d06053f17cf52c5d2bd37597537811681aa98712ff3e20eac9b1d89e
088e3b17100f-PG_MCA_CAP4_Cutoff_All_Institutes_2025_26.pdf,2113,"G. S. Mandal's Maharashtra Institute of Technology, Aurangabad",0211324110,2025-26,4,Maharashtra,GOPENH,GOPENH,HU,39.3989669,percentile,GOPENH | 17674 | 39.3989669 | Stage-I,13,Home University Seats Allotted to Home University Candidates,3a98c9b583eee2647ffe5ac58d31a38c1c4d89a69f5fb5ba1471a2bc1e65c91c
088e3b17100f-PG_MCA_CAP4_Cutoff_All_Institutes_2025_26.pdf,2113,"G. S. Mandal's Maharashtra Institute of Technology, Aurangabad",0211324110,2025-26,4,Maharashtra,GSTH,GSTH,HU,10.5199653,percentile,GSTH | 23744 | 10.5199653 | Stage-I,13,Home University Seats Allotted to Home University Candidates,3e04919321400ae1f5137eb8fe98e4d2e95b0a8a0140993d734582af14645f31
088e3b17100f-PG_MCA_CAP4_Cutoff_All_Institutes_2025_26.pdf,2113,"G. S. Mandal's Maharashtra Institute of Technology, Aurangabad",0211324110,2025-26,4,Maharashtra,GSCH,GSCH,HU,7.4072677,percentile,GSCH | 24408 | 7.4072677 | Stage-I,13,Home University Seats Allotted to Other Than Home University Candidates,1dfbc6a471b319a4fb6dbb5b83090220daf8a35bf5e55e91b8f533c4f666de22
088e3b17100f-PG_MCA_CAP4_Cutoff_All_Institutes_2025_26.pdf,2113,"G. S. Mandal's Maharashtra Institute of Technology, Aurangabad",0211324110,2025-26,4,Maharashtra,GOBCH,GOBCH,HU,19.1539942,percentile,GOBCH | 22192 | 19.1539942 | Stage-I,13,Home University Seats Allotted to Other Than Home University Candidates,8286f6ccd5a13cb29ed6b77e2e2b91a5f3a4b43aede448521817473ab53fe5fa
088e3b17100f-PG_MCA_CAP4_Cutoff_All_Institutes_2025_26.pdf,2113,"G. S. Mandal's Maharashtra Institute of Technology, Aurangabad",0211324110,2025-26,4,Maharashtra,GOPENO,GOPENO,HU,29.9046039,percentile,GOPENO | 20152 | 29.9046039 | Stage-I,13,Other Than Home University Seats Allotted to Other Than Home University Candidates,a0fb561f74a00d962d300801c725be7226f8063e3c791f12345b181bb8a7a952
088e3b17100f-PG_MCA_CAP4_Cutoff_All_Institutes_2025_26.pdf,2113,"G. S. Mandal's Maharashtra Institute of Technology, Aurangabad",0211324110,2025-26,4,Maharashtra,GSTO,GSTO,HU,25.4779232,percentile,GSTO | 21021 | 25.4779232 | Stage-I,13,Other Than Home University Seats Allotted to Other Than Home University Candidates,7184aa1891088b486ba276044e844b789516d719489eb26c15967699e3e3128f
088e3b17100f-PG_MCA_CAP4_Cutoff_All_Institutes_2025_26.pdf,2113,"G. S. Mandal's Maharashtra Institute of Technology, Aurangabad",0211324110,2025-26,4,Maharashtra,EWS,EWS,SL,23.1010151,percentile,EWS | 21359 | 23.1010151 | Stage-I,13,Other Than Home University Seats Allotted to Other Than Home University Candidates,648cef075fa57930b79bf7a5359202e80c485981a7849aa0a195327c2ab43723
088e3b17100f-PG_MCA_CAP4_Cutoff_All_Institutes_2025_26.pdf,2113,"G. S. Mandal's Maharashtra Institute of Technology, Aurangabad",0211324110,2025-26,4,Maharashtra,TFWS,TFWS,SL,46.3793819,percentile,TFWS | 16057 | 46.3793819 | Stage-I,13,Other Than Home University Seats Allotted to Other Than Home University Candidates,4ef9d78ee20c68a52444b4a7d264a4e78cf284555215543c56c71f3f85241cd3
088e3b17100f-PG_MCA_CAP4_Cutoff_All_Institutes_2025_26.pdf,2115,"Sahyog Sevabhavi Santha's Indira Institute of Management Science, Nanded",0211524110,2025-26,4,Maharashtra,GOPENH,GOPENH,HU,67.3579428,percentile,GOPENH | 10230 | 67.3579428 | Stage-I,14,Home University Seats Allotted to Home University Candidates,d0d78fb37dcc1bcb97d7d332c404ccc53d566cd5560271b8cd78dc51588bc471
088e3b17100f-PG_MCA_CAP4_Cutoff_All_Institutes_2025_26.pdf,2115,"Sahyog Sevabhavi Santha's Indira Institute of Management Science, Nanded",0211524110,2025-26,4,Maharashtra,GOBCH,GOBCH,HU,36.496736,percentile,GOBCH | 18300 | 36.496736 | Stage-I,14,Home University Seats Allotted to Home University Candidates,e6a76c5b0a244b2434945c432a7c011bb2ecd90c6b9a32c5184094c095c75a54
088e3b17100f-PG_MCA_CAP4_Cutoff_All_Institutes_2025_26.pdf,2115,"Sahyog Sevabhavi Santha's Indira Institute of Management Science, Nanded",0211524110,2025-26,4,Maharashtra,GOPENO,GOPENO,HU,5.9311489,percentile,GOPENO | 24491 | 5.9311489 | Stage-I,14,Other Than Home University Seats Allotted to Other Than Home University Candidates,89e77a8495744292d3deb580a0becda1a854089cefd4537a85dc6e015e9eba87
088e3b17100f-PG_MCA_CAP4_Cutoff_All_Institutes_2025_26.pdf,2115,"Sahyog Sevabhavi Santha's Indira Institute of Management Science, Nanded",0211524110,2025-26,4,Maharashtra,GSCO,GSCO,HU,34.5198145,percentile,GSCO | 18957 | 34.5198145 | Stage-I,14,Other Than Home University Seats Allotted to Home University Candidates,9d50e7242a968a1818fb59d86f6e0f78ab50d1d9978ebaea35d346435a70cd34
088e3b17100f-PG_MCA_CAP4_Cutoff_All_Institutes_2025_26.pdf,2115,"Sahyog Sevabhavi Santha's Indira Institute of Management Science, Nanded",0211524110,2025-26,4,Maharashtra,GNTAO,GNTAO,HU,16.9789978,percentile,GNTAO | 22504 | 16.9789978 | Stage-I,14,Other Than Home University Seats Allotted to Home University Candidates,7d7e9c60ae060652236f0a7672a2ae54e6dc82a831b167acf891a0c2ec20b094
088e3b17100f-PG_MCA_CAP4_Cutoff_All_Institutes_2025_26.pdf,2115,"Sahyog Sevabhavi Santha's Indira Institute of Management Science, Nanded",0211524110,2025-26,4,Maharashtra,GOBCO,GOBCO,HU,9.7430286,percentile,GOBCO | 24085 | 9.7430286 | Stage-I,14,Other Than Home University Seats Allotted to Home University Candidates,bbc71550dd91939ff664942fa23806cda0579da7d0a871e72e54ca0b5cb3efe5
088e3b17100f-PG_MCA_CAP4_Cutoff_All_Institutes_2025_26.pdf,2115,"Sahyog Sevabhavi Santha's Indira Institute of Management Science, Nanded",0211524110,2025-26,4,Maharashtra,GSEBCO,GSEBCO,HU,21.0059952,percentile,GSEBCO | 21712 | 21.0059952 | Stage-I,14,Other Than Home University Seats Allotted to Home University Candidates,54cdca1276df48cf6ac494c4387fad9a7a9991e717ddcf6c5abe0663a3c3b72e
088e3b17100f-PG_MCA_CAP4_Cutoff_All_Institutes_2025_26.pdf,2119,"Shree Sharda Bhavan Education Society's Institute of Technology & Management, Nanded",0211924110,2025-26,4,Maharashtra,GNTBO,GNTBO,HU,41.4550394,percentile,GNTBO | 17081 | 41.4550394 | Stage-I,15,Other Than Home University Seats Allotted to Home University Candidates,3067ac5323bec67c540b6c4b878e4df7699dc2b3f46daf9024d42a07e1ddffe9
088e3b17100f-PG_MCA_CAP4_Cutoff_All_Institutes_2025_26.pdf,2120,"Dnyanopasak Shikshan Mandal's Institute of Information Technology & Management, Parbhani.",0212024110,2025-26,4,Maharashtra,GNTBH,GNTBH,HU,89.1966341,percentile,GNTBH | 3327 | 89.1966341 | Stage-IV,16,Home University Seats Allotted to Home University Candidates,dcb87fa7fe2a70add4bea882cd3ffaf250650172820288bcfa3be0e541cefa41
088e3b17100f-PG_MCA_CAP4_Cutoff_All_Institutes_2025_26.pdf,2120,"Dnyanopasak Shikshan Mandal's Institute of Information Technology & Management, Parbhani.",0212024110,2025-26,4,Maharashtra,GSEBCO,GSEBCO,HU,65.8578922,percentile,GSEBCO | 10818 | 65.8578922 | Stage-I,16,Other Than Home University Seats Allotted to Other Than Home University Candidates,2218a6e34e334abfb6c7bcd4f68f1fe4a456169877554626f9aff283318c23f2
088e3b17100f-PG_MCA_CAP4_Cutoff_All_Institutes_2025_26.pdf,2124,"Maratha Education Society's Institute of Management studies & Information Technology, Aurangabad",0212424110,2025-26,4,Maharashtra,GOBCH,GOBCH,HU,69.7143504,percentile,GOBCH | 9877 | 69.7143504 | Stage-I,17,Home University Seats Allotted to Home University Candidates,50773979cfb967d347f9f723ca7fde7f2acbbe36e65161e57406e9c0ef76eaa7
088e3b17100f-PG_MCA_CAP4_Cutoff_All_Institutes_2025_26.pdf,2124,"Maratha Education Society's Institute of Management studies & Information Technology, Aurangabad",0212424110,2025-26,4,Maharashtra,GOPENO,GOPENO,HU,7.9446476,percentile,GOPENO | 24188 | 7.9446476 | Stage-I,17,Other Than Home University Seats Allotted to Other Than Home University Candidates,fc3fb746b2d36923bf6955ebbce2c008c8c5ff81377c54f0965f4e7f425c405f
088e3b17100f-PG_MCA_CAP4_Cutoff_All_Institutes_2025_26.pdf,2124,"Maratha Education Society's Institute of Management studies & Information Technology, Aurangabad",0212424110,2025-26,4,Maharashtra,GOBCO,GOBCO,HU,7.9446476,percentile,GOBCO | 24286 | 7.9446476 | Stage-I,17,Other Than Home University Seats Allotted to Other Than Home University Candidates,1f53eb347abe19ce7da0f354e776dc99b72ea98109d3409f930a2acf738986f3
088e3b17100f-PG_MCA_CAP4_Cutoff_All_Institutes_2025_26.pdf,2129,"M.S. Bidve Engineering College, Latur",0212924110,2025-26,4,Maharashtra,GSCH,GSCH,HU,12.4750009,percentile,GSCH | 23598 | 12.4750009 | Stage-I,18,Home University Seats Allotted to Home University Candidates,ae4789e8322e34734a6c5cc0037c441e14a66ebed38077076aa9b76938cded43
088e3b17100f-PG_MCA_CAP4_Cutoff_All_Institutes_2025_26.pdf,2259,"Shri Sai Institute of Management & Research, Aurangabad",0225924110,2025-26,4,Maharashtra,GSCH,GSCH,HU,34.5198145,percentile,GSCH | 19102 | 34.5198145 | Stage-IV,19,Home University Seats Allotted to Home University Candidates,f30644cd64212cdf2ad494e6a8fec42480ba7292ffb969455231c3d61c0f0484
088e3b17100f-PG_MCA_CAP4_Cutoff_All_Institutes_2025_26.pdf,2259,"Shri Sai Institute of Management & Research, Aurangabad",0225924110,2025-26,4,Maharashtra,GOPENO,GOPENO,HU,31.6629561,percentile,GOPENO | 19650 | 31.6629561 | Stage-I,19,Other Than Home University Seats Allotted to Other Than Home University Candidates,c9b6f857c0bd63329e0fd4111f76d21f715e6539cca830e85c6a114bb2ba8a2b
088e3b17100f-PG_MCA_CAP4_Cutoff_All_Institutes_2025_26.pdf,2259,"Shri Sai Institute of Management & Research, Aurangabad",0225924110,2025-26,4,Maharashtra,TFWS,TFWS,SL,9.7430286,percentile,TFWS | 24080 | 9.7430286 | Stage-I,19,Other Than Home University Seats Allotted to Other Than Home University Candidates,a0ce78d21ba28e269a6560f8198fe4b66ebc9fc3b5a664246d6609f39d5b7804
088e3b17100f-PG_MCA_CAP4_Cutoff_All_Institutes_2025_26.pdf,2508,GRAMIN TECHNICAL AND MANAGEMENT CAMPUS NANDED.,0250824110,2025-26,4,Maharashtra,GOPENH,GOPENH,HU,31.6629561,percentile,GOPENH | 19581 | 31.6629561 | Stage-I,20,Home University Seats Allotted to Home University Candidates,5f5323b84aead108b3fee6c43ded8314758151b6f4610af8a5af2f23de4ab539
088e3b17100f-PG_MCA_CAP4_Cutoff_All_Institutes_2025_26.pdf,2508,GRAMIN TECHNICAL AND MANAGEMENT CAMPUS NANDED.,0250824110,2025-26,4,Maharashtra,GSCH,GSCH,HU,13.5402134,percentile,GSCH | 23185 | 13.5402134 | Stage-I,20,Home University Seats Allotted to Home University Candidates,657d40bd7c3259f2a0cae147f89a9451f8ff4919f19690f949b5cc02917a4826
088e3b17100f-PG_MCA_CAP4_Cutoff_All_Institutes_2025_26.pdf,2508,GRAMIN TECHNICAL AND MANAGEMENT CAMPUS NANDED.,0250824110,2025-26,4,Maharashtra,GOPENO,GOPENO,HU,2.8640429,percentile,GOPENO | 25099 | 2.8640429 | Stage-I,20,Other Than Home University Seats Allotted to Other Than Home University Candidates,23ce79721718d552830c5331e0d823f937339d9f6099bd8a6deb1086fcf1311e
088e3b17100f-PG_MCA_CAP4_Cutoff_All_Institutes_2025_26.pdf,2508,GRAMIN TECHNICAL AND MANAGEMENT CAMPUS NANDED.,0250824110,2025-26,4,Maharashtra,GOPENO,GOPENO,HU,27.2744425,percentile,GOPENO | 20333 | 27.2744425 | Stage-I,20,Other Than Home University Seats Allotted to Home University Candidates,5fe430ddd92b199e3cf51080316440cb84f68fa35a22582a0611813ffb371a88
088e3b17100f-PG_MCA_CAP4_Cutoff_All_Institutes_2025_26.pdf,2508,GRAMIN TECHNICAL AND MANAGEMENT CAMPUS NANDED.,0250824110,2025-26,4,Maharashtra,TFWS,TFWS,SL,5.5960152,percentile,TFWS | 24688 | 5.5960152 | Stage-I,20,Other Than Home University Seats Allotted to Home University Candidates,b7792873b09814862ea85cce036e82ecb8768c98a55e7d128d9eb7590c1bcbc7
088e3b17100f-PG_MCA_CAP4_Cutoff_All_Institutes_2025_26.pdf,2519,"Shri V. D. Deshmukh College of MCA, Kolpa Dist. Latur",0251924110,2025-26,4,Maharashtra,GOPENH,GOPENH,HU,69.7143504,percentile,GOPENH | 10159 | 69.7143504 | Stage-I,21,Home University Seats Allotted to Home University Candidates,f07b8f1c1a0fbe544abdc31400ae20ae8182de57307fff776828c0bed186967d
088e3b17100f-PG_MCA_CAP4_Cutoff_All_Institutes_2025_26.pdf,2519,"Shri V. D. Deshmukh College of MCA, Kolpa Dist. Latur",0251924110,2025-26,4,Maharashtra,GNTAH,GNTAH,HU,58.7911466,percentile,GNTAH | 13145 | 58.7911466 | Stage-I,21,Home University Seats Allotted to Home University Candidates,19d0f6ba4f364197d046da2767c39c07e80c50bf28cca359eef5a156e530c97a
088e3b17100f-PG_MCA_CAP4_Cutoff_All_Institutes_2025_26.pdf,2519,"Shri V. D. Deshmukh College of MCA, Kolpa Dist. Latur",0251924110,2025-26,4,Maharashtra,GOPENO,GOPENO,HU,31.6629561,percentile,GOPENO | 19468 | 31.6629561 | Stage-I,21,Other Than Home University Seats Allotted to Other Than Home University Candidates,565160d07a5e9bf3fc629ffe757752306bf29dcf7c3fc2ef151d03a1e4c155cb
088e3b17100f-PG_MCA_CAP4_Cutoff_All_Institutes_2025_26.pdf,2519,"Shri V. D. Deshmukh College of MCA, Kolpa Dist. Latur",0251924110,2025-26,4,Maharashtra,GOPENO,GOPENO,HU,58.7911466,percentile,GOPENO | 12806 | 58.7911466 | Stage-I,21,Other Than Home University Seats Allotted to Home University Candidates,59e798c77269e6e76943078db8153e9a8426fd35a79e5194d583c0a0a441b13d
088e3b17100f-PG_MCA_CAP4_Cutoff_All_Institutes_2025_26.pdf,2519,"Shri V. D. Deshmukh College of MCA, Kolpa Dist. Latur",0251924110,2025-26,4,Maharashtra,GSEBCO,GSEBCO,HU,56.5488095,percentile,GSEBCO | 13611 | 56.5488095 | Stage-I,21,Other Than Home University Seats Allotted to Home University Candidates,ad17d14c7f3a4e3d31ddeb671be586eae1ef1d5d79dd8ab01b4d3c99ac0d4903
088e3b17100f-PG_MCA_CAP4_Cutoff_All_Institutes_2025_26.pdf,2519,"Shri V. D. Deshmukh College of MCA, Kolpa Dist. Latur",0251924110,2025-26,4,Maharashtra,TFWS,TFWS,SL,74.782248,percentile,TFWS | 8114 | 74.782248 | Stage-I,21,Other Than Home University Seats Allotted to Home University Candidates,a529dc6ecf736a1b21068ff1a6fa18d273a0716cacba3b2b1e3c7659694d5587
088e3b17100f-PG_MCA_CAP4_Cutoff_All_Institutes_2025_26.pdf,2569,"Suraj Institute of Management, Beed",0256924110,2025-26,4,Maharashtra,GOPENH,GOPENH,HU,79.9969812,percentile,GOPENH | 6527 | 79.9969812 | Stage-I,22,Home University Seats Allotted to Home University Candidates,f4bec45d518fb6c64a41b5dac106cec6e989aecb61a0d064321f7d9d47e7f79a
088e3b17100f-PG_MCA_CAP4_Cutoff_All_Institutes_2025_26.pdf,2569,"Suraj Institute of Management, Beed",0256924110,2025-26,4,Maharashtra,GSTH,GSTH,HU,16.9789978,percentile,GSTH | 22514 | 16.9789978 | Stage-I,22,Home University Seats Allotted to Home University Candidates,13ff46729bd6179e65c3302dca0e19e097ffa6e3ce0e6f7d5499e0189443f7eb
088e3b17100f-PG_MCA_CAP4_Cutoff_All_Institutes_2025_26.pdf,2569,"Suraj Institute of Management, Beed",0256924110,2025-26,4,Maharashtra,GNTAO,GNTAO,HU,31.6629561,percentile,GNTAO | 19831 | 31.6629561 | Stage-IV,22,Other Than Home University Seats Allotted to Other Than Home University Candidates,500d6e355d66c34b5e07de9d67562f27430234968153b5f34ca1b5d6c64e8274
088e3b17100f-PG_MCA_CAP4_Cutoff_All_Institutes_2025_26.pdf,2569,"Suraj Institute of Management, Beed",0256924110,2025-26,4,Maharashtra,GNTBO,GNTBO,HU,27.2744425,percentile,GNTBO | 20602 | 27.2744425 | Stage-IV,22,Other Than Home University Seats Allotted to Other Than Home University Candidates,a53b86927249c343e536ca6c537de6ef2d69b97a2c191979cbeadbccfa73e7cd
088e3b17100f-PG_MCA_CAP4_Cutoff_All_Institutes_2025_26.pdf,2569,"Suraj Institute of Management, Beed",0256924110,2025-26,4,Maharashtra,GNTCO,GNTCO,HU,2.0301121,percentile,GNTCO | 25284 | 2.0301121 | Stage-IV,22,Other Than Home University Seats Allotted to Other Than Home University Candidates,b8908157428757a6e11fb2ae65a263cf7f9ec939710f5882420182fa7f70f5aa
088e3b17100f-PG_MCA_CAP4_Cutoff_All_Institutes_2025_26.pdf,2569,"Suraj Institute of Management, Beed",0256924110,2025-26,4,Maharashtra,GOBCO,GOBCO,HU,1.3622127,percentile,GOBCO | 25329 | 1.3622127 | Stage-IV,22,Other Than Home University Seats Allotted to Other Than Home University Candidates,f51fd5286ed92fe1d8e3662bc284b5d83a58aaa51f1f27040ef50b2e95c2712c
088e3b17100f-PG_MCA_CAP4_Cutoff_All_Institutes_2025_26.pdf,2569,"Suraj Institute of Management, Beed",0256924110,2025-26,4,Maharashtra,GSCO,GSCO,HU,39.3989669,percentile,GSCO | 18106 | 39.3989669 | Stage-I,22,Other Than Home University Seats Allotted to Home University Candidates,0bf4cb948a2a9ed15c36bd0b96ab7c9ead7b5a5ad01f3f46d9c1c861726d54b4
088e3b17100f-PG_MCA_CAP4_Cutoff_All_Institutes_2025_26.pdf,2621,"MDA EDUCATION AND RESEARCH INSTITUTE, KOLPA, LATUR",0262124110,2025-26,4,Maharashtra,GSCH,GSCH,HU,3.0466423,percentile,GSCH | 25068 | 3.0466423 | Stage-I,23,Home University Seats Allotted to Home University Candidates,1f159e561abf742becda7e8578cac1c9cfcd57f13c2a9de4571c6f08bac861cd
088e3b17100f-PG_MCA_CAP4_Cutoff_All_Institutes_2025_26.pdf,2621,"MDA EDUCATION AND RESEARCH INSTITUTE, KOLPA, LATUR",0262124110,2025-26,4,Maharashtra,GOBCH,GOBCH,HU,25.4779232,percentile,GOBCH | 20823 | 25.4779232 | Stage-I,23,Home University Seats Allotted to Home University Candidates,5b800eeca62af2ec20d34820fa50d00da7be9131bc2237b1dfee810368a060ac
088e3b17100f-PG_MCA_CAP4_Cutoff_All_Institutes_2025_26.pdf,2621,"MDA EDUCATION AND RESEARCH INSTITUTE, KOLPA, LATUR",0262124110,2025-26,4,Maharashtra,GOPENO,GOPENO,HU,7.4072677,percentile,GOPENO | 24468 | 7.4072677 | Stage-I,23,Other Than Home University Seats Allotted to Other Than Home University Candidates,f2e962f39b6fa7325433ec1ad9273834acffc2ffcc533bbb1b6a0e8cc8978fc5
088e3b17100f-PG_MCA_CAP4_Cutoff_All_Institutes_2025_26.pdf,2621,"MDA EDUCATION AND RESEARCH INSTITUTE, KOLPA, LATUR",0262124110,2025-26,4,Maharashtra,GSEBCO,GSEBCO,HU,34.5198145,percentile,GSEBCO | 18844 | 34.5198145 | Stage-I,23,Other Than Home University Seats Allotted to Home University Candidates,44e6b8b21e9ea8863de10ada6df19bc7e9cb778e6521150137016807cdec73b5
088e3b17100f-PG_MCA_CAP4_Cutoff_All_Institutes_2025_26.pdf,2622,"Jay Bhavani Institute of Management, Badnapur, Jalna",0262224110,2025-26,4,Maharashtra,GOPENH,GOPENH,HU,82.9644433,percentile,GOPENH | 5422 | 82.9644433 | Stage-I,24,Home University Seats Allotted to Home University Candidates,000df51fb6028c678836439716b7dff4a966e84b574068d4f75d9dfdfb2a7489
088e3b17100f-PG_MCA_CAP4_Cutoff_All_Institutes_2025_26.pdf,2633,"Yashodeep Institute of Computer Application, MCA",0263324110,2025-26,4,Maharashtra,GOPENH,GOPENH,HU,71.1549338,percentile,GOPENH | 9307 | 71.1549338 | Stage-I,25,Home University Seats Allotted to Home University Candidates,de522f13668f41f5ecf3db45499fd0f4ccf2e76d80ad00c7524c7945bf3deb63
088e3b17100f-PG_MCA_CAP4_Cutoff_All_Institutes_2025_26.pdf,2633,"Yashodeep Institute of Computer Application, MCA",0263324110,2025-26,4,Maharashtra,GSCH,GSCH,HU,69.7143504,percentile,GSCH | 9645 | 69.7143504 | Stage-I,25,Home University Seats Allotted to Home University Candidates,4ed0b965939739328cfd14b2c85b5213c91860e6e0736cb72c559b62afa92d52
088e3b17100f-PG_MCA_CAP4_Cutoff_All_Institutes_2025_26.pdf,2633,"Yashodeep Institute of Computer Application, MCA",0263324110,2025-26,4,Maharashtra,GOBCH,GOBCH,HU,5.9311489,percentile,GOBCH | 24591 | 5.9311489 | Stage-I,25,Home University Seats Allotted to Other Than Home University Candidates,3a2fd236c7ca8db58597f4e025d055d34f2af6227b344ec6b6500da925177281
088e3b17100f-PG_MCA_CAP4_Cutoff_All_Institutes_2025_26.pdf,2633,"Yashodeep Institute of Computer Application, MCA",0263324110,2025-26,4,Maharashtra,GOPENO,GOPENO,HU,23.1010151,percentile,GOPENO | 21285 | 23.1010151 | Stage-I,25,Other Than Home University Seats Allotted to Other Than Home University Candidates,30612f99806cdd07a968141d01e1b7aae94ad6ae14e02546baf257803061a3ee
088e3b17100f-PG_MCA_CAP4_Cutoff_All_Institutes_2025_26.pdf,2633,"Yashodeep Institute of Computer Application, MCA",0263324110,2025-26,4,Maharashtra,GSCO,GSCO,HU,23.1010151,percentile,GSCO | 21383 | 23.1010151 | Stage-I,25,Other Than Home University Seats Allotted to Other Than Home University Candidates,89d4ba11ce30325e487788a9cbaf492fe9be15957d635f62e7bb9df9b3723556
088e3b17100f-PG_MCA_CAP4_Cutoff_All_Institutes_2025_26.pdf,2635,"Shri. Sambhaji College of Management & Technology, Degaon Road, Opp. Nadla Digras, Khadkut, Nanded",0263524110,2025-26,4,Maharashtra,GOPENH,GOPENH,HU,46.3793819,percentile,GOPENH | 15964 | 46.3793819 | Stage-I,26,Home University Seats Allotted to Home University Candidates,6239bc276020f02037313d9183124b3e78b08668289d822b6b38714c24d14bcd
088e3b17100f-PG_MCA_CAP4_Cutoff_All_Institutes_2025_26.pdf,2635,"Shri. Sambhaji College of Management & Technology, Degaon Road, Opp. Nadla Digras, Khadkut, Nanded",0263524110,2025-26,4,Maharashtra,GSCH,GSCH,HU,34.5198145,percentile,GSCH | 19215 | 34.5198145 | Stage-I,26,Home University Seats Allotted to Home University Candidates,4f4367bebcc2777e43c8a1cbde0af2eed02b286cd051857ffd3d8e2328609bb6
088e3b17100f-PG_MCA_CAP4_Cutoff_All_Institutes_2025_26.pdf,2635,"Shri. Sambhaji College of Management & Technology, Degaon Road, Opp. Nadla Digras, Khadkut, Nanded",0263524110,2025-26,4,Maharashtra,GSTH,GSTH,HU,4.302251,percentile,GSTH | 24855 | 4.302251 | Stage-I,26,Home University Seats Allotted to Home University Candidates,aa93964cd70b8659c843ff840c76a916a97d46092280e575ff8f7c4d4e873f63
088e3b17100f-PG_MCA_CAP4_Cutoff_All_Institutes_2025_26.pdf,2635,"Shri. Sambhaji College of Management & Technology, Degaon Road, Opp. Nadla Digras, Khadkut, Nanded",0263524110,2025-26,4,Maharashtra,GNTCH,GNTCH,HU,15.5994113,percentile,GNTCH | 22855 | 15.5994113 | Stage-I,26,Home University Seats Allotted to Home University Candidates,08a0b54c811c056d249066a126a9d55b99a249465d7d166c9f82478e3f772e2d
088e3b17100f-PG_MCA_CAP4_Cutoff_All_Institutes_2025_26.pdf,2635,"Shri. Sambhaji College of Management & Technology, Degaon Road, Opp. Nadla Digras, Khadkut, Nanded",0263524110,2025-26,4,Maharashtra,GOPENO,GOPENO,HU,34.5198145,percentile,GOPENO | 19036 | 34.5198145 | Stage-I,26,Other Than Home University Seats Allotted to Home University Candidates,0aed6d442621426c04599ec0a0581e1582c3cd85a45bec2b730e9d72bde67db9
088e3b17100f-PG_MCA_CAP4_Cutoff_All_Institutes_2025_26.pdf,2635,"Shri. Sambhaji College of Management & Technology, Degaon Road, Opp. Nadla Digras, Khadkut, Nanded",0263524110,2025-26,4,Maharashtra,GSCO,GSCO,HU,0.3883715,percentile,GSCO | 25436 | 0.3883715 | Stage-I,26,Other Than Home University Seats Allotted to Home University Candidates,36317f255c701252b6a0cfff271cf89e9dcb8ad26b99b24e5bd0ea381ce25770
088e3b17100f-PG_MCA_CAP4_Cutoff_All_Institutes_2025_26.pdf,2664,"Deogiri College, Chh. Sambhaji Nagar",0266424110,2025-26,4,Maharashtra,GOPENH,GOPENH,HU,74.782248,percentile,GOPENH | 8017 | 74.782248 | Stage-I,27,Home University Seats Allotted to Home University Candidates,155510a539557a544ac41487eb59dcbf99d6983aad3a6a11b2ee0b673a386d1c
088e3b17100f-PG_MCA_CAP4_Cutoff_All_Institutes_2025_26.pdf,2664,"Deogiri College, Chh. Sambhaji Nagar",0266424110,2025-26,4,Maharashtra,GOPENO,GOPENO,HU,25.4779232,percentile,GOPENO | 20775 | 25.4779232 | Stage-I,27,Other Than Home University Seats Allotted to Other Than Home University Candidates,3fbdc42e595ed536aef6ba88edef13a3f04d0f2bd296ca3c137b77ccd68df995
088e3b17100f-PG_MCA_CAP4_Cutoff_All_Institutes_2025_26.pdf,2664,"Deogiri College, Chh. Sambhaji Nagar",0266424110,2025-26,4,Maharashtra,GSTO,GSTO,HU,19.1539942,percentile,GSTO | 22248 | 19.1539942 | Stage-I,27,Other Than Home University Seats Allotted to Other Than Home University Candidates,db3bbeb486ff113885140f935714a632742f5b640c9f001910869ae9ab1187b9
088e3b17100f-PG_MCA_CAP4_Cutoff_All_Institutes_2025_26.pdf,2664,"Deogiri College, Chh. Sambhaji Nagar",0266424110,2025-26,4,Maharashtra,GSEBCO,GSEBCO,HU,67.3579428,percentile,GSEBCO | 10488 | 67.3579428 | Stage-I,27,Other Than Home University Seats Allotted to Home University Candidates,dcba74734eaf0e12a885a813a6c76c114a6ce452a898497cf0d0d4931091d8ed
088e3b17100f-PG_MCA_CAP4_Cutoff_All_Institutes_2025_26.pdf,2665,"Royal Institute of Technical Education, Latur",0266524110,2025-26,4,Maharashtra,GOPENH,GOPENH,HU,65.8578922,percentile,GOPENH | 11116 | 65.8578922 | Stage-I,28,Home University Seats Allotted to Home University Candidates,85a2d113fc2efca05ee79edd6ba50744666ba58a035793db1975f18141d112cd
088e3b17100f-PG_MCA_CAP4_Cutoff_All_Institutes_2025_26.pdf,2665,"Royal Institute of Technical Education, Latur",0266524110,2025-26,4,Maharashtra,GOBCH,GOBCH,HU,51.4093808,percentile,GOBCH | 15208 | 51.4093808 | Stage-I,28,Home University Seats Allotted to Home University Candidates,ab646d6c93b779a48178dd461e99c9f7e8a3845d0bbd5a33eab442ac3b41d3ba
088e3b17100f-PG_MCA_CAP4_Cutoff_All_Institutes_2025_26.pdf,2665,"Royal Institute of Technical Education, Latur",0266524110,2025-26,4,Maharashtra,GOBCO,GOBCO,HU,41.4550394,percentile,GOBCO | 17649 | 41.4550394 | Stage-I,28,Other Than Home University Seats Allotted to Other Than Home University Candidates,c111c9b61b266cdc71ae906e8904eacf303466fa0b3cc8287bc91ab8967a11e1
088e3b17100f-PG_MCA_CAP4_Cutoff_All_Institutes_2025_26.pdf,2665,"Royal Institute of Technical Education, Latur",0266524110,2025-26,4,Maharashtra,GNTAO,GNTAO,HU,51.4093808,percentile,GNTAO | 14985 | 51.4093808 | Stage-IV,28,Other Than Home University Seats Allotted to Home University Candidates,b2ac866194ace917e69db4a885e47cfd707e40c32bfebc88566535a628c85f6a
088e3b17100f-PG_MCA_CAP4_Cutoff_All_Institutes_2025_26.pdf,2667,DAYANAND COLLEGE OF COMMERCE LATUR,0266524110,2025-26,4,Maharashtra,GOPENH,GOPENH,HU,89.1966341,percentile,GOPENH | 3326 | 89.1966341 | Stage-I,29,Home University Seats Allotted to Home University Candidates,bbfd7253743ba644636697fd6035c1fd2dda321a12c9ad95d9ebe7ef880026b4
088e3b17100f-PG_MCA_CAP4_Cutoff_All_Institutes_2025_26.pdf,2667,DAYANAND COLLEGE OF COMMERCE LATUR,0266524110,2025-26,4,Maharashtra,GOPENO,GOPENO,HU,7.9446476,percentile,GOPENO | 24224 | 7.9446476 | Stage-I,29,Other Than Home University Seats Allotted to Other Than Home University Candidates,f9ba09f52b7183ca9540b8486c285ed8100446d53138c342219dfc1f2f1809b3
088e3b17100f-PG_MCA_CAP4_Cutoff_All_Institutes_2025_26.pdf,2672,ARTS SCIENCE AND COMMERCE COLLEGE,0266524110,2025-26,4,Maharashtra,GSCH,GSCH,HU,53.942159,percentile,GSCH | 14264 | 53.942159 | Stage-IV,30,Home University Seats Allotted to Home University Candidates,cbcff35679670e271511ccc503dac0e1b2176ae9a039ab1be35c7e03df37b861
088e3b17100f-PG_MCA_CAP4_Cutoff_All_Institutes_2025_26.pdf,2672,ARTS SCIENCE AND COMMERCE COLLEGE,0266524110,2025-26,4,Maharashtra,GNTBH,GNTBH,HU,29.9046039,percentile,GNTBH | 19897 | 29.9046039 | Stage-IV,30,Home University Seats Allotted to Home University Candidates,8603c11b8699d2bc76e33f3036ae93bdca59f0bcad29c5a7cc9110fe7b00e09e
088e3b17100f-PG_MCA_CAP4_Cutoff_All_Institutes_2025_26.pdf,2672,ARTS SCIENCE AND COMMERCE COLLEGE,0266524110,2025-26,4,Maharashtra,GSEBCH,GSEBCH,HU,23.1010151,percentile,GSEBCH | 21314 | 23.1010151 | Stage-IV,30,Home University Seats Allotted to Home University Candidates,6952c326edd11d03a716dbadf920105e1f41375c8465098e833ab71c397f8656
088e3b17100f-PG_MCA_CAP4_Cutoff_All_Institutes_2025_26.pdf,2672,ARTS SCIENCE AND COMMERCE COLLEGE,0266524110,2025-26,4,Maharashtra,GOBCH,GOBCH,HU,4.067771,percentile,GOBCH | 24940 | 4.067771 | Stage-I,30,Home University Seats Allotted to Other Than Home University Candidates,f7b05685cf5871d1153d217c62c22e09188080a50631f53b6e0a90bd074752c0
088e3b17100f-PG_MCA_CAP4_Cutoff_All_Institutes_2025_26.pdf,2672,ARTS SCIENCE AND COMMERCE COLLEGE,0266524110,2025-26,4,Maharashtra,GOPENO,GOPENO,HU,71.1549338,percentile,GOPENO | 9243 | 71.1549338 | Stage-I,30,Other Than Home University Seats Allotted to Other Than Home University Candidates,1cec987cd38ecac4f3be1106b48e94a9ec5b4c53704746d0c38a3df129c4ceee
088e3b17100f-PG_MCA_CAP4_Cutoff_All_Institutes_2025_26.pdf,2674,MAHARASHTRA MAHAVIDYALAYA NILANGA,0266524110,2025-26,4,Maharashtra,GNTAH,GNTAH,HU,44.5345198,percentile,GNTAH | 16761 | 44.5345198 | Stage-IV,31,Home University Seats Allotted to Home University Candidates,a582c3906f50fb30f0533b6337939b17f83c8cea6562deca5f9be9a1cd6a98bd
088e3b17100f-PG_MCA_CAP4_Cutoff_All_Institutes_2025_26.pdf,2674,MAHARASHTRA MAHAVIDYALAYA NILANGA,0266524110,2025-26,4,Maharashtra,GOPENO,GOPENO,HU,82.9644433,percentile,GOPENO | 5400 | 82.9644433 | Stage-I,31,Other Than Home University Seats Allotted to Home University Candidates,670e3b686f18e88f0a5fd44dbbb5b6efd2385fe92994816e03131328252a38d4
088e3b17100f-PG_MCA_CAP4_Cutoff_All_Institutes_2025_26.pdf,2694,JAY BHARAT COLLEGE OF MCA DAPKA TQ.NILANGA DIST LATUR,0269424210,2025-26,4,Maharashtra,GOPENH,GOPENH,HU,44.5345198,percentile,GOPENH | 16449 | 44.5345198 | Stage-I,32,Home University Seats Allotted to Home University Candidates,6023280f611d50949cf9d5ed3f93b7ad0eb6bf12c4430b9ce11cbe3223cf9ecb
088e3b17100f-PG_MCA_CAP4_Cutoff_All_Institutes_2025_26.pdf,2694,JAY BHARAT COLLEGE OF MCA DAPKA TQ.NILANGA DIST LATUR,0269424210,2025-26,4,Maharashtra,GSCH,GSCH,HU,4.067771,percentile,GSCH | 24877 | 4.067771 | Stage-I,32,Home University Seats Allotted to Home University Candidates,44e295c01fa019c4d94371aaa7408131a332287e5a8708a50bf80f81427c77cd
088e3b17100f-PG_MCA_CAP4_Cutoff_All_Institutes_2025_26.pdf,2694,JAY BHARAT COLLEGE OF MCA DAPKA TQ.NILANGA DIST LATUR,0269424210,2025-26,4,Maharashtra,GOPENO,GOPENO,HU,31.6629561,percentile,GOPENO | 19340 | 31.6629561 | Stage-I,32,Other Than Home University Seats Allotted to Home University Candidates,8da8aa6e1c77393495372243abc567b6405356c27a81149bbc1bedd740db6033
088e3b17100f-PG_MCA_CAP4_Cutoff_All_Institutes_2025_26.pdf,2694,JAY BHARAT COLLEGE OF MCA DAPKA TQ.NILANGA DIST LATUR,0269424210,2025-26,4,Maharashtra,GNTAO,GNTAO,HU,12.4750009,percentile,GNTAO | 23414 | 12.4750009 | Stage-I,32,Other Than Home University Seats Allotted to Home University Candidates,959dac888f59a8dfed102ec460889429a37c6f1dffa0c38d00c123dab4a88244
088e3b17100f-PG_MCA_CAP4_Cutoff_All_Institutes_2025_26.pdf,2695,"MARATHWADA INSTITUTE OF TECHNOLOGY CIDCO ,CHHATRAPATI SAMBHAJINAGAR",0269524110,2025-26,4,Maharashtra,GOPENH,GOPENH,HU,25.4779232,percentile,GOPENH | 20912 | 25.4779232 | Stage-I,33,Home University Seats Allotted to Home University Candidates,46cb7da67a64c6f93fd9639d40cd5fbcf67cb0a34f9bb2c865085205c0c23edd
088e3b17100f-PG_MCA_CAP4_Cutoff_All_Institutes_2025_26.pdf,2695,"MARATHWADA INSTITUTE OF TECHNOLOGY CIDCO ,CHHATRAPATI SAMBHAJINAGAR",0269524110,2025-26,4,Maharashtra,GOBCH,GOBCH,HU,4.302251,percentile,GOBCH | 24764 | 4.302251 | Stage-I,33,Home University Seats Allotted to Other Than Home University Candidates,788b97452e4b79741ad8edf553f34c46925ceacbf8e28c8c0176a0fa8cf14ed8
088e3b17100f-PG_MCA_CAP4_Cutoff_All_Institutes_2025_26.pdf,2695,"MARATHWADA INSTITUTE OF TECHNOLOGY CIDCO ,CHHATRAPATI SAMBHAJINAGAR",0269524110,2025-26,4,Maharashtra,GOPENO,GOPENO,HU,23.1010151,percentile,GOPENO | 21586 | 23.1010151 | Stage-I,33,Other Than Home University Seats Allotted to Other Than Home University Candidates,eb5bfecac09d4fcda5e281fb7e81c411043649bed7777e77e3add1358b4bb9a5
088e3b17100f-PG_MCA_CAP4_Cutoff_All_Institutes_2025_26.pdf,2695,"MARATHWADA INSTITUTE OF TECHNOLOGY CIDCO ,CHHATRAPATI SAMBHAJINAGAR",0269524110,2025-26,4,Maharashtra,GSCO,GSCO,HU,5.5960152,percentile,GSCO | 24695 | 5.5960152 | Stage-I,33,Other Than Home University Seats Allotted to Other Than Home University Candidates,cfe20fa4604c523a774d9a3e529a6580d90ce75ae60ecc50c3326173983128f2
088e3b17100f-PG_MCA_CAP4_Cutoff_All_Institutes_2025_26.pdf,3032,"S.N.D.T Women's University P.G.D. of Computer Science, Mumbai",0269524110,2025-26,4,Maharashtra,GOPENS,GOPENS,SL,90.9663786,percentile,GOPENS | 2872 | 90.9663786 | Stage-I,34,,830b8366e2bef9bb17018d4dbccd5279d60d11702e2654b36953031453778d08
088e3b17100f-PG_MCA_CAP4_Cutoff_All_Institutes_2025_26.pdf,3032,"S.N.D.T Women's University P.G.D. of Computer Science, Mumbai",0269524110,2025-26,4,Maharashtra,GSCS,GSCS,SL,31.6629561,percentile,GSCS | 19691 | 31.6629561 | Stage-I,34,,6a1f6bafb11c22118b483cba8be5dad1febec62c6ea770396ba876cbf08e5cbb
088e3b17100f-PG_MCA_CAP4_Cutoff_All_Institutes_2025_26.pdf,3032,"S.N.D.T Women's University P.G.D. of Computer Science, Mumbai",0269524110,2025-26,4,Maharashtra,GNTBS,GNTBS,SL,63.1574978,percentile,GNTBS | 11437 | 63.1574978 | Stage-I,34,,2282758d63da3246c2f9967d602e18fe312aa3199b20717dead21065250c4ff0
088e3b17100f-PG_MCA_CAP4_Cutoff_All_Institutes_2025_26.pdf,3032,"S.N.D.T Women's University P.G.D. of Computer Science, Mumbai",0269524110,2025-26,4,Maharashtra,GNTCS,GNTCS,SL,27.2744425,percentile,GNTCS | 20443 | 27.2744425 | Stage-I,34,,2274457119e05a74e16bd20f3de3c49558b9cb121535e40b38c357d5d79af46d
088e3b17100f-PG_MCA_CAP4_Cutoff_All_Institutes_2025_26.pdf,3033,"Dr. Babasaheb Ambedkar Technological University, Lonere",0303324110,2025-26,4,Maharashtra,GOPENS,GOPENS,SL,13.5402134,percentile,GOPENS | 23222 | 13.5402134 | Stage-I,35,,32735349e6f383e04a3c4a9544e257968fbd3ea71e9f551a869109d198d2bd39
088e3b17100f-PG_MCA_CAP4_Cutoff_All_Institutes_2025_26.pdf,3109,"S.I.E.S. College of Management Studies, Mumbai",0310924110,2025-26,4,Maharashtra,GOPENH,GOPENH,HU,96.392589,percentile,GOPENH | 993 | 96.392589 | Stage-I,36,Home University Seats Allotted to Home University Candidates,8353794cc4bb80d1b5b6e9d593e93cbbdc5c7703ca198e7517f6c326af919609
088e3b17100f-PG_MCA_CAP4_Cutoff_All_Institutes_2025_26.pdf,3109,"S.I.E.S. College of Management Studies, Mumbai",0310924110,2025-26,4,Maharashtra,GOPENO,GOPENO,HU,95.2942951,percentile,GOPENO | 1437 | 95.2942951 | Stage-I,36,Other Than Home University Seats Allotted to Other Than Home University Candidates,cb02f5229f6fe44db586e2ed086ab5c0a6a0de7d0a6a3e2646c7d3dd6ffa1751
088e3b17100f-PG_MCA_CAP4_Cutoff_All_Institutes_2025_26.pdf,3109,"S.I.E.S. College of Management Studies, Mumbai",0310924110,2025-26,4,Maharashtra,TFWS,TFWS,SL,97.6265047,percentile,TFWS | 661 | 97.6265047 | Stage-I,36,Other Than Home University Seats Allotted to Other Than Home University Candidates,1fbd72a46b709665e1e0844721dce051a4f3fb4889776da2057d4e12bc6ca051
088e3b17100f-PG_MCA_CAP4_Cutoff_All_Institutes_2025_26.pdf,3109,"S.I.E.S. College of Management Studies, Mumbai",0310924110,2025-26,4,Maharashtra,MI-MH,MI-MH,MI,93.405226,percentile,MI-MH | 2066 | 93.405226 | Stage-MI-MH,36,Minority Seats : Minority Seats Allotted to Non Minority Candidates,6e5ae83b2e7d5bc14bee547476c4574fd1af87fc332afead7f02a7bf296be537
088e3b17100f-PG_MCA_CAP4_Cutoff_All_Institutes_2025_26.pdf,3117,"Gurunanak Institute of Management Studies, Mumbai",0311724110,2025-26,4,Maharashtra,GOPENO,GOPENO,HU,87.3496474,percentile,GOPENO | 3988 | 87.3496474 | Stage-I,37,Other Than Home University Seats Allotted to Other Than Home University Candidates,17000f755fff02e3fddab5bb3566c711ab8bd5813dc5b91e872d1e71fe2bf3dd
088e3b17100f-PG_MCA_CAP4_Cutoff_All_Institutes_2025_26.pdf,3117,"Gurunanak Institute of Management Studies, Mumbai",0311724110,2025-26,4,Maharashtra,TFWS,TFWS,SL,95.5548847,percentile,TFWS | 1354 | 95.5548847 | Stage-I,37,Other Than Home University Seats Allotted to Other Than Home University Candidates,707d1da1ad3b87edc30aecbccd0d263a8e965421486638094cd1c45d8b619711
088e3b17100f-PG_MCA_CAP4_Cutoff_All_Institutes_2025_26.pdf,3117,"Gurunanak Institute of Management Studies, Mumbai",0311724110,2025-26,4,Maharashtra,MI-MH,MI-MH,MI,89.1966341,percentile,MI-MH | 3533 | 89.1966341 | Stage-MI-MH,37,Minority Seats : Minority Seats Allotted to Non Minority Candidates,7b78831fef972df5c107c786b554df04625a3d139078e097fbdbcf8c768d123b
088e3b17100f-PG_MCA_CAP4_Cutoff_All_Institutes_2025_26.pdf,3127,"NCRD's Sterling Institute of Management Studies, Navi Mumbai",0312724110,2025-26,4,Maharashtra,GOPENH,GOPENH,HU,89.1966341,percentile,GOPENH | 3466 | 89.1966341 | Stage-I,38,Home University Seats Allotted to Home University Candidates,9ea4e001f332442b810eee0b1b7a5246b17cf1c929eb2c26d2d002720cef3b1f
088e3b17100f-PG_MCA_CAP4_Cutoff_All_Institutes_2025_26.pdf,3127,"NCRD's Sterling Institute of Management Studies, Navi Mumbai",0312724110,2025-26,4,Maharashtra,GSTH,GSTH,HU,44.5345198,percentile,GSTH | 17019 | 44.5345198 | Stage-I,38,Home University Seats Allotted to Home University Candidates,5e1ec9050f51003edd81fc568d020e59b35d93f0cda797b1a1c6304478f17daf
088e3b17100f-PG_MCA_CAP4_Cutoff_All_Institutes_2025_26.pdf,3127,"NCRD's Sterling Institute of Management Studies, Navi Mumbai",0312724110,2025-26,4,Maharashtra,GNTAH,GNTAH,HU,82.8308366,percentile,GNTAH | 5956 | 82.8308366 | Stage-I,38,Home University Seats Allotted to Home University Candidates,f0261f125dafb8ebb97201a77b92c1a73475d067d56ab675559b24d655d71171
088e3b17100f-PG_MCA_CAP4_Cutoff_All_Institutes_2025_26.pdf,3127,"NCRD's Sterling Institute of Management Studies, Navi Mumbai",0312724110,2025-26,4,Maharashtra,GOPENO,GOPENO,HU,85.3851665,percentile,GOPENO | 4728 | 85.3851665 | Stage-I,38,Other Than Home University Seats Allotted to Other Than Home University Candidates,185c01ce8b22dfec7ccfb395ca8c61a96f61aec496769401cfb8cd168eddec0d
088e3b17100f-PG_MCA_CAP4_Cutoff_All_Institutes_2025_26.pdf,3127,"NCRD's Sterling Institute of Management Studies, Navi Mumbai",0312724110,2025-26,4,Maharashtra,GSCO,GSCO,HU,2.0301121,percentile,GSCO | 25275 | 2.0301121 | Stage-I,38,Other Than Home University Seats Allotted to Other Than Home University Candidates,2cb5b957685bedc7ea40b5fd29e318ecdf0ab02c3c560dec2615fb2308c1e4ce
088e3b17100f-PG_MCA_CAP4_Cutoff_All_Institutes_2025_26.pdf,3127,"NCRD's Sterling Institute of Management Studies, Navi Mumbai",0312724110,2025-26,4,Maharashtra,GSTO,GSTO,HU,58.7911466,percentile,GSTO | 13088 | 58.7911466 | Stage-I,38,Other Than Home University Seats Allotted to Other Than Home University Candidates,18f4ad269dea999cc93c3773a3475c322713030fede4319cc55eb26260aa9029
088e3b17100f-PG_MCA_CAP4_Cutoff_All_Institutes_2025_26.pdf,3127,"NCRD's Sterling Institute of Management Studies, Navi Mumbai",0312724110,2025-26,4,Maharashtra,TFWS,TFWS,SL,92.3361383,percentile,TFWS | 2373 | 92.3361383 | Stage-I,38,Other Than Home University Seats Allotted to Other Than Home University Candidates,84e9ced3eda63fb40da8864a9ac3c86af75dd9f6e3cca436124eaef1b7093000
088e3b17100f-PG_MCA_CAP4_Cutoff_All_Institutes_2025_26.pdf,3129,"Mumbai Institute of Management & Research, Mumbai",0312924210,2025-26,4,Maharashtra,GOPENH,GOPENH,HU,71.1549338,percentile,GOPENH | 9291 | 71.1549338 | Stage-I,39,Home University Seats Allotted to Home University Candidates,c8f4dc1edaf97e6d8f41983395d3a903114a92c78b43047f7361bd9169a38b7f
088e3b17100f-PG_MCA_CAP4_Cutoff_All_Institutes_2025_26.pdf,3129,"Mumbai Institute of Management & Research, Mumbai",0312924210,2025-26,4,Maharashtra,GSCH,GSCH,HU,63.1574978,percentile,GSCH | 11994 | 63.1574978 | Stage-I,39,Home University Seats Allotted to Home University Candidates,e3b892cc72e3fd29fdbd98430687fbe9160cc9748a5169834edc91d9b8c3c79d
088e3b17100f-PG_MCA_CAP4_Cutoff_All_Institutes_2025_26.pdf,3129,"Mumbai Institute of Management & Research, Mumbai",0312924210,2025-26,4,Maharashtra,GSTH,GSTH,HU,25.4779232,percentile,GSTH | 21124 | 25.4779232 | Stage-I,39,Home University Seats Allotted to Home University Candidates,8fa9b3fd3e1857b7bc1e7d809ced9d3bc5ecd77e8cf266f652a8d788f20c0130
088e3b17100f-PG_MCA_CAP4_Cutoff_All_Institutes_2025_26.pdf,3129,"Mumbai Institute of Management & Research, Mumbai",0312924210,2025-26,4,Maharashtra,GNTAH,GNTAH,HU,92.1797821,percentile,GNTAH | 2536 | 92.1797821 | Stage-I,39,Home University Seats Allotted to Home University Candidates,d205526e01497883f16e541da8ce963c568c1a842a5cca9489b9da74da36b393
088e3b17100f-PG_MCA_CAP4_Cutoff_All_Institutes_2025_26.pdf,3129,"Mumbai Institute of Management & Research, Mumbai",0312924210,2025-26,4,Maharashtra,GNTDH,GNTDH,HU,51.4093808,percentile,GNTDH | 14836 | 51.4093808 | Stage-I,39,Home University Seats Allotted to Other Than Home University Candidates,00004c7cbf2220dfa8c54acaca3ebdd79d5485999946472dfc76b9fce9dbf1d1
088e3b17100f-PG_MCA_CAP4_Cutoff_All_Institutes_2025_26.pdf,3129,"Mumbai Institute of Management & Research, Mumbai",0312924210,2025-26,4,Maharashtra,GOBCH,GOBCH,HU,2.8640429,percentile,GOBCH | 25103 | 2.8640429 | Stage-I,39,Home University Seats Allotted to Other Than Home University Candidates,09b757800d55f583db91a9da63fafbc1f32cf4709d57bdb87e4f8daa7d0699ad
088e3b17100f-PG_MCA_CAP4_Cutoff_All_Institutes_2025_26.pdf,3129,"Mumbai Institute of Management & Research, Mumbai",0312924210,2025-26,4,Maharashtra,GOPENO,GOPENO,HU,56.5488095,percentile,GOPENO | 13771 | 56.5488095 | Stage-I,39,Other Than Home University Seats Allotted to Other Than Home University Candidates,d382d1b8f594d93a60bcd9d671b7edb8b1ed54810ad53283b3752ee495fcc76a
088e3b17100f-PG_MCA_CAP4_Cutoff_All_Institutes_2025_26.pdf,3129,"Mumbai Institute of Management & Research, Mumbai",0312924210,2025-26,4,Maharashtra,GSCO,GSCO,HU,34.5198145,percentile,GSCO | 18973 | 34.5198145 | Stage-I,39,Other Than Home University Seats Allotted to Other Than Home University Candidates,284e936af34df0870158c4b2613cb2cc8c1b4244c924286b8c011d6bb69d4da0
088e3b17100f-PG_MCA_CAP4_Cutoff_All_Institutes_2025_26.pdf,3129,"Mumbai Institute of Management & Research, Mumbai",0312924210,2025-26,4,Maharashtra,GSTO,GSTO,HU,49.3533426,percentile,GSTO | 15466 | 49.3533426 | Stage-I,39,Other Than Home University Seats Allotted to Other Than Home University Candidates,ca6246316b81f288d8beacd64c8edbf43c823957d371ea9f836d2e6bbd9b6bce
088e3b17100f-PG_MCA_CAP4_Cutoff_All_Institutes_2025_26.pdf,3129,"Mumbai Institute of Management & Research, Mumbai",0312924210,2025-26,4,Maharashtra,TFWS,TFWS,SL,69.7143504,percentile,TFWS | 10101 | 69.7143504 | Stage-I,39,Other Than Home University Seats Allotted to Other Than Home University Candidates,fbf667fec71131a2ddfbbcb12bf07c3282b455f5f122bba53cf86dbae22fe993
088e3b17100f-PG_MCA_CAP4_Cutoff_All_Institutes_2025_26.pdf,3133,"Swayamsiddhi Mitra Sangh's College of Management & Research, Thane",0313324110,2025-26,4,Maharashtra,GOPENH,GOPENH,HU,76.9216256,percentile,GOPENH | 7847 | 76.9216256 | Stage-I,40,Home University Seats Allotted to Home University Candidates,9a54e3fafb140c2d790a18df766c7acc28663348ebf95491646b41b6ede27be0
088e3b17100f-PG_MCA_CAP4_Cutoff_All_Institutes_2025_26.pdf,3133,"Swayamsiddhi Mitra Sangh's College of Management & Research, Thane",0313324110,2025-26,4,Maharashtra,GSCH,GSCH,HU,36.496736,percentile,GSCH | 18767 | 36.496736 | Stage-I,40,Home University Seats Allotted to Home University Candidates,b50a434c45ed1a0dde2dbfe83e655b2bfb08f8d73752fdeb49c96b48601cc264
088e3b17100f-PG_MCA_CAP4_Cutoff_All_Institutes_2025_26.pdf,3133,"Swayamsiddhi Mitra Sangh's College of Management & Research, Thane",0313324110,2025-26,4,Maharashtra,GNTDH,GNTDH,HU,58.7911466,percentile,GNTDH | 12942 | 58.7911466 | Stage-I,40,Home University Seats Allotted to Home University Candidates,50737ce8e06044366d3cfe96eb7348daffc7cd99976bcf9ca3e24dcac0c1475a
088e3b17100f-PG_MCA_CAP4_Cutoff_All_Institutes_2025_26.pdf,3133,"Swayamsiddhi Mitra Sangh's College of Management & Research, Thane",0313324110,2025-26,4,Maharashtra,GOPENO,GOPENO,HU,5.9311489,percentile,GOPENO | 24630 | 5.9311489 | Stage-I,40,Other Than Home University Seats Allotted to Other Than Home University Candidates,a499d69d69d3d6eee34f9b2ad80322f680f08e888c9cd79eacb0fbbe48b2bdfc
088e3b17100f-PG_MCA_CAP4_Cutoff_All_Institutes_2025_26.pdf,3133,"Swayamsiddhi Mitra Sangh's College of Management & Research, Thane",0313324110,2025-26,4,Maharashtra,GSTO,GSTO,HU,63.1574978,percentile,GSTO | 11990 | 63.1574978 | Stage-IV,40,Other Than Home University Seats Allotted to Home University Candidates,ea88ca1fc6fe74335c42f9b4d72e430a462ce28808cc161d5ecd513bc8275d8a
088e3b17100f-PG_MCA_CAP4_Cutoff_All_Institutes_2025_26.pdf,3133,"Swayamsiddhi Mitra Sangh's College of Management & Research, Thane",0313324110,2025-26,4,Maharashtra,GNTCO,GNTCO,HU,61.2807064,percentile,GNTCO | 12108 | 61.2807064 | Stage-IV,40,Other Than Home University Seats Allotted to Home University Candidates,4793cebd924cf4cf9823b5632e019f287b556a5cbceaeca8029ad6449137205c
088e3b17100f-PG_MCA_CAP4_Cutoff_All_Institutes_2025_26.pdf,3162,"Bharti Vidyapeeth's Institute of Management & Information Technology, Navi Mumbai",0316224110,2025-26,4,Maharashtra,GOPENH,GOPENH,HU,93.5511867,percentile,GOPENH | 1998 | 93.5511867 | Stage-I,41,Home University Seats Allotted to Home University Candidates,f75962f5345e3256913511b46618bc9141279721416196ece6e05ab8fce8ef1d
088e3b17100f-PG_MCA_CAP4_Cutoff_All_Institutes_2025_26.pdf,3162,"Bharti Vidyapeeth's Institute of Management & Information Technology, Navi Mumbai",0316224110,2025-26,4,Maharashtra,GOBCH,GOBCH,HU,90.9663786,percentile,GOBCH | 2861 | 90.9663786 | Stage-I,41,Home University Seats Allotted to Home University Candidates,d99a60e3d7ddfdb02bc80c66a8b1399661a24556b9792456e7316fb1446bab40
088e3b17100f-PG_MCA_CAP4_Cutoff_All_Institutes_2025_26.pdf,3162,"Bharti Vidyapeeth's Institute of Management & Information Technology, Navi Mumbai",0316224110,2025-26,4,Maharashtra,GOPENO,GOPENO,HU,92.1797821,percentile,GOPENO | 2487 | 92.1797821 | Stage-I,41,Other Than Home University Seats Allotted to Other Than Home University Candidates,567f4d2c3972dd2d81ed305717693c9171196e4b10f7048bc460d6926e74645b
088e3b17100f-PG_MCA_CAP4_Cutoff_All_Institutes_2025_26.pdf,3162,"Bharti Vidyapeeth's Institute of Management & Information Technology, Navi Mumbai",0316224110,2025-26,4,Maharashtra,GSCO,GSCO,HU,89.1331398,percentile,GSCO | 3630 | 89.1331398 | Stage-I,41,Other Than Home University Seats Allotted to Other Than Home University Candidates,79f19ea631dcb52aa2c00dd015fd014bb9376629a62fbc8e13426334e6f9ef59
088e3b17100f-PG_MCA_CAP4_Cutoff_All_Institutes_2025_26.pdf,3162,"Bharti Vidyapeeth's Institute of Management & Information Technology, Navi Mumbai",0316224110,2025-26,4,Maharashtra,GOBCO,GOBCO,HU,82.9644433,percentile,GOBCO | 5425 | 82.9644433 | Stage-I,41,Other Than Home University Seats Allotted to Other Than Home University Candidates,173924c38ce6f8359bd64ed0f43e4239b6d304a406852e6b6290562d79a58f74
088e3b17100f-PG_MCA_CAP4_Cutoff_All_Institutes_2025_26.pdf,3162,"Bharti Vidyapeeth's Institute of Management & Information Technology, Navi Mumbai",0316224110,2025-26,4,Maharashtra,EWS,EWS,SL,2.8640429,percentile,EWS | 25175 | 2.8640429 | Stage-I,41,Other Than Home University Seats Allotted to Other Than Home University Candidates,b110417e6865dfc6f98b7f2ffa1baee8a80ddab67cbb431fb439b827aabd61c8
088e3b17100f-PG_MCA_CAP4_Cutoff_All_Institutes_2025_26.pdf,3162,"Bharti Vidyapeeth's Institute of Management & Information Technology, Navi Mumbai",0316224110,2025-26,4,Maharashtra,TFWS,TFWS,SL,96.1125146,percentile,TFWS | 1191 | 96.1125146 | Stage-I,41,Other Than Home University Seats Allotted to Other Than Home University Candidates,398514b4e7e780627d8c6ec337d642c72fc2085904e99cc93705229317ec24bd
088e3b17100f-PG_MCA_CAP4_Cutoff_All_Institutes_2025_26.pdf,3167,"Mumbai Education Trust's Institute of Computer Science, Bandra (W), Mumbai",0316724110,2025-26,4,Maharashtra,GOPENH,GOPENH,HU,97.8055126,percentile,GOPENH | 552 | 97.8055126 | Stage-I,42,Home University Seats Allotted to Home University Candidates,d96440847b9d6c50df3f281e5b01d3b96bf9ef1a43c348f91c9813b0a724ff99
088e3b17100f-PG_MCA_CAP4_Cutoff_All_Institutes_2025_26.pdf,3167,"Mumbai Education Trust's Institute of Computer Science, Bandra (W), Mumbai",0316724110,2025-26,4,Maharashtra,GOBCH,GOBCH,HU,95.2942951,percentile,GOBCH | 1478 | 95.2942951 | Stage-I,42,Home University Seats Allotted to Home University Candidates,5df9f8b1005831c0734645840c26bbbd4845686544ed788f64174b5e67457126
088e3b17100f-PG_MCA_CAP4_Cutoff_All_Institutes_2025_26.pdf,3167,"Mumbai Education Trust's Institute of Computer Science, Bandra (W), Mumbai",0316724110,2025-26,4,Maharashtra,GNTDH,GNTDH,HU,85.3851665,percentile,GNTDH | 4479 | 85.3851665 | Stage-I,42,Home University Seats Allotted to Other Than Home University Candidates,572fd8018fb9986abf8563be9e778c73cdb7786adc6b6847bdb8197974fdbf54
088e3b17100f-PG_MCA_CAP4_Cutoff_All_Institutes_2025_26.pdf,3168,"Thakur Institute of Management Studies Career Development & Research, Kandivali (E), Mumbai",0316824110,2025-26,4,Maharashtra,GOPENH,GOPENH,HU,92.3361383,percentile,GOPENH | 2376 | 92.3361383 | Stage-I,43,Home University Seats Allotted to Home University Candidates,822a0947332af86f6649c2178a31f3e951c2183b1282192bd71e51b19feb6e0d
088e3b17100f-PG_MCA_CAP4_Cutoff_All_Institutes_2025_26.pdf,3168,"Thakur Institute of Management Studies Career Development & Research, Kandivali (E), Mumbai",0316824110,2025-26,4,Maharashtra,GOPENO,GOPENO,HU,82.8308366,percentile,GOPENO | 5696 | 82.8308366 | Stage-I,43,Other Than Home University Seats Allotted to Other Than Home University Candidates,11e62f312279314897eb338fe906ddbd5a288b9ac1e71fdc818a553ff1c4936a
088e3b17100f-PG_MCA_CAP4_Cutoff_All_Institutes_2025_26.pdf,3168,"Thakur Institute of Management Studies Career Development & Research, Kandivali (E), Mumbai",0316824110,2025-26,4,Maharashtra,TFWS,TFWS,SL,94.4270578,percentile,TFWS | 1689 | 94.4270578 | Stage-I,43,Other Than Home University Seats Allotted to Other Than Home University Candidates,b9dde4027569e13cebed52b2c52a1ae19fc357a7933d67994081ac30723ce095
088e3b17100f-PG_MCA_CAP4_Cutoff_All_Institutes_2025_26.pdf,3169,"Late Bhausaheb Hiray S. S. Trust's Institute of Computer Application, Bandra (E), Mumbai",0316924110,2025-26,4,Maharashtra,GOPENH,GOPENH,HU,89.1966341,percentile,GOPENH | 3522 | 89.1966341 | Stage-I,44,Home University Seats Allotted to Home University Candidates,c199460480955ad879f6d01466c3147e996dc6ae7a5563d4c315d4283bdf6609
088e3b17100f-PG_MCA_CAP4_Cutoff_All_Institutes_2025_26.pdf,3169,"Late Bhausaheb Hiray S. S. Trust's Institute of Computer Application, Bandra (E), Mumbai",0316924110,2025-26,4,Maharashtra,GSCH,GSCH,HU,36.496736,percentile,GSCH | 18418 | 36.496736 | Stage-I,44,Home University Seats Allotted to Home University Candidates,c6db27f8650245e0f9648d3fb128c1150630503469e96894e62458f5904265d3
088e3b17100f-PG_MCA_CAP4_Cutoff_All_Institutes_2025_26.pdf,3169,"Late Bhausaheb Hiray S. S. Trust's Institute of Computer Application, Bandra (E), Mumbai",0316924110,2025-26,4,Maharashtra,GSTH,GSTH,HU,46.3793819,percentile,GSTH | 16377 | 46.3793819 | Stage-I,44,Home University Seats Allotted to Home University Candidates,0df0cdb25d883488b803eb130ba3eeaed1330e77f69010b410cbb16f00d421bc
088e3b17100f-PG_MCA_CAP4_Cutoff_All_Institutes_2025_26.pdf,3169,"Late Bhausaheb Hiray S. S. Trust's Institute of Computer Application, Bandra (E), Mumbai",0316924110,2025-26,4,Maharashtra,GOPENO,GOPENO,HU,53.942159,percentile,GOPENO | 14420 | 53.942159 | Stage-I,44,Other Than Home University Seats Allotted to Other Than Home University Candidates,5b734214d00bb6a939f0499d14941c3af1157d24ab8c71930fc9755e3d987a19
088e3b17100f-PG_MCA_CAP4_Cutoff_All_Institutes_2025_26.pdf,3169,"Late Bhausaheb Hiray S. S. Trust's Institute of Computer Application, Bandra (E), Mumbai",0316924110,2025-26,4,Maharashtra,GOPENO,GOPENO,HU,85.3851665,percentile,GOPENO | 4629 | 85.3851665 | Stage-I,44,Other Than Home University Seats Allotted to Home University Candidates,c05eb4e936ea60a7a5d703021401065c0867c3f766f14bf2b975e39c6811beb8
088e3b17100f-PG_MCA_CAP4_Cutoff_All_Institutes_2025_26.pdf,3169,"Late Bhausaheb Hiray S. S. Trust's Institute of Computer Application, Bandra (E), Mumbai",0316924110,2025-26,4,Maharashtra,GSCO,GSCO,HU,31.6629561,percentile,GSCO | 19806 | 31.6629561 | Stage-I,44,Other Than Home University Seats Allotted to Home University Candidates,144d003f19698929ebfb9549075b35b70e1b6c71addc138c32b9b0825a6b7cd9
088e3b17100f-PG_MCA_CAP4_Cutoff_All_Institutes_2025_26.pdf,3169,"Late Bhausaheb Hiray S. S. Trust's Institute of Computer Application, Bandra (E), Mumbai",0316924110,2025-26,4,Maharashtra,GSTO,GSTO,HU,41.4550394,percentile,GSTO | 17150 | 41.4550394 | Stage-I,44,Other Than Home University Seats Allotted to Home University Candidates,00d4965d51b4933b27c1fddf1369286658ece3f87afb86cbe76d03ccb8705c72
088e3b17100f-PG_MCA_CAP4_Cutoff_All_Institutes_2025_26.pdf,3169,"Late Bhausaheb Hiray S. S. Trust's Institute of Computer Application, Bandra (E), Mumbai",0316924110,2025-26,4,Maharashtra,TFWS,TFWS,SL,89.1331398,percentile,TFWS | 3788 | 89.1331398 | Stage-I,44,Other Than Home University Seats Allotted to Home University Candidates,2d8bcccd822c230585749bdd718e5cd44c32da35686724d8ac4c199adf8265b8
088e3b17100f-PG_MCA_CAP4_Cutoff_All_Institutes_2025_26.pdf,3173,"Deccan Education Society's Navinchandra Mehta Institute of Technology & Development, Dadar, Mumbai",0317324110,2025-26,4,Maharashtra,GOPENH,GOPENH,HU,90.7733494,percentile,GOPENH | 3101 | 90.7733494 | Stage-I,45,Home University Seats Allotted to Home University Candidates,af8242025cc3afd8891d7dd4279419830921a864ad90d14478c0536fa0943934
088e3b17100f-PG_MCA_CAP4_Cutoff_All_Institutes_2025_26.pdf,3173,"Deccan Education Society's Navinchandra Mehta Institute of Technology & Development, Dadar, Mumbai",0317324110,2025-26,4,Maharashtra,GSTH,GSTH,HU,76.9216256,percentile,GSTH | 7684 | 76.9216256 | Stage-I,45,Home University Seats Allotted to Home University Candidates,25cbad4569edccd5f0b1b6b57a6d7c6c68707542a637f7ded9d5b4888044d827
088e3b17100f-PG_MCA_CAP4_Cutoff_All_Institutes_2025_26.pdf,3173,"Deccan Education Society's Navinchandra Mehta Institute of Technology & Development, Dadar, Mumbai",0317324110,2025-26,4,Maharashtra,GOPENO,GOPENO,HU,74.782248,percentile,GOPENO | 8263 | 74.782248 | Stage-I,45,Other Than Home University Seats Allotted to Other Than Home University Candidates,27ab8db1ccfa8106385675bfeb4892d7f2923d17ff2e53d3e93873535c3d81cd
088e3b17100f-PG_MCA_CAP4_Cutoff_All_Institutes_2025_26.pdf,3173,"Deccan Education Society's Navinchandra Mehta Institute of Technology & Development, Dadar, Mumbai",0317324110,2025-26,4,Maharashtra,GSTO,GSTO,HU,19.1539942,percentile,GSTO | 22376 | 19.1539942 | Stage-I,45,Other Than Home University Seats Allotted to Other Than Home University Candidates,6662eb6cc2a361b7f0482bfd508fa8b08793c1822bd45ab15de22fc7af6840f5
088e3b17100f-PG_MCA_CAP4_Cutoff_All_Institutes_2025_26.pdf,3173,"Deccan Education Society's Navinchandra Mehta Institute of Technology & Development, Dadar, Mumbai",0317324110,2025-26,4,Maharashtra,GSCO,GSCO,HU,65.8578922,percentile,GSCO | 11013 | 65.8578922 | Stage-I,45,Other Than Home University Seats Allotted to Home University Candidates,22b8960cad862359a0e2e6e67ebf1d143e5f7dc58683769ab0a538057a9d7bea
088e3b17100f-PG_MCA_CAP4_Cutoff_All_Institutes_2025_26.pdf,3173,"Deccan Education Society's Navinchandra Mehta Institute of Technology & Development, Dadar, Mumbai",0317324110,2025-26,4,Maharashtra,TFWS,TFWS,SL,90.9663786,percentile,TFWS | 2931 | 90.9663786 | Stage-I,45,Other Than Home University Seats Allotted to Home University Candidates,9d62054a0b744c277d8e481777282a534190e7acb71a20947dbf1dc078324c65
088e3b17100f-PG_MCA_CAP4_Cutoff_All_Institutes_2025_26.pdf,3176,"Thakur College of Engineering and Technology, Kandivali, Mumbai",0317624210,2025-26,4,Maharashtra,GOPENO,GOPENO,HU,76.9216256,percentile,GOPENO | 7581 | 76.9216256 | Stage-I,46,Other Than Home University Seats Allotted to Other Than Home University Candidates,25af34d18b41f95a708ade1eb2ec9ad51680443b9cd05392be8259551b9b5ab6
088e3b17100f-PG_MCA_CAP4_Cutoff_All_Institutes_2025_26.pdf,3185,"Vivekanand Education Society's Institute of Technology, Chembur, Mumbai",0318524210,2025-26,4,Maharashtra,GOPENH,GOPENH,HU,98.2089665,percentile,GOPENH | 494 | 98.2089665 | Stage-I,47,Home University Seats Allotted to Home University Candidates,0cbcdcfe826c583182a887c9ed423791e02c21b9dcef6f51fd0fe8beeb5bd946
088e3b17100f-PG_MCA_CAP4_Cutoff_All_Institutes_2025_26.pdf,3185,"Vivekanand Education Society's Institute of Technology, Chembur, Mumbai",0318524210,2025-26,4,Maharashtra,GOPENO,GOPENO,HU,98.0566771,percentile,GOPENO | 531 | 98.0566771 | Stage-I,47,Other Than Home University Seats Allotted to Other Than Home University Candidates,fad5dc5294fe4806aaee5e67a4c319cd4556028830fd09a7c604e135500da21d
088e3b17100f-PG_MCA_CAP4_Cutoff_All_Institutes_2025_26.pdf,3185,"Vivekanand Education Society's Institute of Technology, Chembur, Mumbai",0318524210,2025-26,4,Maharashtra,TFWS,TFWS,SL,99.008333,percentile,TFWS | 230 | 99.008333 | Stage-I,47,Other Than Home University Seats Allotted to Other Than Home University Candidates,5f13991b2b2928f70cc09cf2c8f4fd8ae38c4dc23498e6817503583851de2661
088e3b17100f-PG_MCA_CAP4_Cutoff_All_Institutes_2025_26.pdf,3185,"Vivekanand Education Society's Institute of Technology, Chembur, Mumbai",0318524210,2025-26,4,Maharashtra,MI-MH,MI-MH,MI,98.0566771,percentile,MI-MH | 525 | 98.0566771 | Stage-MI-MH,47,Minority Seats : Minority Seats Allotted to Non Minority Candidates,36cbf41bc45cf7a8dcb7e660a54d33f6b84a85aa1b1d691372684a222ca15457
088e3b17100f-PG_MCA_CAP4_Cutoff_All_Institutes_2025_26.pdf,3200,"Hope Foundation and research center's Finolex Academy of Management and Technology, Ratnagiri",0320024110,2025-26,4,Maharashtra,GOBCH,GOBCH,HU,71.1549338,percentile,GOBCH | 9258 | 71.1549338 | Stage-I,48,Home University Seats Allotted to Home University Candidates,c90e5d903c406fcb50285cbc6f40829d57c2f37dd843a5f2ed2a1862c89234ba
088e3b17100f-PG_MCA_CAP4_Cutoff_All_Institutes_2025_26.pdf,3215,"Bhartiya Vidya Bhavan's Sardar Patel Institute of Technology , Andheri, Mumbai",0321524110,2025-26,4,Maharashtra,GOBCO,GOBCO,HU,98.7632442,percentile,GOBCO | 285 | 98.7632442 | Stage-I,49,Other Than Home University Seats Allotted to Other Than Home University Candidates,b8442dd35bf7397c3579b14cb65f189226603fef66ff35e81532610ffb944115
088e3b17100f-PG_MCA_CAP4_Cutoff_All_Institutes_2025_26.pdf,3216,"Gharda Foundation's Gharda Institute of Technology,Khed, Ratnagiri",0321624210,2025-26,4,Maharashtra,GOPENH,GOPENH,HU,44.5345198,percentile,GOPENH | 16883 | 44.5345198 | Stage-I,50,Home University Seats Allotted to Home University Candidates,9b2c1e7be8478129e39b68695211089a212c0a91f398d5199512d77d14227a94
088e3b17100f-PG_MCA_CAP4_Cutoff_All_Institutes_2025_26.pdf,3218,"Aldel Education Trust's St. John College of Engineering & Management, Vevoor, Palghar",0321824110,2025-26,4,Maharashtra,GOPENH,GOPENH,HU,23.1010151,percentile,GOPENH | 21420 | 23.1010151 | Stage-I,51,Home University Seats Allotted to Home University Candidates,1d7bb4c12a8550997762827268a17b7f59200d06aeb5962e48e9dc05c8cc98f0
088e3b17100f-PG_MCA_CAP4_Cutoff_All_Institutes_2025_26.pdf,3218,"Aldel Education Trust's St. John College of Engineering & Management, Vevoor, Palghar",0321824110,2025-26,4,Maharashtra,GOPENO,GOPENO,HU,23.1010151,percentile,GOPENO | 21263 | 23.1010151 | Stage-I,51,Other Than Home University Seats Allotted to Other Than Home University Candidates,e7d07a4d5f21648bfbdea6e18852041b51f6897be3f328d80af2a424e5087bfe
088e3b17100f-PG_MCA_CAP4_Cutoff_All_Institutes_2025_26.pdf,3221,"Vishnu Waman Thakur Charitable Trust's VIVA Institute of Technology, Virar",0322124110,2025-26,4,Maharashtra,GOPENH,GOPENH,HU,51.4093808,percentile,GOPENH | 14760 | 51.4093808 | Stage-I,52,Home University Seats Allotted to Home University Candidates,90157fee959b9e2738d11becb2baf495ca20c03d7ca74de8dd57253890e859c0
088e3b17100f-PG_MCA_CAP4_Cutoff_All_Institutes_2025_26.pdf,3221,"Vishnu Waman Thakur Charitable Trust's VIVA Institute of Technology, Virar",0322124110,2025-26,4,Maharashtra,GOPENO,GOPENO,HU,10.5199653,percentile,GOPENO | 23761 | 10.5199653 | Stage-I,52,Other Than Home University Seats Allotted to Other Than Home University Candidates,afaaa36312e0022b23711a3f55ed23e771d73b9be2e1a87984f2e8da0488e15e
088e3b17100f-PG_MCA_CAP4_Cutoff_All_Institutes_2025_26.pdf,3223,"Mahatma Education Society's Pillai HOC College of Engineering & Technology, Tal. Khalapur. Dist. Raigad",0322324210,2025-26,4,Maharashtra,GOPENH,GOPENH,HU,65.8578922,percentile,GOPENH | 11292 | 65.8578922 | Stage-I,53,Home University Seats Allotted to Home University Candidates,95c1c1dd0878ea76c0f0a520d608a88c50cddbb5b1f63e43227252a9b812270c
088e3b17100f-PG_MCA_CAP4_Cutoff_All_Institutes_2025_26.pdf,3223,"Mahatma Education Society's Pillai HOC College of Engineering & Technology, Tal. Khalapur. Dist. Raigad",0322324210,2025-26,4,Maharashtra,GOPENO,GOPENO,HU,76.9216256,percentile,GOPENO | 7915 | 76.9216256 | Stage-I,53,Other Than Home University Seats Allotted to Other Than Home University Candidates,402f43e1ea536a43c887b6b86426602605cdf41178fea24547dd67540a294437
088e3b17100f-PG_MCA_CAP4_Cutoff_All_Institutes_2025_26.pdf,3223,"Mahatma Education Society's Pillai HOC College of Engineering & Technology, Tal. Khalapur. Dist. Raigad",0322324210,2025-26,4,Maharashtra,GOPENO,GOPENO,HU,10.5199653,percentile,GOPENO | 23893 | 10.5199653 | Stage-I,53,Other Than Home University Seats Allotted to Home University Candidates,ce2a4ed1eef73fbb2e376ad005c4b5ffeb9e76f4f3e6c3826ffc7b3442e47f99
088e3b17100f-PG_MCA_CAP4_Cutoff_All_Institutes_2025_26.pdf,3223,"Mahatma Education Society's Pillai HOC College of Engineering & Technology, Tal. Khalapur. Dist. Raigad",0322324210,2025-26,4,Maharashtra,MI-MH,MI-MH,MI,7.9446476,percentile,MI-MH | 24190 | 7.9446476 | Stage-MI-MH,53,Minority Seats : Minority Seats Allotted to Non Minority Candidates,c4ff4159cbec02296a9fb747d5c774e944c561051d549f4a3b2bd72c3db094aa
088e3b17100f-PG_MCA_CAP4_Cutoff_All_Institutes_2025_26.pdf,3438,"Aditya Institute of Management Studies & Research, Borivali",0343824110,2025-26,4,Maharashtra,GOPENH,GOPENH,HU,85.3851665,percentile,GOPENH | 4467 | 85.3851665 | Stage-I,54,Home University Seats Allotted to Home University Candidates,fdb63d4e012ca218928a12b0cfe68ba5d74cee0e02a2e1c63ea41f2af6ff8de6
088e3b17100f-PG_MCA_CAP4_Cutoff_All_Institutes_2025_26.pdf,3438,"Aditya Institute of Management Studies & Research, Borivali",0343824110,2025-26,4,Maharashtra,GOPENO,GOPENO,HU,74.782248,percentile,GOPENO | 8434 | 74.782248 | Stage-I,54,Other Than Home University Seats Allotted to Other Than Home University Candidates,12a9feeb56cc4b18f63446c308922e9cc8c97550069acd6ee022d9db67138828
088e3b17100f-PG_MCA_CAP4_Cutoff_All_Institutes_2025_26.pdf,3438,"Aditya Institute of Management Studies & Research, Borivali",0343824110,2025-26,4,Maharashtra,TFWS,TFWS,SL,85.3851665,percentile,TFWS | 4789 | 85.3851665 | Stage-I,54,Other Than Home University Seats Allotted to Other Than Home University Candidates,0a618914cd63f38949f17e7f8a0f7bc2e97dc25681bcf7e651603d5e58c51385
088e3b17100f-PG_MCA_CAP4_Cutoff_All_Institutes_2025_26.pdf,3438,"Aditya Institute of Management Studies & Research, Borivali",0343824110,2025-26,4,Maharashtra,MI-MH,MI-MH,MI,63.1574978,percentile,MI-MH | 11444 | 63.1574978 | Stage-MI-MH,55,Minority Seats : Minority Seats Allotted to Non Minority Candidates,55130a0ba96004b93cdbc574f3d1cecc9582db4f8af98568f14c596358ab8809
088e3b17100f-PG_MCA_CAP4_Cutoff_All_Institutes_2025_26.pdf,3539,"St. Wilfred's College of Computer Sciences, Mira Road(E)",0353924110,2025-26,4,Maharashtra,GOPENH,GOPENH,HU,34.5198145,percentile,GOPENH | 19258 | 34.5198145 | Stage-I,56,Home University Seats Allotted to Home University Candidates,227871a537725b4363cccc34bde7f6551c3d3c732c764214a74abf212ccdf88d
088e3b17100f-PG_MCA_CAP4_Cutoff_All_Institutes_2025_26.pdf,3539,"St. Wilfred's College of Computer Sciences, Mira Road(E)",0353924110,2025-26,4,Maharashtra,GOPENO,GOPENO,HU,21.0059952,percentile,GOPENO | 21777 | 21.0059952 | Stage-I,56,Other Than Home University Seats Allotted to Other Than Home University Candidates,9ef68e67f43016fc876e35cf3016b6181258ca4f6434420ac4f52a85481b57e6
088e3b17100f-PG_MCA_CAP4_Cutoff_All_Institutes_2025_26.pdf,3539,"St. Wilfred's College of Computer Sciences, Mira Road(E)",0353924110,2025-26,4,Maharashtra,GOPENO,GOPENO,HU,16.9789978,percentile,GOPENO | 22653 | 16.9789978 | Stage-I,56,Other Than Home University Seats Allotted to Home University Candidates,776d8335b9bd4110e3c7ea2731f70cfa000831c9f98e4d142f150325c38db656
088e3b17100f-PG_MCA_CAP4_Cutoff_All_Institutes_2025_26.pdf,3651,KANDIVLI EDUCATION SOCIETY'S B K SHROFF COLLEGE OF ARTS AND M H SHROFF COLLEGE OF COMMERCE,0365124110,2025-26,4,Maharashtra,GOPENO,GOPENO,HU,63.1574978,percentile,GOPENO | 11664 | 63.1574978 | Stage-I,57,Other Than Home University Seats Allotted to Home University Candidates,cf0ff0d60ff62165eea3145c51f4cf134c535b540ef1c35f6179add49168b8dc
088e3b17100f-PG_MCA_CAP4_Cutoff_All_Institutes_2025_26.pdf,3651,KANDIVLI EDUCATION SOCIETY'S B K SHROFF COLLEGE OF ARTS AND M H SHROFF COLLEGE OF COMMERCE,0365124110,2025-26,4,Maharashtra,MI-MH,MI-MH,MI,63.1574978,percentile,MI-MH | 11631 | 63.1574978 | Stage-MI-MH,57,Minority Seats : Minority Seats Allotted to Non Minority Candidates,3f44775fc987acf10b8d23c849c8f79ad5d5527d410dd172738d7be0d9813fd4
088e3b17100f-PG_MCA_CAP4_Cutoff_All_Institutes_2025_26.pdf,4003,"Inter Institutional Computer Center and Dept. of Computer Science & Electronics, RTM Nagpur University",0400324110,2025-26,4,Maharashtra,GOPENH,GOPENH,HU,93.405226,percentile,GOPENH | 2059 | 93.405226 | Stage-I,58,Home University Seats Allotted to Home University Candidates,0057b76856e2501e7a89f97691ff21dc44516e15ba47b102070c361e7eaebd99
088e3b17100f-PG_MCA_CAP4_Cutoff_All_Institutes_2025_26.pdf,4003,"Inter Institutional Computer Center and Dept. of Computer Science & Electronics, RTM Nagpur University",0400324110,2025-26,4,Maharashtra,GSCH,GSCH,HU,53.942159,percentile,GSCH | 13991 | 53.942159 | Stage-I,58,Home University Seats Allotted to Home University Candidates,892a1e2456ff56361e53257af3ac9165c28ba060d1f15e13bb5fab77a3bcc553
088e3b17100f-PG_MCA_CAP4_Cutoff_All_Institutes_2025_26.pdf,4003,"Inter Institutional Computer Center and Dept. of Computer Science & Electronics, RTM Nagpur University",0400324110,2025-26,4,Maharashtra,GOBCH,GOBCH,HU,92.1797821,percentile,GOBCH | 2482 | 92.1797821 | Stage-I,58,Home University Seats Allotted to Home University Candidates,011e31431a73590250ae32b5e9b09d218ff8009f593465311cd3d5eb22332baf
088e3b17100f-PG_MCA_CAP4_Cutoff_All_Institutes_2025_26.pdf,4003,"Inter Institutional Computer Center and Dept. of Computer Science & Electronics, RTM Nagpur University",0400324110,2025-26,4,Maharashtra,GOPENO,GOPENO,HU,82.9644433,percentile,GOPENO | 5268 | 82.9644433 | Stage-I,58,Other Than Home University Seats Allotted to Other Than Home University Candidates,cf0b1d8a76023e306da175e475621824775c91d9b759782103d02623244cd9e9
088e3b17100f-PG_MCA_CAP4_Cutoff_All_Institutes_2025_26.pdf,4124,"Amar Seva Mandal's Kamla Nehru Mahavidyalaya, Nagpur",0412424110,2025-26,4,Maharashtra,GOPENH,GOPENH,HU,46.3793819,percentile,GOPENH | 16296 | 46.3793819 | Stage-I,59,Home University Seats Allotted to Home University Candidates,d25bf3507569b776062a9b95356d71b129f78ef0f8fe726c0309c3c5826b69f1
088e3b17100f-PG_MCA_CAP4_Cutoff_All_Institutes_2025_26.pdf,4124,"Amar Seva Mandal's Kamla Nehru Mahavidyalaya, Nagpur",0412424110,2025-26,4,Maharashtra,GNTCH,GNTCH,HU,41.4550394,percentile,GNTCH | 17290 | 41.4550394 | Stage-I,59,Home University Seats Allotted to Home University Candidates,9348bddc4b47245dd95a6a9864864fb1ae49e65f8871b691a1213df709968f59
088e3b17100f-PG_MCA_CAP4_Cutoff_All_Institutes_2025_26.pdf,4124,"Amar Seva Mandal's Kamla Nehru Mahavidyalaya, Nagpur",0412424110,2025-26,4,Maharashtra,GOPENO,GOPENO,HU,39.3989669,percentile,GOPENO | 17802 | 39.3989669 | Stage-I,59,Other Than Home University Seats Allotted to Other Than Home University Candidates,d818bfdc6eee024b02bcb8814386b76e4ffbd0c3c0e1ae9370d7f47a3bb022d0
088e3b17100f-PG_MCA_CAP4_Cutoff_All_Institutes_2025_26.pdf,4124,"Amar Seva Mandal's Kamla Nehru Mahavidyalaya, Nagpur",0412424110,2025-26,4,Maharashtra,GSTO,GSTO,HU,34.5198145,percentile,GSTO | 19239 | 34.5198145 | Stage-I,59,Other Than Home University Seats Allotted to Other Than Home University Candidates,731aaee343f4dc65b8412d40c73bc809f870bfa556dca6f60ea99f781e5899ef
088e3b17100f-PG_MCA_CAP4_Cutoff_All_Institutes_2025_26.pdf,4124,"Amar Seva Mandal's Kamla Nehru Mahavidyalaya, Nagpur",0412424110,2025-26,4,Maharashtra,GSCO,GSCO,HU,29.9046039,percentile,GSCO | 20249 | 29.9046039 | Stage-I,59,Other Than Home University Seats Allotted to Home University Candidates,65dbb7a0f065ba1db21003aee603facaf046a2c90b45043ce3a3848d609dd5cb
088e3b17100f-PG_MCA_CAP4_Cutoff_All_Institutes_2025_26.pdf,4128,"Ranibai Agnihotri Institute of Computer Information Technology, Wardha",0412824110,2025-26,4,Maharashtra,GSEBCH,GSEBCH,HU,9.7430286,percentile,GSEBCH | 24075 | 9.7430286 | Stage-IV,60,Home University Seats Allotted to Home University Candidates,e99a1508b14162eb851b931642a246f7d9f5108d9e02563bd99e302bedefe2cf
088e3b17100f-PG_MCA_CAP4_Cutoff_All_Institutes_2025_26.pdf,4128,"Ranibai Agnihotri Institute of Computer Information Technology, Wardha",0412824110,2025-26,4,Maharashtra,GOPENO,GOPENO,HU,46.3793819,percentile,GOPENO | 16349 | 46.3793819 | Stage-I,60,Other Than Home University Seats Allotted to Other Than Home University Candidates,7a0315fc6de6eced9b114e977fe1820943defaf0e166c3c30c7e463c3418e9f3
088e3b17100f-PG_MCA_CAP4_Cutoff_All_Institutes_2025_26.pdf,4128,"Ranibai Agnihotri Institute of Computer Information Technology, Wardha",0412824110,2025-26,4,Maharashtra,GSTO,GSTO,HU,7.4072677,percentile,GSTO | 24467 | 7.4072677 | Stage-IV,60,Other Than Home University Seats Allotted to Home University Candidates,9aecfed92b709b02e9eb974e8f05a714e75562b5b829c42b68ababe07344fe84
088e3b17100f-PG_MCA_CAP4_Cutoff_All_Institutes_2025_26.pdf,4128,"Ranibai Agnihotri Institute of Computer Information Technology, Wardha",0412824110,2025-26,4,Maharashtra,GSEBCO,GSEBCO,HU,4.302251,percentile,GSEBCO | 24827 | 4.302251 | Stage-IV,60,Other Than Home University Seats Allotted to Home University Candidates,f11d2f630685c2ce32e9476a96f3dca692807d79476fd63006fe1b0f1f2d1817
088e3b17100f-PG_MCA_CAP4_Cutoff_All_Institutes_2025_26.pdf,4133,"Sanmarg Shikshan Sanstha's Smt. Radhikatai Pandav College of Engineering, Nagpur",0413324110,2025-26,4,Maharashtra,GOPENH,GOPENH,HU,69.7143504,percentile,GOPENH | 9684 | 69.7143504 | Stage-I,61,Home University Seats Allotted to Home University Candidates,58149d47c736e317fe106eeeea02bdd870bcf99f7ec61262f2859c5cb429a4fd
088e3b17100f-PG_MCA_CAP4_Cutoff_All_Institutes_2025_26.pdf,4133,"Sanmarg Shikshan Sanstha's Smt. Radhikatai Pandav College of Engineering, Nagpur",0413324110,2025-26,4,Maharashtra,GOPENO,GOPENO,HU,31.6629561,percentile,GOPENO | 19577 | 31.6629561 | Stage-I,61,Other Than Home University Seats Allotted to Other Than Home University Candidates,6cc9a717dc27ea308fcad0a8a039b520753d4b41ac6a581580284f6395104b0f
088e3b17100f-PG_MCA_CAP4_Cutoff_All_Institutes_2025_26.pdf,4137,"Sir Shantilal Badjate Charitable Trust's S. B. Jain Institute of technology, Management & Research, Nagpur",0413724210,2025-26,4,Maharashtra,GOPENH,GOPENH,HU,74.782248,percentile,GOPENH | 7946 | 74.782248 | Stage-I,62,Home University Seats Allotted to Home University Candidates,cad0d233cbd23c5e6ea7d0a29c4edbd98b25ccfd186f0141ef92fbc6ed957fb9
088e3b17100f-PG_MCA_CAP4_Cutoff_All_Institutes_2025_26.pdf,4137,"Sir Shantilal Badjate Charitable Trust's S. B. Jain Institute of technology, Management & Research, Nagpur",0413724210,2025-26,4,Maharashtra,GOPENO,GOPENO,HU,13.5402134,percentile,GOPENO | 23105 | 13.5402134 | Stage-I,62,Other Than Home University Seats Allotted to Other Than Home University Candidates,f5926063ec3b7373c83c87b7942717c74067b71a6730f67224776de20ba202ac
088e3b17100f-PG_MCA_CAP4_Cutoff_All_Institutes_2025_26.pdf,4138,"Jaidev Education Society, J D College of Engineering and Management, Nagpur",0413824110,2025-26,4,Maharashtra,GOPENH,GOPENH,HU,27.2744425,percentile,GOPENH | 20512 | 27.2744425 | Stage-I,63,Home University Seats Allotted to Home University Candidates,d3ad5e1af3572ecb9a1adb52595b60eea6d18312be0aaf0f9e4ee9ee7afd94ec
088e3b17100f-PG_MCA_CAP4_Cutoff_All_Institutes_2025_26.pdf,4138,"Jaidev Education Society, J D College of Engineering and Management, Nagpur",0413824110,2025-26,4,Maharashtra,GOPENO,GOPENO,HU,21.0059952,percentile,GOPENO | 21672 | 21.0059952 | Stage-I,63,Other Than Home University Seats Allotted to Other Than Home University Candidates,3b89a0d774f5327afdf0fa9af252360e9291032af6333456ce0119770fb34864
088e3b17100f-PG_MCA_CAP4_Cutoff_All_Institutes_2025_26.pdf,4138,"Jaidev Education Society, J D College of Engineering and Management, Nagpur",0413824110,2025-26,4,Maharashtra,MI-MH,MI-MH,MI,12.4750009,percentile,MI-MH | 23616 | 12.4750009 | Stage-MI-MH,63,Minority Seats : Minority Seats Allotted to Non Minority Candidates,58ed4b672a45d893e097d4860ac64ddf7989f31ad296e0b980cd948f9a2e6835
088e3b17100f-PG_MCA_CAP4_Cutoff_All_Institutes_2025_26.pdf,4142,"G H Raisoni College of Engineering & Management, Nagpur",0414224110,2025-26,4,Maharashtra,GOPENH,GOPENH,HU,71.1549338,percentile,GOPENH | 9138 | 71.1549338 | Stage-I,64,Home University Seats Allotted to Home University Candidates,404ec7b71ec8e5abd38edb350d001da175d01b4b31831f4e6bf94f6e64f7d3d3
088e3b17100f-PG_MCA_CAP4_Cutoff_All_Institutes_2025_26.pdf,4142,"G H Raisoni College of Engineering & Management, Nagpur",0414224110,2025-26,4,Maharashtra,GOPENO,GOPENO,HU,56.5488095,percentile,GOPENO | 13363 | 56.5488095 | Stage-I,64,Other Than Home University Seats Allotted to Other Than Home University Candidates,b13c6221f7f34c418f10d69f751f5bc4801b309a60335c7391589c21a9e5d572
088e3b17100f-PG_MCA_CAP4_Cutoff_All_Institutes_2025_26.pdf,4142,"G H Raisoni College of Engineering & Management, Nagpur",0414224110,2025-26,4,Maharashtra,MI-MH,MI-MH,MI,49.3533426,percentile,MI-MH | 15542 | 49.3533426 | Stage-MI-MH,64,Minority Seats : Minority Seats Allotted to Non Minority Candidates,0b6b0908b6da06d01adaae73282e339b1be3384bfa5171d439b4a04820e18b01
088e3b17100f-PG_MCA_CAP4_Cutoff_All_Institutes_2025_26.pdf,4145,"Wainganga College of Engineering and Management, Dongargaon, Nagpur",0414524110,2025-26,4,Maharashtra,GOPENH,GOPENH,HU,49.3533426,percentile,GOPENH | 15772 | 49.3533426 | Stage-I,65,Home University Seats Allotted to Home University Candidates,c5635b33634e65fc54a648abb64abae6bf74fb4c190e9cdbe7d886ad754ac8b5
088e3b17100f-PG_MCA_CAP4_Cutoff_All_Institutes_2025_26.pdf,4145,"Wainganga College of Engineering and Management, Dongargaon, Nagpur",0414524110,2025-26,4,Maharashtra,GSCH,GSCH,HU,49.3533426,percentile,GSCH | 15855 | 49.3533426 | Stage-I,65,Home University Seats Allotted to Home University Candidates,29b9685cd378a2e68738f521ecbb42867f2d7117a12c91028746ff7c277760eb
088e3b17100f-PG_MCA_CAP4_Cutoff_All_Institutes_2025_26.pdf,4145,"Wainganga College of Engineering and Management, Dongargaon, Nagpur",0414524110,2025-26,4,Maharashtra,GSTH,GSTH,HU,25.4779232,percentile,GSTH | 21215 | 25.4779232 | Stage-I,65,Home University Seats Allotted to Home University Candidates,ce708c52cbcfe30a0b29b29c380a653ede5adff610c829a963acc63990f4cf7b
088e3b17100f-PG_MCA_CAP4_Cutoff_All_Institutes_2025_26.pdf,4145,"Wainganga College of Engineering and Management, Dongargaon, Nagpur",0414524110,2025-26,4,Maharashtra,GOPENO,GOPENO,HU,34.5198145,percentile,GOPENO | 18819 | 34.5198145 | Stage-I,65,Other Than Home University Seats Allotted to Other Than Home University Candidates,fbafc93f2c13f201dd57b3ddcd1fc7a0ff02846ecf6267284d1e284677fa1bd5
088e3b17100f-PG_MCA_CAP4_Cutoff_All_Institutes_2025_26.pdf,4145,"Wainganga College of Engineering and Management, Dongargaon, Nagpur",0414524110,2025-26,4,Maharashtra,GNTBO,GNTBO,HU,19.1539942,percentile,GNTBO | 22409 | 19.1539942 | Stage-I,65,Other Than Home University Seats Allotted to Home University Candidates,469d5e8eee3f437ddc786d4bb500562f681b67759b473ed4811bcabc16a1cf55
088e3b17100f-PG_MCA_CAP4_Cutoff_All_Institutes_2025_26.pdf,4145,"Wainganga College of Engineering and Management, Dongargaon, Nagpur",0414524110,2025-26,4,Maharashtra,TFWS,TFWS,SL,87.2080299,percentile,TFWS | 4217 | 87.2080299 | Stage-I,65,Other Than Home University Seats Allotted to Home University Candidates,c34532852ec6b5d5223d73588ce06ed4cc4f645254e6e94752d98cb60d28e90e
088e3b17100f-PG_MCA_CAP4_Cutoff_All_Institutes_2025_26.pdf,4147,"K.D.K. College of Engineering, Nagpur",0414724110,2025-26,4,Maharashtra,GOPENH,GOPENH,HU,49.3533426,percentile,GOPENH | 15826 | 49.3533426 | Stage-I,66,Home University Seats Allotted to Home University Candidates,92912e2e545093499c57314c30368a373c1b4211c4096cbc135645312d91f017
088e3b17100f-PG_MCA_CAP4_Cutoff_All_Institutes_2025_26.pdf,4147,"K.D.K. College of Engineering, Nagpur",0414724110,2025-26,4,Maharashtra,GNTAH,GNTAH,HU,46.3793819,percentile,GNTAH | 16287 | 46.3793819 | Stage-I,66,Home University Seats Allotted to Home University Candidates,a4b4e06a636346530d4aa6c4fda30da8f9434fa37318704c39010dd3604d9432
088e3b17100f-PG_MCA_CAP4_Cutoff_All_Institutes_2025_26.pdf,4147,"K.D.K. College of Engineering, Nagpur",0414724110,2025-26,4,Maharashtra,GSCO,GSCO,HU,19.1539942,percentile,GSCO | 22430 | 19.1539942 | Stage-I,66,Other Than Home University Seats Allotted to Other Than Home University Candidates,833cd74f17bdb9c849a56ac66942331e93d73a02a74337e4fe6a94f2614c5305
088e3b17100f-PG_MCA_CAP4_Cutoff_All_Institutes_2025_26.pdf,4147,"K.D.K. College of Engineering, Nagpur",0414724110,2025-26,4,Maharashtra,GSTO,GSTO,HU,36.496736,percentile,GSTO | 18482 | 36.496736 | Stage-I,66,Other Than Home University Seats Allotted to Other Than Home University Candidates,bd3fd0ddf542d6d9753735bc6767a2735017f06010dc0a450443a03c0f8d2038
088e3b17100f-PG_MCA_CAP4_Cutoff_All_Institutes_2025_26.pdf,4151,"Tulsiramji Gaikwad Patil College of Engineering & Technology, Nagpur",0415124110,2025-26,4,Maharashtra,GOPENH,GOPENH,HU,34.5198145,percentile,GOPENH | 19254 | 34.5198145 | Stage-I,67,Home University Seats Allotted to Home University Candidates,1d3e5ccff39aa7052c43238c50a516c5a99662f09b593eb184b3d87272804bdb
088e3b17100f-PG_MCA_CAP4_Cutoff_All_Institutes_2025_26.pdf,4151,"Tulsiramji Gaikwad Patil College of Engineering & Technology, Nagpur",0415124110,2025-26,4,Maharashtra,GSTH,GSTH,HU,27.2744425,percentile,GSTH | 20699 | 27.2744425 | Stage-I,67,Home University Seats Allotted to Home University Candidates,8d7704e2a9cd2c0c444b16fd0d4936871a185186ecdd1e375373277eb4583810
088e3b17100f-PG_MCA_CAP4_Cutoff_All_Institutes_2025_26.pdf,4151,"Tulsiramji Gaikwad Patil College of Engineering & Technology, Nagpur",0415124110,2025-26,4,Maharashtra,GSCO,GSCO,HU,19.1539942,percentile,GSCO | 22448 | 19.1539942 | Stage-I,67,Other Than Home University Seats Allotted to Other Than Home University Candidates,f99974ea9fdeffe0d41888c4d9ed07f69fcf22d210932f1537705718a4266764
088e3b17100f-PG_MCA_CAP4_Cutoff_All_Institutes_2025_26.pdf,4151,"Tulsiramji Gaikwad Patil College of Engineering & Technology, Nagpur",0415124110,2025-26,4,Maharashtra,GSTO,GSTO,HU,29.9046039,percentile,GSTO | 20151 | 29.9046039 | Stage-I,67,Other Than Home University Seats Allotted to Other Than Home University Candidates,44ea6f579bf8b76e2857e03bd267434bbad207ee2db1fbfc8344535594ebeb86
088e3b17100f-PG_MCA_CAP4_Cutoff_All_Institutes_2025_26.pdf,4151,"Tulsiramji Gaikwad Patil College of Engineering & Technology, Nagpur",0415124110,2025-26,4,Maharashtra,TFWS,TFWS,SL,2.8640429,percentile,TFWS | 25167 | 2.8640429 | Stage-I,67,Other Than Home University Seats Allotted to Other Than Home University Candidates,7e428b2593ed2bd146595b13cd8bba877e01846bb878ed33c3241394059a6a8e
088e3b17100f-PG_MCA_CAP4_Cutoff_All_Institutes_2025_26.pdf,4152,"Shri Shivaji Education Society Amravati's Science College (MCA), Nagpur",0415224110,2025-26,4,Maharashtra,GOBCO,GOBCO,HU,41.4550394,percentile,GOBCO | 17380 | 41.4550394 | Stage-I,68,Other Than Home University Seats Allotted to Other Than Home University Candidates,119cdc9613d910c66f68ed4d7a2fb0afba2bbf908ffb0b2c819afe809ac89ccb
088e3b17100f-PG_MCA_CAP4_Cutoff_All_Institutes_2025_26.pdf,4157,"V. M. Vasant Commerce, J.M. Thakar Arts & J.J. Patel Science College,Nagpur",0415724110,2025-26,4,Maharashtra,GOPENH,GOPENH,HU,41.4550394,percentile,GOPENH | 17054 | 41.4550394 | Stage-I,69,Home University Seats Allotted to Home University Candidates,6480fbefafc820ef01033bd0673257dac03a2b38d2d68f1ae6819f03aa5f4969
088e3b17100f-PG_MCA_CAP4_Cutoff_All_Institutes_2025_26.pdf,4157,"V. M. Vasant Commerce, J.M. Thakar Arts & J.J. Patel Science College,Nagpur",0415724110,2025-26,4,Maharashtra,GOPENO,GOPENO,HU,12.4750009,percentile,GOPENO | 23637 | 12.4750009 | Stage-I,69,Other Than Home University Seats Allotted to Other Than Home University Candidates,1d62e26ef02f757c37bcabccdf43249d3bc5289ab7d0a2798c5661e57ce8e0d6
088e3b17100f-PG_MCA_CAP4_Cutoff_All_Institutes_2025_26.pdf,4157,"V. M. Vasant Commerce, J.M. Thakar Arts & J.J. Patel Science College,Nagpur",0415724110,2025-26,4,Maharashtra,TFWS,TFWS,SL,2.0662871,percentile,TFWS | 25186 | 2.0662871 | Stage-I,69,Other Than Home University Seats Allotted to Other Than Home University Candidates,fba2446591adcf76f97d39b1f2493be6ffaa129d4f25e345a81516b6ce96afb2
088e3b17100f-PG_MCA_CAP4_Cutoff_All_Institutes_2025_26.pdf,4157,"V. M. Vasant Commerce, J.M. Thakar Arts & J.J. Patel Science College,Nagpur",0415724110,2025-26,4,Maharashtra,MI-MH,MI-MH,MI,9.7430286,percentile,MI-MH | 24024 | 9.7430286 | Stage-MI-MH,69,Minority Seats : Minority Seats Allotted to Non Minority Candidates,c25da759b23cbe21cf429be58048f25649db2dceb42cffe5753a2177cf7bc7e9
088e3b17100f-PG_MCA_CAP4_Cutoff_All_Institutes_2025_26.pdf,4188,"Krushi Jivan Vikas Pratishthan, Ballarpur Institute of Technology, Mouza Bamni",0418824110,2025-26,4,Maharashtra,GSCH,GSCH,HU,16.9789978,percentile,GSCH | 22616 | 16.9789978 | Stage-IV,70,Home University Seats Allotted to Home University Candidates,ec476aaab194f877cbb81e83e21d4f28b7dee06b60e3ba9f5c6e31d9a8580099
088e3b17100f-PG_MCA_CAP4_Cutoff_All_Institutes_2025_26.pdf,4188,"Krushi Jivan Vikas Pratishthan, Ballarpur Institute of Technology, Mouza Bamni",0418824110,2025-26,4,Maharashtra,GOPENO,GOPENO,HU,7.4072677,percentile,GOPENO | 24393 | 7.4072677 | Stage-I,70,Other Than Home University Seats Allotted to Home University Candidates,476c9b1786e429c9e39b904313d344b4cf34be1d5aaa5974b95e1f50c4bf2834
088e3b17100f-PG_MCA_CAP4_Cutoff_All_Institutes_2025_26.pdf,4613,"Suryodaya College of Engineering & Technology, Nagpur",0461324110,2025-26,4,Maharashtra,GOPENH,GOPENH,HU,82.8308366,percentile,GOPENH | 5657 | 82.8308366 | Stage-I,71,Home University Seats Allotted to Home University Candidates,9098416e77173289bfbfc7d2d3ee06a2ddcf463be6e83cbb194a8738bb0d26e0
088e3b17100f-PG_MCA_CAP4_Cutoff_All_Institutes_2025_26.pdf,4613,"Suryodaya College of Engineering & Technology, Nagpur",0461324110,2025-26,4,Maharashtra,GSCH,GSCH,HU,34.5198145,percentile,GSCH | 19285 | 34.5198145 | Stage-I,71,Home University Seats Allotted to Home University Candidates,5951a0e3835638d3bde2d60bcc0cfa7a5b3efc742df21d531ce04c04725dbb4c
088e3b17100f-PG_MCA_CAP4_Cutoff_All_Institutes_2025_26.pdf,4613,"Suryodaya College of Engineering & Technology, Nagpur",0461324110,2025-26,4,Maharashtra,GOBCH,GOBCH,HU,61.2807064,percentile,GOBCH | 12550 | 61.2807064 | Stage-I,71,Home University Seats Allotted to Home University Candidates,37cd4c49778a3a0cd56c63dad05480b59f93acf60287d30d64a80e8b75e2ae7e
088e3b17100f-PG_MCA_CAP4_Cutoff_All_Institutes_2025_26.pdf,4613,"Suryodaya College of Engineering & Technology, Nagpur",0461324110,2025-26,4,Maharashtra,GOPENO,GOPENO,HU,23.1010151,percentile,GOPENO | 21376 | 23.1010151 | Stage-I,71,Other Than Home University Seats Allotted to Other Than Home University Candidates,5440a12e12ac25f071fa00a109bb1b27d72aae1a2c0f713b3b1006c198e59b1c
088e3b17100f-PG_MCA_CAP4_Cutoff_All_Institutes_2025_26.pdf,4613,"Suryodaya College of Engineering & Technology, Nagpur",0461324110,2025-26,4,Maharashtra,GNTAO,GNTAO,HU,15.5994113,percentile,GNTAO | 22823 | 15.5994113 | Stage-I,71,Other Than Home University Seats Allotted to Other Than Home University Candidates,478dbf8319cdff8ea45147b5375bad25e45c94bd199eac4fb9cd980e30def244
088e3b17100f-PG_MCA_CAP4_Cutoff_All_Institutes_2025_26.pdf,4613,"Suryodaya College of Engineering & Technology, Nagpur",0461324110,2025-26,4,Maharashtra,GSCO,GSCO,HU,29.9046039,percentile,GSCO | 20121 | 29.9046039 | Stage-I,71,Other Than Home University Seats Allotted to Home University Candidates,6afd0f00f86cb920d534f012f9c8f73b91e8f1bba9b53ee62abc6b7a3e314fc2
088e3b17100f-PG_MCA_CAP4_Cutoff_All_Institutes_2025_26.pdf,4613,"Suryodaya College of Engineering & Technology, Nagpur",0461324110,2025-26,4,Maharashtra,TFWS,TFWS,SL,56.5488095,percentile,TFWS | 13927 | 56.5488095 | Stage-I,71,Other Than Home University Seats Allotted to Home University Candidates,595a777a9ade632e0343da0c661cde9282baedb88290d9395ded4b532e41c06b
088e3b17100f-PG_MCA_CAP4_Cutoff_All_Institutes_2025_26.pdf,4679,"Karanjekar College of Engineering & Management, Sakoli",0467924110,2025-26,4,Maharashtra,GSTH,GSTH,HU,85.3851665,percentile,GSTH | 4451 | 85.3851665 | Stage-IV,72,Home University Seats Allotted to Home University Candidates,693ae232e0ab6ce1952f7f23a83287265a96e68bf2eb686150d1e47ef0cb83e6
088e3b17100f-PG_MCA_CAP4_Cutoff_All_Institutes_2025_26.pdf,4679,"Karanjekar College of Engineering & Management, Sakoli",0467924110,2025-26,4,Maharashtra,GNTAH,GNTAH,HU,10.5199653,percentile,GNTAH | 23811 | 10.5199653 | Stage-IV,72,Home University Seats Allotted to Home University Candidates,36305df703e7254769b6fae03c42ba17f14a484f660f11e4f09966e4e45f56ac
088e3b17100f-PG_MCA_CAP4_Cutoff_All_Institutes_2025_26.pdf,4679,"Karanjekar College of Engineering & Management, Sakoli",0467924110,2025-26,4,Maharashtra,GNTDH,GNTDH,HU,2.0662871,percentile,GNTDH | 25188 | 2.0662871 | Stage-IV,72,Home University Seats Allotted to Home University Candidates,7ab21a46729b8709c37be61f8b3742464fb1cf82163efc0db9e898ae93558160
088e3b17100f-PG_MCA_CAP4_Cutoff_All_Institutes_2025_26.pdf,4679,"Karanjekar College of Engineering & Management, Sakoli",0467924110,2025-26,4,Maharashtra,GSEBCH,GSEBCH,HU,2.0301121,percentile,GSEBCH | 25285 | 2.0301121 | Stage-IV,72,Home University Seats Allotted to Home University Candidates,37ac60edacf65f4b4c3945946749b25f74f76a98a914ef6dc47b6e7105907cee
088e3b17100f-PG_MCA_CAP4_Cutoff_All_Institutes_2025_26.pdf,4679,"Karanjekar College of Engineering & Management, Sakoli",0467924110,2025-26,4,Maharashtra,GOPENO,GOPENO,HU,36.496736,percentile,GOPENO | 18790 | 36.496736 | Stage-I,72,Other Than Home University Seats Allotted to Other Than Home University Candidates,a402f25dfd29239bf00cfd20e24f2bbff6cb4e5bcc409b054be230f2c59ee288
088e3b17100f-PG_MCA_CAP4_Cutoff_All_Institutes_2025_26.pdf,4679,"Karanjekar College of Engineering & Management, Sakoli",0467924110,2025-26,4,Maharashtra,GNTDO,GNTDO,HU,1.3498737,percentile,GNTDO | 25350 | 1.3498737 | Stage-IV,72,Other Than Home University Seats Allotted to Home University Candidates,ce158aeb73e61296d1cd88a03e22ff98729f46ecdb263a73df674e304c13d563
088e3b17100f-PG_MCA_CAP4_Cutoff_All_Institutes_2025_26.pdf,4701,"Dr.S.C. Gulhane Prerna College of Management and Technology, Nagpur",0470124110,2025-26,4,Maharashtra,GSCH,GSCH,HU,36.496736,percentile,GSCH | 18786 | 36.496736 | Stage-I,73,Home University Seats Allotted to Home University Candidates,a77cccf9980edadc9e8eeb021498f36a693bce96dee671124eb640366177ed6b
088e3b17100f-PG_MCA_CAP4_Cutoff_All_Institutes_2025_26.pdf,4701,"Dr.S.C. Gulhane Prerna College of Management and Technology, Nagpur",0470124110,2025-26,4,Maharashtra,GOPENO,GOPENO,HU,61.2807064,percentile,GOPENO | 12113 | 61.2807064 | Stage-I,73,Other Than Home University Seats Allotted to Other Than Home University Candidates,0851558466ef447c8741a00351943b1d37a3764623ffab2500ef3a8ece3d650e
088e3b17100f-PG_MCA_CAP4_Cutoff_All_Institutes_2025_26.pdf,5002,"Department of Computer Science, North Maharashtra University, Jalgaon",0500224110,2025-26,4,Maharashtra,GOPENO,GOPENO,HU,27.2744425,percentile,GOPENO | 20542 | 27.2744425 | Stage-I,74,Other Than Home University Seats Allotted to Other Than Home University Candidates,c4af1abc5f27bad01166ede04b977c6b48a338d4fada87cf4d2d547b4ad3017b
088e3b17100f-PG_MCA_CAP4_Cutoff_All_Institutes_2025_26.pdf,5002,"Department of Computer Science, North Maharashtra University, Jalgaon",0500224110,2025-26,4,Maharashtra,GSCO,GSCO,HU,85.2118788,percentile,GSCO | 4984 | 85.2118788 | Stage-IV,74,Other Than Home University Seats Allotted to Home University Candidates,b23a0ddfe7d2d0abc78e16c9f672322943931d099f28cb478645ac6c4309b6c9
088e3b17100f-PG_MCA_CAP4_Cutoff_All_Institutes_2025_26.pdf,5002,"Department of Computer Science, North Maharashtra University, Jalgaon",0500224110,2025-26,4,Maharashtra,GSEBCO,GSEBCO,HU,79.9969812,percentile,GSEBCO | 6726 | 79.9969812 | Stage-IV,74,Other Than Home University Seats Allotted to Home University Candidates,0fd767d2b6752dfe89541b6167ea23fcc641de94d2e52492e31699e721000c53
088e3b17100f-PG_MCA_CAP4_Cutoff_All_Institutes_2025_26.pdf,5101,"Khandesh College Education Society's Institute of Management & Research, Jalgaon",0510124110,2025-26,4,Maharashtra,GOPENH,GOPENH,HU,56.5488095,percentile,GOPENH | 13713 | 56.5488095 | Stage-I,75,Home University Seats Allotted to Home University Candidates,49bf59870ca9c573e506d3ccba8f5116f15f49cad21b4e25bc9f835cee9b8461
088e3b17100f-PG_MCA_CAP4_Cutoff_All_Institutes_2025_26.pdf,5101,"Khandesh College Education Society's Institute of Management & Research, Jalgaon",0510124110,2025-26,4,Maharashtra,GSCH,GSCH,HU,3.0466423,percentile,GSCH | 25044 | 3.0466423 | Stage-I,75,Home University Seats Allotted to Home University Candidates,ed9e15118495b971bbb20d893aec409a45111dda0f4055e37973f9bb5e8ae40a
088e3b17100f-PG_MCA_CAP4_Cutoff_All_Institutes_2025_26.pdf,5101,"Khandesh College Education Society's Institute of Management & Research, Jalgaon",0510124110,2025-26,4,Maharashtra,GNTBH,GNTBH,HU,44.5345198,percentile,GNTBH | 16637 | 44.5345198 | Stage-I,75,Home University Seats Allotted to Home University Candidates,f477ea65c08c44c890e549e0924af397024680947ea7576d2eb364f2bfa501c2
088e3b17100f-PG_MCA_CAP4_Cutoff_All_Institutes_2025_26.pdf,5101,"Khandesh College Education Society's Institute of Management & Research, Jalgaon",0510124110,2025-26,4,Maharashtra,GOBCH,GOBCH,HU,53.942159,percentile,GOBCH | 14174 | 53.942159 | Stage-I,75,Home University Seats Allotted to Home University Candidates,19b73db2aa7bdbc5aa4ad62041e1312f7de5d754319d9a1e2fd448eba9932cbf
088e3b17100f-PG_MCA_CAP4_Cutoff_All_Institutes_2025_26.pdf,5102,"Godavari Institute of Management & Research, Jalgaon",0510224110,2025-26,4,Maharashtra,GSCH,GSCH,HU,44.5345198,percentile,GSCH | 16613 | 44.5345198 | Stage-IV,76,Home University Seats Allotted to Home University Candidates,628c468d7f932d9d866d10600a5c3ed49acb1412b71f62e6451d3a3d65843998
088e3b17100f-PG_MCA_CAP4_Cutoff_All_Institutes_2025_26.pdf,5102,"Godavari Institute of Management & Research, Jalgaon",0510224110,2025-26,4,Maharashtra,GNTCH,GNTCH,HU,41.4550394,percentile,GNTCH | 17076 | 41.4550394 | Stage-IV,76,Home University Seats Allotted to Home University Candidates,b75f64e081362ebc5bb8ef8690c2255f123dce8b5cea2abbcec45f562c0a4d47
088e3b17100f-PG_MCA_CAP4_Cutoff_All_Institutes_2025_26.pdf,5102,"Godavari Institute of Management & Research, Jalgaon",0510224110,2025-26,4,Maharashtra,GOPENO,GOPENO,HU,0.1433908,percentile,GOPENO | 25474 | 0.1433908 | Stage-I,76,Other Than Home University Seats Allotted to Other Than Home University Candidates,2f5ba91cbe5e7cfcf87a15aebe2951cdfff409f573bd1987f094ae10e9e6f76d
088e3b17100f-PG_MCA_CAP4_Cutoff_All_Institutes_2025_26.pdf,5102,"Godavari Institute of Management & Research, Jalgaon",0510224110,2025-26,4,Maharashtra,GOBCO,GOBCO,HU,44.5345198,percentile,GOBCO | 16754 | 44.5345198 | Stage-I,76,Other Than Home University Seats Allotted to Home University Candidates,86d3184726dacf8222923b223a96d2fb4562cc1aa92f5134ef91839aad00885b
088e3b17100f-PG_MCA_CAP4_Cutoff_All_Institutes_2025_26.pdf,5104,"Shramsadhana Bombay Trust, College of Engineering & Technology, Jalgaon",0510424110,2025-26,4,Maharashtra,GOPENH,GOPENH,HU,67.3579428,percentile,GOPENH | 10384 | 67.3579428 | Stage-I,77,Home University Seats Allotted to Home University Candidates,7299588e52925963506b684499297fab275284bb0e86322056b36d37a92747af
088e3b17100f-PG_MCA_CAP4_Cutoff_All_Institutes_2025_26.pdf,5104,"Shramsadhana Bombay Trust, College of Engineering & Technology, Jalgaon",0510424110,2025-26,4,Maharashtra,GSTH,GSTH,HU,58.7911466,percentile,GSTH | 12771 | 58.7911466 | Stage-I,77,Home University Seats Allotted to Home University Candidates,30f0694dc3d2cd668d7f90d2c5676f4016eac20206fbb78a47abe6cf57e7d273
088e3b17100f-PG_MCA_CAP4_Cutoff_All_Institutes_2025_26.pdf,5109,"Sandip Foundation, Sandip Institute of Technology and Research Centre, Mahiravani, Nashik",0510924110,2025-26,4,Maharashtra,GOPENH,GOPENH,HU,61.2807064,percentile,GOPENH | 12180 | 61.2807064 | Stage-I,78,Home University Seats Allotted to Home University Candidates,d28a2272640658bc9418fdc934a10fc8dbf9ec7ebbf8309b866f1c1428f8abb5
088e3b17100f-PG_MCA_CAP4_Cutoff_All_Institutes_2025_26.pdf,5109,"Sandip Foundation, Sandip Institute of Technology and Research Centre, Mahiravani, Nashik",0510924110,2025-26,4,Maharashtra,GSCH,GSCH,HU,49.3533426,percentile,GSCH | 15535 | 49.3533426 | Stage-I,78,Home University Seats Allotted to Home University Candidates,664125f1ac85518ceb5698e47042de9f255d4a82295dcb68f41df128e61e0f69
088e3b17100f-PG_MCA_CAP4_Cutoff_All_Institutes_2025_26.pdf,5109,"Sandip Foundation, Sandip Institute of Technology and Research Centre, Mahiravani, Nashik",0510924110,2025-26,4,Maharashtra,GOPENO,GOPENO,HU,53.942159,percentile,GOPENO | 14128 | 53.942159 | Stage-I,78,Other Than Home University Seats Allotted to Other Than Home University Candidates,8f2fea3ecc0a7014d08889bb87ed34820a651ef377e9500b2dcf9fbdae2cf804
088e3b17100f-PG_MCA_CAP4_Cutoff_All_Institutes_2025_26.pdf,5109,"Sandip Foundation, Sandip Institute of Technology and Research Centre, Mahiravani, Nashik",0510924110,2025-26,4,Maharashtra,GSCO,GSCO,HU,44.5345198,percentile,GSCO | 16615 | 44.5345198 | Stage-I,78,Other Than Home University Seats Allotted to Other Than Home University Candidates,5b6376f618d4b92a9a8dcfcf130e313bb39501863342ba5dc08056b1fbd813b9
088e3b17100f-PG_MCA_CAP4_Cutoff_All_Institutes_2025_26.pdf,5109,"Sandip Foundation, Sandip Institute of Technology and Research Centre, Mahiravani, Nashik",0510924110,2025-26,4,Maharashtra,GNTAO,GNTAO,HU,46.3793819,percentile,GNTAO | 16050 | 46.3793819 | Stage-I,78,Other Than Home University Seats Allotted to Other Than Home University Candidates,90a537b29fde68539e45107aec3e479cadeb12c9a4f030384f452a83b807444c
088e3b17100f-PG_MCA_CAP4_Cutoff_All_Institutes_2025_26.pdf,5109,"Sandip Foundation, Sandip Institute of Technology and Research Centre, Mahiravani, Nashik",0510924110,2025-26,4,Maharashtra,GOBCO,GOBCO,HU,44.5345198,percentile,GOBCO | 17042 | 44.5345198 | Stage-I,78,Other Than Home University Seats Allotted to Other Than Home University Candidates,bff69ed7576f6d63f2efa72b61dcfe8cbe04f9315c46c19514b8629c39d26923
088e3b17100f-PG_MCA_CAP4_Cutoff_All_Institutes_2025_26.pdf,5111,"B. P. Hivale Education Society's Institute of Management Studies Career Development Research, Ahmednagar",0511124110,2025-26,4,Maharashtra,GOPENO,GOPENO,HU,21.0059952,percentile,GOPENO | 21808 | 21.0059952 | Stage-I,79,Other Than Home University Seats Allotted to Other Than Home University Candidates,bd480b6a041920ea441cc31ef90f0243c1bd8cdfa7e829a1a31455fdd67a648a
088e3b17100f-PG_MCA_CAP4_Cutoff_All_Institutes_2025_26.pdf,5111,"B. P. Hivale Education Society's Institute of Management Studies Career Development Research, Ahmednagar",0511124110,2025-26,4,Maharashtra,TFWS,TFWS,SL,73.5368477,percentile,TFWS | 8887 | 73.5368477 | Stage-I,79,Other Than Home University Seats Allotted to Other Than Home University Candidates,1d780d6199442f66b22f855f5ddbbc991f8a4a6c4dd97139fd13a3b45292ca37
088e3b17100f-PG_MCA_CAP4_Cutoff_All_Institutes_2025_26.pdf,5111,"B. P. Hivale Education Society's Institute of Management Studies Career Development Research, Ahmednagar",0511124110,2025-26,4,Maharashtra,MI-MH,MI-MH,MI,67.3579428,percentile,MI-MH | 10730 | 67.3579428 | Stage-MI-MH,79,Minority Seats : Minority Seats Allotted to Non Minority Candidates,b566b25e7ffc054bdef7b1648cbe0386cd1ccb1b0232d8a07a75d4591c90609a
088e3b17100f-PG_MCA_CAP4_Cutoff_All_Institutes_2025_26.pdf,5112,"Padmashree Dr. Vithalrao Vikhe Patil Foundation's Institute of Business Management & Rural Development, Ahmednagar",0511224110,2025-26,4,Maharashtra,GSTH,GSTH,HU,61.2807064,percentile,GSTH | 12281 | 61.2807064 | Stage-IV,80,Home University Seats Allotted to Home University Candidates,0f7059b9d2787c1085b224a912a2c415635bac7f6263e4fabf557f35d2df225e
088e3b17100f-PG_MCA_CAP4_Cutoff_All_Institutes_2025_26.pdf,5112,"Padmashree Dr. Vithalrao Vikhe Patil Foundation's Institute of Business Management & Rural Development, Ahmednagar",0511224110,2025-26,4,Maharashtra,GSEBCH,GSEBCH,HU,61.2807064,percentile,GSEBCH | 12686 | 61.2807064 | Stage-IV,80,Home University Seats Allotted to Home University Candidates,c9849fa66ca93f472b9ba2af01b6976c6818c20b28381542743d01bd4d5b176d
088e3b17100f-PG_MCA_CAP4_Cutoff_All_Institutes_2025_26.pdf,5112,"Padmashree Dr. Vithalrao Vikhe Patil Foundation's Institute of Business Management & Rural Development, Ahmednagar",0511224110,2025-26,4,Maharashtra,GOPENO,GOPENO,HU,19.1539942,percentile,GOPENO | 22364 | 19.1539942 | Stage-I,80,Other Than Home University Seats Allotted to Other Than Home University Candidates,4c4271e1c17bf587398ededa5eb4686c78e259562efe1ab1ecd3473477e5731e
088e3b17100f-PG_MCA_CAP4_Cutoff_All_Institutes_2025_26.pdf,5113,"Nashik District Maratha Vidya Prasarak Samaj's Institute of Management Research & Technology, Nashik",0511324110,2025-26,4,Maharashtra,GOPENH,GOPENH,HU,63.1574978,percentile,GOPENH | 11755 | 63.1574978 | Stage-I,81,Home University Seats Allotted to Home University Candidates,2f2458d71c58c3b1d667db0346d087471fd0863ae29d72b6f7fcba0c241e831c
088e3b17100f-PG_MCA_CAP4_Cutoff_All_Institutes_2025_26.pdf,5113,"Nashik District Maratha Vidya Prasarak Samaj's Institute of Management Research & Technology, Nashik",0511324110,2025-26,4,Maharashtra,GSTH,GSTH,HU,7.9446476,percentile,GSTH | 24300 | 7.9446476 | Stage-I,81,Home University Seats Allotted to Home University Candidates,6f98666cfe066235b28ae59cccc352f8e0dd6700fac1e15484df9831da1d99f7
088e3b17100f-PG_MCA_CAP4_Cutoff_All_Institutes_2025_26.pdf,5113,"Nashik District Maratha Vidya Prasarak Samaj's Institute of Management Research & Technology, Nashik",0511324110,2025-26,4,Maharashtra,GNTDH,GNTDH,HU,34.5198145,percentile,GNTDH | 19156 | 34.5198145 | Stage-I,81,Home University Seats Allotted to Home University Candidates,88d725f269bc738068006a0734706b67f82b1638bb65995e6e6be89d2b56af11
088e3b17100f-PG_MCA_CAP4_Cutoff_All_Institutes_2025_26.pdf,5113,"Nashik District Maratha Vidya Prasarak Samaj's Institute of Management Research & Technology, Nashik",0511324110,2025-26,4,Maharashtra,GOPENO,GOPENO,HU,65.8578922,percentile,GOPENO | 11310 | 65.8578922 | Stage-I,81,Other Than Home University Seats Allotted to Other Than Home University Candidates,a8335c8a0b7da8f972b8ebfc06cd1b887f09fd86b54fde7de4e38b7c51065699
088e3b17100f-PG_MCA_CAP4_Cutoff_All_Institutes_2025_26.pdf,5117,Pirens Institute Of Business Management And Administration (IBMA) Loni (BK),0511724110,2025-26,4,Maharashtra,GSCH,GSCH,HU,36.496736,percentile,GSCH | 18671 | 36.496736 | Stage-I,82,Home University Seats Allotted to Home University Candidates,1ee1f9097db7ef387b9c092a750dcaea9b3c91b414a5779481f02d5bd2f9cc06
088e3b17100f-PG_MCA_CAP4_Cutoff_All_Institutes_2025_26.pdf,5117,Pirens Institute Of Business Management And Administration (IBMA) Loni (BK),0511724110,2025-26,4,Maharashtra,GNTBH,GNTBH,HU,36.496736,percentile,GNTBH | 18578 | 36.496736 | Stage-I,82,Home University Seats Allotted to Home University Candidates,09d95852ca0098008deb37df255fb21a45490268393c4d8a8bb6b64f6722ba7e
088e3b17100f-PG_MCA_CAP4_Cutoff_All_Institutes_2025_26.pdf,5117,Pirens Institute Of Business Management And Administration (IBMA) Loni (BK),0511724110,2025-26,4,Maharashtra,GOPENO,GOPENO,HU,15.5994113,percentile,GOPENO | 23025 | 15.5994113 | Stage-I,82,Other Than Home University Seats Allotted to Other Than Home University Candidates,590fdcd71d047dd07e4c657be22e07fd720aae9e20b6305aee9b9e964b5917c6
088e3b17100f-PG_MCA_CAP4_Cutoff_All_Institutes_2025_26.pdf,5117,Pirens Institute Of Business Management And Administration (IBMA) Loni (BK),0511724110,2025-26,4,Maharashtra,GSCO,GSCO,HU,7.9446476,percentile,GSCO | 24208 | 7.9446476 | Stage-I,82,Other Than Home University Seats Allotted to Other Than Home University Candidates,91ac62bf4f51eec37e1d616b0716b79822f7e3e02e3ce43c9736807157813ee6
088e3b17100f-PG_MCA_CAP4_Cutoff_All_Institutes_2025_26.pdf,5117,Pirens Institute Of Business Management And Administration (IBMA) Loni (BK),0511724110,2025-26,4,Maharashtra,GNTBO,GNTBO,HU,5.9311489,percentile,GNTBO | 24514 | 5.9311489 | Stage-I,82,Other Than Home University Seats Allotted to Other Than Home University Candidates,39e0a13299b34b5da0577f8d5b43c68972c75ac3429ede09e669cbfc9f2bbfa1
088e3b17100f-PG_MCA_CAP4_Cutoff_All_Institutes_2025_26.pdf,5117,Pirens Institute Of Business Management And Administration (IBMA) Loni (BK),0511724110,2025-26,4,Maharashtra,GNTCO,GNTCO,HU,31.6629561,percentile,GNTCO | 19817 | 31.6629561 | Stage-I,82,Other Than Home University Seats Allotted to Home University Candidates,c044ce9bad00ba19fdb17bdfc548316c31170df6c36475d8a7a04f411aadc864
088e3b17100f-PG_MCA_CAP4_Cutoff_All_Institutes_2025_26.pdf,5119,"C.H.M.E. Society's Dr. Moonje Institute for Management & Computer Studies, Nashik",0511924110,2025-26,4,Maharashtra,GOBCH,GOBCH,HU,56.5488095,percentile,GOBCH | 13442 | 56.5488095 | Stage-I,83,Home University Seats Allotted to Home University Candidates,3a18feee63d94f3c38c7596c256ade08fa860ead7bd246227cbf295068fefbdb
088e3b17100f-PG_MCA_CAP4_Cutoff_All_Institutes_2025_26.pdf,5119,"C.H.M.E. Society's Dr. Moonje Institute for Management & Computer Studies, Nashik",0511924110,2025-26,4,Maharashtra,GSEBCH,GSEBCH,HU,27.2744425,percentile,GSEBCH | 20429 | 27.2744425 | Stage-I,83,Home University Seats Allotted to Other Than Home University Candidates,f03447101e0738b8cd1caaaba7f801807adb512f8b98df9e546835b7709d8aaf
088e3b17100f-PG_MCA_CAP4_Cutoff_All_Institutes_2025_26.pdf,5119,"C.H.M.E. Society's Dr. Moonje Institute for Management & Computer Studies, Nashik",0511924110,2025-26,4,Maharashtra,GOPENO,GOPENO,HU,41.4550394,percentile,GOPENO | 17213 | 41.4550394 | Stage-I,83,Other Than Home University Seats Allotted to Other Than Home University Candidates,b35f98949386cb7ede54240316f53a81a9b71fe9c2f4cf4b2c4082518eabace3
088e3b17100f-PG_MCA_CAP4_Cutoff_All_Institutes_2025_26.pdf,5120,"MET's Institute of Management, Adgaon, Nashik",0512024110,2025-26,4,Maharashtra,GOPENO,GOPENO,HU,65.8578922,percentile,GOPENO | 10883 | 65.8578922 | Stage-I,84,Other Than Home University Seats Allotted to Other Than Home University Candidates,55b180a41c61a90a8304d0035ca5947ca6761a9f8d19b796d572b6c224d44a0c
088e3b17100f-PG_MCA_CAP4_Cutoff_All_Institutes_2025_26.pdf,5121,"K. K. Wagh Institute of Engineering Education and Research, Nashik",0512124110,2025-26,4,Maharashtra,GOPENH,GOPENH,HU,87.2080299,percentile,GOPENH | 4283 | 87.2080299 | Stage-I,85,Home University Seats Allotted to Home University Candidates,48ac957ea8ea46359be29eab416623b9b4b6ce5801f0ef0a4f38347b1becf920
088e3b17100f-PG_MCA_CAP4_Cutoff_All_Institutes_2025_26.pdf,5121,"K. K. Wagh Institute of Engineering Education and Research, Nashik",0512124110,2025-26,4,Maharashtra,GNTAH,GNTAH,HU,58.7911466,percentile,GNTAH | 13342 | 58.7911466 | Stage-I,85,Home University Seats Allotted to Other Than Home University Candidates,84620e2c7d6057362a18a11e2acaeb9bd7dfe4f05477768081f53ed3d88bdba5
088e3b17100f-PG_MCA_CAP4_Cutoff_All_Institutes_2025_26.pdf,5121,"K. K. Wagh Institute of Engineering Education and Research, Nashik",0512124110,2025-26,4,Maharashtra,GOPENO,GOPENO,HU,87.2080299,percentile,GOPENO | 4366 | 87.2080299 | Stage-I,85,Other Than Home University Seats Allotted to Other Than Home University Candidates,6467fdeea805106425f977d77898972872b3bba8bd8922a2d895dcf24c6161f8
088e3b17100f-PG_MCA_CAP4_Cutoff_All_Institutes_2025_26.pdf,5121,"K. K. Wagh Institute of Engineering Education and Research, Nashik",0512124110,2025-26,4,Maharashtra,GSEBCO,GSEBCO,HU,80.5399495,percentile,GSEBCO | 6182 | 80.5399495 | Stage-I,85,Other Than Home University Seats Allotted to Other Than Home University Candidates,80038f41af8812248ee3ff1025761a1709846b2cdbc00a190f6f691a2db89a37
088e3b17100f-PG_MCA_CAP4_Cutoff_All_Institutes_2025_26.pdf,5124,"Jagadamba Education Soc. Nashik's S.N.D. College of Engineering & Reserch, Babulgaon",0512424210,2025-26,4,Maharashtra,GNTAH,GNTAH,HU,31.6629561,percentile,GNTAH | 19664 | 31.6629561 | Stage-IV,86,Home University Seats Allotted to Home University Candidates,58f45b9e98d1c1247543bf5ccb6039677eb445cffbc893753485b36ff2fa6ab2
088e3b17100f-PG_MCA_CAP4_Cutoff_All_Institutes_2025_26.pdf,5124,"Jagadamba Education Soc. Nashik's S.N.D. College of Engineering & Reserch, Babulgaon",0512424210,2025-26,4,Maharashtra,GSCO,GSCO,HU,44.5345198,percentile,GSCO | 16697 | 44.5345198 | Stage-IV,86,Other Than Home University Seats Allotted to Other Than Home University Candidates,c1dcde741e93746f7dae66110552b5a168cb864a9a216e5a7ae86fe05ba4a80b
088e3b17100f-PG_MCA_CAP4_Cutoff_All_Institutes_2025_26.pdf,5124,"Jagadamba Education Soc. Nashik's S.N.D. College of Engineering & Reserch, Babulgaon",0512424210,2025-26,4,Maharashtra,GNTBO,GNTBO,HU,27.2744425,percentile,GNTBO | 20678 | 27.2744425 | Stage-IV,86,Other Than Home University Seats Allotted to Other Than Home University Candidates,f77f5085fe78248454e9c39c132c2de1921b860d5055365a9041e6a422d759ca
088e3b17100f-PG_MCA_CAP4_Cutoff_All_Institutes_2025_26.pdf,5124,"Jagadamba Education Soc. Nashik's S.N.D. College of Engineering & Reserch, Babulgaon",0512424210,2025-26,4,Maharashtra,GSEBCO,GSEBCO,HU,23.1010151,percentile,GSEBCO | 21289 | 23.1010151 | Stage-IV,86,Other Than Home University Seats Allotted to Other Than Home University Candidates,1b13e1b9de854d94b8bc35b1cc99c7a85ff50ee958656a36909daef888bba850
088e3b17100f-PG_MCA_CAP4_Cutoff_All_Institutes_2025_26.pdf,5131,"C.H.M.E. Society's Dr. Moonje Institute of Management & Information Technology, Nashik",0513124110,2025-26,4,Maharashtra,GOPENO,GOPENO,HU,31.6629561,percentile,GOPENO | 19562 | 31.6629561 | Stage-I,87,Other Than Home University Seats Allotted to Other Than Home University Candidates,8752d850effe0b1a743820b278ed90e235cf2016ebc5e055ab9413358467c372
088e3b17100f-PG_MCA_CAP4_Cutoff_All_Institutes_2025_26.pdf,5131,"C.H.M.E. Society's Dr. Moonje Institute of Management & Information Technology, Nashik",0513124110,2025-26,4,Maharashtra,GNTAO,GNTAO,HU,31.6629561,percentile,GNTAO | 19683 | 31.6629561 | Stage-I,87,Other Than Home University Seats Allotted to Other Than Home University Candidates,d2bd9c9150ba26e65c062ce16ea883f5c9dc48d9b01a65cc0c88482ec7edf99e
088e3b17100f-PG_MCA_CAP4_Cutoff_All_Institutes_2025_26.pdf,5150,"R.C. Patel Educational Trust, Institute of Management Reasearch & Development, Shirpur",0515024110,2025-26,4,Maharashtra,GOPENO,GOPENO,HU,34.5198145,percentile,GOPENO | 18918 | 34.5198145 | Stage-I,88,Other Than Home University Seats Allotted to Other Than Home University Candidates,851153679070ba33c0c1c895ecb8ce6cb3482f9c891e1723a9c09d92b739fc7f
088e3b17100f-PG_MCA_CAP4_Cutoff_All_Institutes_2025_26.pdf,5150,"R.C. Patel Educational Trust, Institute of Management Reasearch & Development, Shirpur",0515024110,2025-26,4,Maharashtra,GOPENO,GOPENO,HU,58.7911466,percentile,GOPENO | 12826 | 58.7911466 | Stage-I,88,Other Than Home University Seats Allotted to Home University Candidates,8e8716d81914557e9f88cb435d37c465fe192b36b44911e0bfcac47e0d8ac4a5
088e3b17100f-PG_MCA_CAP4_Cutoff_All_Institutes_2025_26.pdf,5150,"R.C. Patel Educational Trust, Institute of Management Reasearch & Development, Shirpur",0515024110,2025-26,4,Maharashtra,MI-MH,MI-MH,MI,65.8578922,percentile,MI-MH | 11045 | 65.8578922 | Stage-MI-MH,88,Minority Seats : Minority Seats Allotted to Non Minority Candidates,d9cd1f0a46526ee6d1555d7e33eec4e4facac4fa9aa9f44422b99969c0c88ec3
088e3b17100f-PG_MCA_CAP4_Cutoff_All_Institutes_2025_26.pdf,5151,"MET Bhujbal Knowledge City MET League's Engineering College, Adgaon, Nashik.",0515124110,2025-26,4,Maharashtra,GOPENO,GOPENO,HU,80.5399495,percentile,GOPENO | 6334 | 80.5399495 | Stage-I,89,Other Than Home University Seats Allotted to Other Than Home University Candidates,24f4bea142d5b527d461c6a8adf65b173bf1700abc3dfc4c440ae53aaa17e799
088e3b17100f-PG_MCA_CAP4_Cutoff_All_Institutes_2025_26.pdf,5151,"MET Bhujbal Knowledge City MET League's Engineering College, Adgaon, Nashik.",0515124110,2025-26,4,Maharashtra,GSTO,GSTO,HU,19.1539942,percentile,GSTO | 22429 | 19.1539942 | Stage-I,89,Other Than Home University Seats Allotted to Home University Candidates,c2e418cdf604550968093660594723cb991e07de19786f024fe43b2186950eb5
088e3b17100f-PG_MCA_CAP4_Cutoff_All_Institutes_2025_26.pdf,5152,"G H Raisoni College of Engineering and Management, Jalgaon",0515224110,2025-26,4,Maharashtra,GOPENH,GOPENH,HU,67.3579428,percentile,GOPENH | 10581 | 67.3579428 | Stage-I,90,Home University Seats Allotted to Home University Candidates,70f2f3497e3e308596cb9509aa2ec577d76f49b419dc22fc0da2fec29b96c6ab
088e3b17100f-PG_MCA_CAP4_Cutoff_All_Institutes_2025_26.pdf,5152,"G H Raisoni College of Engineering and Management, Jalgaon",0515224110,2025-26,4,Maharashtra,MI-MH,MI-MH,MI,63.1574978,percentile,MI-MH | 11515 | 63.1574978 | Stage-MI-MH,90,Minority Seats : Minority Seats Allotted to Non Minority Candidates,79edb95a4b0c9d0dfa3d794f4d8b832a5b91250d87a522a0454d88de3150371e
088e3b17100f-PG_MCA_CAP4_Cutoff_All_Institutes_2025_26.pdf,5170,"Hindi Seva Mandal's Shri Sant Gadgebaba College of Engineering & Technology, Bhusawal",0517024110,2025-26,4,Maharashtra,MI-MH,MI-MH,MI,31.6629561,percentile,MI-MH | 19514 | 31.6629561 | Stage-MI-MH,91,Minority Seats : Minority Seats Allotted to Non Minority Candidates,1422b8f0c34c45b87f24aa9cc0a8d9a46472e7c5af3bb001968d8d1237182a26
088e3b17100f-PG_MCA_CAP4_Cutoff_All_Institutes_2025_26.pdf,5177,"Matoshri College of Engineering and Research Centre, Eklahare, Nashik",0517724110,2025-26,4,Maharashtra,GSCH,GSCH,HU,63.1574978,percentile,GSCH | 11591 | 63.1574978 | Stage-I,92,Home University Seats Allotted to Home University Candidates,252a0a689e40eb2cecefa565351a9e0ccd954c5f442347e20b139a955821af52
088e3b17100f-PG_MCA_CAP4_Cutoff_All_Institutes_2025_26.pdf,5177,"Matoshri College of Engineering and Research Centre, Eklahare, Nashik",0517724110,2025-26,4,Maharashtra,GSTH,GSTH,HU,15.5994113,percentile,GSTH | 22988 | 15.5994113 | Stage-I,92,Home University Seats Allotted to Home University Candidates,980611bf61384cbb2a5ddd408e3c84ec4824cac83d3465e4ac6503dbe3e89ac0
088e3b17100f-PG_MCA_CAP4_Cutoff_All_Institutes_2025_26.pdf,5177,"Matoshri College of Engineering and Research Centre, Eklahare, Nashik",0517724110,2025-26,4,Maharashtra,GNTCH,GNTCH,HU,74.782248,percentile,GNTCH | 8097 | 74.782248 | Stage-I,92,Home University Seats Allotted to Home University Candidates,ffeaae850c2bba4b12b287030d1d239ff917fa1b9e5050371a88c08154de4342
088e3b17100f-PG_MCA_CAP4_Cutoff_All_Institutes_2025_26.pdf,5181,"Gokhale Education Society's, R.H. Sapat College of Engineering, Management Studies and Research, Nashik",0518124110,2025-26,4,Maharashtra,GNTCH,GNTCH,HU,74.782248,percentile,GNTCH | 8022 | 74.782248 | Stage-IV,93,Home University Seats Allotted to Home University Candidates,13d44f3db9280cb9c1cdca0e1f566bb6c798498bb625beb4de91b5551b4f3dc0
088e3b17100f-PG_MCA_CAP4_Cutoff_All_Institutes_2025_26.pdf,5181,"Gokhale Education Society's, R.H. Sapat College of Engineering, Management Studies and Research, Nashik",0518124110,2025-26,4,Maharashtra,GOPENO,GOPENO,HU,61.2807064,percentile,GOPENO | 12341 | 61.2807064 | Stage-I,93,Other Than Home University Seats Allotted to Other Than Home University Candidates,b9c4a2495e63371fc9ded71d48fcd25c415d2b992cc8401c41e0a0d32c8091aa
088e3b17100f-PG_MCA_CAP4_Cutoff_All_Institutes_2025_26.pdf,5303,"Hon. Shri. Babanrao Pachpute Vichardhara Trust, Group of Institutions (Integrated Campus)-Parikrama, Kashti Shrigondha,",0530324110,2025-26,4,Maharashtra,GOPENH,GOPENH,HU,65.8578922,percentile,GOPENH | 11097 | 65.8578922 | Stage-I,94,Home University Seats Allotted to Home University Candidates,5c37bf18426eab0ae2e2db94043f708f3969b1748e489a911a2881dd142be18c
088e3b17100f-PG_MCA_CAP4_Cutoff_All_Institutes_2025_26.pdf,5303,"Hon. Shri. Babanrao Pachpute Vichardhara Trust, Group of Institutions (Integrated Campus)-Parikrama, Kashti Shrigondha,",0530324110,2025-26,4,Maharashtra,GOPENO,GOPENO,HU,36.496736,percentile,GOPENO | 18468 | 36.496736 | Stage-I,94,Other Than Home University Seats Allotted to Other Than Home University Candidates,0b1b7293b697763a3568f8555548a2e23c50f59cca93e6f068d0c37aacd9800c
088e3b17100f-PG_MCA_CAP4_Cutoff_All_Institutes_2025_26.pdf,5331,"Sandip Foundation's, Sandip Institute of Engineering & Management, Nashik",0533124110,2025-26,4,Maharashtra,GOPENH,GOPENH,HU,49.3533426,percentile,GOPENH | 15456 | 49.3533426 | Stage-I,95,Home University Seats Allotted to Home University Candidates,f7be42cc375bb3c5927f2bab36e25756e76c4e5acc17021c9b24d23ee4dd1828
088e3b17100f-PG_MCA_CAP4_Cutoff_All_Institutes_2025_26.pdf,5331,"Sandip Foundation's, Sandip Institute of Engineering & Management, Nashik",0533124110,2025-26,4,Maharashtra,GSCH,GSCH,HU,10.5199653,percentile,GSCH | 23754 | 10.5199653 | Stage-I,95,Home University Seats Allotted to Home University Candidates,5f723c74da567becfbab69c3e7ba38c95ee7af233577debf8c849519c244c315
088e3b17100f-PG_MCA_CAP4_Cutoff_All_Institutes_2025_26.pdf,5331,"Sandip Foundation's, Sandip Institute of Engineering & Management, Nashik",0533124110,2025-26,4,Maharashtra,GNTCH,GNTCH,HU,29.9046039,percentile,GNTCH | 20201 | 29.9046039 | Stage-I,95,Home University Seats Allotted to Home University Candidates,74dcfca68954956543cc2386984dbffeb16ce8db8e25a6543d214ab3fefbc3da
088e3b17100f-PG_MCA_CAP4_Cutoff_All_Institutes_2025_26.pdf,5331,"Sandip Foundation's, Sandip Institute of Engineering & Management, Nashik",0533124110,2025-26,4,Maharashtra,GNTBH,GNTBH,HU,12.4750009,percentile,GNTBH | 23566 | 12.4750009 | Stage-I,95,Home University Seats Allotted to Other Than Home University Candidates,895df1c7a261cd723b3c3344790413a39276c3e56d4ea43f847de421e04184fe
088e3b17100f-PG_MCA_CAP4_Cutoff_All_Institutes_2025_26.pdf,5331,"Sandip Foundation's, Sandip Institute of Engineering & Management, Nashik",0533124110,2025-26,4,Maharashtra,GSEBCH,GSEBCH,HU,4.302251,percentile,GSEBCH | 24765 | 4.302251 | Stage-I,95,Home University Seats Allotted to Other Than Home University Candidates,b8e5ff672f65670bd1f74c0c419a752f6b9c3a4668ef458fd60d9a05104034f4
088e3b17100f-PG_MCA_CAP4_Cutoff_All_Institutes_2025_26.pdf,5331,"Sandip Foundation's, Sandip Institute of Engineering & Management, Nashik",0533124110,2025-26,4,Maharashtra,GNTBO,GNTBO,HU,23.1010151,percentile,GNTBO | 21261 | 23.1010151 | Stage-I,95,Other Than Home University Seats Allotted to Other Than Home University Candidates,3100adfb947e297aa253ceccab3a86a722784f287906fc922938140b0ade8776
088e3b17100f-PG_MCA_CAP4_Cutoff_All_Institutes_2025_26.pdf,5331,"Sandip Foundation's, Sandip Institute of Engineering & Management, Nashik",0533124110,2025-26,4,Maharashtra,GOBCO,GOBCO,HU,79.9969812,percentile,GOBCO | 6622 | 79.9969812 | Stage-I,95,Other Than Home University Seats Allotted to Other Than Home University Candidates,0bb3e724bc61615cdf873d97fe7025980cec010eff12986616b19efd4b19c35a
088e3b17100f-PG_MCA_CAP4_Cutoff_All_Institutes_2025_26.pdf,5380,"Adsul's Technical Campus, Chas Dist. Ahmednagar",0538024110,2025-26,4,Maharashtra,GOPENO,GOPENO,HU,5.9311489,percentile,GOPENO | 24498 | 5.9311489 | Stage-I,96,Other Than Home University Seats Allotted to Other Than Home University Candidates,87b0bee44ba4a3028ad17c11ffbfa48ed216b3d5eb3e11a04dbae1092ec5fbaa
088e3b17100f-PG_MCA_CAP4_Cutoff_All_Institutes_2025_26.pdf,5381,"Shri. Jaykumar Rawal Institute of Technology, Dondaicha.",0538124110,2025-26,4,Maharashtra,GOPENH,GOPENH,HU,65.8578922,percentile,GOPENH | 11099 | 65.8578922 | Stage-I,97,Home University Seats Allotted to Home University Candidates,3c57b1de3c3caf8e3225dd5b173a9e5647d03946c6613456c1ae0c5d688f268a
088e3b17100f-PG_MCA_CAP4_Cutoff_All_Institutes_2025_26.pdf,5381,"Shri. Jaykumar Rawal Institute of Technology, Dondaicha.",0538124110,2025-26,4,Maharashtra,GSTH,GSTH,HU,46.3793819,percentile,GSTH | 15987 | 46.3793819 | Stage-I,97,Home University Seats Allotted to Home University Candidates,92df985cd3f4de9b39f07fa17b99210864d689df694c8d6a1756ba55cd0f0325
088e3b17100f-PG_MCA_CAP4_Cutoff_All_Institutes_2025_26.pdf,5381,"Shri. Jaykumar Rawal Institute of Technology, Dondaicha.",0538124110,2025-26,4,Maharashtra,GSCO,GSCO,HU,85.2118788,percentile,GSCO | 4900 | 85.2118788 | Stage-IV,97,Other Than Home University Seats Allotted to Other Than Home University Candidates,29c7fb7f8f4ecd73ad1d67734a84d5940eabc15edc28ce3a8b0aad2870cd1c21
088e3b17100f-PG_MCA_CAP4_Cutoff_All_Institutes_2025_26.pdf,5381,"Shri. Jaykumar Rawal Institute of Technology, Dondaicha.",0538124110,2025-26,4,Maharashtra,GNTDO,GNTDO,HU,10.5199653,percentile,GNTDO | 23781 | 10.5199653 | Stage-IV,97,Other Than Home University Seats Allotted to Other Than Home University Candidates,7953f82329ea72c70deb977570486c82c53e00bac9d8cbb05cf853243f727ef0
088e3b17100f-PG_MCA_CAP4_Cutoff_All_Institutes_2025_26.pdf,5385,"Akole Taluka Education Society,s Agasti Institute of Management, Computer Application & Research, Akole, Ahmednagar",0538524110,2025-26,4,Maharashtra,GNTAH,GNTAH,HU,44.5345198,percentile,GNTAH | 16968 | 44.5345198 | Stage-IV,98,Home University Seats Allotted to Home University Candidates,5823de94f65b45b7fe5e042746f3bb428f0a73c3cff17612d3c498e7a0caa394
088e3b17100f-PG_MCA_CAP4_Cutoff_All_Institutes_2025_26.pdf,5385,"Akole Taluka Education Society,s Agasti Institute of Management, Computer Application & Research, Akole, Ahmednagar",0538524110,2025-26,4,Maharashtra,GNTCH,GNTCH,HU,36.496736,percentile,GNTCH | 18549 | 36.496736 | Stage-IV,98,Home University Seats Allotted to Home University Candidates,ed935a076b6ca05a90aea2a625e6a6c3d1fb64a80c0765c4cd1f23a3e39bad66
088e3b17100f-PG_MCA_CAP4_Cutoff_All_Institutes_2025_26.pdf,5385,"Akole Taluka Education Society,s Agasti Institute of Management, Computer Application & Research, Akole, Ahmednagar",0538524110,2025-26,4,Maharashtra,GOBCH,GOBCH,HU,36.496736,percentile,GOBCH | 18638 | 36.496736 | Stage-IV,98,Home University Seats Allotted to Home University Candidates,75c18d273b40808d54073d09f4a859ce2864100d35732c6b2b8df94e5da18a79
088e3b17100f-PG_MCA_CAP4_Cutoff_All_Institutes_2025_26.pdf,5385,"Akole Taluka Education Society,s Agasti Institute of Management, Computer Application & Research, Akole, Ahmednagar",0538524110,2025-26,4,Maharashtra,GNTCO,GNTCO,HU,10.5199653,percentile,GNTCO | 23836 | 10.5199653 | Stage-IV,98,Other Than Home University Seats Allotted to Other Than Home University Candidates,24e17e4d230b5630f1555c211c70963e761921a8b5e67abf9fe10d7343a75957
088e3b17100f-PG_MCA_CAP4_Cutoff_All_Institutes_2025_26.pdf,5385,"Akole Taluka Education Society,s Agasti Institute of Management, Computer Application & Research, Akole, Ahmednagar",0538524110,2025-26,4,Maharashtra,GSEBCO,GSEBCO,HU,16.9789978,percentile,GSEBCO | 22681 | 16.9789978 | Stage-IV,98,Other Than Home University Seats Allotted to Other Than Home University Candidates,33633f67a090f57e056d0eb146ed2747c23b1ea7c40f7378175abd42e25c5389
088e3b17100f-PG_MCA_CAP4_Cutoff_All_Institutes_2025_26.pdf,5386,"Dr. B.V. Hiray College of Management & Research Centre, Malegaon.",0538624110,2025-26,4,Maharashtra,GNTCO,GNTCO,HU,46.3793819,percentile,GNTCO | 15937 | 46.3793819 | Stage-IV,99,Other Than Home University Seats Allotted to Other Than Home University Candidates,db214a1077d545487420056d7e8a31f368ec2cbefe58c95845f8830f93a03a97
088e3b17100f-PG_MCA_CAP4_Cutoff_All_Institutes_2025_26.pdf,5509,"Shri Swami Samarth Institute of Management and Technology, Malwadi-Bota",0550924110,2025-26,4,Maharashtra,GOPENH,GOPENH,HU,46.3793819,percentile,GOPENH | 15990 | 46.3793819 | Stage-I,100,Home University Seats Allotted to Home University Candidates,6d8334b3ed7a44e5cbac70a26c00978d9b8b8f99569ebd4ef3df5152e8879abe
088e3b17100f-PG_MCA_CAP4_Cutoff_All_Institutes_2025_26.pdf,5509,"Shri Swami Samarth Institute of Management and Technology, Malwadi-Bota",0550924110,2025-26,4,Maharashtra,GSCH,GSCH,HU,41.4550394,percentile,GSCH | 17266 | 41.4550394 | Stage-I,100,Home University Seats Allotted to Home University Candidates,410c8c73ab45ca28bcbc2fd5a045317c2340c94f26ff3bd1f52062eaa6a85b95
088e3b17100f-PG_MCA_CAP4_Cutoff_All_Institutes_2025_26.pdf,5509,"Shri Swami Samarth Institute of Management and Technology, Malwadi-Bota",0550924110,2025-26,4,Maharashtra,GSTH,GSTH,HU,15.5994113,percentile,GSTH | 23012 | 15.5994113 | Stage-I,100,Home University Seats Allotted to Home University Candidates,b6c383c2e13c0d977e3aa409e1510bfb72644b184f32fc96ebe557b472810d62
088e3b17100f-PG_MCA_CAP4_Cutoff_All_Institutes_2025_26.pdf,5509,"Shri Swami Samarth Institute of Management and Technology, Malwadi-Bota",0550924110,2025-26,4,Maharashtra,GNTBH,GNTBH,HU,25.4779232,percentile,GNTBH | 20990 | 25.4779232 | Stage-I,100,Home University Seats Allotted to Home University Candidates,c64d3081b93745bad417e20359951aaf1c074daa2c0dcccfbbe069528a980766
088e3b17100f-PG_MCA_CAP4_Cutoff_All_Institutes_2025_26.pdf,5509,"Shri Swami Samarth Institute of Management and Technology, Malwadi-Bota",0550924110,2025-26,4,Maharashtra,GNTCH,GNTCH,HU,44.5345198,percentile,GNTCH | 16920 | 44.5345198 | Stage-I,100,Home University Seats Allotted to Home University Candidates,1207465737643bbf53c0141f862c59832a55bcd7a65d304593ac33704f762fda
088e3b17100f-PG_MCA_CAP4_Cutoff_All_Institutes_2025_26.pdf,5509,"Shri Swami Samarth Institute of Management and Technology, Malwadi-Bota",0550924110,2025-26,4,Maharashtra,GSCO,GSCO,HU,31.6629561,percentile,GSCO | 19801 | 31.6629561 | Stage-IV,100,Other Than Home University Seats Allotted to Other Than Home University Candidates,7a65cdc99aa3223c1327fbe994df1b40581e80e0be277640f6904a4b5c426870
088e3b17100f-PG_MCA_CAP4_Cutoff_All_Institutes_2025_26.pdf,5509,"Shri Swami Samarth Institute of Management and Technology, Malwadi-Bota",0550924110,2025-26,4,Maharashtra,GSTO,GSTO,HU,41.4550394,percentile,GSTO | 17149 | 41.4550394 | Stage-IV,100,Other Than Home University Seats Allotted to Other Than Home University Candidates,d71aa37ac7e467c5b92127b902e1ebb17f74a224a2d732a45f5f44eb819a054c
088e3b17100f-PG_MCA_CAP4_Cutoff_All_Institutes_2025_26.pdf,5509,"Shri Swami Samarth Institute of Management and Technology, Malwadi-Bota",0550924110,2025-26,4,Maharashtra,GNTAO,GNTAO,HU,36.496736,percentile,GNTAO | 18455 | 36.496736 | Stage-IV,100,Other Than Home University Seats Allotted to Other Than Home University Candidates,19282738c5ec9e8b7a7c0db0cff0a563c68197c07fa3f7e6af86dc47b1175db9
088e3b17100f-PG_MCA_CAP4_Cutoff_All_Institutes_2025_26.pdf,5550,BHUSAWAL ARTS SCIENCE AND P O NAHATA COMMERCE COLLEGE BHUSAWAL,0550924110,2025-26,4,Maharashtra,GSTH,GSTH,HU,39.3989669,percentile,GSTH | 17879 | 39.3989669 | Stage-IV,101,Home University Seats Allotted to Home University Candidates,63f3a871378fedde64971faf5e34f6aae1d55e9e676874c316abb7dcd845973e
088e3b17100f-PG_MCA_CAP4_Cutoff_All_Institutes_2025_26.pdf,5550,BHUSAWAL ARTS SCIENCE AND P O NAHATA COMMERCE COLLEGE BHUSAWAL,0550924110,2025-26,4,Maharashtra,GNTBH,GNTBH,HU,39.3989669,percentile,GNTBH | 17822 | 39.3989669 | Stage-IV,101,Home University Seats Allotted to Home University Candidates,8e73080f19ef5f275a668656f04cf4ffc35f8f861baef205d46ed252cae05f12
088e3b17100f-PG_MCA_CAP4_Cutoff_All_Institutes_2025_26.pdf,5550,BHUSAWAL ARTS SCIENCE AND P O NAHATA COMMERCE COLLEGE BHUSAWAL,0550924110,2025-26,4,Maharashtra,GOPENO,GOPENO,HU,65.8578922,percentile,GOPENO | 11105 | 65.8578922 | Stage-I,101,Other Than Home University Seats Allotted to Other Than Home University Candidates,276480ff13551ce26a39129f0d8fed560924b733da25898fe8c67089185e4b28
088e3b17100f-PG_MCA_CAP4_Cutoff_All_Institutes_2025_26.pdf,5550,BHUSAWAL ARTS SCIENCE AND P O NAHATA COMMERCE COLLEGE BHUSAWAL,0550924110,2025-26,4,Maharashtra,GSCO,GSCO,HU,36.496736,percentile,GSCO | 18794 | 36.496736 | Stage-IV,101,Other Than Home University Seats Allotted to Home University Candidates,f4e661088e57b843c21da5776ed0a00ec7d7d4c3c2214e1bbc03d2d2ba613664
088e3b17100f-PG_MCA_CAP4_Cutoff_All_Institutes_2025_26.pdf,5550,BHUSAWAL ARTS SCIENCE AND P O NAHATA COMMERCE COLLEGE BHUSAWAL,0550924110,2025-26,4,Maharashtra,GOBCO,GOBCO,HU,36.496736,percentile,GOBCO | 18539 | 36.496736 | Stage-IV,101,Other Than Home University Seats Allotted to Home University Candidates,8e3cc1b33a3be7edf6a3505c518ab0dc07eaa1ad1bc5d1ce6fef7cfdd5ac86a4
088e3b17100f-PG_MCA_CAP4_Cutoff_All_Institutes_2025_26.pdf,5550,BHUSAWAL ARTS SCIENCE AND P O NAHATA COMMERCE COLLEGE BHUSAWAL,0550924110,2025-26,4,Maharashtra,TFWS,TFWS,SL,21.0059952,percentile,TFWS | 21684 | 21.0059952 | Stage-I,101,Other Than Home University Seats Allotted to Home University Candidates,c6a8281da9ff7de394fbf02e98ab73a2791cc1ee212696d911c94b1fb2ff3e34
088e3b17100f-PG_MCA_CAP4_Cutoff_All_Institutes_2025_26.pdf,5569,SHRI SHIVAJI VIDYA PRASARAK SANSTHA L.K.DR.P.R.GHOGREY SCIENCE COLLEGE DHULE,0550924110,2025-26,4,Maharashtra,GOPENH,GOPENH,HU,65.8578922,percentile,GOPENH | 10907 | 65.8578922 | Stage-I,103,Home University Seats Allotted to Home University Candidates,464c35e655edd9ee0f7a000dcc58db7fe9c70de784774fb8259edf41cdec46f7
088e3b17100f-PG_MCA_CAP4_Cutoff_All_Institutes_2025_26.pdf,5569,SHRI SHIVAJI VIDYA PRASARAK SANSTHA L.K.DR.P.R.GHOGREY SCIENCE COLLEGE DHULE,0550924110,2025-26,4,Maharashtra,GNTBH,GNTBH,HU,36.496736,percentile,GNTBH | 18571 | 36.496736 | Stage-I,103,Home University Seats Allotted to Home University Candidates,bc43efa45b03aeadd7be7fae2cba4722535b0bfee60150c8d2b12278bb5cbace
088e3b17100f-PG_MCA_CAP4_Cutoff_All_Institutes_2025_26.pdf,5569,SHRI SHIVAJI VIDYA PRASARAK SANSTHA L.K.DR.P.R.GHOGREY SCIENCE COLLEGE DHULE,0550924110,2025-26,4,Maharashtra,GOPENO,GOPENO,HU,27.2744425,percentile,GOPENO | 20371 | 27.2744425 | Stage-I,103,Other Than Home University Seats Allotted to Other Than Home University Candidates,51f96e45dfb8b7278e37756e20238c244be81666d303ee3a5e965fdcee32cfbd
088e3b17100f-PG_MCA_CAP4_Cutoff_All_Institutes_2025_26.pdf,5569,SHRI SHIVAJI VIDYA PRASARAK SANSTHA L.K.DR.P.R.GHOGREY SCIENCE COLLEGE DHULE,0550924110,2025-26,4,Maharashtra,GOPENO,GOPENO,HU,49.3533426,percentile,GOPENO | 15373 | 49.3533426 | Stage-I,103,Other Than Home University Seats Allotted to Home University Candidates,86a1e1a7b415c435b56d1799a2d06c0f3b2228954abbe432e4c70fa2c9518fda
088e3b17100f-PG_MCA_CAP4_Cutoff_All_Institutes_2025_26.pdf,5597,VAMANRAO ITHAPE COLLEGE OF ENGINEERING AND MANAGEMENT,0559724110,2025-26,4,Maharashtra,GNTCH,GNTCH,HU,34.5198145,percentile,GNTCH | 19045 | 34.5198145 | Stage-I,104,Home University Seats Allotted to Home University Candidates,17eb87b6d22f7ad3db83cfca12d9b15570d268ba17475a44eeb7a8e9ddbf162e
088e3b17100f-PG_MCA_CAP4_Cutoff_All_Institutes_2025_26.pdf,5597,VAMANRAO ITHAPE COLLEGE OF ENGINEERING AND MANAGEMENT,0559724110,2025-26,4,Maharashtra,GOBCH,GOBCH,HU,39.3989669,percentile,GOBCH | 17797 | 39.3989669 | Stage-I,104,Home University Seats Allotted to Home University Candidates,ce6c442225c4b256d6cfe26d8d78a355e664d9c04e64f06762af9464fabfce3b
088e3b17100f-PG_MCA_CAP4_Cutoff_All_Institutes_2025_26.pdf,5597,VAMANRAO ITHAPE COLLEGE OF ENGINEERING AND MANAGEMENT,0559724110,2025-26,4,Maharashtra,GOPENO,GOPENO,HU,23.1010151,percentile,GOPENO | 21581 | 23.1010151 | Stage-I,104,Other Than Home University Seats Allotted to Other Than Home University Candidates,2bfd4767274b489308baf3d4368a2ae43d3c59fdba88cdc213f3e8e82185a355
088e3b17100f-PG_MCA_CAP4_Cutoff_All_Institutes_2025_26.pdf,5619,COMMERCE MANAGEMENT AND COMPUTER SCIENCE COLLEGE,0561924110,2025-26,4,Maharashtra,GOPENH,GOPENH,HU,58.7911466,percentile,GOPENH | 13332 | 58.7911466 | Stage-I,105,Home University Seats Allotted to Home University Candidates,27b733ca08ed79d00b800f5fc45a47f7df66bad5f2cc3fd1eb11524399cac8f3
088e3b17100f-PG_MCA_CAP4_Cutoff_All_Institutes_2025_26.pdf,5619,COMMERCE MANAGEMENT AND COMPUTER SCIENCE COLLEGE,0561924110,2025-26,4,Maharashtra,GSCH,GSCH,HU,21.0059952,percentile,GSCH | 21828 | 21.0059952 | Stage-I,105,Home University Seats Allotted to Home University Candidates,6653d7aaf284d2dcf0509b87c7aa8c1b6e6d2cd3d7ae36f2dae0cafb573d717d
088e3b17100f-PG_MCA_CAP4_Cutoff_All_Institutes_2025_26.pdf,5619,COMMERCE MANAGEMENT AND COMPUTER SCIENCE COLLEGE,0561924110,2025-26,4,Maharashtra,GNTDH,GNTDH,HU,36.496736,percentile,GNTDH | 18615 | 36.496736 | Stage-I,105,Home University Seats Allotted to Home University Candidates,f7d50f7341acff3d2c0266d21f58ca0924963055df11ce86d2de9989bbf6426f
088e3b17100f-PG_MCA_CAP4_Cutoff_All_Institutes_2025_26.pdf,5619,COMMERCE MANAGEMENT AND COMPUTER SCIENCE COLLEGE,0561924110,2025-26,4,Maharashtra,GOPENO,GOPENO,HU,29.9046039,percentile,GOPENO | 20299 | 29.9046039 | Stage-I,105,Other Than Home University Seats Allotted to Other Than Home University Candidates,06257b9a3d32f45665fba71fb6c824b87511e1bdcf46384004ad9636464a2850
088e3b17100f-PG_MCA_CAP4_Cutoff_All_Institutes_2025_26.pdf,5619,COMMERCE MANAGEMENT AND COMPUTER SCIENCE COLLEGE,0561924110,2025-26,4,Maharashtra,TFWS,TFWS,SL,21.0059952,percentile,TFWS | 21813 | 21.0059952 | Stage-I,105,Other Than Home University Seats Allotted to Other Than Home University Candidates,919de30db0fd67b1965629123ebb8040e7b282cca6a8c62db2c8c554cf363a9b
088e3b17100f-PG_MCA_CAP4_Cutoff_All_Institutes_2025_26.pdf,5665,Vidya Niketan Institute of Management And Computer Applications,0566524210,2025-26,4,Maharashtra,GOPENH,GOPENH,HU,46.3793819,percentile,GOPENH | 16108 | 46.3793819 | Stage-I,106,Home University Seats Allotted to Home University Candidates,402a6d283131325dbd30f95661590a0b1176cedd476fd6e31fc0e2dfd111d060
088e3b17100f-PG_MCA_CAP4_Cutoff_All_Institutes_2025_26.pdf,5665,Vidya Niketan Institute of Management And Computer Applications,0566524210,2025-26,4,Maharashtra,GSCH,GSCH,HU,41.4550394,percentile,GSCH | 17476 | 41.4550394 | Stage-I,106,Home University Seats Allotted to Home University Candidates,dd88d98653ff73f19c6d30a9bf4b488810000716598404609586a827c053afb8
088e3b17100f-PG_MCA_CAP4_Cutoff_All_Institutes_2025_26.pdf,5665,Vidya Niketan Institute of Management And Computer Applications,0566524210,2025-26,4,Maharashtra,GOPENO,GOPENO,HU,49.3533426,percentile,GOPENO | 15304 | 49.3533426 | Stage-I,106,Other Than Home University Seats Allotted to Other Than Home University Candidates,d04c8f234da4594ea6b13220eedb2bee5d73e0d2eb4786fe4ee62df69d99647c
088e3b17100f-PG_MCA_CAP4_Cutoff_All_Institutes_2025_26.pdf,5665,Vidya Niketan Institute of Management And Computer Applications,0566524210,2025-26,4,Maharashtra,GSCO,GSCO,HU,31.6629561,percentile,GSCO | 19743 | 31.6629561 | Stage-I,106,Other Than Home University Seats Allotted to Other Than Home University Candidates,63ed40d33aac191f0da308e0dcd90782e14c7f73e2b78abe38cd8ce81089acde
088e3b17100f-PG_MCA_CAP4_Cutoff_All_Institutes_2025_26.pdf,5665,Vidya Niketan Institute of Management And Computer Applications,0566524210,2025-26,4,Maharashtra,GSTO,GSTO,HU,2.8640429,percentile,GSTO | 25142 | 2.8640429 | Stage-I,106,Other Than Home University Seats Allotted to Other Than Home University Candidates,e6469a24be6bbc445f3c8bb4a046bd12f6bbb5a3bd197afdfa7c585111e313f5
088e3b17100f-PG_MCA_CAP4_Cutoff_All_Institutes_2025_26.pdf,6005,"Government College of Engineering, Karad",0600524110,2025-26,4,Maharashtra,GSCH,GSCH,HU,71.1549338,percentile,GSCH | 9374 | 71.1549338 | Stage-I,107,Home University Seats Allotted to Home University Candidates,a8048d81f39e79a85e5e2952227f14a874c960df5fb4fd38ede2ad1a6cba23f8
088e3b17100f-PG_MCA_CAP4_Cutoff_All_Institutes_2025_26.pdf,6029,"Yashwantrao Chavan School of Rural Development, Kolhapur",0602924110,2025-26,4,Maharashtra,GOPENH,GOPENH,HU,63.1574978,percentile,GOPENH | 11858 | 63.1574978 | Stage-I,108,Home University Seats Allotted to Home University Candidates,4db26ba9612575a46368e4430190b7e1909388074f99691e01f5c00178102857
088e3b17100f-PG_MCA_CAP4_Cutoff_All_Institutes_2025_26.pdf,6029,"Yashwantrao Chavan School of Rural Development, Kolhapur",0602924110,2025-26,4,Maharashtra,GSCH,GSCH,HU,25.4779232,percentile,GSCH | 21026 | 25.4779232 | Stage-I,108,Home University Seats Allotted to Home University Candidates,f7fead25c26c0fe381a4ab2926c5f088250bc5938e7056dc2b2550934c359a1a
088e3b17100f-PG_MCA_CAP4_Cutoff_All_Institutes_2025_26.pdf,6029,"Yashwantrao Chavan School of Rural Development, Kolhapur",0602924110,2025-26,4,Maharashtra,GSTH,GSTH,HU,25.4779232,percentile,GSTH | 21231 | 25.4779232 | Stage-I,108,Home University Seats Allotted to Home University Candidates,42028a2fb891c1d2d4a6e2fafb289e5d7b3d26db9f24d9bbad3173aa7d0bf780
088e3b17100f-PG_MCA_CAP4_Cutoff_All_Institutes_2025_26.pdf,6029,"Yashwantrao Chavan School of Rural Development, Kolhapur",0602924110,2025-26,4,Maharashtra,GNTCH,GNTCH,HU,61.2807064,percentile,GNTCH | 12514 | 61.2807064 | Stage-I,108,Home University Seats Allotted to Home University Candidates,016cd4f89389ef200a9c1d8fc6b969fd683749d1a45757f8de39add467746184
088e3b17100f-PG_MCA_CAP4_Cutoff_All_Institutes_2025_26.pdf,6029,"Yashwantrao Chavan School of Rural Development, Kolhapur",0602924110,2025-26,4,Maharashtra,GNTCO,GNTCO,HU,19.1539942,percentile,GNTCO | 22262 | 19.1539942 | Stage-IV,108,Other Than Home University Seats Allotted to Other Than Home University Candidates,ff7b1ed1102f65ceb7fc9e177dbb4ed7c0af1c691bea944a155243902c2408ad
088e3b17100f-PG_MCA_CAP4_Cutoff_All_Institutes_2025_26.pdf,6029,"Yashwantrao Chavan School of Rural Development, Kolhapur",0602924110,2025-26,4,Maharashtra,GSEBCO,GSEBCO,HU,61.2807064,percentile,GSEBCO | 12616 | 61.2807064 | Stage-I,108,Other Than Home University Seats Allotted to Home University Candidates,0e61284f5e934734c20daefdecfd0e12158fa8fdfe95ccdc447b46d987c37d30
088e3b17100f-PG_MCA_CAP4_Cutoff_All_Institutes_2025_26.pdf,6031,"Punyashlok Ahilyadevi Holkar Solapur University, Solapur",0603124110,2025-26,4,Maharashtra,GOPENO,GOPENO,HU,13.5402134,percentile,GOPENO | 23193 | 13.5402134 | Stage-I,109,Other Than Home University Seats Allotted to Other Than Home University Candidates,5fc9b07eb85886a56f11745b041729f0e0178644a48cdb2a6a37d99a39bcdc8f
088e3b17100f-PG_MCA_CAP4_Cutoff_All_Institutes_2025_26.pdf,6031,"Punyashlok Ahilyadevi Holkar Solapur University, Solapur",0603124110,2025-26,4,Maharashtra,GOBCO,GOBCO,HU,85.2118788,percentile,GOBCO | 4876 | 85.2118788 | Stage-I,109,Other Than Home University Seats Allotted to Home University Candidates,ec801142a7f227308eb89621b9cf1b959af6538e3fcce8a8929bba2d4f851902
088e3b17100f-PG_MCA_CAP4_Cutoff_All_Institutes_2025_26.pdf,6031,"Punyashlok Ahilyadevi Holkar Solapur University, Solapur",0603124110,2025-26,4,Maharashtra,GSEBCO,GSEBCO,HU,39.3989669,percentile,GSEBCO | 17788 | 39.3989669 | Stage-I,109,Other Than Home University Seats Allotted to Home University Candidates,71f72b117e51c863adedfd9ef0427469662ffe3dc3eaea24f2ca3f8753162e1a
088e3b17100f-PG_MCA_CAP4_Cutoff_All_Institutes_2025_26.pdf,6031,"Punyashlok Ahilyadevi Holkar Solapur University, Solapur",0603124110,2025-26,4,Maharashtra,TFWS,TFWS,SL,87.2080299,percentile,TFWS | 4334 | 87.2080299 | Stage-I,109,Other Than Home University Seats Allotted to Home University Candidates,003faf8e42da8660eb5f616119b093786ff441c53220530f70de198a713f0fee
088e3b17100f-PG_MCA_CAP4_Cutoff_All_Institutes_2025_26.pdf,6033,"Department of Computer Science, Savitribai Phule Pune University, Pune",0603324110,2025-26,4,Maharashtra,GOBCH,GOBCH,HU,97.390747,percentile,GOBCH | 756 | 97.390747 | Stage-I,110,Home University Seats Allotted to Home University Candidates,7382f60d4e9f452204ad6aff2819cee3e4096e000e081bbf5affc8e80a477781
088e3b17100f-PG_MCA_CAP4_Cutoff_All_Institutes_2025_26.pdf,6120,"Shri. Khanderai Pratishthans Dnyansagar Institute of Management and Research, Balewadi, Pune",0612024110,2025-26,4,Maharashtra,GOPENH,GOPENH,HU,77.8251197,percentile,GOPENH | 7171 | 77.8251197 | Stage-I,111,Home University Seats Allotted to Home University Candidates,6ff100046506fc1e8ca0c2389c8a44957a1aa71744ebb59f08141e4b0657c0f9
088e3b17100f-PG_MCA_CAP4_Cutoff_All_Institutes_2025_26.pdf,6120,"Shri. Khanderai Pratishthans Dnyansagar Institute of Management and Research, Balewadi, Pune",0612024110,2025-26,4,Maharashtra,GSCH,GSCH,HU,12.4750009,percentile,GSCH | 23663 | 12.4750009 | Stage-I,111,Home University Seats Allotted to Home University Candidates,a6fc4f09a06aec22a751cac07698ed3c96004e5dec445036fecd60a753b8499c
088e3b17100f-PG_MCA_CAP4_Cutoff_All_Institutes_2025_26.pdf,6120,"Shri. Khanderai Pratishthans Dnyansagar Institute of Management and Research, Balewadi, Pune",0612024110,2025-26,4,Maharashtra,GSTH,GSTH,HU,49.3533426,percentile,GSTH | 15555 | 49.3533426 | Stage-I,111,Home University Seats Allotted to Home University Candidates,5ee2144181204846fb19a7804c5174333f7fb09693ed89981a6ad489c9f52eb0
088e3b17100f-PG_MCA_CAP4_Cutoff_All_Institutes_2025_26.pdf,6120,"Shri. Khanderai Pratishthans Dnyansagar Institute of Management and Research, Balewadi, Pune",0612024110,2025-26,4,Maharashtra,GOBCH,GOBCH,HU,27.2744425,percentile,GOBCH | 20563 | 27.2744425 | Stage-I,111,Home University Seats Allotted to Home University Candidates,a95294d5ddc44ecb8c6f6647081004e7005e00066e8d8659c7fc2f645f36bd31
088e3b17100f-PG_MCA_CAP4_Cutoff_All_Institutes_2025_26.pdf,6120,"Shri. Khanderai Pratishthans Dnyansagar Institute of Management and Research, Balewadi, Pune",0612024110,2025-26,4,Maharashtra,GSCH,GSCH,HU,46.3793819,percentile,GSCH | 15913 | 46.3793819 | Stage-I,111,Home University Seats Allotted to Other Than Home University Candidates,679812c11e9ffed9d3140bec149b9e951dfc21767632fb0e4257eb6140e29da0
088e3b17100f-PG_MCA_CAP4_Cutoff_All_Institutes_2025_26.pdf,6120,"Shri. Khanderai Pratishthans Dnyansagar Institute of Management and Research, Balewadi, Pune",0612024110,2025-26,4,Maharashtra,GOPENO,GOPENO,HU,69.7143504,percentile,GOPENO | 10181 | 69.7143504 | Stage-I,111,Other Than Home University Seats Allotted to Other Than Home University Candidates,14a426f68bdb9c3d03952f9aea2200b85ea03f069e87f2fb4eb9618863555453
088e3b17100f-PG_MCA_CAP4_Cutoff_All_Institutes_2025_26.pdf,6120,"Shri. Khanderai Pratishthans Dnyansagar Institute of Management and Research, Balewadi, Pune",0612024110,2025-26,4,Maharashtra,GSCO,GSCO,HU,58.7911466,percentile,GSCO | 12882 | 58.7911466 | Stage-I,111,Other Than Home University Seats Allotted to Other Than Home University Candidates,45e409b8f20d9fb5166a0631b7acc257fd423ccd7d145633aeb0c1713cff7f64
088e3b17100f-PG_MCA_CAP4_Cutoff_All_Institutes_2025_26.pdf,6120,"Shri. Khanderai Pratishthans Dnyansagar Institute of Management and Research, Balewadi, Pune",0612024110,2025-26,4,Maharashtra,GSTO,GSTO,HU,61.2807064,percentile,GSTO | 12093 | 61.2807064 | Stage-I,111,Other Than Home University Seats Allotted to Other Than Home University Candidates,04c10a53a34282a7075940b7646141df81e99ce0a2d517be4a097190c2023bdd
088e3b17100f-PG_MCA_CAP4_Cutoff_All_Institutes_2025_26.pdf,6120,"Shri. Khanderai Pratishthans Dnyansagar Institute of Management and Research, Balewadi, Pune",0612024110,2025-26,4,Maharashtra,GNTAO,GNTAO,HU,67.3579428,percentile,GNTAO | 10431 | 67.3579428 | Stage-I,111,Other Than Home University Seats Allotted to Other Than Home University Candidates,3e7ff1d6c1b4dce9259b1934f4a2abc69f8200e04d1b7f8b83b55c0bbda6ab9e
088e3b17100f-PG_MCA_CAP4_Cutoff_All_Institutes_2025_26.pdf,6120,"Shri. Khanderai Pratishthans Dnyansagar Institute of Management and Research, Balewadi, Pune",0612024110,2025-26,4,Maharashtra,TFWS,TFWS,SL,92.3361383,percentile,TFWS | 2427 | 92.3361383 | Stage-I,111,Other Than Home University Seats Allotted to Other Than Home University Candidates,7bd3cfac50ea738fd6199273d3543850346c8c2105640d3630d17f136ba31b42
088e3b17100f-PG_MCA_CAP4_Cutoff_All_Institutes_2025_26.pdf,6129,"Jayawant Shikshan Prasarak Mandal's Jayawant Institute of Management Studies, Tathawade Pune-411033",0612924110,2025-26,4,Maharashtra,GNTAO,GNTAO,HU,87.2080299,percentile,GNTAO | 4389 | 87.2080299 | Stage-I,112,Other Than Home University Seats Allotted to Other Than Home University Candidates,b989559e28ebdd0ef4fda73ca8d99a07633d5219407750a852022a4e79924fb4
088e3b17100f-PG_MCA_CAP4_Cutoff_All_Institutes_2025_26.pdf,6129,"Jayawant Shikshan Prasarak Mandal's Jayawant Institute of Management Studies, Tathawade Pune-411033",0612924110,2025-26,4,Maharashtra,GOBCO,GOBCO,HU,94.6454851,percentile,GOBCO | 1493 | 94.6454851 | Stage-I,112,Other Than Home University Seats Allotted to Other Than Home University Candidates,41f31fca2b0bb4cdcb36b9e7c3e48a50bae63856d4d81c68b96612a204dc2f0a
088e3b17100f-PG_MCA_CAP4_Cutoff_All_Institutes_2025_26.pdf,6137,"Vidya Pratishthan Institute of Information Technology, Baramati, Pune",0613724110,2025-26,4,Maharashtra,GSCO,GSCO,HU,58.7911466,percentile,GSCO | 13311 | 58.7911466 | Stage-I,113,Other Than Home University Seats Allotted to Other Than Home University Candidates,28693f8d3abd4ded4ecd2a422c6119cbd6df1aa4b09da8ccfa4b2a1e94e08828
088e3b17100f-PG_MCA_CAP4_Cutoff_All_Institutes_2025_26.pdf,6137,"Vidya Pratishthan Institute of Information Technology, Baramati, Pune",0613724110,2025-26,4,Maharashtra,GSTO,GSTO,HU,61.2807064,percentile,GSTO | 12057 | 61.2807064 | Stage-I,113,Other Than Home University Seats Allotted to Other Than Home University Candidates,95c51fe0457ecc60011969e71691aa0cb1a34b851d514964639a590965c22089
088e3b17100f-PG_MCA_CAP4_Cutoff_All_Institutes_2025_26.pdf,6138,"Genba Sopanrao Moze Trust Parvatibai Genba Moze College of Engineering,Wagholi, Pune",0613824110,2025-26,4,Maharashtra,GOPENH,GOPENH,HU,73.5368477,percentile,GOPENH | 8682 | 73.5368477 | Stage-I,114,Home University Seats Allotted to Home University Candidates,c94437b99588d40acbfcaf76a0f8f54094ef9d50a8828bf2a6ed90ed57846c93
088e3b17100f-PG_MCA_CAP4_Cutoff_All_Institutes_2025_26.pdf,6138,"Genba Sopanrao Moze Trust Parvatibai Genba Moze College of Engineering,Wagholi, Pune",0613824110,2025-26,4,Maharashtra,GNTCH,GNTCH,HU,51.4093808,percentile,GNTCH | 14783 | 51.4093808 | Stage-I,114,Home University Seats Allotted to Home University Candidates,82a5da1d67d6fb6660d368e01779a6ce535fd6e667d0fe3ffbac69e2f253e80c
088e3b17100f-PG_MCA_CAP4_Cutoff_All_Institutes_2025_26.pdf,6138,"Genba Sopanrao Moze Trust Parvatibai Genba Moze College of Engineering,Wagholi, Pune",0613824110,2025-26,4,Maharashtra,GOBCH,GOBCH,HU,67.3579428,percentile,GOBCH | 10704 | 67.3579428 | Stage-I,114,Home University Seats Allotted to Home University Candidates,0e9d93a655ba65a9cd06e2b48a36b446dc91be829bea8efe7d3f3684cfd7c7dd
088e3b17100f-PG_MCA_CAP4_Cutoff_All_Institutes_2025_26.pdf,6138,"Genba Sopanrao Moze Trust Parvatibai Genba Moze College of Engineering,Wagholi, Pune",0613824110,2025-26,4,Maharashtra,GSCO,GSCO,HU,63.1574978,percentile,GSCO | 11441 | 63.1574978 | Stage-I,114,Other Than Home University Seats Allotted to Other Than Home University Candidates,7dc209d96320f4c3e4f394e290c5194838296cc1b3f7d99d4c362bd2f5ea07b0
088e3b17100f-PG_MCA_CAP4_Cutoff_All_Institutes_2025_26.pdf,6138,"Genba Sopanrao Moze Trust Parvatibai Genba Moze College of Engineering,Wagholi, Pune",0613824110,2025-26,4,Maharashtra,GSTO,GSTO,HU,76.9216256,percentile,GSTO | 7727 | 76.9216256 | Stage-I,114,Other Than Home University Seats Allotted to Other Than Home University Candidates,7da0aecb76a211c7d6d11fcb2a55dbb8fb98af6ad127b01f0a3f3951cd4a95c4
088e3b17100f-PG_MCA_CAP4_Cutoff_All_Institutes_2025_26.pdf,6138,"Genba Sopanrao Moze Trust Parvatibai Genba Moze College of Engineering,Wagholi, Pune",0613824110,2025-26,4,Maharashtra,TFWS,TFWS,SL,87.3496474,percentile,TFWS | 4019 | 87.3496474 | Stage-I,114,Other Than Home University Seats Allotted to Other Than Home University Candidates,1a190f11c2618f62ab94886c1e501130b2ebe9b9a13c4e10e9c7d13ec0f5e633
088e3b17100f-PG_MCA_CAP4_Cutoff_All_Institutes_2025_26.pdf,6139,"Progressive Education Society's Modern College of Engineering, Pune",0613924110,2025-26,4,Maharashtra,GOBCH,GOBCH,HU,92.1797821,percentile,GOBCH | 2502 | 92.1797821 | Stage-I,115,Home University Seats Allotted to Home University Candidates,83973599e2df2d8b74281fd56b70a698b633154311cc86ee43309088da839dcd
088e3b17100f-PG_MCA_CAP4_Cutoff_All_Institutes_2025_26.pdf,6139,"Progressive Education Society's Modern College of Engineering, Pune",0613924110,2025-26,4,Maharashtra,GOPENO,GOPENO,HU,95.2942951,percentile,GOPENO | 1424 | 95.2942951 | Stage-I,115,Other Than Home University Seats Allotted to Other Than Home University Candidates,5177e372bae54d01cfe7efa5547f4d88e313ee67c0e3abaa0803c559e9bec232
088e3b17100f-PG_MCA_CAP4_Cutoff_All_Institutes_2025_26.pdf,6139,"Progressive Education Society's Modern College of Engineering, Pune",0613924110,2025-26,4,Maharashtra,GSCO,GSCO,HU,95.2942951,percentile,GSCO | 1456 | 95.2942951 | Stage-I,115,Other Than Home University Seats Allotted to Other Than Home University Candidates,7a271412a85b2f42a9e9c0b7b7aabf87041f24626e4dfccfdc51e323f1591053
088e3b17100f-PG_MCA_CAP4_Cutoff_All_Institutes_2025_26.pdf,6139,"Progressive Education Society's Modern College of Engineering, Pune",0613924110,2025-26,4,Maharashtra,GSTO,GSTO,HU,94.4270578,percentile,GSTO | 1784 | 94.4270578 | Stage-I,115,Other Than Home University Seats Allotted to Other Than Home University Candidates,83f556b2a6ecd76b138d8ce3e640d2bdb11084283947376e5d659b1f14976758
088e3b17100f-PG_MCA_CAP4_Cutoff_All_Institutes_2025_26.pdf,6140,"Dnyan Kala Krida & Krishi Prathishtan's Maharashtra Institute of Management, Kalamb, Pune",0614024110,2025-26,4,Maharashtra,GOPENH,GOPENH,HU,53.942159,percentile,GOPENH | 14082 | 53.942159 | Stage-I,116,Home University Seats Allotted to Home University Candidates,8dd89a353f467bd84e40b3ebf5503fc8220427d210f83727154c5763580a76a1
088e3b17100f-PG_MCA_CAP4_Cutoff_All_Institutes_2025_26.pdf,6140,"Dnyan Kala Krida & Krishi Prathishtan's Maharashtra Institute of Management, Kalamb, Pune",0614024110,2025-26,4,Maharashtra,GSCH,GSCH,HU,31.6629561,percentile,GSCH | 19617 | 31.6629561 | Stage-I,116,Home University Seats Allotted to Home University Candidates,a6b1b83c53d51907ac78875a87e0109dcea4fa0adcd998ad63cdb7f7e84dd28e
088e3b17100f-PG_MCA_CAP4_Cutoff_All_Institutes_2025_26.pdf,6140,"Dnyan Kala Krida & Krishi Prathishtan's Maharashtra Institute of Management, Kalamb, Pune",0614024110,2025-26,4,Maharashtra,GSTH,GSTH,HU,19.1539942,percentile,GSTH | 22161 | 19.1539942 | Stage-I,116,Home University Seats Allotted to Home University Candidates,f19da3a9a51962a2800ff79a13a732f8998573f4ad220e7307c9215c5174238c
088e3b17100f-PG_MCA_CAP4_Cutoff_All_Institutes_2025_26.pdf,6140,"Dnyan Kala Krida & Krishi Prathishtan's Maharashtra Institute of Management, Kalamb, Pune",0614024110,2025-26,4,Maharashtra,GSCH,GSCH,HU,7.4072677,percentile,GSCH | 24433 | 7.4072677 | Stage-I,116,Home University Seats Allotted to Other Than Home University Candidates,a44ca852153f718120b79d50c6952219ea2f2b42500533c1448187fa062f0511
088e3b17100f-PG_MCA_CAP4_Cutoff_All_Institutes_2025_26.pdf,6140,"Dnyan Kala Krida & Krishi Prathishtan's Maharashtra Institute of Management, Kalamb, Pune",0614024110,2025-26,4,Maharashtra,GOPENO,GOPENO,HU,61.2807064,percentile,GOPENO | 12695 | 61.2807064 | Stage-I,116,Other Than Home University Seats Allotted to Other Than Home University Candidates,81a45fe3f880b6c87b6c4bf3eafd28565a9f7623686f34116ba299f8909af4d9
088e3b17100f-PG_MCA_CAP4_Cutoff_All_Institutes_2025_26.pdf,6140,"Dnyan Kala Krida & Krishi Prathishtan's Maharashtra Institute of Management, Kalamb, Pune",0614024110,2025-26,4,Maharashtra,GSCO,GSCO,HU,7.9446476,percentile,GSCO | 24263 | 7.9446476 | Stage-I,116,Other Than Home University Seats Allotted to Other Than Home University Candidates,1e6cd493cbf402247b62fa629dd5e745856468706f760be3fc1e7f843413dc93
088e3b17100f-PG_MCA_CAP4_Cutoff_All_Institutes_2025_26.pdf,6140,"Dnyan Kala Krida & Krishi Prathishtan's Maharashtra Institute of Management, Kalamb, Pune",0614024110,2025-26,4,Maharashtra,GSTO,GSTO,HU,44.5345198,percentile,GSTO | 16836 | 44.5345198 | Stage-I,116,Other Than Home University Seats Allotted to Other Than Home University Candidates,54bdcea338f0899187da4b94b1a30c73121c6db83f6fb3f87c771f0af7fea23b
088e3b17100f-PG_MCA_CAP4_Cutoff_All_Institutes_2025_26.pdf,6140,"Dnyan Kala Krida & Krishi Prathishtan's Maharashtra Institute of Management, Kalamb, Pune",0614024110,2025-26,4,Maharashtra,GNTBO,GNTBO,HU,58.7911466,percentile,GNTBO | 13290 | 58.7911466 | Stage-I,116,Other Than Home University Seats Allotted to Other Than Home University Candidates,b5a3e0b3a0404bfb21abd45ebff25cec0a27d54cc2860e70a208cdb311bb43ed
088e3b17100f-PG_MCA_CAP4_Cutoff_All_Institutes_2025_26.pdf,6140,"Dnyan Kala Krida & Krishi Prathishtan's Maharashtra Institute of Management, Kalamb, Pune",0614024110,2025-26,4,Maharashtra,GNTDO,GNTDO,HU,39.3989669,percentile,GNTDO | 17764 | 39.3989669 | Stage-I,116,Other Than Home University Seats Allotted to Other Than Home University Candidates,1e2111ea345ccad0ba2bac02ea3eda339b7383eaf85bf242b48692e2560a3aa7
088e3b17100f-PG_MCA_CAP4_Cutoff_All_Institutes_2025_26.pdf,6144,"Genba Sopanrao Moze College of Engineering, Baner-Balewadi, Pune",0614424110,2025-26,4,Maharashtra,GOPENH,GOPENH,HU,85.2118788,percentile,GOPENH | 5154 | 85.2118788 | Stage-I,117,Home University Seats Allotted to Home University Candidates,9785d00fcb07a272be7481a7f0c7528b798f0d04dbb78a6933de133461c60a6b
088e3b17100f-PG_MCA_CAP4_Cutoff_All_Institutes_2025_26.pdf,6144,"Genba Sopanrao Moze College of Engineering, Baner-Balewadi, Pune",0614424110,2025-26,4,Maharashtra,GSCH,GSCH,HU,56.5488095,percentile,GSCH | 13805 | 56.5488095 | Stage-I,117,Home University Seats Allotted to Home University Candidates,0e59b7db9b0e1f9f397d0120747b5d6fbe0edc2ba0560eec65dc6373f45b7d3a
088e3b17100f-PG_MCA_CAP4_Cutoff_All_Institutes_2025_26.pdf,6144,"Genba Sopanrao Moze College of Engineering, Baner-Balewadi, Pune",0614424110,2025-26,4,Maharashtra,GNTCH,GNTCH,HU,41.4550394,percentile,GNTCH | 17456 | 41.4550394 | Stage-I,117,Home University Seats Allotted to Home University Candidates,556b24a5a060eb4eec2deb150acf5e3e966ae6a2da92f86b27912ffc52e11cd3
088e3b17100f-PG_MCA_CAP4_Cutoff_All_Institutes_2025_26.pdf,6144,"Genba Sopanrao Moze College of Engineering, Baner-Balewadi, Pune",0614424110,2025-26,4,Maharashtra,GOBCH,GOBCH,HU,65.8578922,percentile,GOBCH | 11011 | 65.8578922 | Stage-I,117,Home University Seats Allotted to Home University Candidates,f06ffd409ecc063c685b18cb7df9106ad36a120ccd94b116190030e26e7c9f30
088e3b17100f-PG_MCA_CAP4_Cutoff_All_Institutes_2025_26.pdf,6145,"JSPM'S Jaywantrao Sawant College of Engineering,Pune",0614524110,2025-26,4,Maharashtra,GOPENH,GOPENH,HU,92.3361383,percentile,GOPENH | 2357 | 92.3361383 | Stage-I,118,Home University Seats Allotted to Home University Candidates,26d8117c63c1605bb86298ed9c10609ccf1c309202276273c2fbb36769fd8d40
088e3b17100f-PG_MCA_CAP4_Cutoff_All_Institutes_2025_26.pdf,6145,"JSPM'S Jaywantrao Sawant College of Engineering,Pune",0614524110,2025-26,4,Maharashtra,GOBCH,GOBCH,HU,90.9663786,percentile,GOBCH | 2741 | 90.9663786 | Stage-I,118,Home University Seats Allotted to Home University Candidates,37ba3af6c7287b1ef4c76d6a3361dda4f5121e13f1e5e9192def818cdd472567
088e3b17100f-PG_MCA_CAP4_Cutoff_All_Institutes_2025_26.pdf,6145,"JSPM'S Jaywantrao Sawant College of Engineering,Pune",0614524110,2025-26,4,Maharashtra,GOPENO,GOPENO,HU,94.4270578,percentile,GOPENO | 1774 | 94.4270578 | Stage-I,118,Other Than Home University Seats Allotted to Other Than Home University Candidates,f1e8ea7edd5292322e43bd903fb239aef538ec5874897b206ec9c51962bf508c
088e3b17100f-PG_MCA_CAP4_Cutoff_All_Institutes_2025_26.pdf,6145,"JSPM'S Jaywantrao Sawant College of Engineering,Pune",0614524110,2025-26,4,Maharashtra,GSCO,GSCO,HU,89.1331398,percentile,GSCO | 3657 | 89.1331398 | Stage-I,118,Other Than Home University Seats Allotted to Other Than Home University Candidates,9c4ba376021cf448d2dc70373714f3edfef22fb37cd2507ce9e50a8ec82148e8
088e3b17100f-PG_MCA_CAP4_Cutoff_All_Institutes_2025_26.pdf,6145,"JSPM'S Jaywantrao Sawant College of Engineering,Pune",0614524110,2025-26,4,Maharashtra,GOBCO,GOBCO,HU,93.405226,percentile,GOBCO | 2037 | 93.405226 | Stage-I,118,Other Than Home University Seats Allotted to Other Than Home University Candidates,890c8f19017d51ab9763a077e92a1ea4eb78f3ab181d746bac9d45f4e658b5b7
088e3b17100f-PG_MCA_CAP4_Cutoff_All_Institutes_2025_26.pdf,6145,"JSPM'S Jaywantrao Sawant College of Engineering,Pune",0614524110,2025-26,4,Maharashtra,EWS,EWS,SL,76.9216256,percentile,EWS | 7865 | 76.9216256 | Stage-I,118,Other Than Home University Seats Allotted to Other Than Home University Candidates,fc890fcda9c6dd94b18b1c34e7e388c84e1a151a37007886deb5af754060630c
088e3b17100f-PG_MCA_CAP4_Cutoff_All_Institutes_2025_26.pdf,6145,"JSPM'S Jaywantrao Sawant College of Engineering,Pune",0614524110,2025-26,4,Maharashtra,TFWS,TFWS,SL,93.5511867,percentile,TFWS | 1910 | 93.5511867 | Stage-I,118,Other Than Home University Seats Allotted to Other Than Home University Candidates,549371dcff9476061402a837d97d87992223758d8f64e46ca051f5a108d273cc
088e3b17100f-PG_MCA_CAP4_Cutoff_All_Institutes_2025_26.pdf,6152,"Zeal Education Society's Zeal Institute of Business Administration, Computer Application and Research, Pune",0615224110,2025-26,4,Maharashtra,GOPENH,GOPENH,HU,67.3579428,percentile,GOPENH | 10578 | 67.3579428 | Stage-I,119,Home University Seats Allotted to Home University Candidates,3bbb1ec7d1d1fd94ca37f53b7ef154d4547cdf425c5ce67bfcf89481316f0629
088e3b17100f-PG_MCA_CAP4_Cutoff_All_Institutes_2025_26.pdf,6152,"Zeal Education Society's Zeal Institute of Business Administration, Computer Application and Research, Pune",0615224110,2025-26,4,Maharashtra,GSCH,GSCH,HU,15.5994113,percentile,GSCH | 22878 | 15.5994113 | Stage-I,119,Home University Seats Allotted to Home University Candidates,f8e43178f40634cfc11123cfe64323d4281e701cac78f4ecb7e7f1f794eb565c
088e3b17100f-PG_MCA_CAP4_Cutoff_All_Institutes_2025_26.pdf,6152,"Zeal Education Society's Zeal Institute of Business Administration, Computer Application and Research, Pune",0615224110,2025-26,4,Maharashtra,GSTH,GSTH,HU,51.4093808,percentile,GSTH | 14706 | 51.4093808 | Stage-I,119,Home University Seats Allotted to Home University Candidates,f3099f18a0e2b61ed1abae291491e6e602056f1ba1dfc459841327546f523dab
088e3b17100f-PG_MCA_CAP4_Cutoff_All_Institutes_2025_26.pdf,6152,"Zeal Education Society's Zeal Institute of Business Administration, Computer Application and Research, Pune",0615224110,2025-26,4,Maharashtra,GOBCH,GOBCH,HU,41.4550394,percentile,GOBCH | 17094 | 41.4550394 | Stage-I,119,Home University Seats Allotted to Home University Candidates,43d58abd55e773cac674c555ab4d48f2ded0243f19d8754564f50840012c8ea2
088e3b17100f-PG_MCA_CAP4_Cutoff_All_Institutes_2025_26.pdf,6152,"Zeal Education Society's Zeal Institute of Business Administration, Computer Application and Research, Pune",0615224110,2025-26,4,Maharashtra,GSCH,GSCH,HU,67.3579428,percentile,GSCH | 10777 | 67.3579428 | Stage-I,119,Home University Seats Allotted to Other Than Home University Candidates,0457dd7f5e4b5ea4b65e962b3c68776cff282590e69fd00ff2288db732456a2c
088e3b17100f-PG_MCA_CAP4_Cutoff_All_Institutes_2025_26.pdf,6152,"Zeal Education Society's Zeal Institute of Business Administration, Computer Application and Research, Pune",0615224110,2025-26,4,Maharashtra,GOPENO,GOPENO,HU,77.8251197,percentile,GOPENO | 7274 | 77.8251197 | Stage-I,119,Other Than Home University Seats Allotted to Other Than Home University Candidates,c0f9281eb3ece7e582411633f532199c9453c1fd352ec991f5cbda00e80cc160
088e3b17100f-PG_MCA_CAP4_Cutoff_All_Institutes_2025_26.pdf,6152,"Zeal Education Society's Zeal Institute of Business Administration, Computer Application and Research, Pune",0615224110,2025-26,4,Maharashtra,GSCO,GSCO,HU,73.5368477,percentile,GSCO | 8647 | 73.5368477 | Stage-I,119,Other Than Home University Seats Allotted to Other Than Home University Candidates,39a9cd3ada7dd4f3c022a177035b842eb7d85fb458e5b988a8d33e8c56a19eeb
088e3b17100f-PG_MCA_CAP4_Cutoff_All_Institutes_2025_26.pdf,6152,"Zeal Education Society's Zeal Institute of Business Administration, Computer Application and Research, Pune",0615224110,2025-26,4,Maharashtra,GOBCO,GOBCO,HU,74.782248,percentile,GOBCO | 8483 | 74.782248 | Stage-I,119,Other Than Home University Seats Allotted to Other Than Home University Candidates,c14c4ba1b806a37484f769fa5f8a8341b0ba1305a51c832940ceb5307326ff60
088e3b17100f-PG_MCA_CAP4_Cutoff_All_Institutes_2025_26.pdf,6152,"Zeal Education Society's Zeal Institute of Business Administration, Computer Application and Research, Pune",0615224110,2025-26,4,Maharashtra,GSEBCO,GSEBCO,HU,74.782248,percentile,GSEBCO | 8404 | 74.782248 | Stage-I,119,Other Than Home University Seats Allotted to Other Than Home University Candidates,32239455b222dd4064e026b3319c90ead4189de6ce75e2f99e87759bdd52bcb5
088e3b17100f-PG_MCA_CAP4_Cutoff_All_Institutes_2025_26.pdf,6152,"Zeal Education Society's Zeal Institute of Business Administration, Computer Application and Research, Pune",0615224110,2025-26,4,Maharashtra,EWS,EWS,SL,25.4779232,percentile,EWS | 21234 | 25.4779232 | Stage-I,119,Other Than Home University Seats Allotted to Other Than Home University Candidates,a4528b865ec3b627fa9e7bb927c4bd72547ce4b5129c2a1704d4c15dfd7141f5
088e3b17100f-PG_MCA_CAP4_Cutoff_All_Institutes_2025_26.pdf,6152,"Zeal Education Society's Zeal Institute of Business Administration, Computer Application and Research, Pune",0615224110,2025-26,4,Maharashtra,TFWS,TFWS,SL,89.1331398,percentile,TFWS | 3573 | 89.1331398 | Stage-I,119,Other Than Home University Seats Allotted to Other Than Home University Candidates,c648b81b1b411b10702040d54e65f096e3a711316fb527bdf45c8d6977ae53ea
088e3b17100f-PG_MCA_CAP4_Cutoff_All_Institutes_2025_26.pdf,6154,"Institute of Industrial & Computer Management & Research, Nigdi, Pune",0615424110,2025-26,4,Maharashtra,GOPENH,GOPENH,HU,87.3496474,percentile,GOPENH | 3918 | 87.3496474 | Stage-I,120,Home University Seats Allotted to Home University Candidates,2672b9429c558a09b589f760a89a17a9a051d796690e9ae2ea81e4f78af9543f
088e3b17100f-PG_MCA_CAP4_Cutoff_All_Institutes_2025_26.pdf,6154,"Institute of Industrial & Computer Management & Research, Nigdi, Pune",0615424110,2025-26,4,Maharashtra,GOPENO,GOPENO,HU,93.405226,percentile,GOPENO | 2023 | 93.405226 | Stage-I,120,Other Than Home University Seats Allotted to Other Than Home University Candidates,5fe699f9479a7d39a453893e33b3bbeb61dce2af745cb939c59db6f2f3b13acb
088e3b17100f-PG_MCA_CAP4_Cutoff_All_Institutes_2025_26.pdf,6154,"Institute of Industrial & Computer Management & Research, Nigdi, Pune",0615424110,2025-26,4,Maharashtra,TFWS,TFWS,SL,93.5511867,percentile,TFWS | 1994 | 93.5511867 | Stage-I,120,Other Than Home University Seats Allotted to Other Than Home University Candidates,20c7e832ad7cdab9170eb33f8ef0de6fd7ce61a0f7981ae8755a513534cd1945
088e3b17100f-PG_MCA_CAP4_Cutoff_All_Institutes_2025_26.pdf,6154,"Institute of Industrial & Computer Management & Research, Nigdi, Pune",0615424110,2025-26,4,Maharashtra,MI-MH,MI-MH,MI,87.2080299,percentile,MI-MH | 4180 | 87.2080299 | Stage-MI-MH,120,Minority Seats : Minority Seats Allotted to Non Minority Candidates,f62102951d2b9d65442355bc3f90b2aa1efdf58bb5b3a18e8c72f4982e5e13d0
088e3b17100f-PG_MCA_CAP4_Cutoff_All_Institutes_2025_26.pdf,6155,"G.H.Raisoni College of Engineering & Management, Wagholi, Pune",0615524110,2025-26,4,Maharashtra,GOPENH,GOPENH,HU,85.3851665,percentile,GOPENH | 4683 | 85.3851665 | Stage-I,121,Home University Seats Allotted to Home University Candidates,bd649dc505b96559732b2995610f7316f001ad8b73c0a15f9bf3d49670765d0a
088e3b17100f-PG_MCA_CAP4_Cutoff_All_Institutes_2025_26.pdf,6155,"G.H.Raisoni College of Engineering & Management, Wagholi, Pune",0615524110,2025-26,4,Maharashtra,GOPENO,GOPENO,HU,89.1966341,percentile,GOPENO | 3446 | 89.1966341 | Stage-I,121,Other Than Home University Seats Allotted to Other Than Home University Candidates,9fc0c170a0b4a0f50cfe91ae9314dd0079740be69d25182736e19860b5a26e4f
088e3b17100f-PG_MCA_CAP4_Cutoff_All_Institutes_2025_26.pdf,6155,"G.H.Raisoni College of Engineering & Management, Wagholi, Pune",0615524110,2025-26,4,Maharashtra,MI-MH,MI-MH,MI,77.8251197,percentile,MI-MH | 6987 | 77.8251197 | Stage-MI-MH,121,Minority Seats : Minority Seats Allotted to Non Minority Candidates,835dbbdf26ad7a25af1dfaa704c5a12fc9365998d0ffce9b4b1cd21b109f22c1
088e3b17100f-PG_MCA_CAP4_Cutoff_All_Institutes_2025_26.pdf,6158,"Rajmata Jijau Shikshan Prasarak Mandal's Institute of Computer and Management Research, Dudulgaon, Pune",0615824110,2025-26,4,Maharashtra,GOPENH,GOPENH,HU,79.9969812,percentile,GOPENH | 6576 | 79.9969812 | Stage-I,122,Home University Seats Allotted to Home University Candidates,e4efe3d8437034b11cc82ed5874bead3b66eb2b4045342e5c971228dc47f1515
088e3b17100f-PG_MCA_CAP4_Cutoff_All_Institutes_2025_26.pdf,6158,"Rajmata Jijau Shikshan Prasarak Mandal's Institute of Computer and Management Research, Dudulgaon, Pune",0615824110,2025-26,4,Maharashtra,GSCH,GSCH,HU,19.1539942,percentile,GSCH | 22337 | 19.1539942 | Stage-I,122,Home University Seats Allotted to Home University Candidates,8c3797b16a920c28124c1ab0211323f58405d222d3a47b6dc4e692480dbfa6d7
088e3b17100f-PG_MCA_CAP4_Cutoff_All_Institutes_2025_26.pdf,6158,"Rajmata Jijau Shikshan Prasarak Mandal's Institute of Computer and Management Research, Dudulgaon, Pune",0615824110,2025-26,4,Maharashtra,GOBCH,GOBCH,HU,61.2807064,percentile,GOBCH | 12195 | 61.2807064 | Stage-I,122,Home University Seats Allotted to Home University Candidates,3c4e9fecbe5654117181234ca2b09c9083dc88a85e8e3cbc7d836de4aea18c50
088e3b17100f-PG_MCA_CAP4_Cutoff_All_Institutes_2025_26.pdf,6158,"Rajmata Jijau Shikshan Prasarak Mandal's Institute of Computer and Management Research, Dudulgaon, Pune",0615824110,2025-26,4,Maharashtra,GSEBCH,GSEBCH,HU,51.4093808,percentile,GSEBCH | 15003 | 51.4093808 | Stage-I,122,Home University Seats Allotted to Home University Candidates,008ea3b71ae83f9160b2b1ba74b3936f942f21922792f936df7a58c5b6517410
088e3b17100f-PG_MCA_CAP4_Cutoff_All_Institutes_2025_26.pdf,6158,"Rajmata Jijau Shikshan Prasarak Mandal's Institute of Computer and Management Research, Dudulgaon, Pune",0615824110,2025-26,4,Maharashtra,GSCH,GSCH,HU,39.3989669,percentile,GSCH | 17910 | 39.3989669 | Stage-I,122,Home University Seats Allotted to Other Than Home University Candidates,60be970a17e337b7e0b6b923e697ceaaedb22c5deecaac9f3e5a749969c2c58e
088e3b17100f-PG_MCA_CAP4_Cutoff_All_Institutes_2025_26.pdf,6158,"Rajmata Jijau Shikshan Prasarak Mandal's Institute of Computer and Management Research, Dudulgaon, Pune",0615824110,2025-26,4,Maharashtra,GOPENO,GOPENO,HU,73.5368477,percentile,GOPENO | 8758 | 73.5368477 | Stage-I,122,Other Than Home University Seats Allotted to Other Than Home University Candidates,18c13ac79913343d3981ec57bc652120b248848236a9abb5bbb95eec2d1d98f5
088e3b17100f-PG_MCA_CAP4_Cutoff_All_Institutes_2025_26.pdf,6158,"Rajmata Jijau Shikshan Prasarak Mandal's Institute of Computer and Management Research, Dudulgaon, Pune",0615824110,2025-26,4,Maharashtra,GSCO,GSCO,HU,44.5345198,percentile,GSCO | 16552 | 44.5345198 | Stage-I,122,Other Than Home University Seats Allotted to Other Than Home University Candidates,f5b918fc30712ca762407e75122271013e68a51829eeaa4810d7f7a53f3bfedf
088e3b17100f-PG_MCA_CAP4_Cutoff_All_Institutes_2025_26.pdf,6158,"Rajmata Jijau Shikshan Prasarak Mandal's Institute of Computer and Management Research, Dudulgaon, Pune",0615824110,2025-26,4,Maharashtra,GSTO,GSTO,HU,67.3579428,percentile,GSTO | 10540 | 67.3579428 | Stage-I,122,Other Than Home University Seats Allotted to Other Than Home University Candidates,3ccd486b8335f234fb2d62e145019a3f319e8403ebe8078fca8b52f1967166f0
088e3b17100f-PG_MCA_CAP4_Cutoff_All_Institutes_2025_26.pdf,6158,"Rajmata Jijau Shikshan Prasarak Mandal's Institute of Computer and Management Research, Dudulgaon, Pune",0615824110,2025-26,4,Maharashtra,GOBCO,GOBCO,HU,67.3579428,percentile,GOBCO | 10614 | 67.3579428 | Stage-I,122,Other Than Home University Seats Allotted to Other Than Home University Candidates,5c1b11c77971a7a0c005ffcbf49db9714b78ea8864a01e05756a7ebaca4e07a0
088e3b17100f-PG_MCA_CAP4_Cutoff_All_Institutes_2025_26.pdf,6164,"Psd Shastri Educational Foundation's Asma Institute Of Management, Pune",0616424110,2025-26,4,Maharashtra,GOPENH,GOPENH,HU,63.1574978,percentile,GOPENH | 11867 | 63.1574978 | Stage-I,123,Home University Seats Allotted to Home University Candidates,c29bbaeabc1d059738623ee6133ee264443aa652a06be0b615f5de2495f06144
088e3b17100f-PG_MCA_CAP4_Cutoff_All_Institutes_2025_26.pdf,6164,"Psd Shastri Educational Foundation's Asma Institute Of Management, Pune",0616424110,2025-26,4,Maharashtra,GOPENO,GOPENO,HU,73.5368477,percentile,GOPENO | 8743 | 73.5368477 | Stage-I,123,Other Than Home University Seats Allotted to Other Than Home University Candidates,425074bab506adce9c4ad0f432402db3f8b1d3fe3acfdbc7a7b119bc1e76e7fb
088e3b17100f-PG_MCA_CAP4_Cutoff_All_Institutes_2025_26.pdf,6164,"Psd Shastri Educational Foundation's Asma Institute Of Management, Pune",0616424110,2025-26,4,Maharashtra,TFWS,TFWS,SL,76.9216256,percentile,TFWS | 7577 | 76.9216256 | Stage-I,123,Other Than Home University Seats Allotted to Other Than Home University Candidates,a3dd2118dbce0ce3d095e534f2947e9e58b49fdec89101c05c6c3e210c36431f
088e3b17100f-PG_MCA_CAP4_Cutoff_All_Institutes_2025_26.pdf,6164,"Psd Shastri Educational Foundation's Asma Institute Of Management, Pune",0616424110,2025-26,4,Maharashtra,MI-MH,MI-MH,MI,61.2807064,percentile,MI-MH | 12173 | 61.2807064 | Stage-MI-MH,124,Minority Seats : Minority Seats Allotted to Non Minority Candidates,0983f7b4c6d5599371c077a245968484c193abf1656ff26b357752856e7205e4
088e3b17100f-PG_MCA_CAP4_Cutoff_All_Institutes_2025_26.pdf,6167,"Kamla Education Society's Pratibha Institute of Business Management, Chinchwad, Pune",0616724110,2025-26,4,Maharashtra,GSTH,GSTH,HU,85.2118788,percentile,GSTH | 5140 | 85.2118788 | Stage-IV,125,Home University Seats Allotted to Home University Candidates,139c33c2770d0c78ba0e63948a790c8436eb179b52bc2dc31902f329f7384334
088e3b17100f-PG_MCA_CAP4_Cutoff_All_Institutes_2025_26.pdf,6167,"Kamla Education Society's Pratibha Institute of Business Management, Chinchwad, Pune",0616724110,2025-26,4,Maharashtra,GOPENO,GOPENO,HU,85.2118788,percentile,GOPENO | 4904 | 85.2118788 | Stage-I,125,Other Than Home University Seats Allotted to Other Than Home University Candidates,c69f3fd27d1ff96259eb40a087decc1abe1caadd7d71aaeede8d0d906faba52d
088e3b17100f-PG_MCA_CAP4_Cutoff_All_Institutes_2025_26.pdf,6167,"Kamla Education Society's Pratibha Institute of Business Management, Chinchwad, Pune",0616724110,2025-26,4,Maharashtra,GSTO,GSTO,HU,77.8251197,percentile,GSTO | 7213 | 77.8251197 | Stage-I,125,Other Than Home University Seats Allotted to Other Than Home University Candidates,7c591150d79e5585d0470a76e7491f1343eafbc9b87aab73f028cc7ee2e070cf
088e3b17100f-PG_MCA_CAP4_Cutoff_All_Institutes_2025_26.pdf,6167,"Kamla Education Society's Pratibha Institute of Business Management, Chinchwad, Pune",0616724110,2025-26,4,Maharashtra,GNTCO,GNTCO,HU,76.9216256,percentile,GNTCO | 7826 | 76.9216256 | Stage-I,125,Other Than Home University Seats Allotted to Other Than Home University Candidates,eaaf49a8be86e9138d4a2c2aee0af94fe441507ebf72e2f12530a2bae98cc029
088e3b17100f-PG_MCA_CAP4_Cutoff_All_Institutes_2025_26.pdf,6168,"Shikshan Maharshi Dr. D.Y. Patil Centre for Management & Research, Chikhali , Pune",0616824110,2025-26,4,Maharashtra,GOPENH,GOPENH,HU,85.3851665,percentile,GOPENH | 4491 | 85.3851665 | Stage-I,126,Home University Seats Allotted to Home University Candidates,77706724462efa3c4ef7400615b4373376c1e789de1f4d4f1e60e4f87e9630e7
088e3b17100f-PG_MCA_CAP4_Cutoff_All_Institutes_2025_26.pdf,6168,"Shikshan Maharshi Dr. D.Y. Patil Centre for Management & Research, Chikhali , Pune",0616824110,2025-26,4,Maharashtra,GSTH,GSTH,HU,76.9216256,percentile,GSTH | 7671 | 76.9216256 | Stage-I,126,Home University Seats Allotted to Home University Candidates,0a648afb2eaed10c5ef5bc46fa91a8ff49f97333b3a4f983ccdccca1e20237d3
088e3b17100f-PG_MCA_CAP4_Cutoff_All_Institutes_2025_26.pdf,6168,"Shikshan Maharshi Dr. D.Y. Patil Centre for Management & Research, Chikhali , Pune",0616824110,2025-26,4,Maharashtra,GOBCH,GOBCH,HU,49.3533426,percentile,GOBCH | 15405 | 49.3533426 | Stage-I,126,Home University Seats Allotted to Home University Candidates,ba1a543a7c02576ef44bf9755715f20e043fe51dd022dbb39b33f8f1c4dc16c3
088e3b17100f-PG_MCA_CAP4_Cutoff_All_Institutes_2025_26.pdf,6168,"Shikshan Maharshi Dr. D.Y. Patil Centre for Management & Research, Chikhali , Pune",0616824110,2025-26,4,Maharashtra,GOBCO,GOBCO,HU,73.5368477,percentile,GOBCO | 8707 | 73.5368477 | Stage-I,126,Other Than Home University Seats Allotted to Other Than Home University Candidates,2089cfd158525f9149a68f5d3c01eab1c2ceed610b6f2e8ee5d38bba9bf27b40
088e3b17100f-PG_MCA_CAP4_Cutoff_All_Institutes_2025_26.pdf,6170,"Abhinav Education Society's Institute of Management and Research, Haveli, Pune",0617024110,2025-26,4,Maharashtra,GOPENH,GOPENH,HU,65.8578922,percentile,GOPENH | 11375 | 65.8578922 | Stage-I,127,Home University Seats Allotted to Home University Candidates,e81499578e718c28300db1fb114444526ded0a413e853a8fb48f1faa23c62721
088e3b17100f-PG_MCA_CAP4_Cutoff_All_Institutes_2025_26.pdf,6170,"Abhinav Education Society's Institute of Management and Research, Haveli, Pune",0617024110,2025-26,4,Maharashtra,GOBCH,GOBCH,HU,53.942159,percentile,GOBCH | 14270 | 53.942159 | Stage-I,127,Home University Seats Allotted to Home University Candidates,2c2057218f7fa2d0718b2287032f29c4f5397b1f130d4c1ede9e8df9c199d8a5
088e3b17100f-PG_MCA_CAP4_Cutoff_All_Institutes_2025_26.pdf,6170,"Abhinav Education Society's Institute of Management and Research, Haveli, Pune",0617024110,2025-26,4,Maharashtra,GSEBCH,GSEBCH,HU,49.3533426,percentile,GSEBCH | 15773 | 49.3533426 | Stage-I,127,Home University Seats Allotted to Home University Candidates,ccf8e74cb3b5ac54ec71c0ab579bb3912242656e6de2aa92aa78b2c947e66b88
088e3b17100f-PG_MCA_CAP4_Cutoff_All_Institutes_2025_26.pdf,6170,"Abhinav Education Society's Institute of Management and Research, Haveli, Pune",0617024110,2025-26,4,Maharashtra,GSCH,GSCH,HU,36.496736,percentile,GSCH | 18461 | 36.496736 | Stage-I,127,Home University Seats Allotted to Other Than Home University Candidates,58b8f064f9da24174195a00bc24c5105b4bd9d39b674071264097a2e2a47fe87
088e3b17100f-PG_MCA_CAP4_Cutoff_All_Institutes_2025_26.pdf,6170,"Abhinav Education Society's Institute of Management and Research, Haveli, Pune",0617024110,2025-26,4,Maharashtra,GOPENO,GOPENO,HU,67.3579428,percentile,GOPENO | 10285 | 67.3579428 | Stage-I,127,Other Than Home University Seats Allotted to Other Than Home University Candidates,f0258312d4590af7345e5ae74b43563dbefddbbf193606499ee2eef1c612a76f
088e3b17100f-PG_MCA_CAP4_Cutoff_All_Institutes_2025_26.pdf,6170,"Abhinav Education Society's Institute of Management and Research, Haveli, Pune",0617024110,2025-26,4,Maharashtra,GSCO,GSCO,HU,51.4093808,percentile,GSCO | 14877 | 51.4093808 | Stage-I,127,Other Than Home University Seats Allotted to Other Than Home University Candidates,d0f0bb118d0b02d543633941f0bbc6e0686ea9250205ce1b5ab0b316ca241a12
088e3b17100f-PG_MCA_CAP4_Cutoff_All_Institutes_2025_26.pdf,6170,"Abhinav Education Society's Institute of Management and Research, Haveli, Pune",0617024110,2025-26,4,Maharashtra,GSTO,GSTO,HU,63.1574978,percentile,GSTO | 11819 | 63.1574978 | Stage-I,127,Other Than Home University Seats Allotted to Other Than Home University Candidates,b9fd2975d73f44109d6ac4638c49c06fb4b5f14063a85e792a3fa46342751fb0
088e3b17100f-PG_MCA_CAP4_Cutoff_All_Institutes_2025_26.pdf,6179,"Indira College of Engineering & Management, Pune",0617924110,2025-26,4,Maharashtra,GNTDH,GNTDH,HU,73.5368477,percentile,GNTDH | 8866 | 73.5368477 | Stage-I,128,Home University Seats Allotted to Home University Candidates,4489440f2537cbea8086974e94112c12ea72645ce370873011cc90edc1e0f6b5
088e3b17100f-PG_MCA_CAP4_Cutoff_All_Institutes_2025_26.pdf,6179,"Indira College of Engineering & Management, Pune",0617924110,2025-26,4,Maharashtra,GOBCH,GOBCH,HU,94.4270578,percentile,GOBCH | 1749 | 94.4270578 | Stage-I,128,Home University Seats Allotted to Home University Candidates,f482af7b5f42225c5716979f51b75fb667e4db54fb856978013f588c6a9cf675
088e3b17100f-PG_MCA_CAP4_Cutoff_All_Institutes_2025_26.pdf,6179,"Indira College of Engineering & Management, Pune",0617924110,2025-26,4,Maharashtra,GOPENO,GOPENO,HU,97.0718086,percentile,GOPENO | 857 | 97.0718086 | Stage-I,128,Other Than Home University Seats Allotted to Other Than Home University Candidates,ffdd3818c42c145be335f6c07d94cf89f3503b657ee9b45430b38e3a49661890
088e3b17100f-PG_MCA_CAP4_Cutoff_All_Institutes_2025_26.pdf,6179,"Indira College of Engineering & Management, Pune",0617924110,2025-26,4,Maharashtra,GSCO,GSCO,HU,93.5511867,percentile,GSCO | 1911 | 93.5511867 | Stage-I,128,Other Than Home University Seats Allotted to Other Than Home University Candidates,f19fd2dff032fb31b4e5219f3fcf66e3a5ffcd291a166866a3bfe5e1752c0548
088e3b17100f-PG_MCA_CAP4_Cutoff_All_Institutes_2025_26.pdf,6179,"Indira College of Engineering & Management, Pune",0617924110,2025-26,4,Maharashtra,EWS,EWS,SL,96.1125146,percentile,EWS | 1130 | 96.1125146 | Stage-I,128,Other Than Home University Seats Allotted to Other Than Home University Candidates,d3187bba9dfa381a96966e88ab9898ecc1b99d0bd617beaa91cf23e1f6ab643a
088e3b17100f-PG_MCA_CAP4_Cutoff_All_Institutes_2025_26.pdf,6179,"Indira College of Engineering & Management, Pune",0617924110,2025-26,4,Maharashtra,TFWS,TFWS,SL,98.5181554,percentile,TFWS | 365 | 98.5181554 | Stage-I,128,Other Than Home University Seats Allotted to Other Than Home University Candidates,974aaf6d693c6ebf59bf02745d83868fb1d87ad823b4e5245aa49a68a880313c
088e3b17100f-PG_MCA_CAP4_Cutoff_All_Institutes_2025_26.pdf,6201,"Dr. D. Y. Patil School Of MCA, Lohegaon,Pune",0620124110,2025-26,4,Maharashtra,GOPENH,GOPENH,HU,85.3851665,percentile,GOPENH | 4495 | 85.3851665 | Stage-I,129,Home University Seats Allotted to Home University Candidates,16be3210907c2954d624ca85f130b281ba35cab0c54b42fce94bd1f389b348c5
088e3b17100f-PG_MCA_CAP4_Cutoff_All_Institutes_2025_26.pdf,6201,"Dr. D. Y. Patil School Of MCA, Lohegaon,Pune",0620124110,2025-26,4,Maharashtra,GSTH,GSTH,HU,74.782248,percentile,GSTH | 8287 | 74.782248 | Stage-I,129,Home University Seats Allotted to Home University Candidates,35169d6ce5ef58601941c5839b5ed6b3685f770632e67bd387cec7c3b6c8c5c6
088e3b17100f-PG_MCA_CAP4_Cutoff_All_Institutes_2025_26.pdf,6201,"Dr. D. Y. Patil School Of MCA, Lohegaon,Pune",0620124110,2025-26,4,Maharashtra,GNTCH,GNTCH,HU,77.8251197,percentile,GNTCH | 7139 | 77.8251197 | Stage-I,129,Home University Seats Allotted to Home University Candidates,352393fccd4c4e0fb1db13421fb30ba98e1eb7652db7ef9c9fec6a50162eaacb
088e3b17100f-PG_MCA_CAP4_Cutoff_All_Institutes_2025_26.pdf,6201,"Dr. D. Y. Patil School Of MCA, Lohegaon,Pune",0620124110,2025-26,4,Maharashtra,GOPENO,GOPENO,HU,90.7733494,percentile,GOPENO | 3089 | 90.7733494 | Stage-I,129,Other Than Home University Seats Allotted to Other Than Home University Candidates,1cdb2fb06c7752e0d564daff037188f2bb488589800b6a95af10457dfc720a0f
088e3b17100f-PG_MCA_CAP4_Cutoff_All_Institutes_2025_26.pdf,6201,"Dr. D. Y. Patil School Of MCA, Lohegaon,Pune",0620124110,2025-26,4,Maharashtra,GSTO,GSTO,HU,61.2807064,percentile,GSTO | 12208 | 61.2807064 | Stage-I,129,Other Than Home University Seats Allotted to Other Than Home University Candidates,cc2064d1bba2279a9e5bda3e818319204f730398a4ad64085f88ceb35006078b
088e3b17100f-PG_MCA_CAP4_Cutoff_All_Institutes_2025_26.pdf,6201,"Dr. D. Y. Patil School Of MCA, Lohegaon,Pune",0620124110,2025-26,4,Maharashtra,GNTAO,GNTAO,HU,85.3851665,percentile,GNTAO | 4584 | 85.3851665 | Stage-I,129,Other Than Home University Seats Allotted to Other Than Home University Candidates,83812b72031e66163a533ea13432f252f3639fb6dfe4c9cd1edba18a7c4f4af8
088e3b17100f-PG_MCA_CAP4_Cutoff_All_Institutes_2025_26.pdf,6201,"Dr. D. Y. Patil School Of MCA, Lohegaon,Pune",0620124110,2025-26,4,Maharashtra,GOBCO,GOBCO,HU,82.8308366,percentile,GOBCO | 6070 | 82.8308366 | Stage-I,129,Other Than Home University Seats Allotted to Other Than Home University Candidates,de32a6d905c6ebedcd768c6fbd1db3dd2dfdec97e9168cd1a5119a6c7a99bf59
088e3b17100f-PG_MCA_CAP4_Cutoff_All_Institutes_2025_26.pdf,6206,"Pune District Education Association's College of Engineering, Manjari(Bk), Hadapsar, Pune",0620624110,2025-26,4,Maharashtra,GOPENH,GOPENH,HU,67.3579428,percentile,GOPENH | 10633 | 67.3579428 | Stage-I,130,Home University Seats Allotted to Home University Candidates,14fa946fba901ea09b4e18d160deed6330334dcf0d7565ca024a71082f3fd77b
088e3b17100f-PG_MCA_CAP4_Cutoff_All_Institutes_2025_26.pdf,6206,"Pune District Education Association's College of Engineering, Manjari(Bk), Hadapsar, Pune",0620624110,2025-26,4,Maharashtra,GSTH,GSTH,HU,63.1574978,percentile,GSTH | 12021 | 63.1574978 | Stage-I,130,Home University Seats Allotted to Home University Candidates,e02cf1e681ef736e67f8f90aa1397b0b5de4ddb129ead56c2b1f33029cf190d4
088e3b17100f-PG_MCA_CAP4_Cutoff_All_Institutes_2025_26.pdf,6206,"Pune District Education Association's College of Engineering, Manjari(Bk), Hadapsar, Pune",0620624110,2025-26,4,Maharashtra,GOBCH,GOBCH,HU,36.496736,percentile,GOBCH | 18709 | 36.496736 | Stage-I,130,Home University Seats Allotted to Home University Candidates,3f5a9b3c46582281c7b45cc403fcd70d67d7a68e2e80596ddb211d8a811a2ec8
088e3b17100f-PG_MCA_CAP4_Cutoff_All_Institutes_2025_26.pdf,6206,"Pune District Education Association's College of Engineering, Manjari(Bk), Hadapsar, Pune",0620624110,2025-26,4,Maharashtra,GOPENO,GOPENO,HU,74.782248,percentile,GOPENO | 8399 | 74.782248 | Stage-I,130,Other Than Home University Seats Allotted to Other Than Home University Candidates,63655d417a2444352c17efd2bf23930b44cdd7af7d8d72887144b6271eecb7d1
088e3b17100f-PG_MCA_CAP4_Cutoff_All_Institutes_2025_26.pdf,6206,"Pune District Education Association's College of Engineering, Manjari(Bk), Hadapsar, Pune",0620624110,2025-26,4,Maharashtra,GSTO,GSTO,HU,73.5368477,percentile,GSTO | 8927 | 73.5368477 | Stage-I,130,Other Than Home University Seats Allotted to Other Than Home University Candidates,01bf5a626f069e4e4e2a3991b9df2342f200a3a11f5a110ac0708a3b537aa4df
088e3b17100f-PG_MCA_CAP4_Cutoff_All_Institutes_2025_26.pdf,6206,"Pune District Education Association's College of Engineering, Manjari(Bk), Hadapsar, Pune",0620624110,2025-26,4,Maharashtra,GOBCO,GOBCO,HU,65.8578922,percentile,GOBCO | 11033 | 65.8578922 | Stage-I,130,Other Than Home University Seats Allotted to Other Than Home University Candidates,b9fd09bc67b469c40966235e904bf1a071f73d3102d89b30f5a81823fbbc19c2
088e3b17100f-PG_MCA_CAP4_Cutoff_All_Institutes_2025_26.pdf,6208,"Deccan Education Society's Chintamanrao Institute of Management Development & Research, Sangli",0620824110,2025-26,4,Maharashtra,GOPENO,GOPENO,HU,7.9446476,percentile,GOPENO | 24191 | 7.9446476 | Stage-I,131,Other Than Home University Seats Allotted to Other Than Home University Candidates,1954168822d432f12124a637876c26261a450c540022526cfb045c037dbff2f4
088e3b17100f-PG_MCA_CAP4_Cutoff_All_Institutes_2025_26.pdf,6208,"Deccan Education Society's Chintamanrao Institute of Management Development & Research, Sangli",0620824110,2025-26,4,Maharashtra,GOPENO,GOPENO,HU,58.7911466,percentile,GOPENO | 13156 | 58.7911466 | Stage-I,131,Other Than Home University Seats Allotted to Home University Candidates,c6eb92cbae48e248e065b164ef7cdf7f03af1a00e4613fa5c07451109faf851a
088e3b17100f-PG_MCA_CAP4_Cutoff_All_Institutes_2025_26.pdf,6208,"Deccan Education Society's Chintamanrao Institute of Management Development & Research, Sangli",0620824110,2025-26,4,Maharashtra,GSCO,GSCO,HU,53.942159,percentile,GSCO | 14517 | 53.942159 | Stage-I,131,Other Than Home University Seats Allotted to Home University Candidates,a3c711d271746ecf19a96f45736624b67654957ff335710cd953a5cb6602d543
088e3b17100f-PG_MCA_CAP4_Cutoff_All_Institutes_2025_26.pdf,6208,"Deccan Education Society's Chintamanrao Institute of Management Development & Research, Sangli",0620824110,2025-26,4,Maharashtra,GNTBO,GNTBO,HU,36.496736,percentile,GNTBO | 18488 | 36.496736 | Stage-I,131,Other Than Home University Seats Allotted to Home University Candidates,6c75d5bd8e2cf91a6652c5adcada497f1cd9ce9725bfa38602df2badb3c1a4c3
088e3b17100f-PG_MCA_CAP4_Cutoff_All_Institutes_2025_26.pdf,6212,"KIT's Institute of Management Education & Research, Kolhapur",0621224110,2025-26,4,Maharashtra,GSTH,GSTH,HU,89.1966341,percentile,GSTH | 3543 | 89.1966341 | Stage-IV,132,Home University Seats Allotted to Home University Candidates,4331b5c8cf97aa70ff1e57b51d734093321ab43d1a22d32bfedb6519f804e059
088e3b17100f-PG_MCA_CAP4_Cutoff_All_Institutes_2025_26.pdf,6213,"Chh. Shahu Institute Of Business Edu And Res Vasantraodada Patil Institute Of Management Studies & Research, Sangli",0621324110,2025-26,4,Maharashtra,GSTH,GSTH,HU,51.4093808,percentile,GSTH | 15087 | 51.4093808 | Stage-IV,133,Home University Seats Allotted to Home University Candidates,65eb08567697513b8f8c676b0cfeb8fa8b2ff8f4a2cc36ff0269b56f10ee0626
088e3b17100f-PG_MCA_CAP4_Cutoff_All_Institutes_2025_26.pdf,6213,"Chh. Shahu Institute Of Business Edu And Res Vasantraodada Patil Institute Of Management Studies & Research, Sangli",0621324110,2025-26,4,Maharashtra,GOPENO,GOPENO,HU,74.782248,percentile,GOPENO | 8384 | 74.782248 | Stage-I,133,Other Than Home University Seats Allotted to Home University Candidates,98fde1951be8085536fcaf265393f48eb10ca6be4032c8aec07c63224f3aef86
088e3b17100f-PG_MCA_CAP4_Cutoff_All_Institutes_2025_26.pdf,6213,"Chh. Shahu Institute Of Business Edu And Res Vasantraodada Patil Institute Of Management Studies & Research, Sangli",0621324110,2025-26,4,Maharashtra,GSCO,GSCO,HU,46.3793819,percentile,GSCO | 16352 | 46.3793819 | Stage-I,133,Other Than Home University Seats Allotted to Home University Candidates,069acb00066a15bf4069f1b49a51ae5ef775b74fe5c3e3088f54cb8da461840b
088e3b17100f-PG_MCA_CAP4_Cutoff_All_Institutes_2025_26.pdf,6214,"K. E. Society's Rajarambapu Institute of Technology, Walwa, Sangli",0621424110,2025-26,4,Maharashtra,GSCH,GSCH,HU,67.3579428,percentile,GSCH | 10544 | 67.3579428 | Stage-IV,134,Home University Seats Allotted to Home University Candidates,09911f374bbcab97b35656c90cd2415d5b330d8494b16f92814e9a1f6608ab68
088e3b17100f-PG_MCA_CAP4_Cutoff_All_Institutes_2025_26.pdf,6214,"K. E. Society's Rajarambapu Institute of Technology, Walwa, Sangli",0621424110,2025-26,4,Maharashtra,GNTCH,GNTCH,HU,65.8578922,percentile,GNTCH | 11094 | 65.8578922 | Stage-IV,134,Home University Seats Allotted to Home University Candidates,f3f07479fbb89856a2c14ccc83f450c5919d4f3392708cf4084a6e27327cb92a
088e3b17100f-PG_MCA_CAP4_Cutoff_All_Institutes_2025_26.pdf,6214,"K. E. Society's Rajarambapu Institute of Technology, Walwa, Sangli",0621424110,2025-26,4,Maharashtra,GNTDH,GNTDH,HU,71.1549338,percentile,GNTDH | 9466 | 71.1549338 | Stage-IV,134,Home University Seats Allotted to Home University Candidates,896f250e10e8f5e2cceaac5fa8cab4379639d0adc2761542ff7bc2c034ec8a24
088e3b17100f-PG_MCA_CAP4_Cutoff_All_Institutes_2025_26.pdf,6219,"KSGBS's Bharat- Ratna Indira Gandhi College of Engineering, Kegaon, Solapur",0621924110,2025-26,4,Maharashtra,GOPENO,GOPENO,HU,2.0662871,percentile,GOPENO | 25179 | 2.0662871 | Stage-I,135,Other Than Home University Seats Allotted to Other Than Home University Candidates,c4b697b40787273cec7450354cb7daf978f36b11a29cacd7a7f761221b723c96
088e3b17100f-PG_MCA_CAP4_Cutoff_All_Institutes_2025_26.pdf,6219,"KSGBS's Bharat- Ratna Indira Gandhi College of Engineering, Kegaon, Solapur",0621924110,2025-26,4,Maharashtra,GOPENO,GOPENO,HU,36.496736,percentile,GOPENO | 18487 | 36.496736 | Stage-I,135,Other Than Home University Seats Allotted to Home University Candidates,1386d2f2cccee9522006084e0f204f1062164f2dfd4c3bdf50aa0362f8438893
088e3b17100f-PG_MCA_CAP4_Cutoff_All_Institutes_2025_26.pdf,6220,"SVERI's College of Engineering, Pandharpur",0622024110,2025-26,4,Maharashtra,GOPENH,GOPENH,HU,67.3579428,percentile,GOPENH | 10189 | 67.3579428 | Stage-I,136,Home University Seats Allotted to Home University Candidates,6f57600c89c11b82db04814bae17e17980c0e8d429475c8735ed257aa232498f
088e3b17100f-PG_MCA_CAP4_Cutoff_All_Institutes_2025_26.pdf,6220,"SVERI's College of Engineering, Pandharpur",0622024110,2025-26,4,Maharashtra,GSCH,GSCH,HU,34.5198145,percentile,GSCH | 19327 | 34.5198145 | Stage-I,136,Home University Seats Allotted to Home University Candidates,204d2e8480cd0f95b493df67a224010d92421e9b0b08a2f037761d117a408f96
088e3b17100f-PG_MCA_CAP4_Cutoff_All_Institutes_2025_26.pdf,6220,"SVERI's College of Engineering, Pandharpur",0622024110,2025-26,4,Maharashtra,GOBCH,GOBCH,HU,25.4779232,percentile,GOBCH | 20888 | 25.4779232 | Stage-I,136,Home University Seats Allotted to Home University Candidates,f70e6860c43eb77d2a07f8c266ec81cb011acb34c46703e6cfdab625a04f7ef5
088e3b17100f-PG_MCA_CAP4_Cutoff_All_Institutes_2025_26.pdf,6220,"SVERI's College of Engineering, Pandharpur",0622024110,2025-26,4,Maharashtra,GOBCO,GOBCO,HU,58.7911466,percentile,GOBCO | 12739 | 58.7911466 | Stage-I,136,Other Than Home University Seats Allotted to Other Than Home University Candidates,0fe9cf9a92b260a0b265af8f96fdcd803e3f48f0a2d48bff0638b64be3e78f2b
088e3b17100f-PG_MCA_CAP4_Cutoff_All_Institutes_2025_26.pdf,6220,"SVERI's College of Engineering, Pandharpur",0622024110,2025-26,4,Maharashtra,GOBCO,GOBCO,HU,13.5402134,percentile,GOBCO | 23174 | 13.5402134 | Stage-I,136,Other Than Home University Seats Allotted to Home University Candidates,b2cf29ed4e20e60b427ce80e0e8ee131f488375e30cf43b136e6d12386ac170c
088e3b17100f-PG_MCA_CAP4_Cutoff_All_Institutes_2025_26.pdf,6222,"Dattajirao Kadam Technical Education Society's Textile & Engineering Institute, Ichalkaranji.",0622224110,2025-26,4,Maharashtra,GSTO,GSTO,HU,67.3579428,percentile,GSTO | 10421 | 67.3579428 | Stage-IV,137,Other Than Home University Seats Allotted to Home University Candidates,511a2beac07f5bea57d670360fa34a8f7454081093384718473c20946d4981d9
088e3b17100f-PG_MCA_CAP4_Cutoff_All_Institutes_2025_26.pdf,6228,"Dr. D. Y. Patil Pratishthan's D.Y.Patil Institute of Master of Computer Applications and Management, Akurdi, Pune",0622824110,2025-26,4,Maharashtra,GOPENH,GOPENH,HU,95.5548847,percentile,GOPENH | 1248 | 95.5548847 | Stage-I,138,Home University Seats Allotted to Home University Candidates,30bf8810bec3d94d248bab74d3204c5db53c1b40f4be02bb6e1f5522640c7300
088e3b17100f-PG_MCA_CAP4_Cutoff_All_Institutes_2025_26.pdf,6228,"Dr. D. Y. Patil Pratishthan's D.Y.Patil Institute of Master of Computer Applications and Management, Akurdi, Pune",0622824110,2025-26,4,Maharashtra,GSCH,GSCH,HU,82.8308366,percentile,GSCH | 6043 | 82.8308366 | Stage-I,138,Home University Seats Allotted to Home University Candidates,9c58897a8dfcd87e8b8c6091b2d4eaf7c0c99f6c8f936ee1002e1ef99d6a6490
088e3b17100f-PG_MCA_CAP4_Cutoff_All_Institutes_2025_26.pdf,6228,"Dr. D. Y. Patil Pratishthan's D.Y.Patil Institute of Master of Computer Applications and Management, Akurdi, Pune",0622824110,2025-26,4,Maharashtra,GNTBH,GNTBH,HU,76.9216256,percentile,GNTBH | 7505 | 76.9216256 | Stage-I,138,Home University Seats Allotted to Home University Candidates,f88155a46c7b23c2848757c6058cc49d71a3bb44798fe28daadc4832764e01ef
088e3b17100f-PG_MCA_CAP4_Cutoff_All_Institutes_2025_26.pdf,6228,"Dr. D. Y. Patil Pratishthan's D.Y.Patil Institute of Master of Computer Applications and Management, Akurdi, Pune",0622824110,2025-26,4,Maharashtra,GSEBCH,GSEBCH,HU,85.3851665,percentile,GSEBCH | 4526 | 85.3851665 | Stage-I,138,Home University Seats Allotted to Home University Candidates,e0783f688607181161f280bcf24a64065b19c0e44611793c1f6de8a8fd2eac79
088e3b17100f-PG_MCA_CAP4_Cutoff_All_Institutes_2025_26.pdf,6228,"Dr. D. Y. Patil Pratishthan's D.Y.Patil Institute of Master of Computer Applications and Management, Akurdi, Pune",0622824110,2025-26,4,Maharashtra,GNTAH,GNTAH,HU,89.1966341,percentile,GNTAH | 3251 | 89.1966341 | Stage-I,138,Home University Seats Allotted to Other Than Home University Candidates,2d6d3ccd1def6b38dc6aa2638ba0250b1d355286bf42aff59d0a8f9e44b41d03
088e3b17100f-PG_MCA_CAP4_Cutoff_All_Institutes_2025_26.pdf,6228,"Dr. D. Y. Patil Pratishthan's D.Y.Patil Institute of Master of Computer Applications and Management, Akurdi, Pune",0622824110,2025-26,4,Maharashtra,GSCO,GSCO,HU,93.5511867,percentile,GSCO | 1850 | 93.5511867 | Stage-I,138,Other Than Home University Seats Allotted to Other Than Home University Candidates,97850e85bb7d5e7ea5dc6315f0e367fb22eaee5ffd9c0f7f22d25d100b8371eb
088e3b17100f-PG_MCA_CAP4_Cutoff_All_Institutes_2025_26.pdf,6228,"Dr. D. Y. Patil Pratishthan's D.Y.Patil Institute of Master of Computer Applications and Management, Akurdi, Pune",0622824110,2025-26,4,Maharashtra,TFWS,TFWS,SL,98.5181554,percentile,TFWS | 360 | 98.5181554 | Stage-I,138,Other Than Home University Seats Allotted to Other Than Home University Candidates,06d239dca20514787e25533e6ef14d18ec8eb94278acefbe41b656d79e6fe545
088e3b17100f-PG_MCA_CAP4_Cutoff_All_Institutes_2025_26.pdf,6231,"Sinhgad Technical Education Society's Sinhgad Institute of Management ,Vadgaon(Budruk),Pune",0623124110,2025-26,4,Maharashtra,GOPENH,GOPENH,HU,90.7733494,percentile,GOPENH | 3069 | 90.7733494 | Stage-I,139,Home University Seats Allotted to Home University Candidates,d167da41379f1bb5a47aebafcdf4cf44a1f839beb434bcd1b1ab622ac7af6daf
088e3b17100f-PG_MCA_CAP4_Cutoff_All_Institutes_2025_26.pdf,6231,"Sinhgad Technical Education Society's Sinhgad Institute of Management ,Vadgaon(Budruk),Pune",0623124110,2025-26,4,Maharashtra,GSCH,GSCH,HU,36.496736,percentile,GSCH | 18265 | 36.496736 | Stage-I,139,Home University Seats Allotted to Home University Candidates,591c0f999347982e5c637420359ea874e3934dacad5542e7a411b97d79c3ee5b
088e3b17100f-PG_MCA_CAP4_Cutoff_All_Institutes_2025_26.pdf,6231,"Sinhgad Technical Education Society's Sinhgad Institute of Management ,Vadgaon(Budruk),Pune",0623124110,2025-26,4,Maharashtra,GSTH,GSTH,HU,87.3496474,percentile,GSTH | 3967 | 87.3496474 | Stage-I,139,Home University Seats Allotted to Home University Candidates,6a6f4f8fecc78b2cbd62e19511b3f320c8698670b7b34024cd8cb75696b6991c
088e3b17100f-PG_MCA_CAP4_Cutoff_All_Institutes_2025_26.pdf,6231,"Sinhgad Technical Education Society's Sinhgad Institute of Management ,Vadgaon(Budruk),Pune",0623124110,2025-26,4,Maharashtra,GOBCH,GOBCH,HU,82.9644433,percentile,GOBCH | 5242 | 82.9644433 | Stage-I,139,Home University Seats Allotted to Home University Candidates,5a33a9920c4a2018c19717d856e5496a9995ecf70a1f2a075135de7a96cd5fdb
088e3b17100f-PG_MCA_CAP4_Cutoff_All_Institutes_2025_26.pdf,6231,"Sinhgad Technical Education Society's Sinhgad Institute of Management ,Vadgaon(Budruk),Pune",0623124110,2025-26,4,Maharashtra,GOPENO,GOPENO,HU,92.3361383,percentile,GOPENO | 2337 | 92.3361383 | Stage-I,139,Other Than Home University Seats Allotted to Other Than Home University Candidates,5d4a28b94024a9e22240022e05b17b6bd67d661be3df11bb81ae68fdf8c3d9b9
088e3b17100f-PG_MCA_CAP4_Cutoff_All_Institutes_2025_26.pdf,6231,"Sinhgad Technical Education Society's Sinhgad Institute of Management ,Vadgaon(Budruk),Pune",0623124110,2025-26,4,Maharashtra,EWS,EWS,SL,87.3496474,percentile,EWS | 4026 | 87.3496474 | Stage-I,139,Other Than Home University Seats Allotted to Other Than Home University Candidates,fe6160196f7570e613ec8e15e4f6ce8abada4a060d060c4001de87bf4e5c2d8c
088e3b17100f-PG_MCA_CAP4_Cutoff_All_Institutes_2025_26.pdf,6231,"Sinhgad Technical Education Society's Sinhgad Institute of Management ,Vadgaon(Budruk),Pune",0623124110,2025-26,4,Maharashtra,TFWS,TFWS,SL,96.828928,percentile,TFWS | 925 | 96.828928 | Stage-I,139,Other Than Home University Seats Allotted to Other Than Home University Candidates,df2c21f7a4f88c06c2b3d2317a5f8aae88154ca6afbf20adcc92f5ac2efaeea6
088e3b17100f-PG_MCA_CAP4_Cutoff_All_Institutes_2025_26.pdf,6232,"Maharashtra Education Society's Institute of Management and Career Courses (IMCC), Pune",0623224110,2025-26,4,Maharashtra,GOPENH,GOPENH,HU,94.4270578,percentile,GOPENH | 1666 | 94.4270578 | Stage-I,140,Home University Seats Allotted to Home University Candidates,8308579aad51af2551c681f26700a20cac66da39316baeb35037b9bc9519bdb3
088e3b17100f-PG_MCA_CAP4_Cutoff_All_Institutes_2025_26.pdf,6232,"Maharashtra Education Society's Institute of Management and Career Courses (IMCC), Pune",0623224110,2025-26,4,Maharashtra,GSCH,GSCH,HU,73.5368477,percentile,GSCH | 8652 | 73.5368477 | Stage-I,140,Home University Seats Allotted to Home University Candidates,c80e3e9065979e79f2633aaed897b014785da4d3c734bbae10b5ba379c514197
088e3b17100f-PG_MCA_CAP4_Cutoff_All_Institutes_2025_26.pdf,6232,"Maharashtra Education Society's Institute of Management and Career Courses (IMCC), Pune",0623224110,2025-26,4,Maharashtra,GOBCH,GOBCH,HU,92.3361383,percentile,GOBCH | 2219 | 92.3361383 | Stage-I,140,Home University Seats Allotted to Home University Candidates,cc441edeadaf94a21ca70e2040cc2d0270a3d5d6657f066b4fc5a806a4dc1ee3
088e3b17100f-PG_MCA_CAP4_Cutoff_All_Institutes_2025_26.pdf,6232,"Maharashtra Education Society's Institute of Management and Career Courses (IMCC), Pune",0623224110,2025-26,4,Maharashtra,GOPENO,GOPENO,HU,95.2942951,percentile,GOPENO | 1448 | 95.2942951 | Stage-I,140,Other Than Home University Seats Allotted to Other Than Home University Candidates,c80af5183c03d5563c8b5fc603a461337b01912606c12c3b66a0366e05b22f34
088e3b17100f-PG_MCA_CAP4_Cutoff_All_Institutes_2025_26.pdf,6232,"Maharashtra Education Society's Institute of Management and Career Courses (IMCC), Pune",0623224110,2025-26,4,Maharashtra,EWS,EWS,SL,96.392589,percentile,EWS | 1031 | 96.392589 | Stage-I,140,Other Than Home University Seats Allotted to Other Than Home University Candidates,0b56e7b1effb1f989a2dc2f251b0d6f092ae00a054444023d34af09374f540db
088e3b17100f-PG_MCA_CAP4_Cutoff_All_Institutes_2025_26.pdf,6232,"Maharashtra Education Society's Institute of Management and Career Courses (IMCC), Pune",0623224110,2025-26,4,Maharashtra,TFWS,TFWS,SL,98.0566771,percentile,TFWS | 499 | 98.0566771 | Stage-I,140,Other Than Home University Seats Allotted to Other Than Home University Candidates,8325d025aa868867bb5a69a0872b682bd86d13213ad31d144cc4e73052c63407
088e3b17100f-PG_MCA_CAP4_Cutoff_All_Institutes_2025_26.pdf,6236,"Sinhgad Technical Education Society's , Sinhgad Institute of Business Administration & Research, Kondhawa-Saswad Road, Pune",0623624110,2025-26,4,Maharashtra,GOPENH,GOPENH,HU,77.8251197,percentile,GOPENH | 7201 | 77.8251197 | Stage-I,141,Home University Seats Allotted to Home University Candidates,6985ff862f171a31bbc06163502e28e34397ef1377c81a95dd8b6036e4cf2c84
088e3b17100f-PG_MCA_CAP4_Cutoff_All_Institutes_2025_26.pdf,6236,"Sinhgad Technical Education Society's , Sinhgad Institute of Business Administration & Research, Kondhawa-Saswad Road, Pune",0623624110,2025-26,4,Maharashtra,GSCH,GSCH,HU,21.0059952,percentile,GSCH | 21867 | 21.0059952 | Stage-I,141,Home University Seats Allotted to Home University Candidates,efa3b933c5d292ad02db1412c382f96ba97b8897ad5a82e9d153daab3e467dc6
088e3b17100f-PG_MCA_CAP4_Cutoff_All_Institutes_2025_26.pdf,6236,"Sinhgad Technical Education Society's , Sinhgad Institute of Business Administration & Research, Kondhawa-Saswad Road, Pune",0623624110,2025-26,4,Maharashtra,GSTH,GSTH,HU,74.782248,percentile,GSTH | 8196 | 74.782248 | Stage-I,141,Home University Seats Allotted to Home University Candidates,f44aeb3b0853c73e86ff3dc80949480035386b64e6f65a57937b518246dc3a16
088e3b17100f-PG_MCA_CAP4_Cutoff_All_Institutes_2025_26.pdf,6236,"Sinhgad Technical Education Society's , Sinhgad Institute of Business Administration & Research, Kondhawa-Saswad Road, Pune",0623624110,2025-26,4,Maharashtra,GNTBH,GNTBH,HU,71.1549338,percentile,GNTBH | 9319 | 71.1549338 | Stage-I,141,Home University Seats Allotted to Home University Candidates,5b8e11aedbd71a47d65ecd06ffe5367a302154d6bb5c12ec06e97b0c1351b819
088e3b17100f-PG_MCA_CAP4_Cutoff_All_Institutes_2025_26.pdf,6236,"Sinhgad Technical Education Society's , Sinhgad Institute of Business Administration & Research, Kondhawa-Saswad Road, Pune",0623624110,2025-26,4,Maharashtra,GOBCH,GOBCH,HU,61.2807064,percentile,GOBCH | 12392 | 61.2807064 | Stage-I,141,Home University Seats Allotted to Home University Candidates,3c0f84b4bf2b3131ca46aa352295a6aba7968712114c0d4a883f5564ceef39a3
088e3b17100f-PG_MCA_CAP4_Cutoff_All_Institutes_2025_26.pdf,6236,"Sinhgad Technical Education Society's , Sinhgad Institute of Business Administration & Research, Kondhawa-Saswad Road, Pune",0623624110,2025-26,4,Maharashtra,GOPENO,GOPENO,HU,80.5399495,percentile,GOPENO | 6300 | 80.5399495 | Stage-I,141,Other Than Home University Seats Allotted to Other Than Home University Candidates,da27c0a6b0046e4eabe8c188bfcdbd509d8f19faa426e99d93e1b641a040f78e
088e3b17100f-PG_MCA_CAP4_Cutoff_All_Institutes_2025_26.pdf,6236,"Sinhgad Technical Education Society's , Sinhgad Institute of Business Administration & Research, Kondhawa-Saswad Road, Pune",0623624110,2025-26,4,Maharashtra,GSCO,GSCO,HU,79.9969812,percentile,GSCO | 6512 | 79.9969812 | Stage-I,141,Other Than Home University Seats Allotted to Other Than Home University Candidates,eb08e637a5f69f2581db3f06acf3b1c478e48adf02c2235b95e18542b7a822e4
088e3b17100f-PG_MCA_CAP4_Cutoff_All_Institutes_2025_26.pdf,6236,"Sinhgad Technical Education Society's , Sinhgad Institute of Business Administration & Research, Kondhawa-Saswad Road, Pune",0623624110,2025-26,4,Maharashtra,GSTO,GSTO,HU,79.9969812,percentile,GSTO | 6507 | 79.9969812 | Stage-I,141,Other Than Home University Seats Allotted to Other Than Home University Candidates,2458ba6e3fe75af07ad61fccb07f38dd92dbffacad5f4d848f5077bd6ca6ed7f
088e3b17100f-PG_MCA_CAP4_Cutoff_All_Institutes_2025_26.pdf,6236,"Sinhgad Technical Education Society's , Sinhgad Institute of Business Administration & Research, Kondhawa-Saswad Road, Pune",0623624110,2025-26,4,Maharashtra,GOBCO,GOBCO,HU,73.5368477,percentile,GOBCO | 8968 | 73.5368477 | Stage-I,141,Other Than Home University Seats Allotted to Other Than Home University Candidates,f51ac1d262b486bf432b51d1423415053f2b1befb1bbb4b6591a3834ce199e72
088e3b17100f-PG_MCA_CAP4_Cutoff_All_Institutes_2025_26.pdf,6239,"Sinhgad Technical Education Society, Sinhgad Institute of Management & Computer Application, Narhe (Ambegaon), Pune",0623924110,2025-26,4,Maharashtra,GOPENH,GOPENH,HU,87.2080299,percentile,GOPENH | 4264 | 87.2080299 | Stage-I,142,Home University Seats Allotted to Home University Candidates,6c1422e9ccbdc8a6f444f9e6435ac845bc466976a25e7f5e89ed8a1d98e2ffdc
088e3b17100f-PG_MCA_CAP4_Cutoff_All_Institutes_2025_26.pdf,6239,"Sinhgad Technical Education Society, Sinhgad Institute of Management & Computer Application, Narhe (Ambegaon), Pune",0623924110,2025-26,4,Maharashtra,GSCH,GSCH,HU,53.942159,percentile,GSCH | 14001 | 53.942159 | Stage-I,142,Home University Seats Allotted to Home University Candidates,c9bffea9121a1dc7a2c3da1dd1615861bf954ead12c4de4e82fb2a1bbe0e176d
088e3b17100f-PG_MCA_CAP4_Cutoff_All_Institutes_2025_26.pdf,6239,"Sinhgad Technical Education Society, Sinhgad Institute of Management & Computer Application, Narhe (Ambegaon), Pune",0623924110,2025-26,4,Maharashtra,GSTH,GSTH,HU,49.3533426,percentile,GSTH | 15413 | 49.3533426 | Stage-I,142,Home University Seats Allotted to Home University Candidates,578f626dcd626f452f6eed5a9a601b6ec64cbc825cfc037649d99c3bfac352c2
088e3b17100f-PG_MCA_CAP4_Cutoff_All_Institutes_2025_26.pdf,6239,"Sinhgad Technical Education Society, Sinhgad Institute of Management & Computer Application, Narhe (Ambegaon), Pune",0623924110,2025-26,4,Maharashtra,GNTCH,GNTCH,HU,80.5399495,percentile,GNTCH | 6462 | 80.5399495 | Stage-I,142,Home University Seats Allotted to Home University Candidates,eef53f7d543620f4957bdbb35c3806fc2981e1ad035634d806b9634b26f6b17f
088e3b17100f-PG_MCA_CAP4_Cutoff_All_Institutes_2025_26.pdf,6239,"Sinhgad Technical Education Society, Sinhgad Institute of Management & Computer Application, Narhe (Ambegaon), Pune",0623924110,2025-26,4,Maharashtra,GOBCH,GOBCH,HU,63.1574978,percentile,GOBCH | 11968 | 63.1574978 | Stage-I,142,Home University Seats Allotted to Home University Candidates,5577d4559da6481be0393db5f5ab760dc36d423dc2bf9a4171ed081f300ce776
088e3b17100f-PG_MCA_CAP4_Cutoff_All_Institutes_2025_26.pdf,6239,"Sinhgad Technical Education Society, Sinhgad Institute of Management & Computer Application, Narhe (Ambegaon), Pune",0623924110,2025-26,4,Maharashtra,GOPENO,GOPENO,HU,87.2080299,percentile,GOPENO | 4236 | 87.2080299 | Stage-I,142,Other Than Home University Seats Allotted to Other Than Home University Candidates,cc77df7ea2f549a33bb15bf77b490cd9286aeb4d9fc75818e48c0ad1ca780715
088e3b17100f-PG_MCA_CAP4_Cutoff_All_Institutes_2025_26.pdf,6239,"Sinhgad Technical Education Society, Sinhgad Institute of Management & Computer Application, Narhe (Ambegaon), Pune",0623924110,2025-26,4,Maharashtra,GNTAO,GNTAO,HU,79.9969812,percentile,GNTAO | 6547 | 79.9969812 | Stage-I,142,Other Than Home University Seats Allotted to Other Than Home University Candidates,c79712c0e705e1114eeda012ebec306f498cfbdefefe1be7f4ee410a155958a7
088e3b17100f-PG_MCA_CAP4_Cutoff_All_Institutes_2025_26.pdf,6239,"Sinhgad Technical Education Society, Sinhgad Institute of Management & Computer Application, Narhe (Ambegaon), Pune",0623924110,2025-26,4,Maharashtra,GOBCO,GOBCO,HU,85.3851665,percentile,GOBCO | 4766 | 85.3851665 | Stage-I,142,Other Than Home University Seats Allotted to Other Than Home University Candidates,833e4a5bc21255a1466429406da1369d91560601411d0decff33ca77a4678504
088e3b17100f-PG_MCA_CAP4_Cutoff_All_Institutes_2025_26.pdf,6239,"Sinhgad Technical Education Society, Sinhgad Institute of Management & Computer Application, Narhe (Ambegaon), Pune",0623924110,2025-26,4,Maharashtra,GSEBCO,GSEBCO,HU,82.8308366,percentile,GSEBCO | 5987 | 82.8308366 | Stage-I,142,Other Than Home University Seats Allotted to Other Than Home University Candidates,2262050825684cffdd226f6f4ccf4d4a2e61b4886aa06495c447473fb5fc29a3
088e3b17100f-PG_MCA_CAP4_Cutoff_All_Institutes_2025_26.pdf,6240,"Siddhant Institute Of Computer Application, Sudambare",0624024110,2025-26,4,Maharashtra,GOPENH,GOPENH,HU,56.5488095,percentile,GOPENH | 13597 | 56.5488095 | Stage-I,143,Home University Seats Allotted to Home University Candidates,32c5a387a65da2db608547f07c88212ceed5170d3a1bfc048647c602ce26f842
088e3b17100f-PG_MCA_CAP4_Cutoff_All_Institutes_2025_26.pdf,6240,"Siddhant Institute Of Computer Application, Sudambare",0624024110,2025-26,4,Maharashtra,GOPENO,GOPENO,HU,76.9216256,percentile,GOPENO | 7875 | 76.9216256 | Stage-I,143,Other Than Home University Seats Allotted to Other Than Home University Candidates,0878a77f697b660acc5ea6e98bb2f31a1f376c0901fe2357a964ec63d29d5ab7
088e3b17100f-PG_MCA_CAP4_Cutoff_All_Institutes_2025_26.pdf,6240,"Siddhant Institute Of Computer Application, Sudambare",0624024110,2025-26,4,Maharashtra,MI-MH,MI-MH,MI,51.4093808,percentile,MI-MH | 14650 | 51.4093808 | Stage-MI-MH,143,Minority Seats : Minority Seats Allotted to Non Minority Candidates,b0707a8080f9574eab23c7e35a5ec666ceae03629782f0cc73dd61b9ea803cd3
088e3b17100f-PG_MCA_CAP4_Cutoff_All_Institutes_2025_26.pdf,6248,"KFS - Krishna Institute of Computer Application & Management, Wathar",0624824110,2025-26,4,Maharashtra,GOPENH,GOPENH,HU,63.1574978,percentile,GOPENH | 11732 | 63.1574978 | Stage-I,144,Home University Seats Allotted to Home University Candidates,69d49db0c13259ea7d007af8c8e2b41d547fb96249e0e446a2d184e976ff68ea
088e3b17100f-PG_MCA_CAP4_Cutoff_All_Institutes_2025_26.pdf,6248,"KFS - Krishna Institute of Computer Application & Management, Wathar",0624824110,2025-26,4,Maharashtra,GSCH,GSCH,HU,41.4550394,percentile,GSCH | 17267 | 41.4550394 | Stage-I,144,Home University Seats Allotted to Home University Candidates,393c8c663db3a9c50eae51ee61721400f9f98b1253a4cc49699f5f96aac8cbfb
088e3b17100f-PG_MCA_CAP4_Cutoff_All_Institutes_2025_26.pdf,6248,"KFS - Krishna Institute of Computer Application & Management, Wathar",0624824110,2025-26,4,Maharashtra,GSTH,GSTH,HU,39.3989669,percentile,GSTH | 18103 | 39.3989669 | Stage-I,144,Home University Seats Allotted to Home University Candidates,8bc7f289401b00311b49bb413d66c56cb855e051ea138756aaec9136f1861a08
088e3b17100f-PG_MCA_CAP4_Cutoff_All_Institutes_2025_26.pdf,6248,"KFS - Krishna Institute of Computer Application & Management, Wathar",0624824110,2025-26,4,Maharashtra,GOPENO,GOPENO,HU,12.4750009,percentile,GOPENO | 23512 | 12.4750009 | Stage-I,144,Other Than Home University Seats Allotted to Other Than Home University Candidates,51f5e0fe1e36d8670ad8588635c008d7b3fbc9216c59c72d922a5f956c0c450c
088e3b17100f-PG_MCA_CAP4_Cutoff_All_Institutes_2025_26.pdf,6248,"KFS - Krishna Institute of Computer Application & Management, Wathar",0624824110,2025-26,4,Maharashtra,GOPENO,GOPENO,HU,36.496736,percentile,GOPENO | 18525 | 36.496736 | Stage-I,144,Other Than Home University Seats Allotted to Home University Candidates,419d633a74c7d342541df21e358a6cb2e2cc91f15cf9ec92f0459b598295d34d
088e3b17100f-PG_MCA_CAP4_Cutoff_All_Institutes_2025_26.pdf,6248,"KFS - Krishna Institute of Computer Application & Management, Wathar",0624824110,2025-26,4,Maharashtra,GOBCO,GOBCO,HU,31.6629561,percentile,GOBCO | 19396 | 31.6629561 | Stage-I,144,Other Than Home University Seats Allotted to Home University Candidates,0728df377f6a91968798b6cd9e25011fae63d735952099fc1a701d1166501502
088e3b17100f-PG_MCA_CAP4_Cutoff_All_Institutes_2025_26.pdf,6248,"KFS - Krishna Institute of Computer Application & Management, Wathar",0624824110,2025-26,4,Maharashtra,GSEBCO,GSEBCO,HU,16.9789978,percentile,GSEBCO | 22688 | 16.9789978 | Stage-I,144,Other Than Home University Seats Allotted to Home University Candidates,841bb9b8fe95e3969da4d77cab0e63881f5f466e4d1779f3192c439fed034905
088e3b17100f-PG_MCA_CAP4_Cutoff_All_Institutes_2025_26.pdf,6268,"Tatyasaheb Kore Institute of Engineering and Technology, Warananagar",0626824110,2025-26,4,Maharashtra,GOPENH,GOPENH,HU,53.942159,percentile,GOPENH | 14515 | 53.942159 | Stage-I,145,Home University Seats Allotted to Other Than Home University Candidates,a7c2456909c053897821eee8c239a3d758719bd38d1a4c12a8a392ae85cb5e87
088e3b17100f-PG_MCA_CAP4_Cutoff_All_Institutes_2025_26.pdf,6268,"Tatyasaheb Kore Institute of Engineering and Technology, Warananagar",0626824110,2025-26,4,Maharashtra,GSCH,GSCH,HU,49.3533426,percentile,GSCH | 15763 | 49.3533426 | Stage-I,145,Home University Seats Allotted to Other Than Home University Candidates,bdc98eff4bb742e7e6c258af200d01d2e3909244bb78aad851c750f09d0da943
088e3b17100f-PG_MCA_CAP4_Cutoff_All_Institutes_2025_26.pdf,6268,"Tatyasaheb Kore Institute of Engineering and Technology, Warananagar",0626824110,2025-26,4,Maharashtra,GOPENO,GOPENO,HU,67.3579428,percentile,GOPENO | 10559 | 67.3579428 | Stage-I,145,Other Than Home University Seats Allotted to Other Than Home University Candidates,2368d431fbd24855378276124f405435316af3e346d85c47cea7c93f0d6ac35e
088e3b17100f-PG_MCA_CAP4_Cutoff_All_Institutes_2025_26.pdf,6277,"Dr. J. J. Magdum Charitable Trust's Dr. J.J. Magdum College of Engineering, Jaysingpur",0627724110,2025-26,4,Maharashtra,GOPENH,GOPENH,HU,44.5345198,percentile,GOPENH | 16521 | 44.5345198 | Stage-I,146,Home University Seats Allotted to Home University Candidates,c1f9ec9f1eb7873cfc219b333fb24cb998c5df4b0ecd33749aeb9639f3afb793
088e3b17100f-PG_MCA_CAP4_Cutoff_All_Institutes_2025_26.pdf,6277,"Dr. J. J. Magdum Charitable Trust's Dr. J.J. Magdum College of Engineering, Jaysingpur",0627724110,2025-26,4,Maharashtra,GOPENO,GOPENO,HU,44.5345198,percentile,GOPENO | 16810 | 44.5345198 | Stage-I,146,Other Than Home University Seats Allotted to Home University Candidates,4e55967e6e5ab3edcc13165bebccf362c195e0e5a8da6cdfc214778c12f6449c
088e3b17100f-PG_MCA_CAP4_Cutoff_All_Institutes_2025_26.pdf,6310,"Nutan Maharashtra Vidya Prasarak Mandal, Nutan Maharashtra Institute of Engineering &Technology, Talegaon station, Pune",0631024110,2025-26,4,Maharashtra,GOPENH,GOPENH,HU,79.9969812,percentile,GOPENH | 6531 | 79.9969812 | Stage-I,147,Home University Seats Allotted to Home University Candidates,55f9183a68dcfc2ae01062ecc391f372982966d1d45949602dbec286475fc15c
088e3b17100f-PG_MCA_CAP4_Cutoff_All_Institutes_2025_26.pdf,6310,"Nutan Maharashtra Vidya Prasarak Mandal, Nutan Maharashtra Institute of Engineering &Technology, Talegaon station, Pune",0631024110,2025-26,4,Maharashtra,GOBCH,GOBCH,HU,63.1574978,percentile,GOBCH | 11777 | 63.1574978 | Stage-I,147,Home University Seats Allotted to Home University Candidates,224cb85c7afa9596a12cad827f18fac45a431b7206b05c6dd0c905992a59bc6c
088e3b17100f-PG_MCA_CAP4_Cutoff_All_Institutes_2025_26.pdf,6310,"Nutan Maharashtra Vidya Prasarak Mandal, Nutan Maharashtra Institute of Engineering &Technology, Talegaon station, Pune",0631024110,2025-26,4,Maharashtra,GSEBCH,GSEBCH,HU,29.9046039,percentile,GSEBCH | 20271 | 29.9046039 | Stage-I,147,Home University Seats Allotted to Home University Candidates,493a2febbdc6afbae3dd8a370814f4c431df81c56b23252208fab61da00c447a
088e3b17100f-PG_MCA_CAP4_Cutoff_All_Institutes_2025_26.pdf,6310,"Nutan Maharashtra Vidya Prasarak Mandal, Nutan Maharashtra Institute of Engineering &Technology, Talegaon station, Pune",0631024110,2025-26,4,Maharashtra,GOPENO,GOPENO,HU,87.3496474,percentile,GOPENO | 4011 | 87.3496474 | Stage-I,147,Other Than Home University Seats Allotted to Other Than Home University Candidates,e4c4f36e7f57f2bb2d5c26102580e7affc85b1779659291b99fee2e9309d402f
088e3b17100f-PG_MCA_CAP4_Cutoff_All_Institutes_2025_26.pdf,6310,"Nutan Maharashtra Vidya Prasarak Mandal, Nutan Maharashtra Institute of Engineering &Technology, Talegaon station, Pune",0631024110,2025-26,4,Maharashtra,GSCO,GSCO,HU,77.8251197,percentile,GSCO | 7015 | 77.8251197 | Stage-I,147,Other Than Home University Seats Allotted to Other Than Home University Candidates,088515ed0ede8f854eeb9a3b52e4820b92159c7d2bb08b31c6d55dcf18276f07
088e3b17100f-PG_MCA_CAP4_Cutoff_All_Institutes_2025_26.pdf,6310,"Nutan Maharashtra Vidya Prasarak Mandal, Nutan Maharashtra Institute of Engineering &Technology, Talegaon station, Pune",0631024110,2025-26,4,Maharashtra,GOBCO,GOBCO,HU,76.9216256,percentile,GOBCO | 7668 | 76.9216256 | Stage-I,147,Other Than Home University Seats Allotted to Other Than Home University Candidates,c56fd862fa7342fe1bcf1f4112d62e1b7f84459587723c026934f6ce7011bbda
088e3b17100f-PG_MCA_CAP4_Cutoff_All_Institutes_2025_26.pdf,6310,"Nutan Maharashtra Vidya Prasarak Mandal, Nutan Maharashtra Institute of Engineering &Technology, Talegaon station, Pune",0631024110,2025-26,4,Maharashtra,GSEBCO,GSEBCO,HU,71.1549338,percentile,GSEBCO | 9369 | 71.1549338 | Stage-I,147,Other Than Home University Seats Allotted to Other Than Home University Candidates,3b0f0c675ea0b7820d08d55bd1cf6a69a4036c7a8620a414a8bb2a8f4c702679
088e3b17100f-PG_MCA_CAP4_Cutoff_All_Institutes_2025_26.pdf,6319,"Shahajirao Patil Vikas Pratishthan, S.B.Patil College of Engineering, Vangali, Tal. Indapur",0631924110,2025-26,4,Maharashtra,GSTH,GSTH,HU,53.942159,percentile,GSTH | 14346 | 53.942159 | Stage-IV,148,Home University Seats Allotted to Home University Candidates,862ec9ef81ea137332e1d45947698f4861cb568f8532259dff32fbed34a0d3d1
088e3b17100f-PG_MCA_CAP4_Cutoff_All_Institutes_2025_26.pdf,6319,"Shahajirao Patil Vikas Pratishthan, S.B.Patil College of Engineering, Vangali, Tal. Indapur",0631924110,2025-26,4,Maharashtra,GSEBCH,GSEBCH,HU,31.6629561,percentile,GSEBCH | 19590 | 31.6629561 | Stage-I,148,Home University Seats Allotted to Other Than Home University Candidates,891e287ae98f613b7e0e1f6d1c60166d210f9d20f66940fae299a3cf2fd3c22f
088e3b17100f-PG_MCA_CAP4_Cutoff_All_Institutes_2025_26.pdf,6319,"Shahajirao Patil Vikas Pratishthan, S.B.Patil College of Engineering, Vangali, Tal. Indapur",0631924110,2025-26,4,Maharashtra,GSCO,GSCO,HU,53.942159,percentile,GSCO | 14566 | 53.942159 | Stage-IV,148,Other Than Home University Seats Allotted to Other Than Home University Candidates,d732a8217d037165966ead515ba852a41b2605dcb3ebd02b0e98fe665a037b37
088e3b17100f-PG_MCA_CAP4_Cutoff_All_Institutes_2025_26.pdf,6321,"Vidya Vikas Pratishthan Institute of Engineering and Technology, Solapur",0632124110,2025-26,4,Maharashtra,GOPENO,GOPENO,HU,53.942159,percentile,GOPENO | 14312 | 53.942159 | Stage-I,149,Other Than Home University Seats Allotted to Other Than Home University Candidates,7c2cb2b776c75a4452bab2446d2ac65938b3142ae23e0b88a3bd74c5b6efe99f
088e3b17100f-PG_MCA_CAP4_Cutoff_All_Institutes_2025_26.pdf,6321,"Vidya Vikas Pratishthan Institute of Engineering and Technology, Solapur",0632124110,2025-26,4,Maharashtra,GOPENO,GOPENO,HU,34.5198145,percentile,GOPENO | 18832 | 34.5198145 | Stage-I,149,Other Than Home University Seats Allotted to Home University Candidates,ce3bdb29293793fef09c98b4fb3c18560d284771c1f09cf701a774ff260ad91d
088e3b17100f-PG_MCA_CAP4_Cutoff_All_Institutes_2025_26.pdf,6467,"Swami Vivekanand Institute Of Technology, Solapur",0646724110,2025-26,4,Maharashtra,GOPENH,GOPENH,HU,7.4072677,percentile,GOPENH | 24341 | 7.4072677 | Stage-I,150,Home University Seats Allotted to Home University Candidates,ad8c0e858ef9a0f83f1f1bf1f2f9d13b59d801ba877266bdb8fbc230cca1d66f
088e3b17100f-PG_MCA_CAP4_Cutoff_All_Institutes_2025_26.pdf,6467,"Swami Vivekanand Institute Of Technology, Solapur",0646724110,2025-26,4,Maharashtra,GOPENO,GOPENO,HU,25.4779232,percentile,GOPENO | 21037 | 25.4779232 | Stage-I,150,Other Than Home University Seats Allotted to Other Than Home University Candidates,89846e844b64999b1664026f7036a31c509651e4dc3843454b951850782bff07
088e3b17100f-PG_MCA_CAP4_Cutoff_All_Institutes_2025_26.pdf,6545,"Samarth Education Trust's Arvind Gavali College Of Engineering Panwalewadi, Varye,Satara.",0654524110,2025-26,4,Maharashtra,GSCH,GSCH,HU,23.1010151,percentile,GSCH | 21555 | 23.1010151 | Stage-IV,151,Home University Seats Allotted to Home University Candidates,b026c814347d237fbd0c904ef2ba613173eec9efef2b1ac5d5d8c8b8760a4d57
088e3b17100f-PG_MCA_CAP4_Cutoff_All_Institutes_2025_26.pdf,6545,"Samarth Education Trust's Arvind Gavali College Of Engineering Panwalewadi, Varye,Satara.",0654524110,2025-26,4,Maharashtra,GNTCH,GNTCH,HU,27.2744425,percentile,GNTCH | 20701 | 27.2744425 | Stage-IV,151,Home University Seats Allotted to Home University Candidates,c8d566f69b4d04b2dfd634d826cc7826ede9e592b19f3d45b1c29fb7fc3a9180
088e3b17100f-PG_MCA_CAP4_Cutoff_All_Institutes_2025_26.pdf,6545,"Samarth Education Trust's Arvind Gavali College Of Engineering Panwalewadi, Varye,Satara.",0654524110,2025-26,4,Maharashtra,GOBCH,GOBCH,HU,25.4779232,percentile,GOBCH | 21126 | 25.4779232 | Stage-IV,151,Home University Seats Allotted to Home University Candidates,85e8ff621097209666443e56450e1b3ec4b565032ce26117bb62cba5b261366c
088e3b17100f-PG_MCA_CAP4_Cutoff_All_Institutes_2025_26.pdf,6545,"Samarth Education Trust's Arvind Gavali College Of Engineering Panwalewadi, Varye,Satara.",0654524110,2025-26,4,Maharashtra,GOPENO,GOPENO,HU,29.9046039,percentile,GOPENO | 20247 | 29.9046039 | Stage-I,151,Other Than Home University Seats Allotted to Home University Candidates,2fb415cb1d0312ce1fd956244b0d141b2179a77542639de91faa1a6cad5404e0
088e3b17100f-PG_MCA_CAP4_Cutoff_All_Institutes_2025_26.pdf,6547,"Suryadatta Educational Foundation, Suryadatta Institute of Management and Mass Communication, Pune",0654724110,2025-26,4,Maharashtra,GOPENH,GOPENH,HU,76.9216256,percentile,GOPENH | 7717 | 76.9216256 | Stage-I,152,Home University Seats Allotted to Home University Candidates,6971c2738c0eae04e02e7451627e47ef560aeb5bfa54bb59bd7efc176f9da4e2
088e3b17100f-PG_MCA_CAP4_Cutoff_All_Institutes_2025_26.pdf,6547,"Suryadatta Educational Foundation, Suryadatta Institute of Management and Mass Communication, Pune",0654724110,2025-26,4,Maharashtra,MI-MH,MI-MH,MI,79.9969812,percentile,MI-MH | 6933 | 79.9969812 | Stage-MI-MH,152,Minority Seats : Minority Seats Allotted to Non Minority Candidates,54d13f4bfcef8158515183b2eb0c15eaea171f24dc4be0a52ad7080ecb6bb8ce
088e3b17100f-PG_MCA_CAP4_Cutoff_All_Institutes_2025_26.pdf,6548,"Suryadatta Educational Foundation, Suryadatta Institute of Business Management and Technology, Pune",0654824110,2025-26,4,Maharashtra,GOPENH,GOPENH,HU,76.9216256,percentile,GOPENH | 7687 | 76.9216256 | Stage-I,153,Home University Seats Allotted to Home University Candidates,07604455d3db9c6836ffbbd069888691a1655e3fae30943f619df173ece81928
088e3b17100f-PG_MCA_CAP4_Cutoff_All_Institutes_2025_26.pdf,6548,"Suryadatta Educational Foundation, Suryadatta Institute of Business Management and Technology, Pune",0654824110,2025-26,4,Maharashtra,GOPENO,GOPENO,HU,79.9969812,percentile,GOPENO | 6617 | 79.9969812 | Stage-I,153,Other Than Home University Seats Allotted to Other Than Home University Candidates,52b498342a00315183b07869743b2e59c83368ac224e6d64b249400353973857
088e3b17100f-PG_MCA_CAP4_Cutoff_All_Institutes_2025_26.pdf,6548,"Suryadatta Educational Foundation, Suryadatta Institute of Business Management and Technology, Pune",0654824110,2025-26,4,Maharashtra,MI-MH,MI-MH,MI,67.3579428,percentile,MI-MH | 10396 | 67.3579428 | Stage-MI-MH,153,Minority Seats : Minority Seats Allotted to Non Minority Candidates,01465778fac6490763aa76792f28faaa4f042f6749d52c60289ac136139bc5ff
088e3b17100f-PG_MCA_CAP4_Cutoff_All_Institutes_2025_26.pdf,6614,"Sadhu Vaswani Institute Of Management Studies For Girls, Koregaon, Pune",0654824110,2025-26,4,Maharashtra,GOPENO,GOPENO,HU,63.1574978,percentile,GOPENO | 11676 | 63.1574978 | Stage-I,154,Other Than Home University Seats Allotted to Other Than Home University Candidates,5a6b743c6d3d62d4f1e812ccf436abec8584783564425a2579977e70d2ac6590
088e3b17100f-PG_MCA_CAP4_Cutoff_All_Institutes_2025_26.pdf,6614,"Sadhu Vaswani Institute Of Management Studies For Girls, Koregaon, Pune",0654824110,2025-26,4,Maharashtra,MI-MH,MI-MH,MI,65.8578922,percentile,MI-MH | 11370 | 65.8578922 | Stage-MI-MH,154,Minority Seats : Minority Seats Allotted to Non Minority Candidates,d5fdfd362116cf382121beeac19e0af042abaab68b4f401056eb67e798c332ee
088e3b17100f-PG_MCA_CAP4_Cutoff_All_Institutes_2025_26.pdf,6628,"Dattakala Group Of Institutions, Swami - Chincholi Tal. Daund Dist. Pune",0662824110,2025-26,4,Maharashtra,GOPENH,GOPENH,HU,58.7911466,percentile,GOPENH | 13264 | 58.7911466 | Stage-I,155,Home University Seats Allotted to Home University Candidates,2bc852d45e3776fb980435faff084963a55f28126a6bf207e99c81ff0a9f309f
088e3b17100f-PG_MCA_CAP4_Cutoff_All_Institutes_2025_26.pdf,6628,"Dattakala Group Of Institutions, Swami - Chincholi Tal. Daund Dist. Pune",0662824110,2025-26,4,Maharashtra,GSCH,GSCH,HU,51.4093808,percentile,GSCH | 15185 | 51.4093808 | Stage-I,155,Home University Seats Allotted to Home University Candidates,5e793e2287f5e8ecaf7571e87ff90cb94ee10daec8186afb6e837910019f41d9
088e3b17100f-PG_MCA_CAP4_Cutoff_All_Institutes_2025_26.pdf,6628,"Dattakala Group Of Institutions, Swami - Chincholi Tal. Daund Dist. Pune",0662824110,2025-26,4,Maharashtra,GSTH,GSTH,HU,46.3793819,percentile,GSTH | 16364 | 46.3793819 | Stage-I,155,Home University Seats Allotted to Home University Candidates,f0566a86004e5887156d42e52f9fa27b7557e842d302c0d763d845fed96baa1b
088e3b17100f-PG_MCA_CAP4_Cutoff_All_Institutes_2025_26.pdf,6628,"Dattakala Group Of Institutions, Swami - Chincholi Tal. Daund Dist. Pune",0662824110,2025-26,4,Maharashtra,GOPENO,GOPENO,HU,53.942159,percentile,GOPENO | 14337 | 53.942159 | Stage-I,155,Other Than Home University Seats Allotted to Other Than Home University Candidates,ed0ec976f5be81e0f8aa79469567086f0b8728fa7ea98a6e9b7ee6347fcd1ad4
088e3b17100f-PG_MCA_CAP4_Cutoff_All_Institutes_2025_26.pdf,6628,"Dattakala Group Of Institutions, Swami - Chincholi Tal. Daund Dist. Pune",0662824110,2025-26,4,Maharashtra,GSCO,GSCO,HU,31.6629561,percentile,GSCO | 19758 | 31.6629561 | Stage-I,155,Other Than Home University Seats Allotted to Other Than Home University Candidates,b6a06f74cb94ae1572df5ed0de3cdd8457967811f0b2054e1b103b20565c29d2
088e3b17100f-PG_MCA_CAP4_Cutoff_All_Institutes_2025_26.pdf,6628,"Dattakala Group Of Institutions, Swami - Chincholi Tal. Daund Dist. Pune",0662824110,2025-26,4,Maharashtra,GNTAO,GNTAO,HU,49.3533426,percentile,GNTAO | 15327 | 49.3533426 | Stage-I,155,Other Than Home University Seats Allotted to Other Than Home University Candidates,32c1fb16b9d6f50b54837c27b4b713f842d240d7aa235984eadfbd46a457c91c
088e3b17100f-PG_MCA_CAP4_Cutoff_All_Institutes_2025_26.pdf,6628,"Dattakala Group Of Institutions, Swami - Chincholi Tal. Daund Dist. Pune",0662824110,2025-26,4,Maharashtra,GOBCO,GOBCO,HU,34.5198145,percentile,GOBCO | 19200 | 34.5198145 | Stage-I,155,Other Than Home University Seats Allotted to Other Than Home University Candidates,0bb4f8a175f619a35e436870cd23af67ae0027a2078c501b1a2d63b9e01dd14d
088e3b17100f-PG_MCA_CAP4_Cutoff_All_Institutes_2025_26.pdf,6632,Navsahyadri Education Society's Group of Institutions,0663224110,2025-26,4,Maharashtra,GOPENH,GOPENH,HU,63.1574978,percentile,GOPENH | 11793 | 63.1574978 | Stage-I,156,Home University Seats Allotted to Home University Candidates,17440c083da70df76ef96b3ffd996d71fe531c8032cbd44ab2c652fbaf70ab88
088e3b17100f-PG_MCA_CAP4_Cutoff_All_Institutes_2025_26.pdf,6632,Navsahyadri Education Society's Group of Institutions,0663224110,2025-26,4,Maharashtra,GOBCH,GOBCH,HU,44.5345198,percentile,GOBCH | 16513 | 44.5345198 | Stage-I,156,Home University Seats Allotted to Home University Candidates,3b427aca48fa9c4c9b2247b2d07b859cd2bae442ad51816ac9e3e0b685e7fb4e
088e3b17100f-PG_MCA_CAP4_Cutoff_All_Institutes_2025_26.pdf,6632,Navsahyadri Education Society's Group of Institutions,0663224110,2025-26,4,Maharashtra,GNTBH,GNTBH,HU,56.5488095,percentile,GNTBH | 13593 | 56.5488095 | Stage-I,156,Home University Seats Allotted to Other Than Home University Candidates,de7f4ab4cdfad32bf150eb0a2f73ee121c2d453e066e79d8f599df2db4ee3fd3
088e3b17100f-PG_MCA_CAP4_Cutoff_All_Institutes_2025_26.pdf,6632,Navsahyadri Education Society's Group of Institutions,0663224110,2025-26,4,Maharashtra,GOPENO,GOPENO,HU,61.2807064,percentile,GOPENO | 12095 | 61.2807064 | Stage-I,156,Other Than Home University Seats Allotted to Other Than Home University Candidates,7af2bd89b4f33fad952303674d8c89126ae11f2973e58f0571e0462acb04fb08
088e3b17100f-PG_MCA_CAP4_Cutoff_All_Institutes_2025_26.pdf,6632,Navsahyadri Education Society's Group of Institutions,0663224110,2025-26,4,Maharashtra,GSCO,GSCO,HU,34.5198145,percentile,GSCO | 18864 | 34.5198145 | Stage-I,156,Other Than Home University Seats Allotted to Other Than Home University Candidates,f9a455373dc9472cc1644b6429e494e0b18d6232d530f664e01ed993ad153f56
088e3b17100f-PG_MCA_CAP4_Cutoff_All_Institutes_2025_26.pdf,6632,Navsahyadri Education Society's Group of Institutions,0663224110,2025-26,4,Maharashtra,GSTO,GSTO,HU,56.5488095,percentile,GSTO | 13913 | 56.5488095 | Stage-I,156,Other Than Home University Seats Allotted to Other Than Home University Candidates,065a5c97bbd97dc732ebd12e21df73cf718b886158f2a919a5fe89737972607a
088e3b17100f-PG_MCA_CAP4_Cutoff_All_Institutes_2025_26.pdf,6632,Navsahyadri Education Society's Group of Institutions,0663224110,2025-26,4,Maharashtra,GOBCO,GOBCO,HU,58.7911466,percentile,GOBCO | 13070 | 58.7911466 | Stage-I,156,Other Than Home University Seats Allotted to Other Than Home University Candidates,8445632c1bba0732e8ee64fe9a04f388e123cc587bacfd319dc3e1a0b4198244
088e3b17100f-PG_MCA_CAP4_Cutoff_All_Institutes_2025_26.pdf,6634,"KJEI's Trinity Academy of Engineering, Yewalewadi, Pune",0663424110,2025-26,4,Maharashtra,GOPENH,GOPENH,HU,67.3579428,percentile,GOPENH | 10456 | 67.3579428 | Stage-I,157,Home University Seats Allotted to Home University Candidates,ba6eab9ca141155afe718665aa90551d100bec41f89fcb804fa194d539d4ce68
088e3b17100f-PG_MCA_CAP4_Cutoff_All_Institutes_2025_26.pdf,6634,"KJEI's Trinity Academy of Engineering, Yewalewadi, Pune",0663424110,2025-26,4,Maharashtra,GSTH,GSTH,HU,36.496736,percentile,GSTH | 18466 | 36.496736 | Stage-I,157,Home University Seats Allotted to Home University Candidates,0352c4d545ce946687117d1f2a70d1aed39a202c87efa271b21fb61993533987
088e3b17100f-PG_MCA_CAP4_Cutoff_All_Institutes_2025_26.pdf,6634,"KJEI's Trinity Academy of Engineering, Yewalewadi, Pune",0663424110,2025-26,4,Maharashtra,GNTCH,GNTCH,HU,63.1574978,percentile,GNTCH | 11943 | 63.1574978 | Stage-I,157,Home University Seats Allotted to Home University Candidates,615af134a8a943af0dbc9fa6e910ba61f0e51b0f327445d24cffa2373656aea3
088e3b17100f-PG_MCA_CAP4_Cutoff_All_Institutes_2025_26.pdf,6634,"KJEI's Trinity Academy of Engineering, Yewalewadi, Pune",0663424110,2025-26,4,Maharashtra,GOBCH,GOBCH,HU,25.4779232,percentile,GOBCH | 21240 | 25.4779232 | Stage-I,157,Home University Seats Allotted to Home University Candidates,5ea5903fb722f499fedeac147803ae076287388184264ba826892348b6fb1a2c
088e3b17100f-PG_MCA_CAP4_Cutoff_All_Institutes_2025_26.pdf,6634,"KJEI's Trinity Academy of Engineering, Yewalewadi, Pune",0663424110,2025-26,4,Maharashtra,GSCH,GSCH,HU,49.3533426,percentile,GSCH | 15832 | 49.3533426 | Stage-I,157,Home University Seats Allotted to Other Than Home University Candidates,50957590dff100ac433af4ccab9396210c8de50d2fc4470407fb3ca5be535e22
088e3b17100f-PG_MCA_CAP4_Cutoff_All_Institutes_2025_26.pdf,6634,"KJEI's Trinity Academy of Engineering, Yewalewadi, Pune",0663424110,2025-26,4,Maharashtra,GOPENO,GOPENO,HU,77.8251197,percentile,GOPENO | 7128 | 77.8251197 | Stage-I,157,Other Than Home University Seats Allotted to Other Than Home University Candidates,be072e194b8cea1ce8b84beee2db6449b248d50d4fee5460524919b257a21f77
088e3b17100f-PG_MCA_CAP4_Cutoff_All_Institutes_2025_26.pdf,6634,"KJEI's Trinity Academy of Engineering, Yewalewadi, Pune",0663424110,2025-26,4,Maharashtra,GSCO,GSCO,HU,56.5488095,percentile,GSCO | 13849 | 56.5488095 | Stage-I,157,Other Than Home University Seats Allotted to Other Than Home University Candidates,e10dcb098b93d6b8d1c30705643cc081273095794f9e9272f1152ea05bc0e22b
088e3b17100f-PG_MCA_CAP4_Cutoff_All_Institutes_2025_26.pdf,6634,"KJEI's Trinity Academy of Engineering, Yewalewadi, Pune",0663424110,2025-26,4,Maharashtra,GNTAO,GNTAO,HU,41.4550394,percentile,GNTAO | 17568 | 41.4550394 | Stage-I,157,Other Than Home University Seats Allotted to Other Than Home University Candidates,4693810c370a9f1cb8285f5bd49ba1ec4b321f533aa152a286b9c03085549100
088e3b17100f-PG_MCA_CAP4_Cutoff_All_Institutes_2025_26.pdf,6634,"KJEI's Trinity Academy of Engineering, Yewalewadi, Pune",0663424110,2025-26,4,Maharashtra,GOBCO,GOBCO,HU,65.8578922,percentile,GOBCO | 10910 | 65.8578922 | Stage-I,157,Other Than Home University Seats Allotted to Other Than Home University Candidates,598d1f4604e3d4b6f6f8a81340b360be8c8899a14de0368328b41c4ba4c4b9ab
088e3b17100f-PG_MCA_CAP4_Cutoff_All_Institutes_2025_26.pdf,6634,"KJEI's Trinity Academy of Engineering, Yewalewadi, Pune",0663424110,2025-26,4,Maharashtra,GSEBCO,GSEBCO,HU,76.9216256,percentile,GSEBCO | 7434 | 76.9216256 | Stage-I,157,Other Than Home University Seats Allotted to Other Than Home University Candidates,ef3f2acb45be80dd6c35fa88a3223e885ecbcc63a18115e4c53ac025aca64e3f
088e3b17100f-PG_MCA_CAP4_Cutoff_All_Institutes_2025_26.pdf,6635,Samarth College of Engineering and Management,0663524110,2025-26,4,Maharashtra,GOPENH,GOPENH,HU,67.3579428,percentile,GOPENH | 10583 | 67.3579428 | Stage-I,158,Home University Seats Allotted to Home University Candidates,f101d176071dce6e04a58edefcd753963c17ac6804a335934e52198f56c6422a
088e3b17100f-PG_MCA_CAP4_Cutoff_All_Institutes_2025_26.pdf,6635,Samarth College of Engineering and Management,0663524110,2025-26,4,Maharashtra,GSCH,GSCH,HU,25.4779232,percentile,GSCH | 21192 | 25.4779232 | Stage-I,158,Home University Seats Allotted to Home University Candidates,68247639e256b771ac446579eca7d0596bcbb06ce16ffaf0da0b7c52739660c1
088e3b17100f-PG_MCA_CAP4_Cutoff_All_Institutes_2025_26.pdf,6635,Samarth College of Engineering and Management,0663524110,2025-26,4,Maharashtra,GSTH,GSTH,HU,51.4093808,percentile,GSTH | 15164 | 51.4093808 | Stage-I,158,Home University Seats Allotted to Home University Candidates,03de66bcfc80a742e618477af31499e36b25cbdcbee15e936095077afd93f2cd
088e3b17100f-PG_MCA_CAP4_Cutoff_All_Institutes_2025_26.pdf,6635,Samarth College of Engineering and Management,0663524110,2025-26,4,Maharashtra,GNTAH,GNTAH,HU,7.4072677,percentile,GNTAH | 24376 | 7.4072677 | Stage-I,158,Home University Seats Allotted to Other Than Home University Candidates,3e22074fb5a78dd11bb1e2a7ec5785de05ff50dffe59f2932d01c3bb23732143
088e3b17100f-PG_MCA_CAP4_Cutoff_All_Institutes_2025_26.pdf,6635,Samarth College of Engineering and Management,0663524110,2025-26,4,Maharashtra,GSEBCH,GSEBCH,HU,29.9046039,percentile,GSEBCH | 20153 | 29.9046039 | Stage-I,158,Home University Seats Allotted to Other Than Home University Candidates,f1df2f4206d69683367279fbf8fca748be1031eb87b99c85a6080b23dc39c7e6
088e3b17100f-PG_MCA_CAP4_Cutoff_All_Institutes_2025_26.pdf,6635,Samarth College of Engineering and Management,0663524110,2025-26,4,Maharashtra,GOPENO,GOPENO,HU,51.4093808,percentile,GOPENO | 15069 | 51.4093808 | Stage-I,158,Other Than Home University Seats Allotted to Other Than Home University Candidates,89e173a99debd451c1e802cf3f6a5f94b2906e96779bd4812def2f48def52e1b
088e3b17100f-PG_MCA_CAP4_Cutoff_All_Institutes_2025_26.pdf,6635,Samarth College of Engineering and Management,0663524110,2025-26,4,Maharashtra,GSCO,GSCO,HU,5.5960152,percentile,GSCO | 24632 | 5.5960152 | Stage-I,158,Other Than Home University Seats Allotted to Other Than Home University Candidates,937d2e7267962025bc606e8ec39192043908d731f48571a29c74ad14b61ebb87
088e3b17100f-PG_MCA_CAP4_Cutoff_All_Institutes_2025_26.pdf,6635,Samarth College of Engineering and Management,0663524110,2025-26,4,Maharashtra,GSTO,GSTO,HU,49.3533426,percentile,GSTO | 15353 | 49.3533426 | Stage-I,158,Other Than Home University Seats Allotted to Other Than Home University Candidates,64e7288de9a7e30a2bf24e9e50ea6b24b662a220d0c4432e9531f43a38ad9e89
088e3b17100f-PG_MCA_CAP4_Cutoff_All_Institutes_2025_26.pdf,6635,Samarth College of Engineering and Management,0663524110,2025-26,4,Maharashtra,GNTDO,GNTDO,HU,34.5198145,percentile,GNTDO | 19144 | 34.5198145 | Stage-I,158,Other Than Home University Seats Allotted to Other Than Home University Candidates,8635c96c185959d21c913b358e46e9c082b6c5bbe338506b1a1671bc51db497e
088e3b17100f-PG_MCA_CAP4_Cutoff_All_Institutes_2025_26.pdf,6635,Samarth College of Engineering and Management,0663524110,2025-26,4,Maharashtra,TFWS,TFWS,SL,44.5345198,percentile,TFWS | 16541 | 44.5345198 | Stage-I,158,Other Than Home University Seats Allotted to Other Than Home University Candidates,b378ecfd7ca7754cac60138ad742ad6057b59dae884cff0dba50efc966ccc4bb
088e3b17100f-PG_MCA_CAP4_Cutoff_All_Institutes_2025_26.pdf,6755,"JSPM Narhe Technical Campus, Pune.",0675524110,2025-26,4,Maharashtra,GOPENH,GOPENH,HU,87.2080299,percentile,GOPENH | 4183 | 87.2080299 | Stage-I,159,Home University Seats Allotted to Home University Candidates,0de4b0c6d335961bc61ba1fae069f4507da27bba686f093e7c7dd6203e013c9a
088e3b17100f-PG_MCA_CAP4_Cutoff_All_Institutes_2025_26.pdf,6755,"JSPM Narhe Technical Campus, Pune.",0675524110,2025-26,4,Maharashtra,GSCH,GSCH,HU,67.3579428,percentile,GSCH | 10352 | 67.3579428 | Stage-I,159,Home University Seats Allotted to Home University Candidates,91604397ee15d43b37f1f00da6d2024baedabe738a8c36d435b1dc6bd6628293
088e3b17100f-PG_MCA_CAP4_Cutoff_All_Institutes_2025_26.pdf,6755,"JSPM Narhe Technical Campus, Pune.",0675524110,2025-26,4,Maharashtra,GOBCH,GOBCH,HU,79.9969812,percentile,GOBCH | 6844 | 79.9969812 | Stage-I,159,Home University Seats Allotted to Home University Candidates,5e52b40c05eb01260959dc825dbcc7b199497cbe4eb660c1807caddd5d9a806e
088e3b17100f-PG_MCA_CAP4_Cutoff_All_Institutes_2025_26.pdf,6755,"JSPM Narhe Technical Campus, Pune.",0675524110,2025-26,4,Maharashtra,GSCO,GSCO,HU,87.3496474,percentile,GSCO | 4090 | 87.3496474 | Stage-I,159,Other Than Home University Seats Allotted to Other Than Home University Candidates,bb3488743721440add3184fbb24e0196c99c77ce2140496297501a358d535d48
088e3b17100f-PG_MCA_CAP4_Cutoff_All_Institutes_2025_26.pdf,6755,"JSPM Narhe Technical Campus, Pune.",0675524110,2025-26,4,Maharashtra,GOBCO,GOBCO,HU,92.1797821,percentile,GOBCO | 2548 | 92.1797821 | Stage-I,159,Other Than Home University Seats Allotted to Other Than Home University Candidates,ba8bccab7ab03183be2d779e372e84e984f82b7f7063883ad508c0380131cf79
088e3b17100f-PG_MCA_CAP4_Cutoff_All_Institutes_2025_26.pdf,6757,"Yashoda Technical Campus, Wadhe, Satara.",0675724110,2025-26,4,Maharashtra,GOPENH,GOPENH,HU,65.8578922,percentile,GOPENH | 11357 | 65.8578922 | Stage-I,160,Home University Seats Allotted to Home University Candidates,3033264e7c5eb24cd5debf0c36503dc032763a06d2f7dc5da04f4d50dd405bcf
088e3b17100f-PG_MCA_CAP4_Cutoff_All_Institutes_2025_26.pdf,6757,"Yashoda Technical Campus, Wadhe, Satara.",0675724110,2025-26,4,Maharashtra,GNTCH,GNTCH,HU,58.7911466,percentile,GNTCH | 13152 | 58.7911466 | Stage-I,160,Home University Seats Allotted to Home University Candidates,029990f683a7c1915f62bd083cd3c8f11e3c84c2a262d6e4ec93d28e1c5aee90
088e3b17100f-PG_MCA_CAP4_Cutoff_All_Institutes_2025_26.pdf,6757,"Yashoda Technical Campus, Wadhe, Satara.",0675724110,2025-26,4,Maharashtra,GOPENO,GOPENO,HU,15.5994113,percentile,GOPENO | 23032 | 15.5994113 | Stage-I,160,Other Than Home University Seats Allotted to Other Than Home University Candidates,176e39c2fe427d6b16323e204fa683925ce801ba3197e17e68db9f313b39f8f0
088e3b17100f-PG_MCA_CAP4_Cutoff_All_Institutes_2025_26.pdf,6757,"Yashoda Technical Campus, Wadhe, Satara.",0675724110,2025-26,4,Maharashtra,GOBCO,GOBCO,HU,15.5994113,percentile,GOBCO | 23075 | 15.5994113 | Stage-I,160,Other Than Home University Seats Allotted to Other Than Home University Candidates,ee7411bc359a8bbf317ba0a157a86c39bf98aced8eb1af5a5d3940f92a53b5cb
088e3b17100f-PG_MCA_CAP4_Cutoff_All_Institutes_2025_26.pdf,6757,"Yashoda Technical Campus, Wadhe, Satara.",0675724110,2025-26,4,Maharashtra,GSEBCO,GSEBCO,HU,61.2807064,percentile,GSEBCO | 12330 | 61.2807064 | Stage-I,160,Other Than Home University Seats Allotted to Home University Candidates,df5a6cb8fc57b1d1c1915c021fbb7f6849effaab8edaa416fda08d5aef9c1285
088e3b17100f-PG_MCA_CAP4_Cutoff_All_Institutes_2025_26.pdf,6775,"Yashaswi Education Society's International Institute of Management Science, Chinchwad, Pune",0677524110,2025-26,4,Maharashtra,GOPENH,GOPENH,HU,69.7143504,percentile,GOPENH | 9656 | 69.7143504 | Stage-I,161,Home University Seats Allotted to Home University Candidates,a042a2fe6e651877202c45e7aa641a934cfefbfad3c7046a29cee04ba5e6837e
088e3b17100f-PG_MCA_CAP4_Cutoff_All_Institutes_2025_26.pdf,6775,"Yashaswi Education Society's International Institute of Management Science, Chinchwad, Pune",0677524110,2025-26,4,Maharashtra,GSCH,GSCH,HU,61.2807064,percentile,GSCH | 12430 | 61.2807064 | Stage-I,161,Home University Seats Allotted to Home University Candidates,7374c7bf4b91adb87f7d7146c5088a2f31cf2db8a94db54cc6908215c49a81f5
088e3b17100f-PG_MCA_CAP4_Cutoff_All_Institutes_2025_26.pdf,6775,"Yashaswi Education Society's International Institute of Management Science, Chinchwad, Pune",0677524110,2025-26,4,Maharashtra,GSTH,GSTH,HU,63.1574978,percentile,GSTH | 11505 | 63.1574978 | Stage-I,161,Home University Seats Allotted to Home University Candidates,219fa0a720efcafba5b1cdd0e43c4233fb70d2e4f3363e95efb5d72fe45209c8
088e3b17100f-PG_MCA_CAP4_Cutoff_All_Institutes_2025_26.pdf,6775,"Yashaswi Education Society's International Institute of Management Science, Chinchwad, Pune",0677524110,2025-26,4,Maharashtra,GOPENO,GOPENO,HU,76.9216256,percentile,GOPENO | 7753 | 76.9216256 | Stage-I,161,Other Than Home University Seats Allotted to Other Than Home University Candidates,920b282929028ba73fb9cbba3373b99b501b88d5e1deedc928ff1844130e95c0
088e3b17100f-PG_MCA_CAP4_Cutoff_All_Institutes_2025_26.pdf,6775,"Yashaswi Education Society's International Institute of Management Science, Chinchwad, Pune",0677524110,2025-26,4,Maharashtra,GSCO,GSCO,HU,65.8578922,percentile,GSCO | 11409 | 65.8578922 | Stage-I,161,Other Than Home University Seats Allotted to Other Than Home University Candidates,9c0d2fad1f50d8fb7ab59c4e8bc46848fcc25b96c506e5c57c3c829497e812b7
088e3b17100f-PG_MCA_CAP4_Cutoff_All_Institutes_2025_26.pdf,6775,"Yashaswi Education Society's International Institute of Management Science, Chinchwad, Pune",0677524110,2025-26,4,Maharashtra,GOBCO,GOBCO,HU,73.5368477,percentile,GOBCO | 8657 | 73.5368477 | Stage-I,161,Other Than Home University Seats Allotted to Other Than Home University Candidates,3295c3403974d89043d34e508f2f8f2e280b77d6515fd09465c87b85adc4312d
088e3b17100f-PG_MCA_CAP4_Cutoff_All_Institutes_2025_26.pdf,6794,"Anantrao Pawar College of Engineering & Research, Pune",0679424110,2025-26,4,Maharashtra,GOPENH,GOPENH,HU,77.8251197,percentile,GOPENH | 7261 | 77.8251197 | Stage-I,162,Home University Seats Allotted to Home University Candidates,67c88259930ddd8051c22e61e1ca768bbc5b9a2c10eda628209745b4a4267f23
088e3b17100f-PG_MCA_CAP4_Cutoff_All_Institutes_2025_26.pdf,6794,"Anantrao Pawar College of Engineering & Research, Pune",0679424110,2025-26,4,Maharashtra,GSTH,GSTH,HU,44.5345198,percentile,GSTH | 17011 | 44.5345198 | Stage-I,162,Home University Seats Allotted to Home University Candidates,a9b4fda91dcb1f1701253fce9ce4f153ffda257682cc7ff539bcfea6f9b77338
088e3b17100f-PG_MCA_CAP4_Cutoff_All_Institutes_2025_26.pdf,6794,"Anantrao Pawar College of Engineering & Research, Pune",0679424110,2025-26,4,Maharashtra,GNTAH,GNTAH,HU,71.1549338,percentile,GNTAH | 9288 | 71.1549338 | Stage-I,162,Home University Seats Allotted to Other Than Home University Candidates,380db96b26cb4788da67b02b93736e2df21ccb771d23a7debf15eb2fab87a0b0
088e3b17100f-PG_MCA_CAP4_Cutoff_All_Institutes_2025_26.pdf,6794,"Anantrao Pawar College of Engineering & Research, Pune",0679424110,2025-26,4,Maharashtra,GOPENO,GOPENO,HU,76.9216256,percentile,GOPENO | 7783 | 76.9216256 | Stage-I,162,Other Than Home University Seats Allotted to Other Than Home University Candidates,54877ad6176b345608a7df09cd480c998b2254f4f1509a7058b0ba5e956b3fbe
088e3b17100f-PG_MCA_CAP4_Cutoff_All_Institutes_2025_26.pdf,6794,"Anantrao Pawar College of Engineering & Research, Pune",0679424110,2025-26,4,Maharashtra,GSCO,GSCO,HU,65.8578922,percentile,GSCO | 11043 | 65.8578922 | Stage-I,162,Other Than Home University Seats Allotted to Other Than Home University Candidates,b4cde86afab06c9ff0f64620bb517ffe4febe0e386c1dea652c928e26d4549e5
088e3b17100f-PG_MCA_CAP4_Cutoff_All_Institutes_2025_26.pdf,6794,"Anantrao Pawar College of Engineering & Research, Pune",0679424110,2025-26,4,Maharashtra,GSEBCO,GSEBCO,HU,63.1574978,percentile,GSEBCO | 11523 | 63.1574978 | Stage-I,162,Other Than Home University Seats Allotted to Other Than Home University Candidates,11444c0611c49026e20ddde7697f7d7dcb9ec3ac96c426bed2938cd299c3eb9c
088e3b17100f-PG_MCA_CAP4_Cutoff_All_Institutes_2025_26.pdf,6803,"Sant Gajanan Maharaj College of Engineering, Gadhinglaj",0680324110,2025-26,4,Maharashtra,GSTH,GSTH,HU,44.5345198,percentile,GSTH | 16819 | 44.5345198 | Stage-IV,163,Home University Seats Allotted to Home University Candidates,27c34187bc3c26804c719e1f7ea7827b26ad4840fe8b989188399f3137ef6c89
088e3b17100f-PG_MCA_CAP4_Cutoff_All_Institutes_2025_26.pdf,6803,"Sant Gajanan Maharaj College of Engineering, Gadhinglaj",0680324110,2025-26,4,Maharashtra,GOBCH,GOBCH,HU,41.4550394,percentile,GOBCH | 17429 | 41.4550394 | Stage-IV,163,Home University Seats Allotted to Home University Candidates,8cc744ceb285fc52047acff8ba56cfb97ba8fc75920969d9683b131c7f461b5b
088e3b17100f-PG_MCA_CAP4_Cutoff_All_Institutes_2025_26.pdf,6803,"Sant Gajanan Maharaj College of Engineering, Gadhinglaj",0680324110,2025-26,4,Maharashtra,GOPENO,GOPENO,HU,44.5345198,percentile,GOPENO | 16457 | 44.5345198 | Stage-I,163,Other Than Home University Seats Allotted to Home University Candidates,104a962047970b4c38489903ea38fcab8a5f94c72db1479904afa0e8bca3afdd
088e3b17100f-PG_MCA_CAP4_Cutoff_All_Institutes_2025_26.pdf,6812,"Progressive Education Society's Modern Institute of Business Studies, Nigdi, Pune",0681224110,2025-26,4,Maharashtra,GOPENH,GOPENH,HU,85.3851665,percentile,GOPENH | 4616 | 85.3851665 | Stage-I,164,Home University Seats Allotted to Home University Candidates,e1753bced31e1b45e5e54d365a626bb463eb17a9b9d8cbf7851191f43d101bc3
088e3b17100f-PG_MCA_CAP4_Cutoff_All_Institutes_2025_26.pdf,6812,"Progressive Education Society's Modern Institute of Business Studies, Nigdi, Pune",0681224110,2025-26,4,Maharashtra,GNTBH,GNTBH,HU,73.5368477,percentile,GNTBH | 8716 | 73.5368477 | Stage-I,164,Home University Seats Allotted to Home University Candidates,c1cf7748a0d38b70cbec6e38d8fe7d7a47ef2b54dbe754781fc05ed5609f5803
088e3b17100f-PG_MCA_CAP4_Cutoff_All_Institutes_2025_26.pdf,6812,"Progressive Education Society's Modern Institute of Business Studies, Nigdi, Pune",0681224110,2025-26,4,Maharashtra,GOBCH,GOBCH,HU,82.9644433,percentile,GOBCH | 5563 | 82.9644433 | Stage-I,164,Home University Seats Allotted to Home University Candidates,e7ceaba5840a0d38d49e1f074cb07ab21d7ef603a8b3b380408d734edaf7f205
088e3b17100f-PG_MCA_CAP4_Cutoff_All_Institutes_2025_26.pdf,6812,"Progressive Education Society's Modern Institute of Business Studies, Nigdi, Pune",0681224110,2025-26,4,Maharashtra,GSEBCH,GSEBCH,HU,73.5368477,percentile,GSEBCH | 8988 | 73.5368477 | Stage-I,164,Home University Seats Allotted to Home University Candidates,bcbb4aada5440f13abb7223d1ef9dac449dedf72890a59520bbecd4677b50103
088e3b17100f-PG_MCA_CAP4_Cutoff_All_Institutes_2025_26.pdf,6812,"Progressive Education Society's Modern Institute of Business Studies, Nigdi, Pune",0681224110,2025-26,4,Maharashtra,GOPENO,GOPENO,HU,89.1331398,percentile,GOPENO | 3689 | 89.1331398 | Stage-I,164,Other Than Home University Seats Allotted to Other Than Home University Candidates,a3e2d8f05a204c95794b3f518f299785cef15f1827a44c469fc14d62eb86ecbd
088e3b17100f-PG_MCA_CAP4_Cutoff_All_Institutes_2025_26.pdf,6812,"Progressive Education Society's Modern Institute of Business Studies, Nigdi, Pune",0681224110,2025-26,4,Maharashtra,GSCO,GSCO,HU,82.9644433,percentile,GSCO | 5350 | 82.9644433 | Stage-I,164,Other Than Home University Seats Allotted to Other Than Home University Candidates,2d39ee10b97ccce0da933c7f3c40bd226fc53de638ed8d41299b9a65253127cc
088e3b17100f-PG_MCA_CAP4_Cutoff_All_Institutes_2025_26.pdf,6812,"Progressive Education Society's Modern Institute of Business Studies, Nigdi, Pune",0681224110,2025-26,4,Maharashtra,GNTCO,GNTCO,HU,65.8578922,percentile,GNTCO | 11196 | 65.8578922 | Stage-I,164,Other Than Home University Seats Allotted to Other Than Home University Candidates,021596081d59d50959a28848c391ff0a0e9e508817f279cbaa6480a5841280a4
088e3b17100f-PG_MCA_CAP4_Cutoff_All_Institutes_2025_26.pdf,6812,"Progressive Education Society's Modern Institute of Business Studies, Nigdi, Pune",0681224110,2025-26,4,Maharashtra,GOBCO,GOBCO,HU,87.2080299,percentile,GOBCO | 4292 | 87.2080299 | Stage-I,164,Other Than Home University Seats Allotted to Other Than Home University Candidates,fa2430224b9699f63d694dd3783c53fe403adaf00df0399b8b7ce8aefcdaa6eb
088e3b17100f-PG_MCA_CAP4_Cutoff_All_Institutes_2025_26.pdf,6812,"Progressive Education Society's Modern Institute of Business Studies, Nigdi, Pune",0681224110,2025-26,4,Maharashtra,GSEBCO,GSEBCO,HU,85.2118788,percentile,GSEBCO | 5095 | 85.2118788 | Stage-I,164,Other Than Home University Seats Allotted to Other Than Home University Candidates,c6d70d684cd35afd0ca8c00be54506e904afd654132db0ab47f62e03806460be
088e3b17100f-PG_MCA_CAP4_Cutoff_All_Institutes_2025_26.pdf,6812,"Progressive Education Society's Modern Institute of Business Studies, Nigdi, Pune",0681224110,2025-26,4,Maharashtra,EWS,EWS,SL,85.2118788,percentile,EWS | 5126 | 85.2118788 | Stage-I,164,Other Than Home University Seats Allotted to Other Than Home University Candidates,1c33681403ec299ae5703eedead43c97c86bcb2697177a52d2316094ff963ee8
088e3b17100f-PG_MCA_CAP4_Cutoff_All_Institutes_2025_26.pdf,6812,"Progressive Education Society's Modern Institute of Business Studies, Nigdi, Pune",0681224110,2025-26,4,Maharashtra,TFWS,TFWS,SL,93.405226,percentile,TFWS | 2015 | 93.405226 | Stage-I,164,Other Than Home University Seats Allotted to Other Than Home University Candidates,eef2f4d01fff4b2aba24e6b810f1117621e8a684194c2e31942af5df84277879
088e3b17100f-PG_MCA_CAP4_Cutoff_All_Institutes_2025_26.pdf,6836,"Dr.D.Y.Patil Institute Of Management & Entrepreneur Development,Talegaon",0683624110,2025-26,4,Maharashtra,GOPENH,GOPENH,HU,61.2807064,percentile,GOPENH | 12376 | 61.2807064 | Stage-I,165,Home University Seats Allotted to Home University Candidates,dc909498a4cdab18fe368d2bc4a3bb488c9e20dd255d92f92eb4f077a649aa5a
088e3b17100f-PG_MCA_CAP4_Cutoff_All_Institutes_2025_26.pdf,6836,"Dr.D.Y.Patil Institute Of Management & Entrepreneur Development,Talegaon",0683624110,2025-26,4,Maharashtra,GSCH,GSCH,HU,44.5345198,percentile,GSCH | 17007 | 44.5345198 | Stage-I,165,Home University Seats Allotted to Home University Candidates,6dc92976db82c598a40c3979b9deaaf8a3bcb6c6aa825bb0ec6fa3350f790232
088e3b17100f-PG_MCA_CAP4_Cutoff_All_Institutes_2025_26.pdf,6836,"Dr.D.Y.Patil Institute Of Management & Entrepreneur Development,Talegaon",0683624110,2025-26,4,Maharashtra,GSTH,GSTH,HU,56.5488095,percentile,GSTH | 13748 | 56.5488095 | Stage-I,165,Home University Seats Allotted to Home University Candidates,fd3045fab027151ebf1e7c527f45bba816d9239e316837766c74660a2f51988c
088e3b17100f-PG_MCA_CAP4_Cutoff_All_Institutes_2025_26.pdf,6836,"Dr.D.Y.Patil Institute Of Management & Entrepreneur Development,Talegaon",0683624110,2025-26,4,Maharashtra,GNTBH,GNTBH,HU,53.942159,percentile,GNTBH | 14267 | 53.942159 | Stage-I,165,Home University Seats Allotted to Home University Candidates,e0827328505b64730d06ba7e055c1eb6e1d9ee7882d35218753d6a8fa6eca7d1
088e3b17100f-PG_MCA_CAP4_Cutoff_All_Institutes_2025_26.pdf,6836,"Dr.D.Y.Patil Institute Of Management & Entrepreneur Development,Talegaon",0683624110,2025-26,4,Maharashtra,GOBCH,GOBCH,HU,7.9446476,percentile,GOBCH | 24135 | 7.9446476 | Stage-I,165,Home University Seats Allotted to Home University Candidates,955c2e328cd5ef6f4ae08c54294ca1b1153888ae272332c3bebb228fa2ae55a7
088e3b17100f-PG_MCA_CAP4_Cutoff_All_Institutes_2025_26.pdf,6836,"Dr.D.Y.Patil Institute Of Management & Entrepreneur Development,Talegaon",0683624110,2025-26,4,Maharashtra,GOPENO,GOPENO,HU,74.782248,percentile,GOPENO | 7971 | 74.782248 | Stage-I,165,Other Than Home University Seats Allotted to Other Than Home University Candidates,4ce0a1a02652f0151cfdbf91e121f442fc44259162f501866e1c297c098c96dc
088e3b17100f-PG_MCA_CAP4_Cutoff_All_Institutes_2025_26.pdf,6836,"Dr.D.Y.Patil Institute Of Management & Entrepreneur Development,Talegaon",0683624110,2025-26,4,Maharashtra,GSTO,GSTO,HU,44.5345198,percentile,GSTO | 16702 | 44.5345198 | Stage-I,165,Other Than Home University Seats Allotted to Other Than Home University Candidates,f4414e28f84aa8dab0d34776759dbcc7276f4c2a81dc6a0d2ae19ed20fa96462
088e3b17100f-PG_MCA_CAP4_Cutoff_All_Institutes_2025_26.pdf,6836,"Dr.D.Y.Patil Institute Of Management & Entrepreneur Development,Talegaon",0683624110,2025-26,4,Maharashtra,GNTAO,GNTAO,HU,67.3579428,percentile,GNTAO | 10428 | 67.3579428 | Stage-I,165,Other Than Home University Seats Allotted to Other Than Home University Candidates,28cb4040d2fac94ec1c70e4e8b78b4d423385904a41463fcc762baaa00e7ffb5
088e3b17100f-PG_MCA_CAP4_Cutoff_All_Institutes_2025_26.pdf,6836,"Dr.D.Y.Patil Institute Of Management & Entrepreneur Development,Talegaon",0683624110,2025-26,4,Maharashtra,GNTCO,GNTCO,HU,41.4550394,percentile,GNTCO | 17243 | 41.4550394 | Stage-I,165,Other Than Home University Seats Allotted to Other Than Home University Candidates,560979ecd036574dee59cee98eed012c142a21f3bd8d7be1678b588cba8ff6ad
088e3b17100f-PG_MCA_CAP4_Cutoff_All_Institutes_2025_26.pdf,6836,"Dr.D.Y.Patil Institute Of Management & Entrepreneur Development,Talegaon",0683624110,2025-26,4,Maharashtra,GNTDO,GNTDO,HU,74.782248,percentile,GNTDO | 8052 | 74.782248 | Stage-I,165,Other Than Home University Seats Allotted to Other Than Home University Candidates,824c63c78a0af754dca6413ae7892ff5bc353eb08c0873d0a442e387d9dccd0f
088e3b17100f-PG_MCA_CAP4_Cutoff_All_Institutes_2025_26.pdf,6836,"Dr.D.Y.Patil Institute Of Management & Entrepreneur Development,Talegaon",0683624110,2025-26,4,Maharashtra,GOBCO,GOBCO,HU,73.5368477,percentile,GOBCO | 8488 | 73.5368477 | Stage-I,165,Other Than Home University Seats Allotted to Other Than Home University Candidates,642a8af95d4d5468139fe6c84ef11d315cd18360cb4d55b2635a9414ac549a5d
088e3b17100f-PG_MCA_CAP4_Cutoff_All_Institutes_2025_26.pdf,6836,"Dr.D.Y.Patil Institute Of Management & Entrepreneur Development,Talegaon",0683624110,2025-26,4,Maharashtra,EWS,EWS,SL,21.0059952,percentile,EWS | 21690 | 21.0059952 | Stage-I,165,Other Than Home University Seats Allotted to Other Than Home University Candidates,14088b4e33e5084cbb9f1c82c146aa2366d7d133dd478a22b79be92f90063dab
088e3b17100f-PG_MCA_CAP4_Cutoff_All_Institutes_2025_26.pdf,6836,"Dr.D.Y.Patil Institute Of Management & Entrepreneur Development,Talegaon",0683624110,2025-26,4,Maharashtra,TFWS,TFWS,SL,77.8251197,percentile,TFWS | 7091 | 77.8251197 | Stage-I,165,Other Than Home University Seats Allotted to Other Than Home University Candidates,f81acd7f8c2c5eddd371ee736b438e8468ea51cdfcfbea80d09d45c17485e5ac
088e3b17100f-PG_MCA_CAP4_Cutoff_All_Institutes_2025_26.pdf,6899,"Chhatrapati Shahu Institute of Business Education & Research, Kolhapur",0689924110,2025-26,4,Maharashtra,GSEBCH,GSEBCH,HU,71.1549338,percentile,GSEBCH | 9422 | 71.1549338 | Stage-I,166,Home University Seats Allotted to Home University Candidates,b5ea2704853208097c68a50977087ac3d05e80dad57e7acb1d860416b1c044bd
088e3b17100f-PG_MCA_CAP4_Cutoff_All_Institutes_2025_26.pdf,6899,"Chhatrapati Shahu Institute of Business Education & Research, Kolhapur",0689924110,2025-26,4,Maharashtra,GOPENO,GOPENO,HU,16.9789978,percentile,GOPENO | 22495 | 16.9789978 | Stage-I,166,Other Than Home University Seats Allotted to Other Than Home University Candidates,9a91229589ea694f7530b2c164b8903bc3df1e4a03ba82f84108294272da3f0e
088e3b17100f-PG_MCA_CAP4_Cutoff_All_Institutes_2025_26.pdf,6899,"Chhatrapati Shahu Institute of Business Education & Research, Kolhapur",0689924110,2025-26,4,Maharashtra,GOBCO,GOBCO,HU,87.2080299,percentile,GOBCO | 4399 | 87.2080299 | Stage-I,166,Other Than Home University Seats Allotted to Home University Candidates,ddbfc0e2cecde6cdb53a64b8dd35f1ae0aae07c493c578aafb1635ccf93cee90
088e3b17100f-PG_MCA_CAP4_Cutoff_All_Institutes_2025_26.pdf,6971,"K.B. Joshi Institute of Information Technology, Pune",0689924110,2025-26,4,Maharashtra,GOPENS,GOPENS,SL,90.9663786,percentile,GOPENS | 2862 | 90.9663786 | Stage-I,167,,957a859615ed90fef744321b788ce302e7b1c7b775ce9ac764aa9224d4d803e4
088e3b17100f-PG_MCA_CAP4_Cutoff_All_Institutes_2025_26.pdf,6973,"ASMS Institute of Business Management and Research MCA, Pune",0697324110,2025-26,4,Maharashtra,GOPENH,GOPENH,HU,74.782248,percentile,GOPENH | 8467 | 74.782248 | Stage-I,168,Home University Seats Allotted to Home University Candidates,91e07dce00e374d095d9006aaebad4e22c57fb8e830fc0976560733a3866bb37
088e3b17100f-PG_MCA_CAP4_Cutoff_All_Institutes_2025_26.pdf,6973,"ASMS Institute of Business Management and Research MCA, Pune",0697324110,2025-26,4,Maharashtra,GSCH,GSCH,HU,51.4093808,percentile,GSCH | 15117 | 51.4093808 | Stage-I,168,Home University Seats Allotted to Home University Candidates,129745ef740db402239b854d51f291a91227b31dc4a257ffee0b04fa27f5e272
088e3b17100f-PG_MCA_CAP4_Cutoff_All_Institutes_2025_26.pdf,6973,"ASMS Institute of Business Management and Research MCA, Pune",0697324110,2025-26,4,Maharashtra,GSTH,GSTH,HU,56.5488095,percentile,GSTH | 13475 | 56.5488095 | Stage-I,168,Home University Seats Allotted to Home University Candidates,055d7e1f74e0a6a287f76c656ed967b5c22d115d9f055070192d9dbba0f04e4d
088e3b17100f-PG_MCA_CAP4_Cutoff_All_Institutes_2025_26.pdf,6973,"ASMS Institute of Business Management and Research MCA, Pune",0697324110,2025-26,4,Maharashtra,GOBCH,GOBCH,HU,61.2807064,percentile,GOBCH | 12655 | 61.2807064 | Stage-I,168,Home University Seats Allotted to Home University Candidates,e6958901b22bedfd2def9b9fd8d0e1a97e78b8d0bc1f3a2ec8b0599a91ad0a15
088e3b17100f-PG_MCA_CAP4_Cutoff_All_Institutes_2025_26.pdf,6973,"ASMS Institute of Business Management and Research MCA, Pune",0697324110,2025-26,4,Maharashtra,PWDOPENH,PWDOPENH,HU,31.6629561,percentile,PWDOPENH | 19515 | 31.6629561 | Stage-I,168,Home University Seats Allotted to Other Than Home University Candidates,2f1267f8efda97c53a913f5c3b90ed2a6d105095ede5aeaca1b3759fd60168ec
088e3b17100f-PG_MCA_CAP4_Cutoff_All_Institutes_2025_26.pdf,6973,"ASMS Institute of Business Management and Research MCA, Pune",0697324110,2025-26,4,Maharashtra,GOPENO,GOPENO,HU,82.9644433,percentile,GOPENO | 5260 | 82.9644433 | Stage-I,168,Other Than Home University Seats Allotted to Other Than Home University Candidates,4e6acb7c9d193f6077048e6adb543ef7dde5408a46bd35a505ea14830fcb29a7
088e3b17100f-PG_MCA_CAP4_Cutoff_All_Institutes_2025_26.pdf,6973,"ASMS Institute of Business Management and Research MCA, Pune",0697324110,2025-26,4,Maharashtra,GOBCO,GOBCO,HU,82.8308366,percentile,GOBCO | 5740 | 82.8308366 | Stage-I,168,Other Than Home University Seats Allotted to Other Than Home University Candidates,2dfd44cbeebe87d370522dd2be85410c23dd45f6248180f5fc248a7255aba404
088e3b17100f-PG_MCA_CAP4_Cutoff_All_Institutes_2025_26.pdf,6973,"ASMS Institute of Business Management and Research MCA, Pune",0697324110,2025-26,4,Maharashtra,GSEBCO,GSEBCO,HU,82.8308366,percentile,GSEBCO | 6085 | 82.8308366 | Stage-I,168,Other Than Home University Seats Allotted to Other Than Home University Candidates,83e3213bb747b6242eca56cc004ebd8a8536f156ea414f8ac199eadc04f16225
088e3b17100f-PG_MCA_CAP4_Cutoff_All_Institutes_2025_26.pdf,6990,Jaihind Institute of Management and Research,0699024110,2025-26,4,Maharashtra,GOPENH,GOPENH,HU,51.4093808,percentile,GOPENH | 14852 | 51.4093808 | Stage-I,169,Home University Seats Allotted to Home University Candidates,835f3d4005dea50ded12675ba275914b15ca71480feb91dde11033741d5235d3
088e3b17100f-PG_MCA_CAP4_Cutoff_All_Institutes_2025_26.pdf,6990,Jaihind Institute of Management and Research,0699024110,2025-26,4,Maharashtra,GSCH,GSCH,HU,44.5345198,percentile,GSCH | 16967 | 44.5345198 | Stage-I,169,Home University Seats Allotted to Home University Candidates,60d1d4a216407d14b1b3e3628535729d00cce071cce8620bebe19fe227c17b2b
088e3b17100f-PG_MCA_CAP4_Cutoff_All_Institutes_2025_26.pdf,6990,Jaihind Institute of Management and Research,0699024110,2025-26,4,Maharashtra,GNTAH,GNTAH,HU,12.4750009,percentile,GNTAH | 23497 | 12.4750009 | Stage-I,169,Home University Seats Allotted to Home University Candidates,daf05c6418db4c4eb6978a56a59b973cf80345c8bd0a35c7b93be08018ccda3c
088e3b17100f-PG_MCA_CAP4_Cutoff_All_Institutes_2025_26.pdf,6990,Jaihind Institute of Management and Research,0699024110,2025-26,4,Maharashtra,GNTBH,GNTBH,HU,41.4550394,percentile,GNTBH | 17420 | 41.4550394 | Stage-I,169,Home University Seats Allotted to Home University Candidates,77466450f5622c85be6d8afc78a25e510d3d0a315fee6aae15288244169e5efd
088e3b17100f-PG_MCA_CAP4_Cutoff_All_Institutes_2025_26.pdf,6990,Jaihind Institute of Management and Research,0699024110,2025-26,4,Maharashtra,GOPENO,GOPENO,HU,49.3533426,percentile,GOPENO | 15729 | 49.3533426 | Stage-I,169,Other Than Home University Seats Allotted to Other Than Home University Candidates,7a14ee030a72111298c853a611722d0adf69cc15a6218aca360dd0990b2e0d10
088e3b17100f-PG_MCA_CAP4_Cutoff_All_Institutes_2025_26.pdf,6990,Jaihind Institute of Management and Research,0699024110,2025-26,4,Maharashtra,GSCO,GSCO,HU,29.9046039,percentile,GSCO | 20112 | 29.9046039 | Stage-I,169,Other Than Home University Seats Allotted to Other Than Home University Candidates,ec3cc1235a79d528e082fd13f3c02f21a86ce5f35843da2cdf300c308772b917
088e3b17100f-PG_MCA_CAP4_Cutoff_All_Institutes_2025_26.pdf,6990,Jaihind Institute of Management and Research,0699024110,2025-26,4,Maharashtra,GSTO,GSTO,HU,25.4779232,percentile,GSTO | 21154 | 25.4779232 | Stage-I,169,Other Than Home University Seats Allotted to Other Than Home University Candidates,54a1addea7be8f878e600a6600640d9ba9d46de6f5a9234426ee236924bd687f
088e3b17100f-PG_MCA_CAP4_Cutoff_All_Institutes_2025_26.pdf,6990,Jaihind Institute of Management and Research,0699024110,2025-26,4,Maharashtra,TFWS,TFWS,SL,41.4550394,percentile,TFWS | 17430 | 41.4550394 | Stage-I,169,Other Than Home University Seats Allotted to Other Than Home University Candidates,65c8557dcb47daa5915435a26df7fdd6bde9fe5ed7431e0281cef798e6f7101b
088e3b17100f-PG_MCA_CAP4_Cutoff_All_Institutes_2025_26.pdf,6991,"Dr. D.Y. Patil Technical Campus, Varale, Talegaon, Pune",0699124110,2025-26,4,Maharashtra,GOPENH,GOPENH,HU,61.2807064,percentile,GOPENH | 12502 | 61.2807064 | Stage-I,170,Home University Seats Allotted to Home University Candidates,ba4e4f65d2bccc187ff3fcd95c2dbfa517027ec2f048d60131eec7e3ef401f22
088e3b17100f-PG_MCA_CAP4_Cutoff_All_Institutes_2025_26.pdf,6991,"Dr. D.Y. Patil Technical Campus, Varale, Talegaon, Pune",0699124110,2025-26,4,Maharashtra,GSCH,GSCH,HU,46.3793819,percentile,GSCH | 16374 | 46.3793819 | Stage-I,170,Home University Seats Allotted to Home University Candidates,0260753be3912810d7c5c7c5a34ff8ca9bc1dd2a000a2bb18d4b358314c8bbfe
088e3b17100f-PG_MCA_CAP4_Cutoff_All_Institutes_2025_26.pdf,6991,"Dr. D.Y. Patil Technical Campus, Varale, Talegaon, Pune",0699124110,2025-26,4,Maharashtra,GNTBH,GNTBH,HU,41.4550394,percentile,GNTBH | 17526 | 41.4550394 | Stage-I,170,Home University Seats Allotted to Home University Candidates,dea7af7e4367ac95b10e694188e6cc827b1409b151cd7e76aad11869ee813475
088e3b17100f-PG_MCA_CAP4_Cutoff_All_Institutes_2025_26.pdf,6991,"Dr. D.Y. Patil Technical Campus, Varale, Talegaon, Pune",0699124110,2025-26,4,Maharashtra,GOBCH,GOBCH,HU,53.942159,percentile,GOBCH | 14417 | 53.942159 | Stage-I,170,Home University Seats Allotted to Home University Candidates,e24eb3835ded8e1f2b62784986a862923c7d32c82067d2fbf2c34653ac30b275
088e3b17100f-PG_MCA_CAP4_Cutoff_All_Institutes_2025_26.pdf,6991,"Dr. D.Y. Patil Technical Campus, Varale, Talegaon, Pune",0699124110,2025-26,4,Maharashtra,GSEBCH,GSEBCH,HU,27.2744425,percentile,GSEBCH | 20369 | 27.2744425 | Stage-I,170,Home University Seats Allotted to Home University Candidates,ea512ee47069cc6b9a11ff7c35bde77afbd55e6ed33ebb2f952f6e5494916e4e
088e3b17100f-PG_MCA_CAP4_Cutoff_All_Institutes_2025_26.pdf,6991,"Dr. D.Y. Patil Technical Campus, Varale, Talegaon, Pune",0699124110,2025-26,4,Maharashtra,GOPENO,GOPENO,HU,74.782248,percentile,GOPENO | 8156 | 74.782248 | Stage-I,170,Other Than Home University Seats Allotted to Other Than Home University Candidates,e447349bf4b778e407712805ee1c3a7b8890789df621fad7c0e0dad7cbec2677
088e3b17100f-PG_MCA_CAP4_Cutoff_All_Institutes_2025_26.pdf,6991,"Dr. D.Y. Patil Technical Campus, Varale, Talegaon, Pune",0699124110,2025-26,4,Maharashtra,GSCO,GSCO,HU,63.1574978,percentile,GSCO | 11900 | 63.1574978 | Stage-I,170,Other Than Home University Seats Allotted to Other Than Home University Candidates,b099d39bc682de08a9d68f6a47d341c7b671d9c2161c255ffbff57595be428e2
088e3b17100f-PG_MCA_CAP4_Cutoff_All_Institutes_2025_26.pdf,6991,"Dr. D.Y. Patil Technical Campus, Varale, Talegaon, Pune",0699124110,2025-26,4,Maharashtra,GSTO,GSTO,HU,53.942159,percentile,GSTO | 13993 | 53.942159 | Stage-I,170,Other Than Home University Seats Allotted to Other Than Home University Candidates,dc9fe9493d5aa2d7c63943085ec51ead371d598d179076319dbf682c9b3eefd6
088e3b17100f-PG_MCA_CAP4_Cutoff_All_Institutes_2025_26.pdf,6991,"Dr. D.Y. Patil Technical Campus, Varale, Talegaon, Pune",0699124110,2025-26,4,Maharashtra,GNTAO,GNTAO,HU,74.782248,percentile,GNTAO | 8307 | 74.782248 | Stage-I,170,Other Than Home University Seats Allotted to Other Than Home University Candidates,575c58cb3fcdec0ac2f8c03d03c3a7db4a33de83ae98b47ebf3f7d8f0128a748
088e3b17100f-PG_MCA_CAP4_Cutoff_All_Institutes_2025_26.pdf,6991,"Dr. D.Y. Patil Technical Campus, Varale, Talegaon, Pune",0699124110,2025-26,4,Maharashtra,GOBCO,GOBCO,HU,71.1549338,percentile,GOBCO | 9516 | 71.1549338 | Stage-I,170,Other Than Home University Seats Allotted to Other Than Home University Candidates,3252d4e2e9820ac579109582c9ae0d0f3790eaff1a0cd33c6e7d104d964de436
088e3b17100f-PG_MCA_CAP4_Cutoff_All_Institutes_2025_26.pdf,6992,"Pune Cambridge Institute of Management and Computer Application, Ambegaon Pathar, Pune",0699224110,2025-26,4,Maharashtra,GOPENH,GOPENH,HU,74.782248,percentile,GOPENH | 7973 | 74.782248 | Stage-I,171,Home University Seats Allotted to Home University Candidates,31a3e30284719bba8a1bdc2937cded47d334f3fd08db9b2ec0f07b259c164bbf
088e3b17100f-PG_MCA_CAP4_Cutoff_All_Institutes_2025_26.pdf,6992,"Pune Cambridge Institute of Management and Computer Application, Ambegaon Pathar, Pune",0699224110,2025-26,4,Maharashtra,GOBCH,GOBCH,HU,49.3533426,percentile,GOBCH | 15467 | 49.3533426 | Stage-I,171,Home University Seats Allotted to Home University Candidates,cfca92bd72d55e64da20d8ef9ab42792f42721e888486f86bb18cc79965ec6f4
088e3b17100f-PG_MCA_CAP4_Cutoff_All_Institutes_2025_26.pdf,6992,"Pune Cambridge Institute of Management and Computer Application, Ambegaon Pathar, Pune",0699224110,2025-26,4,Maharashtra,GSCH,GSCH,HU,36.496736,percentile,GSCH | 18385 | 36.496736 | Stage-I,171,Home University Seats Allotted to Other Than Home University Candidates,4a374ca7f060649b0e7c1f89e125083ce6676e7d5464df1f868861c271bf1158
088e3b17100f-PG_MCA_CAP4_Cutoff_All_Institutes_2025_26.pdf,6992,"Pune Cambridge Institute of Management and Computer Application, Ambegaon Pathar, Pune",0699224110,2025-26,4,Maharashtra,GSEBCH,GSEBCH,HU,61.2807064,percentile,GSEBCH | 12521 | 61.2807064 | Stage-I,171,Home University Seats Allotted to Other Than Home University Candidates,0fbb85777f71094ecd920f618769325052d88c8800465aa29bb1240d9c2bc4bb
088e3b17100f-PG_MCA_CAP4_Cutoff_All_Institutes_2025_26.pdf,6992,"Pune Cambridge Institute of Management and Computer Application, Ambegaon Pathar, Pune",0699224110,2025-26,4,Maharashtra,GSEBCO,GSEBCO,HU,61.2807064,percentile,GSEBCO | 12352 | 61.2807064 | Stage-I,171,Other Than Home University Seats Allotted to Other Than Home University Candidates,62132d5cf16979ce85c08ffcd14092ff343d7c5a716fd811722d575e87a92b29
088e3b17100f-PG_MCA_CAP4_Cutoff_All_Institutes_2025_26.pdf,6992,"Pune Cambridge Institute of Management and Computer Application, Ambegaon Pathar, Pune",1612224110,2025-26,4,Maharashtra,GNTBH,GNTBH,HU,44.5345198,percentile,GNTBH | 16444 | 44.5345198 | Stage-IV,172,Home University Seats Allotted to Home University Candidates,1135fbc3d9c452eb8f92f26980b744e75e4b6b927273a726f1ae3fb7d9729127
088e3b17100f-PG_MCA_CAP4_Cutoff_All_Institutes_2025_26.pdf,6992,"Pune Cambridge Institute of Management and Computer Application, Ambegaon Pathar, Pune",1612224110,2025-26,4,Maharashtra,GOPENO,GOPENO,HU,46.3793819,percentile,GOPENO | 16301 | 46.3793819 | Stage-I,172,Other Than Home University Seats Allotted to Other Than Home University Candidates,b8d9466519f7f5f5bf218cbb0b42a375f1fa4d012e30f946dddd5904b788c846
088e3b17100f-PG_MCA_CAP4_Cutoff_All_Institutes_2025_26.pdf,6992,"Pune Cambridge Institute of Management and Computer Application, Ambegaon Pathar, Pune",1612224110,2025-26,4,Maharashtra,GSCO,GSCO,HU,44.5345198,percentile,GSCO | 16789 | 44.5345198 | Stage-I,172,Other Than Home University Seats Allotted to Other Than Home University Candidates,713255988e786abb16704a87b9667ded97e5f3f381005a06b45485c3df7249aa
088e3b17100f-PG_MCA_CAP4_Cutoff_All_Institutes_2025_26.pdf,6992,"Pune Cambridge Institute of Management and Computer Application, Ambegaon Pathar, Pune",1612524210,2025-26,4,Maharashtra,GOPENH,GOPENH,HU,69.7143504,percentile,GOPENH | 9977 | 69.7143504 | Stage-I,173,Home University Seats Allotted to Home University Candidates,fd29b85934c7aa50a2099add1eef962d1c2e3d0be97c542302ba958e0cb8983b
088e3b17100f-PG_MCA_CAP4_Cutoff_All_Institutes_2025_26.pdf,6992,"Pune Cambridge Institute of Management and Computer Application, Ambegaon Pathar, Pune",1612524210,2025-26,4,Maharashtra,GSEBCH,GSEBCH,HU,63.1574978,percentile,GSEBCH | 11786 | 63.1574978 | Stage-I,173,Home University Seats Allotted to Home University Candidates,1fd23b2395fb08623151663cc9bce09001f27b58739feac6ab0ae104f2efc189
088e3b17100f-PG_MCA_CAP4_Cutoff_All_Institutes_2025_26.pdf,6992,"Pune Cambridge Institute of Management and Computer Application, Ambegaon Pathar, Pune",1612524210,2025-26,4,Maharashtra,GOPENO,GOPENO,HU,9.7430286,percentile,GOPENO | 24061 | 9.7430286 | Stage-I,173,Other Than Home University Seats Allotted to Other Than Home University Candidates,a12394103ca5a4b0f23b8aac10868d4ea0fdeba1f12e2f313a25f5e6ff8a859b
088e3b17100f-PG_MCA_CAP4_Cutoff_All_Institutes_2025_26.pdf,6992,"Pune Cambridge Institute of Management and Computer Application, Ambegaon Pathar, Pune",1612524210,2025-26,4,Maharashtra,GOPENH,GOPENH,HU,44.5345198,percentile,GOPENH | 16873 | 44.5345198 | Stage-I,174,Home University Seats Allotted to Home University Candidates,cdf5f2a97a3fdfce8592c9ed176608a5bc1929d65f06767f120c3b00d8ae179c
088e3b17100f-PG_MCA_CAP4_Cutoff_All_Institutes_2025_26.pdf,6992,"Pune Cambridge Institute of Management and Computer Application, Ambegaon Pathar, Pune",1612524210,2025-26,4,Maharashtra,GOPENO,GOPENO,HU,39.3989669,percentile,GOPENO | 17928 | 39.3989669 | Stage-I,174,Other Than Home University Seats Allotted to Home University Candidates,0cd8f358c978134280b8d2ce1351cf53cde2929eefd60f061299989324048078
088e3b17100f-PG_MCA_CAP4_Cutoff_All_Institutes_2025_26.pdf,6992,"Pune Cambridge Institute of Management and Computer Application, Ambegaon Pathar, Pune",1612524210,2025-26,4,Maharashtra,GSCH,GSCH,HU,49.3533426,percentile,GSCH | 15471 | 49.3533426 | Stage-IV,175,Home University Seats Allotted to Home University Candidates,b25e4949897f7012dd68ce77b013959bf391b459e86aa0f9515446fcad97f93e
088e3b17100f-PG_MCA_CAP4_Cutoff_All_Institutes_2025_26.pdf,6992,"Pune Cambridge Institute of Management and Computer Application, Ambegaon Pathar, Pune",1612524210,2025-26,4,Maharashtra,GSTH,GSTH,HU,5.5960152,percentile,GSTH | 24707 | 5.5960152 | Stage-IV,175,Home University Seats Allotted to Home University Candidates,88620c2c0e9c8349eef34c4b7563ec0532980c9e270e384c45420439ddd4d885
088e3b17100f-PG_MCA_CAP4_Cutoff_All_Institutes_2025_26.pdf,6992,"Pune Cambridge Institute of Management and Computer Application, Ambegaon Pathar, Pune",1612524210,2025-26,4,Maharashtra,GOPENO,GOPENO,HU,49.3533426,percentile,GOPENO | 15360 | 49.3533426 | Stage-I,175,Other Than Home University Seats Allotted to Other Than Home University Candidates,53d97295a3477a2977da237579524b44c4cbdb724da54237553aac3143aabd65
088e3b17100f-PG_MCA_CAP4_Cutoff_All_Institutes_2025_26.pdf,6992,"Pune Cambridge Institute of Management and Computer Application, Ambegaon Pathar, Pune",1612524210,2025-26,4,Maharashtra,GOBCO,GOBCO,HU,0.0113203,percentile,GOBCO | 25487 | 0.0113203 | Stage-I,175,Other Than Home University Seats Allotted to Home University Candidates,befa1889945080b9daeae62c2b57afeea37a7ecb79fb4cb9e8276fe958e0440e
088e3b17100f-PG_MCA_CAP4_Cutoff_All_Institutes_2025_26.pdf,6992,"Pune Cambridge Institute of Management and Computer Application, Ambegaon Pathar, Pune",1612524210,2025-26,4,Maharashtra,GSCH,GSCH,HU,10.5199653,percentile,GSCH | 23745 | 10.5199653 | Stage-IV,176,Home University Seats Allotted to Home University Candidates,61442e48702a77ba0c34367af180efaaae02e5075c0e42d3a5c76ddba9147c44
088e3b17100f-PG_MCA_CAP4_Cutoff_All_Institutes_2025_26.pdf,6992,"Pune Cambridge Institute of Management and Computer Application, Ambegaon Pathar, Pune",1612524210,2025-26,4,Maharashtra,GSTH,GSTH,HU,13.5402134,percentile,GSTH | 23355 | 13.5402134 | Stage-IV,176,Home University Seats Allotted to Home University Candidates,dc935388bd11c4de1790cb8b5d62f54fb2d4bf96841c4ca387aaf3705d44c115
088e3b17100f-PG_MCA_CAP4_Cutoff_All_Institutes_2025_26.pdf,6992,"Pune Cambridge Institute of Management and Computer Application, Ambegaon Pathar, Pune",1612524210,2025-26,4,Maharashtra,GNTAH,GNTAH,HU,25.4779232,percentile,GNTAH | 20934 | 25.4779232 | Stage-IV,176,Home University Seats Allotted to Home University Candidates,df5eaf519cb6fc4dc011d3478628739da81d7534e3347209d0d4858abb6863ab
088e3b17100f-PG_MCA_CAP4_Cutoff_All_Institutes_2025_26.pdf,6992,"Pune Cambridge Institute of Management and Computer Application, Ambegaon Pathar, Pune",1612524210,2025-26,4,Maharashtra,GNTBH,GNTBH,HU,21.0059952,percentile,GNTBH | 21693 | 21.0059952 | Stage-IV,176,Home University Seats Allotted to Home University Candidates,b566d3b8eef1211c5e6044f481346cb681a330c69e8b234029ff1dcb0ca185c8
088e3b17100f-PG_MCA_CAP4_Cutoff_All_Institutes_2025_26.pdf,6992,"Pune Cambridge Institute of Management and Computer Application, Ambegaon Pathar, Pune",1612524210,2025-26,4,Maharashtra,GNTCH,GNTCH,HU,21.0059952,percentile,GNTCH | 21827 | 21.0059952 | Stage-IV,176,Home University Seats Allotted to Home University Candidates,b5569264622b3b64b5889553d52cec10ba8414774621f1fc809f10126663c297
088e3b17100f-PG_MCA_CAP4_Cutoff_All_Institutes_2025_26.pdf,6992,"Pune Cambridge Institute of Management and Computer Application, Ambegaon Pathar, Pune",1612524210,2025-26,4,Maharashtra,GOPENO,GOPENO,HU,5.9311489,percentile,GOPENO | 24501 | 5.9311489 | Stage-I,176,Other Than Home University Seats Allotted to Other Than Home University Candidates,0f50e09630c9cb4bd1a20932acd8329f15409d2ca953ba8c7c855d6d71063988
088e3b17100f-PG_MCA_CAP4_Cutoff_All_Institutes_2025_26.pdf,6992,"Pune Cambridge Institute of Management and Computer Application, Ambegaon Pathar, Pune",1612524210,2025-26,4,Maharashtra,GOPENO,GOPENO,HU,19.1539942,percentile,GOPENO | 22246 | 19.1539942 | Stage-I,176,Other Than Home University Seats Allotted to Home University Candidates,cd55ead2d8d758d1a1ae39827c8d4a287ea7f9ece513472b753719f12c008e76
088e3b17100f-PG_MCA_CAP4_Cutoff_All_Institutes_2025_26.pdf,6992,"Pune Cambridge Institute of Management and Computer Application, Ambegaon Pathar, Pune",1612524210,2025-26,4,Maharashtra,GSCO,GSCO,HU,4.302251,percentile,GSCO | 24835 | 4.302251 | Stage-I,176,Other Than Home University Seats Allotted to Home University Candidates,c5d8a01dbced811e96081cbe27a6ee2f52eea288f0277ee4dc2b4d75b4b56573
088e3b17100f-PG_MCA_CAP4_Cutoff_All_Institutes_2025_26.pdf,6992,"Pune Cambridge Institute of Management and Computer Application, Ambegaon Pathar, Pune",1620024110,2025-26,4,Maharashtra,GOPENH,GOPENH,HU,51.4093808,percentile,GOPENH | 14680 | 51.4093808 | Stage-I,177,Home University Seats Allotted to Home University Candidates,d539637276a543b10c824cef2c1f0dabab62007d8d7a8c119b60d85f36361b0b
088e3b17100f-PG_MCA_CAP4_Cutoff_All_Institutes_2025_26.pdf,6992,"Pune Cambridge Institute of Management and Computer Application, Ambegaon Pathar, Pune",1620024110,2025-26,4,Maharashtra,GSTH,GSTH,HU,15.5994113,percentile,GSTH | 23092 | 15.5994113 | Stage-I,177,Home University Seats Allotted to Home University Candidates,5ac768f3dfbe9d99df64970e5d908cd746756bd212295857b18e69337e3c232a
088e3b17100f-PG_MCA_CAP4_Cutoff_All_Institutes_2025_26.pdf,6992,"Pune Cambridge Institute of Management and Computer Application, Ambegaon Pathar, Pune",1620024110,2025-26,4,Maharashtra,GOBCH,GOBCH,HU,29.9046039,percentile,GOBCH | 20233 | 29.9046039 | Stage-I,177,Home University Seats Allotted to Home University Candidates,67fec39dba5681c318d28bb7e04be30725b42caf585becae8ea1ac1621893d68
088e3b17100f-PG_MCA_CAP4_Cutoff_All_Institutes_2025_26.pdf,6992,"Pune Cambridge Institute of Management and Computer Application, Ambegaon Pathar, Pune",1620024110,2025-26,4,Maharashtra,GNTBO,GNTBO,HU,16.9789978,percentile,GNTBO | 22637 | 16.9789978 | Stage-I,177,Other Than Home University Seats Allotted to Home University Candidates,cb759fec644b2eb06c37dd660253dd585bc0ca1bb41e3656f1575d17cf6680ac
088e3b17100f-PG_MCA_CAP4_Cutoff_All_Institutes_2025_26.pdf,6992,"Pune Cambridge Institute of Management and Computer Application, Ambegaon Pathar, Pune",1620024110,2025-26,4,Maharashtra,GSEBCO,GSEBCO,HU,27.2744425,percentile,GSEBCO | 20705 | 27.2744425 | Stage-I,177,Other Than Home University Seats Allotted to Home University Candidates,02c241daadce8ffb11673c1e2d42c64e3f65e29c82e91e8a211377c9bac35c39
088e3b17100f-PG_MCA_CAP4_Cutoff_All_Institutes_2025_26.pdf,6992,"Pune Cambridge Institute of Management and Computer Application, Ambegaon Pathar, Pune",1620024110,2025-26,4,Maharashtra,GOBCH,GOBCH,HU,63.1574978,percentile,GOBCH | 11739 | 63.1574978 | Stage-I,178,Home University Seats Allotted to Home University Candidates,a35b947dfd6efd18a34f53f10cb53914757252770b3134c25e9fade087367f78
088e3b17100f-PG_MCA_CAP4_Cutoff_All_Institutes_2025_26.pdf,6992,"Pune Cambridge Institute of Management and Computer Application, Ambegaon Pathar, Pune",1620024110,2025-26,4,Maharashtra,GOPENO,GOPENO,HU,87.3496474,percentile,GOPENO | 3991 | 87.3496474 | Stage-I,178,Other Than Home University Seats Allotted to Home University Candidates,08895726ede8b6ad4ade16c475b480b85a572e64dad3f26b07719ac8dec0d889
088e3b17100f-PG_MCA_CAP4_Cutoff_All_Institutes_2025_26.pdf,6992,"Pune Cambridge Institute of Management and Computer Application, Ambegaon Pathar, Pune",1620024110,2025-26,4,Maharashtra,GOBCO,GOBCO,HU,56.5488095,percentile,GOBCO | 13509 | 56.5488095 | Stage-I,178,Other Than Home University Seats Allotted to Home University Candidates,0a4414d5a475eadce49d0c2b4382734698900f288509f53157b246a5cb72b234
088e3b17100f-PG_MCA_CAP4_Cutoff_All_Institutes_2025_26.pdf,6992,"Pune Cambridge Institute of Management and Computer Application, Ambegaon Pathar, Pune",1621624110,2025-26,4,Maharashtra,GOPENH,GOPENH,HU,46.3793819,percentile,GOPENH | 16403 | 46.3793819 | Stage-I,179,Home University Seats Allotted to Home University Candidates,09ebf3ba46904afe987da5ff7f57cbfeea7924e53e02aeaef41ba6316d81f40f
088e3b17100f-PG_MCA_CAP4_Cutoff_All_Institutes_2025_26.pdf,6992,"Pune Cambridge Institute of Management and Computer Application, Ambegaon Pathar, Pune",1621624110,2025-26,4,Maharashtra,GSCH,GSCH,HU,19.1539942,percentile,GSCH | 22320 | 19.1539942 | Stage-I,179,Home University Seats Allotted to Home University Candidates,6dc9384ccfdaea5dd188006dee0f0fb0019800d8cc91331bad947e1e0909606c
088e3b17100f-PG_MCA_CAP4_Cutoff_All_Institutes_2025_26.pdf,6992,"Pune Cambridge Institute of Management and Computer Application, Ambegaon Pathar, Pune",1621624110,2025-26,4,Maharashtra,GOBCH,GOBCH,HU,34.5198145,percentile,GOBCH | 19220 | 34.5198145 | Stage-I,179,Home University Seats Allotted to Home University Candidates,23a4bb144a1f39b0d16dc0d0a05fe7ef8285ecfa041c95e4ba05f2c12c4aa55c
088e3b17100f-PG_MCA_CAP4_Cutoff_All_Institutes_2025_26.pdf,6992,"Pune Cambridge Institute of Management and Computer Application, Ambegaon Pathar, Pune",1621624110,2025-26,4,Maharashtra,GOBCO,GOBCO,HU,19.1539942,percentile,GOBCO | 22215 | 19.1539942 | Stage-IV,179,Other Than Home University Seats Allotted to Other Than Home University Candidates,fe3c6edd7d0c3f75871e10aff59d3f7b52a0399314f641cc4b32b24e8928a98a
088e3b17100f-PG_MCA_CAP4_Cutoff_All_Institutes_2025_26.pdf,6992,"Pune Cambridge Institute of Management and Computer Application, Ambegaon Pathar, Pune",1622924210,2025-26,4,Maharashtra,GOPENO,GOPENO,HU,34.5198145,percentile,GOPENO | 19116 | 34.5198145 | Stage-I,180,Other Than Home University Seats Allotted to Other Than Home University Candidates,86d7749d871374a35b4171712c3e31aa0298e0c097f7770c71de293b9432557a
088e3b17100f-PG_MCA_CAP4_Cutoff_All_Institutes_2025_26.pdf,6992,"Pune Cambridge Institute of Management and Computer Application, Ambegaon Pathar, Pune",1622924210,2025-26,4,Maharashtra,MI-MH,MI-MH,MI,27.2744425,percentile,MI-MH | 20474 | 27.2744425 | Stage-MI-MH,180,Minority Seats : Minority Seats Allotted to Non Minority Candidates,84f63bf0bba6d0361839f2b904db3f43a509e86f94127ad272beca13c8145740
088e3b17100f-PG_MCA_CAP4_Cutoff_All_Institutes_2025_26.pdf,6992,"Pune Cambridge Institute of Management and Computer Application, Ambegaon Pathar, Pune",1625924110,2025-26,4,Maharashtra,GSCH,GSCH,HU,31.6629561,percentile,GSCH | 19739 | 31.6629561 | Stage-I,181,Home University Seats Allotted to Other Than Home University Candidates,ac2173c7c91337867bf41127e231d7e738a2751c946e81e2c54fee994ae300c0
088e3b17100f-PG_MCA_CAP4_Cutoff_All_Institutes_2025_26.pdf,6992,"Pune Cambridge Institute of Management and Computer Application, Ambegaon Pathar, Pune",1625924110,2025-26,4,Maharashtra,GSEBCH,GSEBCH,HU,34.5198145,percentile,GSEBCH | 19006 | 34.5198145 | Stage-I,181,Home University Seats Allotted to Other Than Home University Candidates,aaf27798e1977af62eaedbdf4ebbb2d0a17cafc855e98b6424498d39c012d975
088e3b17100f-PG_MCA_CAP4_Cutoff_All_Institutes_2025_26.pdf,6992,"Pune Cambridge Institute of Management and Computer Application, Ambegaon Pathar, Pune",1625924110,2025-26,4,Maharashtra,GOPENO,GOPENO,HU,63.1574978,percentile,GOPENO | 11948 | 63.1574978 | Stage-I,181,Other Than Home University Seats Allotted to Other Than Home University Candidates,d2601d5987cb4498919456762b120cb64a3e1d95de5b148d5d4a13f76eb9a6ee
088e3b17100f-PG_MCA_CAP4_Cutoff_All_Institutes_2025_26.pdf,6992,"Pune Cambridge Institute of Management and Computer Application, Ambegaon Pathar, Pune",1625924110,2025-26,4,Maharashtra,GSEBCO,GSEBCO,HU,44.5345198,percentile,GSEBCO | 16450 | 44.5345198 | Stage-I,181,Other Than Home University Seats Allotted to Other Than Home University Candidates,803d9263c7e0732b258404382f075ba5f07c4547e75aefcb4e483d74c4582a78
088e3b17100f-PG_MCA_CAP4_Cutoff_All_Institutes_2025_26.pdf,6992,"Pune Cambridge Institute of Management and Computer Application, Ambegaon Pathar, Pune",1633124110,2025-26,4,Maharashtra,GOPENH,GOPENH,HU,46.3793819,percentile,GOPENH | 15989 | 46.3793819 | Stage-I,182,Home University Seats Allotted to Home University Candidates,09ebf3ba46904afe987da5ff7f57cbfeea7924e53e02aeaef41ba6316d81f40f
088e3b17100f-PG_MCA_CAP4_Cutoff_All_Institutes_2025_26.pdf,6992,"Pune Cambridge Institute of Management and Computer Application, Ambegaon Pathar, Pune",1633124110,2025-26,4,Maharashtra,GSCH,GSCH,HU,13.5402134,percentile,GSCH | 23331 | 13.5402134 | Stage-I,182,Home University Seats Allotted to Home University Candidates,e8166af0de2c9cb442e23fb5b775bdb6e5645f689593f0951bc99b67d3c9b9d3
088e3b17100f-PG_MCA_CAP4_Cutoff_All_Institutes_2025_26.pdf,6992,"Pune Cambridge Institute of Management and Computer Application, Ambegaon Pathar, Pune",1633124110,2025-26,4,Maharashtra,GSEBCH,GSEBCH,HU,21.0059952,percentile,GSEBCH | 21941 | 21.0059952 | Stage-I,182,Home University Seats Allotted to Other Than Home University Candidates,e8fde27e3abd686b8dc2a629e9945dac09502c8c31f8623c8de9120ca99bd33d
088e3b17100f-PG_MCA_CAP4_Cutoff_All_Institutes_2025_26.pdf,6992,"Pune Cambridge Institute of Management and Computer Application, Ambegaon Pathar, Pune",1633124110,2025-26,4,Maharashtra,GOPENO,GOPENO,HU,46.3793819,percentile,GOPENO | 16412 | 46.3793819 | Stage-I,182,Other Than Home University Seats Allotted to Other Than Home University Candidates,b8d9466519f7f5f5bf218cbb0b42a375f1fa4d012e30f946dddd5904b788c846
088e3b17100f-PG_MCA_CAP4_Cutoff_All_Institutes_2025_26.pdf,6992,"Pune Cambridge Institute of Management and Computer Application, Ambegaon Pathar, Pune",1633124110,2025-26,4,Maharashtra,GSCO,GSCO,HU,31.6629561,percentile,GSCO | 19354 | 31.6629561 | Stage-I,182,Other Than Home University Seats Allotted to Other Than Home University Candidates,13cba371a3be76c0f3eb8446918e7128d55edf4455f0e1d2a580deb64462996b
088e3b17100f-PG_MCA_CAP4_Cutoff_All_Institutes_2025_26.pdf,6992,"Pune Cambridge Institute of Management and Computer Application, Ambegaon Pathar, Pune",1633124110,2025-26,4,Maharashtra,TFWS,TFWS,SL,63.1574978,percentile,TFWS | 11647 | 63.1574978 | Stage-I,182,Other Than Home University Seats Allotted to Other Than Home University Candidates,203480fb115c80333b2e20bec34afaef52caa2192918c846304476b6425265b8
088e3b17100f-PG_MCA_CAP4_Cutoff_All_Institutes_2025_26.pdf,6992,"Pune Cambridge Institute of Management and Computer Application, Ambegaon Pathar, Pune",1635324110,2025-26,4,Maharashtra,GOPENH,GOPENH,HU,74.782248,percentile,GOPENH | 8226 | 74.782248 | Stage-I,183,Home University Seats Allotted to Home University Candidates,31a3e30284719bba8a1bdc2937cded47d334f3fd08db9b2ec0f07b259c164bbf
088e3b17100f-PG_MCA_CAP4_Cutoff_All_Institutes_2025_26.pdf,6992,"Pune Cambridge Institute of Management and Computer Application, Ambegaon Pathar, Pune",1635324110,2025-26,4,Maharashtra,GSCO,GSCO,HU,27.2744425,percentile,GSCO | 20643 | 27.2744425 | Stage-IV,183,Other Than Home University Seats Allotted to Other Than Home University Candidates,141905ca9ddd8836910f5be5db62c2e4ac44b287eb373f1915def653dab17a51
088e3b17100f-PG_MCA_CAP4_Cutoff_All_Institutes_2025_26.pdf,6992,"Pune Cambridge Institute of Management and Computer Application, Ambegaon Pathar, Pune",1635324110,2025-26,4,Maharashtra,GNTBO,GNTBO,HU,13.5402134,percentile,GNTBO | 23323 | 13.5402134 | Stage-IV,183,Other Than Home University Seats Allotted to Home University Candidates,9c10e45a697d1227d938268518135b76a43c5718e52a4db7fbfb325aee49dc94
088e3b17100f-PG_MCA_CAP4_Cutoff_All_Institutes_2025_26.pdf,6992,"Pune Cambridge Institute of Management and Computer Application, Ambegaon Pathar, Pune",1635324110,2025-26,4,Maharashtra,GOBCO,GOBCO,HU,13.5402134,percentile,GOBCO | 23269 | 13.5402134 | Stage-IV,183,Other Than Home University Seats Allotted to Home University Candidates,ffe84c831d3c030c65dd1068a799ca007c2c7e2b233f208eb6fc648c78ae9569
088e3b17100f-PG_MCA_CAP4_Cutoff_All_Institutes_2025_26.pdf,6992,"Pune Cambridge Institute of Management and Computer Application, Ambegaon Pathar, Pune",1635524210,2025-26,4,Maharashtra,GOPENH,GOPENH,HU,58.7911466,percentile,GOPENH | 13105 | 58.7911466 | Stage-I,184,Home University Seats Allotted to Home University Candidates,89093fdbdf4cde3c8edb77d583179615dd2ad43f88e07510246882db318837ad
088e3b17100f-PG_MCA_CAP4_Cutoff_All_Institutes_2025_26.pdf,6992,"Pune Cambridge Institute of Management and Computer Application, Ambegaon Pathar, Pune",1635524210,2025-26,4,Maharashtra,GSCH,GSCH,HU,19.1539942,percentile,GSCH | 22293 | 19.1539942 | Stage-I,184,Home University Seats Allotted to Home University Candidates,6dc9384ccfdaea5dd188006dee0f0fb0019800d8cc91331bad947e1e0909606c
088e3b17100f-PG_MCA_CAP4_Cutoff_All_Institutes_2025_26.pdf,6992,"Pune Cambridge Institute of Management and Computer Application, Ambegaon Pathar, Pune",1635524210,2025-26,4,Maharashtra,GSCH,GSCH,HU,10.5199653,percentile,GSCH | 23878 | 10.5199653 | Stage-I,184,Home University Seats Allotted to Other Than Home University Candidates,61442e48702a77ba0c34367af180efaaae02e5075c0e42d3a5c76ddba9147c44
088e3b17100f-PG_MCA_CAP4_Cutoff_All_Institutes_2025_26.pdf,6992,"Pune Cambridge Institute of Management and Computer Application, Ambegaon Pathar, Pune",1635524210,2025-26,4,Maharashtra,GSEBCH,GSEBCH,HU,46.3793819,percentile,GSEBCH | 16004 | 46.3793819 | Stage-I,184,Home University Seats Allotted to Other Than Home University Candidates,19d2e08f6050e9059abaf727d8015381eb4c5b044563c8462d419633808d8be1
088e3b17100f-PG_MCA_CAP4_Cutoff_All_Institutes_2025_26.pdf,6992,"Pune Cambridge Institute of Management and Computer Application, Ambegaon Pathar, Pune",1635524210,2025-26,4,Maharashtra,GOPENO,GOPENO,HU,63.1574978,percentile,GOPENO | 11844 | 63.1574978 | Stage-I,184,Other Than Home University Seats Allotted to Other Than Home University Candidates,d2601d5987cb4498919456762b120cb64a3e1d95de5b148d5d4a13f76eb9a6ee
088e3b17100f-PG_MCA_CAP4_Cutoff_All_Institutes_2025_26.pdf,6992,"Pune Cambridge Institute of Management and Computer Application, Ambegaon Pathar, Pune",1635524210,2025-26,4,Maharashtra,GSCO,GSCO,HU,41.4550394,percentile,GSCO | 17356 | 41.4550394 | Stage-I,184,Other Than Home University Seats Allotted to Other Than Home University Candidates,fb2586476b5837df3acafdc87eb4793f5f0853dd7f940d6e76a0fd9c0111117b
088e3b17100f-PG_MCA_CAP4_Cutoff_All_Institutes_2025_26.pdf,6992,"Pune Cambridge Institute of Management and Computer Application, Ambegaon Pathar, Pune",1635524210,2025-26,4,Maharashtra,GSTO,GSTO,HU,15.5994113,percentile,GSTO | 22911 | 15.5994113 | Stage-I,184,Other Than Home University Seats Allotted to Other Than Home University Candidates,67b068bd6ce7bf1936d9cebf159addbab9bacf505f4ede324924aa9ce0fc0278
088e3b17100f-PG_MCA_CAP4_Cutoff_All_Institutes_2025_26.pdf,6992,"Pune Cambridge Institute of Management and Computer Application, Ambegaon Pathar, Pune",1635524210,2025-26,4,Maharashtra,GNTAO,GNTAO,HU,58.7911466,percentile,GNTAO | 13126 | 58.7911466 | Stage-I,184,Other Than Home University Seats Allotted to Other Than Home University Candidates,9a1a0bffed6d53b6a72fe86e48b70c92439982b8e123779e871d17db568ca6d7
088e3b17100f-PG_MCA_CAP4_Cutoff_All_Institutes_2025_26.pdf,6992,"Pune Cambridge Institute of Management and Computer Application, Ambegaon Pathar, Pune",1635624110,2025-26,4,Maharashtra,GOPENH,GOPENH,HU,63.1574978,percentile,GOPENH | 11908 | 63.1574978 | Stage-I,185,Home University Seats Allotted to Home University Candidates,4e6c22b5814e797a846c78ee69a280f701c74b1876c6223f414f48fe95db2afe
088e3b17100f-PG_MCA_CAP4_Cutoff_All_Institutes_2025_26.pdf,6992,"Pune Cambridge Institute of Management and Computer Application, Ambegaon Pathar, Pune",1635624110,2025-26,4,Maharashtra,GSEBCH,GSEBCH,HU,56.5488095,percentile,GSEBCH | 13895 | 56.5488095 | Stage-I,185,Home University Seats Allotted to Other Than Home University Candidates,083c97e54694eb7a916345623bd70efb59b41df4ad8f778972d2c08c408ee80a
088e3b17100f-PG_MCA_CAP4_Cutoff_All_Institutes_2025_26.pdf,6992,"Pune Cambridge Institute of Management and Computer Application, Ambegaon Pathar, Pune",1635624110,2025-26,4,Maharashtra,GSCO,GSCO,HU,41.4550394,percentile,GSCO | 17608 | 41.4550394 | Stage-I,185,Other Than Home University Seats Allotted to Other Than Home University Candidates,fb2586476b5837df3acafdc87eb4793f5f0853dd7f940d6e76a0fd9c0111117b
088e3b17100f-PG_MCA_CAP4_Cutoff_All_Institutes_2025_26.pdf,6992,"Pune Cambridge Institute of Management and Computer Application, Ambegaon Pathar, Pune",1635624110,2025-26,4,Maharashtra,GOBCO,GOBCO,HU,61.2807064,percentile,GOBCO | 12130 | 61.2807064 | Stage-I,185,Other Than Home University Seats Allotted to Other Than Home University Candidates,53bd7285ccf6282b330d0d12535d154607bee2c6e5cfaf3898eee4fe723c1918
088e3b17100f-PG_MCA_CAP4_Cutoff_All_Institutes_2025_26.pdf,6992,"Pune Cambridge Institute of Management and Computer Application, Ambegaon Pathar, Pune",1635824110,2025-26,4,Maharashtra,GOPENH,GOPENH,HU,44.5345198,percentile,GOPENH | 16634 | 44.5345198 | Stage-I,186,Home University Seats Allotted to Home University Candidates,cdf5f2a97a3fdfce8592c9ed176608a5bc1929d65f06767f120c3b00d8ae179c
088e3b17100f-PG_MCA_CAP4_Cutoff_All_Institutes_2025_26.pdf,6992,"Pune Cambridge Institute of Management and Computer Application, Ambegaon Pathar, Pune",1635824110,2025-26,4,Maharashtra,GSTH,GSTH,HU,29.9046039,percentile,GSTH | 19842 | 29.9046039 | Stage-I,186,Home University Seats Allotted to Home University Candidates,28ea94e14ea4fd28c4cd11ecc08a4ab3666ad21d3556444b6538f5d2642ad1c5
088e3b17100f-PG_MCA_CAP4_Cutoff_All_Institutes_2025_26.pdf,6992,"Pune Cambridge Institute of Management and Computer Application, Ambegaon Pathar, Pune",1635824110,2025-26,4,Maharashtra,GOPENO,GOPENO,HU,21.0059952,percentile,GOPENO | 22021 | 21.0059952 | Stage-I,186,Other Than Home University Seats Allotted to Other Than Home University Candidates,f67fa8d5d2b3fad92234c23154fa4ea9cc84da0ba6c3adf32dc116cab5c7c63c
088e3b17100f-PG_MCA_CAP4_Cutoff_All_Institutes_2025_26.pdf,6992,"Pune Cambridge Institute of Management and Computer Application, Ambegaon Pathar, Pune",1635824110,2025-26,4,Maharashtra,GSTO,GSTO,HU,27.2744425,percentile,GSTO | 20484 | 27.2744425 | Stage-IV,186,Other Than Home University Seats Allotted to Home University Candidates,7ae0f71ce6493f80c1e7eb7a60dd2e828414d3f501299d9d99bdc8de21ea6f20
088e3b17100f-PG_MCA_CAP4_Cutoff_All_Institutes_2025_26.pdf,6992,"Pune Cambridge Institute of Management and Computer Application, Ambegaon Pathar, Pune",1635824110,2025-26,4,Maharashtra,GNTAO,GNTAO,HU,27.2744425,percentile,GNTAO | 20555 | 27.2744425 | Stage-IV,186,Other Than Home University Seats Allotted to Home University Candidates,a3ad7ad2a8a45702ad9bf2095699e2ca200611d33c2c36f4ea5ee48f5c57a2ca
088e3b17100f-PG_MCA_CAP4_Cutoff_All_Institutes_2025_26.pdf,6992,"Pune Cambridge Institute of Management and Computer Application, Ambegaon Pathar, Pune",1635824110,2025-26,4,Maharashtra,GNTBO,GNTBO,HU,27.2744425,percentile,GNTBO | 20633 | 27.2744425 | Stage-IV,186,Other Than Home University Seats Allotted to Home University Candidates,b312b4b4fb534256cfd34e656d38b37bef325b39cd952495d252eb20fa092216
088e3b17100f-PG_MCA_CAP4_Cutoff_All_Institutes_2025_26.pdf,6992,"Pune Cambridge Institute of Management and Computer Application, Ambegaon Pathar, Pune",1635824110,2025-26,4,Maharashtra,GNTDO,GNTDO,HU,31.6629561,percentile,GNTDO | 19688 | 31.6629561 | Stage-IV,186,Other Than Home University Seats Allotted to Home University Candidates,be7891cfa2d72ebb704250a2878b430c8d5fe926e7dab967827ee074d42430fc
088e3b17100f-PG_MCA_CAP4_Cutoff_All_Institutes_2025_26.pdf,6992,"Pune Cambridge Institute of Management and Computer Application, Ambegaon Pathar, Pune",1635824110,2025-26,4,Maharashtra,GOBCO,GOBCO,HU,29.9046039,percentile,GOBCO | 20240 | 29.9046039 | Stage-IV,186,Other Than Home University Seats Allotted to Home University Candidates,7c0e13e1f3c34d67a6196493200e3f6644134e8b288aae1d169a1cb611013cef
088e3b17100f-PG_MCA_CAP4_Cutoff_All_Institutes_2025_26.pdf,6992,"Pune Cambridge Institute of Management and Computer Application, Ambegaon Pathar, Pune",1635824110,2025-26,4,Maharashtra,TFWS,TFWS,SL,90.7733494,percentile,TFWS | 3155 | 90.7733494 | Stage-I,186,Other Than Home University Seats Allotted to Home University Candidates,7d28582c0e10ceed372a5e1407e67e5a9b7ff1014f5df1efea123809b2d17338
