source_pdf,institute_code,institute_name,course_code,academic_year,cap_round,candidate_type,category,seat_type,university_type,cutoff_value,cutoff_unit,raw_row_text,page_number,allotment_type,row_hash
7026366bbc3b-PG_MCA_CAP1_Cutoff_MH_2025_26__1_.pdf,1005,"Sant Gadge Baba Amravati University,Amravati",0100524110,2025-26,1,Maharashtra,GOPENH,GOPENH,HU,85.3851665,percentile,GOPENH | 4742 | 85.3851665 | Stage-I,1,Home University Seats Allotted to Home University Candidates,e2c8f6e5536cdefbaf6ded4b2de0a6344dd4ad8c03df4c4247ab92cffd06e76c
7026366bbc3b-PG_MCA_CAP1_Cutoff_MH_2025_26__1_.pdf,1005,"Sant Gadge Baba Amravati University,Amravati",0100524110,2025-26,1,Maharashtra,GSCH,GSCH,HU,53.942159,percentile,GSCH | 14153 | 53.942159 | Stage-I,1,Home University Seats Allotted to Home University Candidates,53c762ec56ecd9cb66cfa442e0c55ca57de1c81897c6b00f600b2315de3d008b
7026366bbc3b-PG_MCA_CAP1_Cutoff_MH_2025_26__1_.pdf,1005,"Sant Gadge Baba Amravati University,Amravati",0100524110,2025-26,1,Maharashtra,GSTH,GSTH,HU,69.7143504,percentile,GSTH | 9741 | 69.7143504 | Stage-I,1,Home University Seats Allotted to Home University Candidates,5d7762fc484e28e4534f18f86d14f062d950c4893329c2e3ebab71f0dcfa08f4
7026366bbc3b-PG_MCA_CAP1_Cutoff_MH_2025_26__1_.pdf,1005,"Sant Gadge Baba Amravati University,Amravati",0100524110,2025-26,1,Maharashtra,GNTAH,GNTAH,HU,77.8251197,percentile,GNTAH | 7408 | 77.8251197 | Stage-I,1,Home University Seats Allotted to Home University Candidates,e816b85f60ca1cf4f6b91ba1fe42c491904d396a042087aa5fab756232e4f430
7026366bbc3b-PG_MCA_CAP1_Cutoff_MH_2025_26__1_.pdf,1005,"Sant Gadge Baba Amravati University,Amravati",0100524110,2025-26,1,Maharashtra,GNTBH,GNTBH,HU,67.3579428,percentile,GNTBH | 10287 | 67.3579428 | Stage-I,1,Home University Seats Allotted to Home University Candidates,543f841219e03f0857fd14dfd842732a793f2bf32488c9f559f1fa54cb724ea2
7026366bbc3b-PG_MCA_CAP1_Cutoff_MH_2025_26__1_.pdf,1005,"Sant Gadge Baba Amravati University,Amravati",0100524110,2025-26,1,Maharashtra,GNTCH,GNTCH,HU,77.8251197,percentile,GNTCH | 7243 | 77.8251197 | Stage-I,1,Home University Seats Allotted to Home University Candidates,e673b69a9e0db1a78c90b4af794d82beb6ea585cb9b3f49a0087b7a8a241482f
7026366bbc3b-PG_MCA_CAP1_Cutoff_MH_2025_26__1_.pdf,1005,"Sant Gadge Baba Amravati University,Amravati",0100524110,2025-26,1,Maharashtra,GOBCH,GOBCH,HU,82.8308366,percentile,GOBCH | 6039 | 82.8308366 | Stage-I,1,Home University Seats Allotted to Home University Candidates,df3484bb0056fa7f5065a19debb5591733a86c4b9b6717fbb14bbb744cbf31a5
7026366bbc3b-PG_MCA_CAP1_Cutoff_MH_2025_26__1_.pdf,1005,"Sant Gadge Baba Amravati University,Amravati",0100524110,2025-26,1,Maharashtra,GSEBCH,GSEBCH,HU,34.5198145,percentile,GSEBCH | 19050 | 34.5198145 | Stage-I,1,Home University Seats Allotted to Home University Candidates,001bb201a98338c11e0aafe6ed45b81edafd13fff44ef0163f552b17a1865c75
7026366bbc3b-PG_MCA_CAP1_Cutoff_MH_2025_26__1_.pdf,1005,"Sant Gadge Baba Amravati University,Amravati",0100524110,2025-26,1,Maharashtra,PWDOPENH,PWDOPENH,HU,5.5960152,percentile,PWDOPENH | 24739 | 5.5960152 | Stage-I,1,Home University Seats Allotted to Home University Candidates,c7b07c0cf805bc3336ce1d79a7d51af8df367905ac2c9201b94de2d55c6b95e1
7026366bbc3b-PG_MCA_CAP1_Cutoff_MH_2025_26__1_.pdf,1005,"Sant Gadge Baba Amravati University,Amravati",0100524110,2025-26,1,Maharashtra,GSTH,GSTH,HU,15.5994113,percentile,GSTH | 22839 | 15.5994113 | Stage-I,1,Home University Seats Allotted to Other Than Home University Candidates,ecc58040fa39fcbe34cf3e5bb1de0a9388cfd5352ecd864f01779b67de830eec
7026366bbc3b-PG_MCA_CAP1_Cutoff_MH_2025_26__1_.pdf,1005,"Sant Gadge Baba Amravati University,Amravati",0100524110,2025-26,1,Maharashtra,GNTDH,GNTDH,HU,69.7143504,percentile,GNTDH | 9621 | 69.7143504 | Stage-I,1,Home University Seats Allotted to Other Than Home University Candidates,f256d0b080426e7990fb89a9c2d666a2cea7ef5504370e25d021dc9e0fcb9f03
7026366bbc3b-PG_MCA_CAP1_Cutoff_MH_2025_26__1_.pdf,1005,"Sant Gadge Baba Amravati University,Amravati",0100524110,2025-26,1,Maharashtra,GSEBCH,GSEBCH,HU,53.942159,percentile,GSEBCH | 14157 | 53.942159 | Stage-I,1,Home University Seats Allotted to Other Than Home University Candidates,81e412d59934beec28bba4112b697b40bd32ffb06a599fbc8cf2358276cd68f5
7026366bbc3b-PG_MCA_CAP1_Cutoff_MH_2025_26__1_.pdf,1005,"Sant Gadge Baba Amravati University,Amravati",0100524110,2025-26,1,Maharashtra,GOPENO,GOPENO,HU,89.1331398,percentile,GOPENO | 3659 | 89.1331398 | Stage-I,1,Other Than Home University Seats Allotted to Other Than Home University Candidates,a896eea062f9784818521615885af3c2a2d6e76160f06c975d118d8f1583ed28
7026366bbc3b-PG_MCA_CAP1_Cutoff_MH_2025_26__1_.pdf,1005,"Sant Gadge Baba Amravati University,Amravati",0100524110,2025-26,1,Maharashtra,GSCO,GSCO,HU,89.1331398,percentile,GSCO | 3829 | 89.1331398 | Stage-I,1,Other Than Home University Seats Allotted to Other Than Home University Candidates,0cb3b03239aa3a5c4e3d1710d50e15def5f9275af8b385a81097e9086fcb8716
7026366bbc3b-PG_MCA_CAP1_Cutoff_MH_2025_26__1_.pdf,1005,"Sant Gadge Baba Amravati University,Amravati",0100524110,2025-26,1,Maharashtra,GSTO,GSTO,HU,65.8578922,percentile,GSTO | 10980 | 65.8578922 | Stage-I,1,Other Than Home University Seats Allotted to Other Than Home University Candidates,f6fd2c0bf14dfab328075719d7b720f859ded5e0fdbce65ec6d475b239c2f4ea
7026366bbc3b-PG_MCA_CAP1_Cutoff_MH_2025_26__1_.pdf,1005,"Sant Gadge Baba Amravati University,Amravati",0100524110,2025-26,1,Maharashtra,GOBCO,GOBCO,HU,82.9644433,percentile,GOBCO | 5561 | 82.9644433 | Stage-I,1,Other Than Home University Seats Allotted to Other Than Home University Candidates,96ad9772069a3a4db23727b2bf96ea9d6c5e98f6c756ccd2621950da8e3f7340
7026366bbc3b-PG_MCA_CAP1_Cutoff_MH_2025_26__1_.pdf,1005,"Sant Gadge Baba Amravati University,Amravati",0100524110,2025-26,1,Maharashtra,GSEBCO,GSEBCO,HU,79.9969812,percentile,GSEBCO | 6698 | 79.9969812 | Stage-I,1,Other Than Home University Seats Allotted to Other Than Home University Candidates,6341ac6590ae794cc8a71b91719230dbd97dcb87485da5a55479b378466d3521
7026366bbc3b-PG_MCA_CAP1_Cutoff_MH_2025_26__1_.pdf,1005,"Sant Gadge Baba Amravati University,Amravati",0100524110,2025-26,1,Maharashtra,EWS,EWS,SL,65.8578922,percentile,EWS | 11341 | 65.8578922 | Stage-I,1,Other Than Home University Seats Allotted to Other Than Home University Candidates,268656fc2e9cbe0b69fbceedec1ef827bbc6603ee3a8e932ec12441fe26effcd
7026366bbc3b-PG_MCA_CAP1_Cutoff_MH_2025_26__1_.pdf,1005,"Sant Gadge Baba Amravati University,Amravati",0100524110,2025-26,1,Maharashtra,TFWS,TFWS,SL,93.405226,percentile,TFWS | 2056 | 93.405226 | Stage-I,1,Other Than Home University Seats Allotted to Other Than Home University Candidates,9feb05cdbe66ac4ac9f4171e1696bf655d0f906569bc273032c9580fb8ab01d1
7026366bbc3b-PG_MCA_CAP1_Cutoff_MH_2025_26__1_.pdf,1102,"Vidya Bharati Mahavidyalaya Department of Research and PG Studies in Science & Management, Amravati",0110224110,2025-26,1,Maharashtra,GOPENH,GOPENH,HU,76.9216256,percentile,GOPENH | 7868 | 76.9216256 | Stage-I,2,Home University Seats Allotted to Home University Candidates,b126d014cdc2cdedf55688038f5016e83e3a3331eab43f3e9394cd9826991546
7026366bbc3b-PG_MCA_CAP1_Cutoff_MH_2025_26__1_.pdf,1102,"Vidya Bharati Mahavidyalaya Department of Research and PG Studies in Science & Management, Amravati",0110224110,2025-26,1,Maharashtra,GOPENO,GOPENO,HU,56.5488095,percentile,GOPENO | 13356 | 56.5488095 | Stage-I,2,Other Than Home University Seats Allotted to Other Than Home University Candidates,8bd4db497d08148f18afa55c4d9eb790d1032570344605b1025463e1765983b8
7026366bbc3b-PG_MCA_CAP1_Cutoff_MH_2025_26__1_.pdf,1102,"Vidya Bharati Mahavidyalaya Department of Research and PG Studies in Science & Management, Amravati",0110224110,2025-26,1,Maharashtra,TFWS,TFWS,SL,82.8308366,percentile,TFWS | 5901 | 82.8308366 | Stage-I,2,Other Than Home University Seats Allotted to Other Than Home University Candidates,0881d2d040b77c899c58e8e4ee5decf5e9cd13fd64f6873f61bc8c7a1a9bba92
7026366bbc3b-PG_MCA_CAP1_Cutoff_MH_2025_26__1_.pdf,1105,"Prof. Ram Meghe Institute of Technology & Research, Amravati",0110524110,2025-26,1,Maharashtra,GOPENH,GOPENH,HU,85.3851665,percentile,GOPENH | 4628 | 85.3851665 | Stage-I,3,Home University Seats Allotted to Home University Candidates,6015d516b795575b7c15ea40f925821ef7db674cfbcb03a9c041626f29a5baf5
7026366bbc3b-PG_MCA_CAP1_Cutoff_MH_2025_26__1_.pdf,1105,"Prof. Ram Meghe Institute of Technology & Research, Amravati",0110524110,2025-26,1,Maharashtra,GSCH,GSCH,HU,61.2807064,percentile,GSCH | 12552 | 61.2807064 | Stage-I,3,Home University Seats Allotted to Home University Candidates,a898ffbb0f1066d8a0e3fae8cf96cab31ee4834c4f709298e9702ae4cdc6e05e
7026366bbc3b-PG_MCA_CAP1_Cutoff_MH_2025_26__1_.pdf,1105,"Prof. Ram Meghe Institute of Technology & Research, Amravati",0110524110,2025-26,1,Maharashtra,GNTAH,GNTAH,HU,73.5368477,percentile,GNTAH | 8738 | 73.5368477 | Stage-I,3,Home University Seats Allotted to Home University Candidates,c16b060e504b7612aec79d8f817de595c3820022e23d3450fa6cede522848099
7026366bbc3b-PG_MCA_CAP1_Cutoff_MH_2025_26__1_.pdf,1105,"Prof. Ram Meghe Institute of Technology & Research, Amravati",0110524110,2025-26,1,Maharashtra,GNTBH,GNTBH,HU,73.5368477,percentile,GNTBH | 8868 | 73.5368477 | Stage-I,3,Home University Seats Allotted to Home University Candidates,64e790a152a87f7f3ee60cb19d369aff95cffbdb2cc5a641b5e510bba1387697
7026366bbc3b-PG_MCA_CAP1_Cutoff_MH_2025_26__1_.pdf,1105,"Prof. Ram Meghe Institute of Technology & Research, Amravati",0110524110,2025-26,1,Maharashtra,GNTCH,GNTCH,HU,67.3579428,percentile,GNTCH | 10279 | 67.3579428 | Stage-I,3,Home University Seats Allotted to Home University Candidates,488ef579353ae0cf6f5a9a23778e1475a4cd6427e59802289d57be69ad581374
7026366bbc3b-PG_MCA_CAP1_Cutoff_MH_2025_26__1_.pdf,1105,"Prof. Ram Meghe Institute of Technology & Research, Amravati",0110524110,2025-26,1,Maharashtra,GOBCH,GOBCH,HU,79.9969812,percentile,GOBCH | 6787 | 79.9969812 | Stage-I,3,Home University Seats Allotted to Home University Candidates,161e6a5032b9198139d75bbf09472166e750c2404ccc1e92823cb0485dfe1a2d
7026366bbc3b-PG_MCA_CAP1_Cutoff_MH_2025_26__1_.pdf,1105,"Prof. Ram Meghe Institute of Technology & Research, Amravati",0110524110,2025-26,1,Maharashtra,GSEBCH,GSEBCH,HU,23.1010151,percentile,GSEBCH | 21543 | 23.1010151 | Stage-I,3,Home University Seats Allotted to Home University Candidates,13d3e505a91c1a096dceb8c2a87ac38525973a957be8413f8d8e02f1ee7d1bba
7026366bbc3b-PG_MCA_CAP1_Cutoff_MH_2025_26__1_.pdf,1105,"Prof. Ram Meghe Institute of Technology & Research, Amravati",0110524110,2025-26,1,Maharashtra,GOPENO,GOPENO,HU,63.1574978,percentile,GOPENO | 11528 | 63.1574978 | Stage-I,3,Other Than Home University Seats Allotted to Other Than Home University Candidates,2474e8c8849c3493f6244b69ccd844549deec174c37b8121538e485838301012
7026366bbc3b-PG_MCA_CAP1_Cutoff_MH_2025_26__1_.pdf,1105,"Prof. Ram Meghe Institute of Technology & Research, Amravati",0110524110,2025-26,1,Maharashtra,GNTCO,GNTCO,HU,25.4779232,percentile,GNTCO | 21199 | 25.4779232 | Stage-I,3,Other Than Home University Seats Allotted to Other Than Home University Candidates,29df735dff9e5b93cd470f797d5ba1eb789b4de03e3c6e054db4df13ffc75026
7026366bbc3b-PG_MCA_CAP1_Cutoff_MH_2025_26__1_.pdf,1105,"Prof. Ram Meghe Institute of Technology & Research, Amravati",0110524110,2025-26,1,Maharashtra,GOBCO,GOBCO,HU,51.4093808,percentile,GOBCO | 15109 | 51.4093808 | Stage-I,3,Other Than Home University Seats Allotted to Other Than Home University Candidates,c82a9a9b468360cf43ddc6515a6ea03b459eac44b9dbedccb806cbe11a90e9cd
7026366bbc3b-PG_MCA_CAP1_Cutoff_MH_2025_26__1_.pdf,1105,"Prof. Ram Meghe Institute of Technology & Research, Amravati",0110524110,2025-26,1,Maharashtra,GSCO,GSCO,HU,51.4093808,percentile,GSCO | 15017 | 51.4093808 | Stage-I,3,Other Than Home University Seats Allotted to Home University Candidates,f9d9e175092e6cfa17b080c71b675c28e9d498561bc22451d15f5f7d56712360
7026366bbc3b-PG_MCA_CAP1_Cutoff_MH_2025_26__1_.pdf,1105,"Prof. Ram Meghe Institute of Technology & Research, Amravati",0110524110,2025-26,1,Maharashtra,EWS,EWS,SL,58.7911466,percentile,EWS | 12768 | 58.7911466 | Stage-I,3,Other Than Home University Seats Allotted to Home University Candidates,b7f6a355c411df750772c92d7115248cae9c8e4074c6e50c061e7db76cae02f6
7026366bbc3b-PG_MCA_CAP1_Cutoff_MH_2025_26__1_.pdf,1105,"Prof. Ram Meghe Institute of Technology & Research, Amravati",0110524110,2025-26,1,Maharashtra,TFWS,TFWS,SL,92.1797821,percentile,TFWS | 2465 | 92.1797821 | Stage-I,3,Other Than Home University Seats Allotted to Home University Candidates,461a9df5b70971d3302c9b56071a0dd27beeb51217f69300429efc9c3a9ee564
7026366bbc3b-PG_MCA_CAP1_Cutoff_MH_2025_26__1_.pdf,1107,"P. R. Pote Patil College of Engineering & Management, Amravati",0110724110,2025-26,1,Maharashtra,GOPENH,GOPENH,HU,85.3851665,percentile,GOPENH | 4441 | 85.3851665 | Stage-I,4,Home University Seats Allotted to Home University Candidates,33ebdea8cbe654b01e658ba52d109873c0082846ac49ec618ce57af88bbfb6c7
7026366bbc3b-PG_MCA_CAP1_Cutoff_MH_2025_26__1_.pdf,1107,"P. R. Pote Patil College of Engineering & Management, Amravati",0110724110,2025-26,1,Maharashtra,GSCH,GSCH,HU,82.9644433,percentile,GSCH | 5625 | 82.9644433 | Stage-I,4,Home University Seats Allotted to Home University Candidates,3084857a75d1f87b48bf2dfb42fc1b131cbfc999b3282e3b5b2df4a12b6e2caf
7026366bbc3b-PG_MCA_CAP1_Cutoff_MH_2025_26__1_.pdf,1107,"P. R. Pote Patil College of Engineering & Management, Amravati",0110724110,2025-26,1,Maharashtra,GSTH,GSTH,HU,73.5368477,percentile,GSTH | 8543 | 73.5368477 | Stage-I,4,Home University Seats Allotted to Home University Candidates,c7652a95ed8add3443b7161ff579b9f0153de641d2147736e9b4257ee1e37cbf
7026366bbc3b-PG_MCA_CAP1_Cutoff_MH_2025_26__1_.pdf,1107,"P. R. Pote Patil College of Engineering & Management, Amravati",0110724110,2025-26,1,Maharashtra,GNTAH,GNTAH,HU,77.8251197,percentile,GNTAH | 7113 | 77.8251197 | Stage-I,4,Home University Seats Allotted to Home University Candidates,0370708de81c389cdff9e9812def46798236f59150095b3da2f1eb48974ca7a2
7026366bbc3b-PG_MCA_CAP1_Cutoff_MH_2025_26__1_.pdf,1107,"P. R. Pote Patil College of Engineering & Management, Amravati",0110724110,2025-26,1,Maharashtra,GNTCH,GNTCH,HU,67.3579428,percentile,GNTCH | 10404 | 67.3579428 | Stage-I,4,Home University Seats Allotted to Home University Candidates,659b37d71b693697687628b4d8f1f990317db45b102ed482dade53dccdeffd36
7026366bbc3b-PG_MCA_CAP1_Cutoff_MH_2025_26__1_.pdf,1107,"P. R. Pote Patil College of Engineering & Management, Amravati",0110724110,2025-26,1,Maharashtra,GOBCH,GOBCH,HU,85.3851665,percentile,GOBCH | 4791 | 85.3851665 | Stage-I,4,Home University Seats Allotted to Home University Candidates,63d6d7610a4dc2e5b44128927b3af442b115668a4e37accae5eab8a01061c213
7026366bbc3b-PG_MCA_CAP1_Cutoff_MH_2025_26__1_.pdf,1107,"P. R. Pote Patil College of Engineering & Management, Amravati",0110724110,2025-26,1,Maharashtra,GSEBCH,GSEBCH,HU,25.4779232,percentile,GSEBCH | 20940 | 25.4779232 | Stage-I,4,Home University Seats Allotted to Home University Candidates,0cb7ed5201e8bf60165f01577a4cf9c1ae0b82d46d12f3a50a90b0e8c032ef90
7026366bbc3b-PG_MCA_CAP1_Cutoff_MH_2025_26__1_.pdf,1107,"P. R. Pote Patil College of Engineering & Management, Amravati",0110724110,2025-26,1,Maharashtra,PWDOPENH,PWDOPENH,HU,49.3533426,percentile,PWDOPENH | 15675 | 49.3533426 | Stage-I,4,Home University Seats Allotted to Home University Candidates,fc8ecec7eeeaf9c37115ae017e663d49be86ef2fd5247e5cb687474a40b40249
7026366bbc3b-PG_MCA_CAP1_Cutoff_MH_2025_26__1_.pdf,1107,"P. R. Pote Patil College of Engineering & Management, Amravati",0110724110,2025-26,1,Maharashtra,GOPENO,GOPENO,HU,71.1549338,percentile,GOPENO | 9589 | 71.1549338 | Stage-I,4,Other Than Home University Seats Allotted to Other Than Home University Candidates,fd1b42fb57492e9aac94d542a2e7435e54ba7896049ed99590eb9454f0b21df2
7026366bbc3b-PG_MCA_CAP1_Cutoff_MH_2025_26__1_.pdf,1107,"P. R. Pote Patil College of Engineering & Management, Amravati",0110724110,2025-26,1,Maharashtra,GNTBO,GNTBO,HU,65.8578922,percentile,GNTBO | 10811 | 65.8578922 | Stage-I,4,Other Than Home University Seats Allotted to Other Than Home University Candidates,b38ac1294049c34648ca9469764dbd84632096930a745f49c68f532794832f2d
7026366bbc3b-PG_MCA_CAP1_Cutoff_MH_2025_26__1_.pdf,1107,"P. R. Pote Patil College of Engineering & Management, Amravati",0110724110,2025-26,1,Maharashtra,GNTDO,GNTDO,HU,31.6629561,percentile,GNTDO | 19482 | 31.6629561 | Stage-I,4,Other Than Home University Seats Allotted to Other Than Home University Candidates,92a00898269c26947541f6dc8eca01bb7a1e782cdbecb4ca50d71c778ab141fc
7026366bbc3b-PG_MCA_CAP1_Cutoff_MH_2025_26__1_.pdf,1107,"P. R. Pote Patil College of Engineering & Management, Amravati",0110724110,2025-26,1,Maharashtra,GOBCO,GOBCO,HU,39.3989669,percentile,GOBCO | 18118 | 39.3989669 | Stage-I,4,Other Than Home University Seats Allotted to Other Than Home University Candidates,e664f2b26ddb69d2a66e2b71cd491004134ce7ba9e055bd604784e5051736a3f
7026366bbc3b-PG_MCA_CAP1_Cutoff_MH_2025_26__1_.pdf,1107,"P. R. Pote Patil College of Engineering & Management, Amravati",0110724110,2025-26,1,Maharashtra,GSEBCO,GSEBCO,HU,56.5488095,percentile,GSEBCO | 13738 | 56.5488095 | Stage-I,4,Other Than Home University Seats Allotted to Other Than Home University Candidates,6c9890c8744ca2c48a8b93283133ba7390558ed112a11c01fb8db0bc7f4f3e90
7026366bbc3b-PG_MCA_CAP1_Cutoff_MH_2025_26__1_.pdf,1107,"P. R. Pote Patil College of Engineering & Management, Amravati",0110724110,2025-26,1,Maharashtra,GSCO,GSCO,HU,67.3579428,percentile,GSCO | 10303 | 67.3579428 | Stage-I,4,Other Than Home University Seats Allotted to Home University Candidates,a8ea61af8937e7b63cebb8666ac1391c630dd62e629d10ec8195bee6f9f4f64f
7026366bbc3b-PG_MCA_CAP1_Cutoff_MH_2025_26__1_.pdf,1107,"P. R. Pote Patil College of Engineering & Management, Amravati",0110724110,2025-26,1,Maharashtra,EWS,EWS,SL,85.2118788,percentile,EWS | 5053 | 85.2118788 | Stage-I,4,Other Than Home University Seats Allotted to Home University Candidates,d2751279ff90d2a9ffeac68a124cb8a74b24420ec4944a5085db0be07260a6db
7026366bbc3b-PG_MCA_CAP1_Cutoff_MH_2025_26__1_.pdf,1107,"P. R. Pote Patil College of Engineering & Management, Amravati",0110724110,2025-26,1,Maharashtra,TFWS,TFWS,SL,95.2942951,percentile,TFWS | 1367 | 95.2942951 | Stage-I,4,Other Than Home University Seats Allotted to Home University Candidates,b273e21a99bc3c0118c01570596f14544e555747840823bc0a233f4a030ecbd4
7026366bbc3b-PG_MCA_CAP1_Cutoff_MH_2025_26__1_.pdf,1111,"P.G. Department of Computer Science & Technology, D.C.P.E., H.V.P. Mandal, Amravati",0111124110,2025-26,1,Maharashtra,GOPENH,GOPENH,HU,69.7143504,percentile,GOPENH | 10147 | 69.7143504 | Stage-I,5,Home University Seats Allotted to Home University Candidates,98b02bc19958ad9ae01a5d737079db556efaacd940ee1f8496c18234a19ffb5e
7026366bbc3b-PG_MCA_CAP1_Cutoff_MH_2025_26__1_.pdf,1111,"P.G. Department of Computer Science & Technology, D.C.P.E., H.V.P. Mandal, Amravati",0111124110,2025-26,1,Maharashtra,GSCH,GSCH,HU,29.9046039,percentile,GSCH | 19892 | 29.9046039 | Stage-I,5,Home University Seats Allotted to Home University Candidates,b8f725995b575d2e0c8de121c45b529f18c738f219fb0cf66a9d861f7de2b364
7026366bbc3b-PG_MCA_CAP1_Cutoff_MH_2025_26__1_.pdf,1111,"P.G. Department of Computer Science & Technology, D.C.P.E., H.V.P. Mandal, Amravati",0111124110,2025-26,1,Maharashtra,GSTH,GSTH,HU,10.5199653,percentile,GSTH | 23690 | 10.5199653 | Stage-I,5,Home University Seats Allotted to Home University Candidates,34dae893ec1a4e3bf9b0d2fcbffd7b04edfbce5a76be205181056364ae6cd114
7026366bbc3b-PG_MCA_CAP1_Cutoff_MH_2025_26__1_.pdf,1111,"P.G. Department of Computer Science & Technology, D.C.P.E., H.V.P. Mandal, Amravati",0111124110,2025-26,1,Maharashtra,GNTAH,GNTAH,HU,29.9046039,percentile,GNTAH | 19969 | 29.9046039 | Stage-I,5,Home University Seats Allotted to Home University Candidates,80673c108dc01c8940e1f708fa9bf9cff53f64f127374574f08051c9ff2b11d6
7026366bbc3b-PG_MCA_CAP1_Cutoff_MH_2025_26__1_.pdf,1111,"P.G. Department of Computer Science & Technology, D.C.P.E., H.V.P. Mandal, Amravati",0111124110,2025-26,1,Maharashtra,GNTBH,GNTBH,HU,23.1010151,percentile,GNTBH | 21357 | 23.1010151 | Stage-I,5,Home University Seats Allotted to Home University Candidates,a1e5c47427dc4d30eeabf67c1c98083e05e28acd19c58435189eb869a356cf5b
7026366bbc3b-PG_MCA_CAP1_Cutoff_MH_2025_26__1_.pdf,1111,"P.G. Department of Computer Science & Technology, D.C.P.E., H.V.P. Mandal, Amravati",0111124110,2025-26,1,Maharashtra,GNTCH,GNTCH,HU,46.3793819,percentile,GNTCH | 16363 | 46.3793819 | Stage-I,5,Home University Seats Allotted to Home University Candidates,6406ea4be44c4ad78db8fcd8f2b13381f3c6ce109243a768948b38c3075524de
7026366bbc3b-PG_MCA_CAP1_Cutoff_MH_2025_26__1_.pdf,1111,"P.G. Department of Computer Science & Technology, D.C.P.E., H.V.P. Mandal, Amravati",0111124110,2025-26,1,Maharashtra,GOBCH,GOBCH,HU,61.2807064,percentile,GOBCH | 12501 | 61.2807064 | Stage-I,5,Home University Seats Allotted to Home University Candidates,74e235d0c91478463dd53ffaab2cca1e0771658cb1a6da50f5222596e2a9ae63
7026366bbc3b-PG_MCA_CAP1_Cutoff_MH_2025_26__1_.pdf,1111,"P.G. Department of Computer Science & Technology, D.C.P.E., H.V.P. Mandal, Amravati",0111124110,2025-26,1,Maharashtra,GOPENO,GOPENO,HU,27.2744425,percentile,GOPENO | 20765 | 27.2744425 | Stage-I,5,Other Than Home University Seats Allotted to Other Than Home University Candidates,6567d47e4fe2842bc10f3479c40f02514f457b806552591c1c47c8b9887b2833
7026366bbc3b-PG_MCA_CAP1_Cutoff_MH_2025_26__1_.pdf,1111,"P.G. Department of Computer Science & Technology, D.C.P.E., H.V.P. Mandal, Amravati",0111124110,2025-26,1,Maharashtra,GOBCO,GOBCO,HU,5.5960152,percentile,GOBCO | 24676 | 5.5960152 | Stage-I,5,Other Than Home University Seats Allotted to Other Than Home University Candidates,c75b19b5863aa4e62a0e274a3bbf2d1e5e01875d5ee31e43903b5ef2b8f630e1
7026366bbc3b-PG_MCA_CAP1_Cutoff_MH_2025_26__1_.pdf,1111,"P.G. Department of Computer Science & Technology, D.C.P.E., H.V.P. Mandal, Amravati",0111124110,2025-26,1,Maharashtra,GSCO,GSCO,HU,25.4779232,percentile,GSCO | 20975 | 25.4779232 | Stage-I,5,Other Than Home University Seats Allotted to Home University Candidates,394ebd088d0315c4596b1c34852b2e0a3b73344c982edf2a3b84e5f754ac3e56
7026366bbc3b-PG_MCA_CAP1_Cutoff_MH_2025_26__1_.pdf,1111,"P.G. Department of Computer Science & Technology, D.C.P.E., H.V.P. Mandal, Amravati",0111124110,2025-26,1,Maharashtra,GNTCO,GNTCO,HU,41.4550394,percentile,GNTCO | 17574 | 41.4550394 | Stage-I,5,Other Than Home University Seats Allotted to Home University Candidates,37666257983e9411fcb71fdf666409b5514e3a17903b5b0586ef09988d20597c
7026366bbc3b-PG_MCA_CAP1_Cutoff_MH_2025_26__1_.pdf,1111,"P.G. Department of Computer Science & Technology, D.C.P.E., H.V.P. Mandal, Amravati",0111124110,2025-26,1,Maharashtra,GOBCO,GOBCO,HU,61.2807064,percentile,GOBCO | 12644 | 61.2807064 | Stage-I,5,Other Than Home University Seats Allotted to Home University Candidates,88c883db309b3512e795bd53b75f42b6b6bfc0a19d614b1d67049c2e4ffa6062
7026366bbc3b-PG_MCA_CAP1_Cutoff_MH_2025_26__1_.pdf,1111,"P.G. Department of Computer Science & Technology, D.C.P.E., H.V.P. Mandal, Amravati",0111124110,2025-26,1,Maharashtra,EWS,EWS,SL,13.5402134,percentile,EWS | 23240 | 13.5402134 | Stage-I,5,Other Than Home University Seats Allotted to Home University Candidates,d02e71a96fdb482d4ee483d74a30f5d6e986cdef29aa8983f169f1bf153407d4
7026366bbc3b-PG_MCA_CAP1_Cutoff_MH_2025_26__1_.pdf,1111,"P.G. Department of Computer Science & Technology, D.C.P.E., H.V.P. Mandal, Amravati",0111124110,2025-26,1,Maharashtra,TFWS,TFWS,SL,71.1549338,percentile,TFWS | 9209 | 71.1549338 | Stage-I,5,Other Than Home University Seats Allotted to Home University Candidates,f4fe8a9ab78c6e6eb8d1e3d75720b9685f14cc2ee511c858047a3864e22ed59c
7026366bbc3b-PG_MCA_CAP1_Cutoff_MH_2025_26__1_.pdf,1113,"Sadhana Shikshan Mandal, Saraswati College, Shegaon",0111324110,2025-26,1,Maharashtra,GOPENH,GOPENH,HU,58.7911466,percentile,GOPENH | 13191 | 58.7911466 | Stage-I,6,Home University Seats Allotted to Home University Candidates,dfed4156c5be47923c14200fd159bcd216c4dddf8603fe662ea0404f0caa4efe
7026366bbc3b-PG_MCA_CAP1_Cutoff_MH_2025_26__1_.pdf,1113,"Sadhana Shikshan Mandal, Saraswati College, Shegaon",0111324110,2025-26,1,Maharashtra,GSCH,GSCH,HU,3.0466423,percentile,GSCH | 25089 | 3.0466423 | Stage-I,6,Home University Seats Allotted to Home University Candidates,ba3e5478566e082187ef6b10f9b26aeff15d9b8bb6601c5e90f0e88b913e8481
7026366bbc3b-PG_MCA_CAP1_Cutoff_MH_2025_26__1_.pdf,1113,"Sadhana Shikshan Mandal, Saraswati College, Shegaon",0111324110,2025-26,1,Maharashtra,GNTBH,GNTBH,HU,49.3533426,percentile,GNTBH | 15624 | 49.3533426 | Stage-I,6,Home University Seats Allotted to Home University Candidates,c0a89d6c22790c45d07b6755eea9fcc3e3e7e40b75d71d19b7c4d9ff4356c528
7026366bbc3b-PG_MCA_CAP1_Cutoff_MH_2025_26__1_.pdf,1113,"Sadhana Shikshan Mandal, Saraswati College, Shegaon",0111324110,2025-26,1,Maharashtra,GNTCH,GNTCH,HU,25.4779232,percentile,GNTCH | 20850 | 25.4779232 | Stage-I,6,Home University Seats Allotted to Home University Candidates,03c8531add6ec6cf04f7c5ddc0ab5ef2f0d6fd0684d337d8b8ba3f7e487d7504
7026366bbc3b-PG_MCA_CAP1_Cutoff_MH_2025_26__1_.pdf,1113,"Sadhana Shikshan Mandal, Saraswati College, Shegaon",0111324110,2025-26,1,Maharashtra,GOBCH,GOBCH,HU,46.3793819,percentile,GOBCH | 16109 | 46.3793819 | Stage-I,6,Home University Seats Allotted to Home University Candidates,2867057803b6b583dd759fd0eda1425c14393aa670d307e1896ceaa00a62ff2f
7026366bbc3b-PG_MCA_CAP1_Cutoff_MH_2025_26__1_.pdf,1113,"Sadhana Shikshan Mandal, Saraswati College, Shegaon",0111324110,2025-26,1,Maharashtra,GSEBCH,GSEBCH,HU,2.0301121,percentile,GSEBCH | 25261 | 2.0301121 | Stage-I,6,Home University Seats Allotted to Home University Candidates,f21c2516ff85bf961addcd5ccfa3381e17a0565251d563250985a0b40af2ac52
7026366bbc3b-PG_MCA_CAP1_Cutoff_MH_2025_26__1_.pdf,1113,"Sadhana Shikshan Mandal, Saraswati College, Shegaon",0111324110,2025-26,1,Maharashtra,GOPENO,GOPENO,HU,13.5402134,percentile,GOPENO | 23214 | 13.5402134 | Stage-I,6,Other Than Home University Seats Allotted to Other Than Home University Candidates,768710cd48f5808aeed66dd2bdaf74912220dd3c1c18e76b937ddc48da2ffec0
7026366bbc3b-PG_MCA_CAP1_Cutoff_MH_2025_26__1_.pdf,1113,"Sadhana Shikshan Mandal, Saraswati College, Shegaon",0111324110,2025-26,1,Maharashtra,GOBCO,GOBCO,HU,5.9311489,percentile,GOBCO | 24517 | 5.9311489 | Stage-I,6,Other Than Home University Seats Allotted to Other Than Home University Candidates,01d799ba6793019974de4aea8c9cb6bb458515b1ca1312e910c1a58a8e5a7cee
7026366bbc3b-PG_MCA_CAP1_Cutoff_MH_2025_26__1_.pdf,1113,"Sadhana Shikshan Mandal, Saraswati College, Shegaon",0111324110,2025-26,1,Maharashtra,GNTBO,GNTBO,HU,21.0059952,percentile,GNTBO | 21794 | 21.0059952 | Stage-I,6,Other Than Home University Seats Allotted to Home University Candidates,8b870e18186073eddd65151a636688e8a8557d3f2463c5ad951517db95f0aca1
7026366bbc3b-PG_MCA_CAP1_Cutoff_MH_2025_26__1_.pdf,1113,"Sadhana Shikshan Mandal, Saraswati College, Shegaon",0111324110,2025-26,1,Maharashtra,GOBCO,GOBCO,HU,46.3793819,percentile,GOBCO | 16347 | 46.3793819 | Stage-I,6,Other Than Home University Seats Allotted to Home University Candidates,a37cf569b7b9dfca27f1c6f9d212404923bc45ce6864ea79546cb8516eca52d6
7026366bbc3b-PG_MCA_CAP1_Cutoff_MH_2025_26__1_.pdf,1113,"Sadhana Shikshan Mandal, Saraswati College, Shegaon",0111324110,2025-26,1,Maharashtra,EWS,EWS,SL,31.6629561,percentile,EWS | 19420 | 31.6629561 | Stage-I,6,Other Than Home University Seats Allotted to Home University Candidates,92373acf80ad9d83c2bdbf6d379102006ec5f821924f479c728f8d3d15c05953
7026366bbc3b-PG_MCA_CAP1_Cutoff_MH_2025_26__1_.pdf,1113,"Sadhana Shikshan Mandal, Saraswati College, Shegaon",0111324110,2025-26,1,Maharashtra,TFWS,TFWS,SL,82.9644433,percentile,TFWS | 5265 | 82.9644433 | Stage-I,6,Other Than Home University Seats Allotted to Home University Candidates,c360b1af42e8814dd2d72522045aefb097b0adf16a54c48e2c79f84c9adf242d
7026366bbc3b-PG_MCA_CAP1_Cutoff_MH_2025_26__1_.pdf,1314,SMT RADHADEVI GOENKA COLLEGE FOR WOMEN,0111324110,2025-26,1,Maharashtra,GOPENH,GOPENH,HU,2.8640429,percentile,GOPENH | 25139 | 2.8640429 | Stage-I,7,Home University Seats Allotted to Home University Candidates,f303b71e5a3384b2226f466f85b3481c18f520e3a7314bcb998245d93a50889d
7026366bbc3b-PG_MCA_CAP1_Cutoff_MH_2025_26__1_.pdf,1314,SMT RADHADEVI GOENKA COLLEGE FOR WOMEN,0111324110,2025-26,1,Maharashtra,GOPENO,GOPENO,HU,7.4072677,percentile,GOPENO | 24353 | 7.4072677 | Stage-I,7,Other Than Home University Seats Allotted to Other Than Home University Candidates,1e1a2e76c535425100c715386bc3a067b52d09eb1bb07646c0ea906bcda62171
7026366bbc3b-PG_MCA_CAP1_Cutoff_MH_2025_26__1_.pdf,1314,SMT RADHADEVI GOENKA COLLEGE FOR WOMEN,0111324110,2025-26,1,Maharashtra,TFWS,TFWS,SL,10.5199653,percentile,TFWS | 23820 | 10.5199653 | Stage-I,7,Other Than Home University Seats Allotted to Other Than Home University Candidates,f4448183f559f31ebcd0332d61b1bccb93dcba215577e32892d039e99bb3c215
7026366bbc3b-PG_MCA_CAP1_Cutoff_MH_2025_26__1_.pdf,2001,"Dr. B. A. M.University Dept. Of Management Science, Aurangabad",0200124110,2025-26,1,Maharashtra,GOPENH,GOPENH,HU,80.5399495,percentile,GOPENH | 6126 | 80.5399495 | Stage-I,8,Home University Seats Allotted to Home University Candidates,fd45ea164a2a3d83785da22493107443cc3527330ad6008f36c46e990eeca994
7026366bbc3b-PG_MCA_CAP1_Cutoff_MH_2025_26__1_.pdf,2001,"Dr. B. A. M.University Dept. Of Management Science, Aurangabad",0200124110,2025-26,1,Maharashtra,GSCH,GSCH,HU,65.8578922,percentile,GSCH | 10991 | 65.8578922 | Stage-I,8,Home University Seats Allotted to Home University Candidates,d918278edd3a86fbfe26680bd3b8143518b24d1a4acad4ec5e6e2befcc1bf5f4
7026366bbc3b-PG_MCA_CAP1_Cutoff_MH_2025_26__1_.pdf,2001,"Dr. B. A. M.University Dept. Of Management Science, Aurangabad",0200124110,2025-26,1,Maharashtra,GNTAH,GNTAH,HU,76.9216256,percentile,GNTAH | 7637 | 76.9216256 | Stage-I,8,Home University Seats Allotted to Home University Candidates,6f623a06b75d46bc5771d9f9424cf32d54a89cbd749b655a8bcd0e6712e50ad4
7026366bbc3b-PG_MCA_CAP1_Cutoff_MH_2025_26__1_.pdf,2001,"Dr. B. A. M.University Dept. Of Management Science, Aurangabad",0200124110,2025-26,1,Maharashtra,GNTBH,GNTBH,HU,74.782248,percentile,GNTBH | 8178 | 74.782248 | Stage-I,8,Home University Seats Allotted to Home University Candidates,7e65dafad73365e6f6dc8795d1ab2c505c7c1681ae68b87085eb923b73495601
7026366bbc3b-PG_MCA_CAP1_Cutoff_MH_2025_26__1_.pdf,2001,"Dr. B. A. M.University Dept. Of Management Science, Aurangabad",0200124110,2025-26,1,Maharashtra,GNTCH,GNTCH,HU,34.5198145,percentile,GNTCH | 19109 | 34.5198145 | Stage-I,8,Home University Seats Allotted to Home University Candidates,b6f1c2a0aa3521a6a34f9f37b26a9bebd06811710b61fc82c71ad099caa4b317
7026366bbc3b-PG_MCA_CAP1_Cutoff_MH_2025_26__1_.pdf,2001,"Dr. B. A. M.University Dept. Of Management Science, Aurangabad",0200124110,2025-26,1,Maharashtra,GOBCH,GOBCH,HU,65.8578922,percentile,GOBCH | 10898 | 65.8578922 | Stage-I,8,Home University Seats Allotted to Home University Candidates,97bebbb6078d80f63ceaf7f5eb4a2e7dd55673e5b2197b59408ff822555aa537
7026366bbc3b-PG_MCA_CAP1_Cutoff_MH_2025_26__1_.pdf,2001,"Dr. B. A. M.University Dept. Of Management Science, Aurangabad",0200124110,2025-26,1,Maharashtra,GSEBCH,GSEBCH,HU,69.7143504,percentile,GSEBCH | 9742 | 69.7143504 | Stage-I,8,Home University Seats Allotted to Home University Candidates,41fa52edd33abd90e1533dc7aafc10f3cdc1ca8ebffe7dee8e7c5537016706e7
7026366bbc3b-PG_MCA_CAP1_Cutoff_MH_2025_26__1_.pdf,2001,"Dr. B. A. M.University Dept. Of Management Science, Aurangabad",0200124110,2025-26,1,Maharashtra,GNTDH,GNTDH,HU,53.942159,percentile,GNTDH | 14108 | 53.942159 | Stage-I,8,Home University Seats Allotted to Other Than Home University Candidates,959472a83de0764d53a15eabcf2a5ae9d954b04bca0505a6430676004367c3fb
7026366bbc3b-PG_MCA_CAP1_Cutoff_MH_2025_26__1_.pdf,2001,"Dr. B. A. M.University Dept. Of Management Science, Aurangabad",0200124110,2025-26,1,Maharashtra,GOPENO,GOPENO,HU,89.1966341,percentile,GOPENO | 3469 | 89.1966341 | Stage-I,8,Other Than Home University Seats Allotted to Other Than Home University Candidates,5fef7a1176616dca3d10313ede13b5224dd2f59c3da631e978eb2d8762753717
7026366bbc3b-PG_MCA_CAP1_Cutoff_MH_2025_26__1_.pdf,2001,"Dr. B. A. M.University Dept. Of Management Science, Aurangabad",0200124110,2025-26,1,Maharashtra,GSCO,GSCO,HU,67.3579428,percentile,GSCO | 10233 | 67.3579428 | Stage-I,8,Other Than Home University Seats Allotted to Other Than Home University Candidates,62fd04347ed7b6e4be67d61c6c322f5b1a9d8ec7cc63a555018520947e733abb
7026366bbc3b-PG_MCA_CAP1_Cutoff_MH_2025_26__1_.pdf,2001,"Dr. B. A. M.University Dept. Of Management Science, Aurangabad",0200124110,2025-26,1,Maharashtra,GOBCO,GOBCO,HU,85.3851665,percentile,GOBCO | 4451 | 85.3851665 | Stage-I,8,Other Than Home University Seats Allotted to Other Than Home University Candidates,e41be712f1abfa9f4bf249d5ec90fd9d979148b66840dadf4f0fc6e5ba469812
7026366bbc3b-PG_MCA_CAP1_Cutoff_MH_2025_26__1_.pdf,2001,"Dr. B. A. M.University Dept. Of Management Science, Aurangabad",0200124110,2025-26,1,Maharashtra,GSEBCO,GSEBCO,HU,61.2807064,percentile,GSEBCO | 12204 | 61.2807064 | Stage-I,8,Other Than Home University Seats Allotted to Other Than Home University Candidates,3d364c76e0cf3798c79477988192df390f505ebe73f666ee2fd43bd3131b5f29
7026366bbc3b-PG_MCA_CAP1_Cutoff_MH_2025_26__1_.pdf,2001,"Dr. B. A. M.University Dept. Of Management Science, Aurangabad",0200124110,2025-26,1,Maharashtra,EWS,EWS,SL,79.9969812,percentile,EWS | 6790 | 79.9969812 | Stage-I,8,Other Than Home University Seats Allotted to Other Than Home University Candidates,0d88ccb3cc237f12a1dbe8504247d970f4b25868c62b099f4a932f32fc7aa704
7026366bbc3b-PG_MCA_CAP1_Cutoff_MH_2025_26__1_.pdf,2001,"Dr. B. A. M.University Dept. Of Management Science, Aurangabad",0200124110,2025-26,1,Maharashtra,TFWS,TFWS,SL,92.3361383,percentile,TFWS | 2232 | 92.3361383 | Stage-I,8,Other Than Home University Seats Allotted to Other Than Home University Candidates,463e6f06ca777db10364ad9f201d1fbbd8046556e5ce3b360367256b3a648830
7026366bbc3b-PG_MCA_CAP1_Cutoff_MH_2025_26__1_.pdf,2005,"Dr. Babasaheb Ambedkar Marathwada Vidyapeeth,(Aurangabad) Sub Section - Osmanabad",0200524110,2025-26,1,Maharashtra,GOPENH,GOPENH,HU,65.8578922,percentile,GOPENH | 10912 | 65.8578922 | Stage-I,9,Home University Seats Allotted to Home University Candidates,f2e74ec6d913c263c4cf15835b2e465eeb3661a473e6cc08085297b183e7f48e
7026366bbc3b-PG_MCA_CAP1_Cutoff_MH_2025_26__1_.pdf,2005,"Dr. Babasaheb Ambedkar Marathwada Vidyapeeth,(Aurangabad) Sub Section - Osmanabad",0200524110,2025-26,1,Maharashtra,GSCH,GSCH,HU,36.496736,percentile,GSCH | 18495 | 36.496736 | Stage-I,9,Home University Seats Allotted to Home University Candidates,2d87b138c7a663ebcdbf4419b284d00229fd4cdd94d5bc0095604b376e0cfa7a
7026366bbc3b-PG_MCA_CAP1_Cutoff_MH_2025_26__1_.pdf,2005,"Dr. Babasaheb Ambedkar Marathwada Vidyapeeth,(Aurangabad) Sub Section - Osmanabad",0200524110,2025-26,1,Maharashtra,GNTAH,GNTAH,HU,39.3989669,percentile,GNTAH | 17684 | 39.3989669 | Stage-I,9,Home University Seats Allotted to Home University Candidates,83c1a80a72fc0970ea858f308e29c32b8abbadefb8853662177a4b1107a14316
7026366bbc3b-PG_MCA_CAP1_Cutoff_MH_2025_26__1_.pdf,2005,"Dr. Babasaheb Ambedkar Marathwada Vidyapeeth,(Aurangabad) Sub Section - Osmanabad",0200524110,2025-26,1,Maharashtra,GNTBH,GNTBH,HU,41.4550394,percentile,GNTBH | 17225 | 41.4550394 | Stage-I,9,Home University Seats Allotted to Home University Candidates,3ff56436d2f306851ca7eb408851bb89e571e5a543e585d0a192248f9a7ca426
7026366bbc3b-PG_MCA_CAP1_Cutoff_MH_2025_26__1_.pdf,2005,"Dr. Babasaheb Ambedkar Marathwada Vidyapeeth,(Aurangabad) Sub Section - Osmanabad",0200524110,2025-26,1,Maharashtra,GNTCH,GNTCH,HU,21.0059952,percentile,GNTCH | 21727 | 21.0059952 | Stage-I,9,Home University Seats Allotted to Home University Candidates,90dd8636a6f9960706d12e81695e212a4d2605b4fbfa0535a69704283001de5f
7026366bbc3b-PG_MCA_CAP1_Cutoff_MH_2025_26__1_.pdf,2005,"Dr. Babasaheb Ambedkar Marathwada Vidyapeeth,(Aurangabad) Sub Section - Osmanabad",0200524110,2025-26,1,Maharashtra,GOBCH,GOBCH,HU,7.9446476,percentile,GOBCH | 24162 | 7.9446476 | Stage-I,9,Home University Seats Allotted to Home University Candidates,e5777ab7215a35d337bea706a0ff7c83892440058311bd0825aa5233d9767376
7026366bbc3b-PG_MCA_CAP1_Cutoff_MH_2025_26__1_.pdf,2005,"Dr. Babasaheb Ambedkar Marathwada Vidyapeeth,(Aurangabad) Sub Section - Osmanabad",0200524110,2025-26,1,Maharashtra,GSEBCH,GSEBCH,HU,7.9446476,percentile,GSEBCH | 24217 | 7.9446476 | Stage-I,9,Home University Seats Allotted to Home University Candidates,c1b950721f745abcbc26f990585ae3a842beb0776db7317f2927c6f938c8381e
7026366bbc3b-PG_MCA_CAP1_Cutoff_MH_2025_26__1_.pdf,2005,"Dr. Babasaheb Ambedkar Marathwada Vidyapeeth,(Aurangabad) Sub Section - Osmanabad",0200524110,2025-26,1,Maharashtra,GNTDH,GNTDH,HU,49.3533426,percentile,GNTDH | 15444 | 49.3533426 | Stage-I,9,Home University Seats Allotted to Other Than Home University Candidates,90fb574e7ca7e0477dddb0e21ef8ac6e758b34c077e734e7eefd8ab31224c2a3
7026366bbc3b-PG_MCA_CAP1_Cutoff_MH_2025_26__1_.pdf,2005,"Dr. Babasaheb Ambedkar Marathwada Vidyapeeth,(Aurangabad) Sub Section - Osmanabad",0200524110,2025-26,1,Maharashtra,GOPENO,GOPENO,HU,79.9969812,percentile,GOPENO | 6869 | 79.9969812 | Stage-I,9,Other Than Home University Seats Allotted to Other Than Home University Candidates,18896cb9aaf8256cfe6c19d636978c13e7c03f40d9224f346cca3ebe41616245
7026366bbc3b-PG_MCA_CAP1_Cutoff_MH_2025_26__1_.pdf,2005,"Dr. Babasaheb Ambedkar Marathwada Vidyapeeth,(Aurangabad) Sub Section - Osmanabad",0200524110,2025-26,1,Maharashtra,GSCO,GSCO,HU,63.1574978,percentile,GSCO | 11759 | 63.1574978 | Stage-I,9,Other Than Home University Seats Allotted to Other Than Home University Candidates,5ee952c53e4730e298e188f393f8775ce69f19ba5a10a3472db6a2c8c5e6a190
7026366bbc3b-PG_MCA_CAP1_Cutoff_MH_2025_26__1_.pdf,2005,"Dr. Babasaheb Ambedkar Marathwada Vidyapeeth,(Aurangabad) Sub Section - Osmanabad",0200524110,2025-26,1,Maharashtra,GNTAO,GNTAO,HU,51.4093808,percentile,GNTAO | 14821 | 51.4093808 | Stage-I,9,Other Than Home University Seats Allotted to Other Than Home University Candidates,8c2475703ffaa46ad1682cbb55b4938789908c877627a666b154605185b27b0f
7026366bbc3b-PG_MCA_CAP1_Cutoff_MH_2025_26__1_.pdf,2005,"Dr. Babasaheb Ambedkar Marathwada Vidyapeeth,(Aurangabad) Sub Section - Osmanabad",0200524110,2025-26,1,Maharashtra,GNTCO,GNTCO,HU,74.782248,percentile,GNTCO | 8484 | 74.782248 | Stage-I,9,Other Than Home University Seats Allotted to Other Than Home University Candidates,9eb861cf1b8fa3921ebe9cdb04e2de0d612084a3a5fb912618585a92debb5d81
7026366bbc3b-PG_MCA_CAP1_Cutoff_MH_2025_26__1_.pdf,2005,"Dr. Babasaheb Ambedkar Marathwada Vidyapeeth,(Aurangabad) Sub Section - Osmanabad",0200524110,2025-26,1,Maharashtra,GOBCO,GOBCO,HU,69.7143504,percentile,GOBCO | 9694 | 69.7143504 | Stage-I,9,Other Than Home University Seats Allotted to Other Than Home University Candidates,f72581d5c10bb8158b919a26131e6d0561122fd16789c4a1d7394daa59a0558a
7026366bbc3b-PG_MCA_CAP1_Cutoff_MH_2025_26__1_.pdf,2005,"Dr. Babasaheb Ambedkar Marathwada Vidyapeeth,(Aurangabad) Sub Section - Osmanabad",0200524110,2025-26,1,Maharashtra,GSEBCO,GSEBCO,HU,65.8578922,percentile,GSEBCO | 10812 | 65.8578922 | Stage-I,9,Other Than Home University Seats Allotted to Other Than Home University Candidates,a23a133e2e2403653070cecf611c7a926c6f0800ab6a012e34a0b397d06c0f2c
7026366bbc3b-PG_MCA_CAP1_Cutoff_MH_2025_26__1_.pdf,2005,"Dr. Babasaheb Ambedkar Marathwada Vidyapeeth,(Aurangabad) Sub Section - Osmanabad",0200524110,2025-26,1,Maharashtra,EWS,EWS,SL,34.5198145,percentile,EWS | 18908 | 34.5198145 | Stage-I,9,Other Than Home University Seats Allotted to Other Than Home University Candidates,9fa788e68afba30bbe2243a0defe7bba3db4fc0af225ae89c87fda8c421ec792
7026366bbc3b-PG_MCA_CAP1_Cutoff_MH_2025_26__1_.pdf,2005,"Dr. Babasaheb Ambedkar Marathwada Vidyapeeth,(Aurangabad) Sub Section - Osmanabad",0200524110,2025-26,1,Maharashtra,TFWS,TFWS,SL,46.3793819,percentile,TFWS | 16032 | 46.3793819 | Stage-I,9,Other Than Home University Seats Allotted to Other Than Home University Candidates,6c6382c6193894c43bfd96b6a7ade9d5bbd3b7c1e74af3d84214a355abc9f53b
7026366bbc3b-PG_MCA_CAP1_Cutoff_MH_2025_26__1_.pdf,2007,"Swami Ramanand Teerth Marathwada Vidyapeeth, Nanded",0200724110,2025-26,1,Maharashtra,GOPENH,GOPENH,HU,74.782248,percentile,GOPENH | 7966 | 74.782248 | Stage-I,10,Home University Seats Allotted to Home University Candidates,c0e594ec3aab1d1f60e2db4e18a08e7fe409e2c8ce6e640d600e6cb0553807ec
7026366bbc3b-PG_MCA_CAP1_Cutoff_MH_2025_26__1_.pdf,2007,"Swami Ramanand Teerth Marathwada Vidyapeeth, Nanded",0200724110,2025-26,1,Maharashtra,GSCH,GSCH,HU,34.5198145,percentile,GSCH | 18957 | 34.5198145 | Stage-I,10,Home University Seats Allotted to Home University Candidates,03a40ff958d4073cdd504aa0007b86509f67e378747056655bfb376c2d742eea
7026366bbc3b-PG_MCA_CAP1_Cutoff_MH_2025_26__1_.pdf,2007,"Swami Ramanand Teerth Marathwada Vidyapeeth, Nanded",0200724110,2025-26,1,Maharashtra,GNTAH,GNTAH,HU,65.8578922,percentile,GNTAH | 10918 | 65.8578922 | Stage-I,10,Home University Seats Allotted to Home University Candidates,9f3aa7d8f38caaba77b03e30f4c29589f4949f12a5011be338905109d6a4c474
7026366bbc3b-PG_MCA_CAP1_Cutoff_MH_2025_26__1_.pdf,2007,"Swami Ramanand Teerth Marathwada Vidyapeeth, Nanded",0200724110,2025-26,1,Maharashtra,GNTBH,GNTBH,HU,44.5345198,percentile,GNTBH | 17039 | 44.5345198 | Stage-I,10,Home University Seats Allotted to Home University Candidates,45ccc046132a1edcfdd1c8ea7d8b703d16410431172e8fe3e026d4af2f466b96
7026366bbc3b-PG_MCA_CAP1_Cutoff_MH_2025_26__1_.pdf,2007,"Swami Ramanand Teerth Marathwada Vidyapeeth, Nanded",0200724110,2025-26,1,Maharashtra,GNTCH,GNTCH,HU,73.5368477,percentile,GNTCH | 8961 | 73.5368477 | Stage-I,10,Home University Seats Allotted to Home University Candidates,51f66a473f410adf7b23def092040b0e020fe609e121e717294a24c015d2fa93
7026366bbc3b-PG_MCA_CAP1_Cutoff_MH_2025_26__1_.pdf,2007,"Swami Ramanand Teerth Marathwada Vidyapeeth, Nanded",0200724110,2025-26,1,Maharashtra,GNTDH,GNTDH,HU,21.0059952,percentile,GNTDH | 21961 | 21.0059952 | Stage-I,10,Home University Seats Allotted to Home University Candidates,e3aec4c478deca4e35f773a8e176a9580ff6dad9df1179e56647e30f22a1e104
7026366bbc3b-PG_MCA_CAP1_Cutoff_MH_2025_26__1_.pdf,2007,"Swami Ramanand Teerth Marathwada Vidyapeeth, Nanded",0200724110,2025-26,1,Maharashtra,GOBCH,GOBCH,HU,61.2807064,percentile,GOBCH | 12367 | 61.2807064 | Stage-I,10,Home University Seats Allotted to Home University Candidates,779733ead7dc9e6c516de89827bb4bc6d5b959a65dd0fd34f8561224b5ffad0f
7026366bbc3b-PG_MCA_CAP1_Cutoff_MH_2025_26__1_.pdf,2007,"Swami Ramanand Teerth Marathwada Vidyapeeth, Nanded",0200724110,2025-26,1,Maharashtra,GSEBCH,GSEBCH,HU,58.7911466,percentile,GSEBCH | 12894 | 58.7911466 | Stage-I,10,Home University Seats Allotted to Home University Candidates,567342c7fb67e376d6de08a1ad41f5efbc25d39b5c545ff12b6f174237191a61
7026366bbc3b-PG_MCA_CAP1_Cutoff_MH_2025_26__1_.pdf,2007,"Swami Ramanand Teerth Marathwada Vidyapeeth, Nanded",0200724110,2025-26,1,Maharashtra,PWDOPENH,PWDOPENH,HU,90.9663786,percentile,PWDOPENH | 2879 | 90.9663786 | Stage-I,10,Home University Seats Allotted to Home University Candidates,115210eeeedc6cac764b3b784928b9f9b6797118b74dd54fd3f2680c953219fb
7026366bbc3b-PG_MCA_CAP1_Cutoff_MH_2025_26__1_.pdf,2007,"Swami Ramanand Teerth Marathwada Vidyapeeth, Nanded",0200724110,2025-26,1,Maharashtra,GOPENO,GOPENO,HU,69.7143504,percentile,GOPENO | 10160 | 69.7143504 | Stage-I,10,Other Than Home University Seats Allotted to Other Than Home University Candidates,48c83c896cca70821c8541d03b488ed9484509d5ba84e90253a92bd4160606dc
7026366bbc3b-PG_MCA_CAP1_Cutoff_MH_2025_26__1_.pdf,2007,"Swami Ramanand Teerth Marathwada Vidyapeeth, Nanded",0200724110,2025-26,1,Maharashtra,GSCO,GSCO,HU,46.3793819,percentile,GSCO | 15890 | 46.3793819 | Stage-I,10,Other Than Home University Seats Allotted to Other Than Home University Candidates,7165d3fc95bdb59eeb6f2615ef4199bee7e657a8bec364c279577f27f69ba9ec
7026366bbc3b-PG_MCA_CAP1_Cutoff_MH_2025_26__1_.pdf,2007,"Swami Ramanand Teerth Marathwada Vidyapeeth, Nanded",0200724110,2025-26,1,Maharashtra,GOBCO,GOBCO,HU,46.3793819,percentile,GOBCO | 16213 | 46.3793819 | Stage-I,10,Other Than Home University Seats Allotted to Other Than Home University Candidates,fdf27597aeb746080b72d0b4cfb9f987ef60100e0d570024952d57acc868fb3b
7026366bbc3b-PG_MCA_CAP1_Cutoff_MH_2025_26__1_.pdf,2007,"Swami Ramanand Teerth Marathwada Vidyapeeth, Nanded",0200724110,2025-26,1,Maharashtra,GSEBCO,GSEBCO,HU,58.7911466,percentile,GSEBCO | 12964 | 58.7911466 | Stage-I,10,Other Than Home University Seats Allotted to Home University Candidates,54723d07b8896922c41341ea5403dfeb0955952c9bfaccf06f9f47d3b3847dcd
7026366bbc3b-PG_MCA_CAP1_Cutoff_MH_2025_26__1_.pdf,2007,"Swami Ramanand Teerth Marathwada Vidyapeeth, Nanded",0200724110,2025-26,1,Maharashtra,EWS,EWS,SL,61.2807064,percentile,EWS | 12236 | 61.2807064 | Stage-I,10,Other Than Home University Seats Allotted to Home University Candidates,3b72c5639010b5f9f68b8bc164ab850b6a433bab96d8689f466ab76dc08e3327
7026366bbc3b-PG_MCA_CAP1_Cutoff_MH_2025_26__1_.pdf,2007,"Swami Ramanand Teerth Marathwada Vidyapeeth, Nanded",0200724110,2025-26,1,Maharashtra,TFWS,TFWS,SL,90.9663786,percentile,TFWS | 2746 | 90.9663786 | Stage-I,10,Other Than Home University Seats Allotted to Home University Candidates,964209e8f71e17b30b5e7886f9fcabeb5f6ebc84a0906eea9ba2f65f44a6bf95
7026366bbc3b-PG_MCA_CAP1_Cutoff_MH_2025_26__1_.pdf,2008,"Government College of Engineering, Chhatrapati Sambhajinagar",0200824110,2025-26,1,Maharashtra,GOPENH,GOPENH,HU,93.405226,percentile,GOPENH | 2027 | 93.405226 | Stage-I,11,Home University Seats Allotted to Home University Candidates,7e32792005049bbe03533fe4810f71861c947969b6d32ca3c430eef3aa77a149
7026366bbc3b-PG_MCA_CAP1_Cutoff_MH_2025_26__1_.pdf,2008,"Government College of Engineering, Chhatrapati Sambhajinagar",0200824110,2025-26,1,Maharashtra,GSCH,GSCH,HU,80.5399495,percentile,GSCH | 6438 | 80.5399495 | Stage-I,11,Home University Seats Allotted to Home University Candidates,093b8405747c0bc5f33decf8282e9ef6a222e5618b784796bd104434787fabb9
7026366bbc3b-PG_MCA_CAP1_Cutoff_MH_2025_26__1_.pdf,2008,"Government College of Engineering, Chhatrapati Sambhajinagar",0200824110,2025-26,1,Maharashtra,GSTH,GSTH,HU,85.3851665,percentile,GSTH | 4607 | 85.3851665 | Stage-I,11,Home University Seats Allotted to Home University Candidates,8d1167a38113dcf31bafd985ce476f45c49f70c3a5390ceec0b8f342c42ab396
7026366bbc3b-PG_MCA_CAP1_Cutoff_MH_2025_26__1_.pdf,2008,"Government College of Engineering, Chhatrapati Sambhajinagar",0200824110,2025-26,1,Maharashtra,GNTAH,GNTAH,HU,93.405226,percentile,GNTAH | 2064 | 93.405226 | Stage-I,11,Home University Seats Allotted to Home University Candidates,0d89fb5aa6185ce51f22481c29028fa68c855fa74dd38efd57a832938597eb39
7026366bbc3b-PG_MCA_CAP1_Cutoff_MH_2025_26__1_.pdf,2008,"Government College of Engineering, Chhatrapati Sambhajinagar",0200824110,2025-26,1,Maharashtra,GNTBH,GNTBH,HU,87.2080299,percentile,GNTBH | 4238 | 87.2080299 | Stage-I,11,Home University Seats Allotted to Home University Candidates,8e8ec7680e9f5f31cfdf37725adae470938d57a6663ce6cfd60f1a8affd3767b
7026366bbc3b-PG_MCA_CAP1_Cutoff_MH_2025_26__1_.pdf,2008,"Government College of Engineering, Chhatrapati Sambhajinagar",0200824110,2025-26,1,Maharashtra,GNTCH,GNTCH,HU,77.8251197,percentile,GNTCH | 7342 | 77.8251197 | Stage-I,11,Home University Seats Allotted to Home University Candidates,707b6cd7eac2b58f95409c2e49c945795c317f11d77e833b313099d338ddfe0e
7026366bbc3b-PG_MCA_CAP1_Cutoff_MH_2025_26__1_.pdf,2008,"Government College of Engineering, Chhatrapati Sambhajinagar",0200824110,2025-26,1,Maharashtra,GNTDH,GNTDH,HU,85.3851665,percentile,GNTDH | 4434 | 85.3851665 | Stage-I,11,Home University Seats Allotted to Home University Candidates,fcac5c3347f1e18d5260256f685a4a61b424c874c371a1e96d8bcd9ff2270b9c
7026366bbc3b-PG_MCA_CAP1_Cutoff_MH_2025_26__1_.pdf,2008,"Government College of Engineering, Chhatrapati Sambhajinagar",0200824110,2025-26,1,Maharashtra,GOBCH,GOBCH,HU,85.2118788,percentile,GOBCH | 4976 | 85.2118788 | Stage-I,11,Home University Seats Allotted to Home University Candidates,b12f1c0a673f9fa4db608a5fba0e4d838df59abe53909fbdf38660339c1af8a9
7026366bbc3b-PG_MCA_CAP1_Cutoff_MH_2025_26__1_.pdf,2008,"Government College of Engineering, Chhatrapati Sambhajinagar",0200824110,2025-26,1,Maharashtra,GSEBCH,GSEBCH,HU,85.3851665,percentile,GSEBCH | 4682 | 85.3851665 | Stage-I,11,Home University Seats Allotted to Home University Candidates,5ae79803984400bc5dcdf8d852efe2f7c27e9f92128a1e9e511120562946d573
7026366bbc3b-PG_MCA_CAP1_Cutoff_MH_2025_26__1_.pdf,2008,"Government College of Engineering, Chhatrapati Sambhajinagar",0200824110,2025-26,1,Maharashtra,GSTH,GSTH,HU,36.496736,percentile,GSTH | 18311 | 36.496736 | Stage-I,11,Home University Seats Allotted to Other Than Home University Candidates,8e1aa4e4e54cdc739cd6397d6038dd18a3d0534c489b5c4ed228ee810974899d
7026366bbc3b-PG_MCA_CAP1_Cutoff_MH_2025_26__1_.pdf,2008,"Government College of Engineering, Chhatrapati Sambhajinagar",0200824110,2025-26,1,Maharashtra,GOPENO,GOPENO,HU,93.405226,percentile,GOPENO | 2213 | 93.405226 | Stage-I,11,Other Than Home University Seats Allotted to Other Than Home University Candidates,de97582dd0b07b8fa10cb569d60a656f822d6ab507aa86fdcf2ce24a0897d5cd
7026366bbc3b-PG_MCA_CAP1_Cutoff_MH_2025_26__1_.pdf,2008,"Government College of Engineering, Chhatrapati Sambhajinagar",0200824110,2025-26,1,Maharashtra,GSCO,GSCO,HU,90.9663786,percentile,GSCO | 2765 | 90.9663786 | Stage-I,11,Other Than Home University Seats Allotted to Other Than Home University Candidates,20d0797e91a21039a64aeac8aa150680ffe0d78803055fdb0d8d74911ca8d4c2
7026366bbc3b-PG_MCA_CAP1_Cutoff_MH_2025_26__1_.pdf,2008,"Government College of Engineering, Chhatrapati Sambhajinagar",0200824110,2025-26,1,Maharashtra,GSTO,GSTO,HU,82.8308366,percentile,GSTO | 5803 | 82.8308366 | Stage-I,11,Other Than Home University Seats Allotted to Other Than Home University Candidates,b56ca38a08a146a8e066e7a0c6c4fdb4a04a5663e7d1f627fc24737903b0fca1
7026366bbc3b-PG_MCA_CAP1_Cutoff_MH_2025_26__1_.pdf,2008,"Government College of Engineering, Chhatrapati Sambhajinagar",0200824110,2025-26,1,Maharashtra,GNTBO,GNTBO,HU,89.1331398,percentile,GNTBO | 3735 | 89.1331398 | Stage-I,11,Other Than Home University Seats Allotted to Other Than Home University Candidates,a8e4a34224645b6c727fd4ac0087d17c6dce4d0b360228ccaea147659b09b9a6
7026366bbc3b-PG_MCA_CAP1_Cutoff_MH_2025_26__1_.pdf,2008,"Government College of Engineering, Chhatrapati Sambhajinagar",0200824110,2025-26,1,Maharashtra,GNTDO,GNTDO,HU,87.3496474,percentile,GNTDO | 4127 | 87.3496474 | Stage-I,11,Other Than Home University Seats Allotted to Other Than Home University Candidates,14fc116d877a6e5c78b8659fb31c96e5eb9b593ae9131f119bb3851e663529fc
7026366bbc3b-PG_MCA_CAP1_Cutoff_MH_2025_26__1_.pdf,2008,"Government College of Engineering, Chhatrapati Sambhajinagar",0200824110,2025-26,1,Maharashtra,GOBCO,GOBCO,HU,92.1797821,percentile,GOBCO | 2544 | 92.1797821 | Stage-I,11,Other Than Home University Seats Allotted to Other Than Home University Candidates,f4fdc7f054da35a2e6fbaf920e6c3b1c9803fb80b0da0ad2ec3d093204b1c094
7026366bbc3b-PG_MCA_CAP1_Cutoff_MH_2025_26__1_.pdf,2008,"Government College of Engineering, Chhatrapati Sambhajinagar",0200824110,2025-26,1,Maharashtra,GSEBCO,GSEBCO,HU,92.1797821,percentile,GSEBCO | 2660 | 92.1797821 | Stage-I,11,Other Than Home University Seats Allotted to Other Than Home University Candidates,85903dee1c637be027b6645f3002b0f477dc9b183fee966c0b15640f32df4186
7026366bbc3b-PG_MCA_CAP1_Cutoff_MH_2025_26__1_.pdf,2008,"Government College of Engineering, Chhatrapati Sambhajinagar",0200824110,2025-26,1,Maharashtra,EWS,EWS,SL,87.2080299,percentile,EWS | 4272 | 87.2080299 | Stage-I,11,Other Than Home University Seats Allotted to Other Than Home University Candidates,aaadd185b0111ef832fca2dfcafea8f95901791c429b3324630e58ad59fb592d
7026366bbc3b-PG_MCA_CAP1_Cutoff_MH_2025_26__1_.pdf,2008,"Government College of Engineering, Chhatrapati Sambhajinagar",0200824110,2025-26,1,Maharashtra,TFWS,TFWS,SL,96.828928,percentile,TFWS | 885 | 96.828928 | Stage-I,11,Other Than Home University Seats Allotted to Other Than Home University Candidates,e0f9aa265746f96ae1d18a4fecc8dab75244d0a59bc06c39b72a466248e1785d
7026366bbc3b-PG_MCA_CAP1_Cutoff_MH_2025_26__1_.pdf,2102,"Rajarshi Shahu Institute of Management, Aurangabad",0210224110,2025-26,1,Maharashtra,GOPENH,GOPENH,HU,67.3579428,percentile,GOPENH | 10340 | 67.3579428 | Stage-I,12,Home University Seats Allotted to Home University Candidates,9dd01527c881c73252a858b535e54da0292c6c633af6e0e38dbff0fe5679830c
7026366bbc3b-PG_MCA_CAP1_Cutoff_MH_2025_26__1_.pdf,2102,"Rajarshi Shahu Institute of Management, Aurangabad",0210224110,2025-26,1,Maharashtra,GSCH,GSCH,HU,49.3533426,percentile,GSCH | 15383 | 49.3533426 | Stage-I,12,Home University Seats Allotted to Home University Candidates,403b05b773da733cfc303a8dc7b917f24f01ed65f1eb9f8a405ea17d1887f898
7026366bbc3b-PG_MCA_CAP1_Cutoff_MH_2025_26__1_.pdf,2102,"Rajarshi Shahu Institute of Management, Aurangabad",0210224110,2025-26,1,Maharashtra,GSTH,GSTH,HU,23.1010151,percentile,GSTH | 21277 | 23.1010151 | Stage-I,12,Home University Seats Allotted to Home University Candidates,97d6e1cb85e12c9c0f565bb5ec5571de099de35ddbf288854edd2cf1569e4d47
7026366bbc3b-PG_MCA_CAP1_Cutoff_MH_2025_26__1_.pdf,2102,"Rajarshi Shahu Institute of Management, Aurangabad",0210224110,2025-26,1,Maharashtra,GNTAH,GNTAH,HU,39.3989669,percentile,GNTAH | 17731 | 39.3989669 | Stage-I,12,Home University Seats Allotted to Home University Candidates,d60c36e7b19dff2e215ba0a5d0c813d941a1cae89dbf69488cb53d83691685d5
7026366bbc3b-PG_MCA_CAP1_Cutoff_MH_2025_26__1_.pdf,2102,"Rajarshi Shahu Institute of Management, Aurangabad",0210224110,2025-26,1,Maharashtra,GNTBH,GNTBH,HU,41.4550394,percentile,GNTBH | 17627 | 41.4550394 | Stage-I,12,Home University Seats Allotted to Home University Candidates,7950a54626b97d3e62067de9652bc7dfd8bbe70aed9ef56553394a5d4e4be602
7026366bbc3b-PG_MCA_CAP1_Cutoff_MH_2025_26__1_.pdf,2102,"Rajarshi Shahu Institute of Management, Aurangabad",0210224110,2025-26,1,Maharashtra,GNTCH,GNTCH,HU,53.942159,percentile,GNTCH | 14331 | 53.942159 | Stage-I,12,Home University Seats Allotted to Home University Candidates,6e4d8df0b313685bc42c6115947a8b5f273e333aec4718c608c13f863d10a2bc
7026366bbc3b-PG_MCA_CAP1_Cutoff_MH_2025_26__1_.pdf,2102,"Rajarshi Shahu Institute of Management, Aurangabad",0210224110,2025-26,1,Maharashtra,GOBCH,GOBCH,HU,39.3989669,percentile,GOBCH | 17853 | 39.3989669 | Stage-I,12,Home University Seats Allotted to Home University Candidates,1df9bd88643e762dbbf181dbfc21e068d973680ce5f819de4251876d14b69547
7026366bbc3b-PG_MCA_CAP1_Cutoff_MH_2025_26__1_.pdf,2102,"Rajarshi Shahu Institute of Management, Aurangabad",0210224110,2025-26,1,Maharashtra,GSEBCH,GSEBCH,HU,29.9046039,percentile,GSEBCH | 20216 | 29.9046039 | Stage-I,12,Home University Seats Allotted to Home University Candidates,2f8b990af6e1207861c4140f43f20f31c16373916192007e36c9c5d7204e5a0b
7026366bbc3b-PG_MCA_CAP1_Cutoff_MH_2025_26__1_.pdf,2102,"Rajarshi Shahu Institute of Management, Aurangabad",0210224110,2025-26,1,Maharashtra,GOPENO,GOPENO,HU,67.3579428,percentile,GOPENO | 10226 | 67.3579428 | Stage-I,12,Other Than Home University Seats Allotted to Other Than Home University Candidates,6f9d34af5e72104362c6edb4d81f15a26c9ce1dc66667a75960d9d5cfba83d7f
7026366bbc3b-PG_MCA_CAP1_Cutoff_MH_2025_26__1_.pdf,2102,"Rajarshi Shahu Institute of Management, Aurangabad",0210224110,2025-26,1,Maharashtra,GSCO,GSCO,HU,29.9046039,percentile,GSCO | 20194 | 29.9046039 | Stage-I,12,Other Than Home University Seats Allotted to Other Than Home University Candidates,84f34a54a322f1a46ceb96168691b50bfed705a503a27a3c254d569635e874b4
7026366bbc3b-PG_MCA_CAP1_Cutoff_MH_2025_26__1_.pdf,2102,"Rajarshi Shahu Institute of Management, Aurangabad",0210224110,2025-26,1,Maharashtra,GNTCO,GNTCO,HU,13.5402134,percentile,GNTCO | 23119 | 13.5402134 | Stage-I,12,Other Than Home University Seats Allotted to Other Than Home University Candidates,053027a83c5646428dedb860a1c43e682b7938b6ffc9326076611c2df38efb96
7026366bbc3b-PG_MCA_CAP1_Cutoff_MH_2025_26__1_.pdf,2102,"Rajarshi Shahu Institute of Management, Aurangabad",0210224110,2025-26,1,Maharashtra,GOBCO,GOBCO,HU,56.5488095,percentile,GOBCO | 13362 | 56.5488095 | Stage-I,12,Other Than Home University Seats Allotted to Other Than Home University Candidates,f99441da08c5c63955956e921c5288f2d63a8df5f2d8e36e8cd1906cf5a1621a
7026366bbc3b-PG_MCA_CAP1_Cutoff_MH_2025_26__1_.pdf,2102,"Rajarshi Shahu Institute of Management, Aurangabad",0210224110,2025-26,1,Maharashtra,GSEBCO,GSEBCO,HU,15.5994113,percentile,GSEBCO | 22807 | 15.5994113 | Stage-I,12,Other Than Home University Seats Allotted to Other Than Home University Candidates,4981f2fcb76d4cbaa4d39d4785d2a25f36bbd7f3737aea147c9c6220b2af67dc
7026366bbc3b-PG_MCA_CAP1_Cutoff_MH_2025_26__1_.pdf,2102,"Rajarshi Shahu Institute of Management, Aurangabad",0210224110,2025-26,1,Maharashtra,GNTAO,GNTAO,HU,34.5198145,percentile,GNTAO | 19187 | 34.5198145 | Stage-I,12,Other Than Home University Seats Allotted to Home University Candidates,033d0f57438516b24103d701938022697fae1653e5b152bc95b35991da42fd1f
7026366bbc3b-PG_MCA_CAP1_Cutoff_MH_2025_26__1_.pdf,2102,"Rajarshi Shahu Institute of Management, Aurangabad",0210224110,2025-26,1,Maharashtra,EWS,EWS,SL,19.1539942,percentile,EWS | 22103 | 19.1539942 | Stage-I,12,Other Than Home University Seats Allotted to Home University Candidates,fa73ead0dcd1a6243134ae4e46bd72fbbd9daace9dbca87c6c5d853390d8785e
7026366bbc3b-PG_MCA_CAP1_Cutoff_MH_2025_26__1_.pdf,2102,"Rajarshi Shahu Institute of Management, Aurangabad",0210224110,2025-26,1,Maharashtra,TFWS,TFWS,SL,89.1331398,percentile,TFWS | 3600 | 89.1331398 | Stage-I,12,Other Than Home University Seats Allotted to Home University Candidates,6cd15ec5598a4401307f9dbbab44a23f60096204956a3f28f37efc87e218d536
7026366bbc3b-PG_MCA_CAP1_Cutoff_MH_2025_26__1_.pdf,2113,"G. S. Mandal's Maharashtra Institute of Technology, Aurangabad",0211324110,2025-26,1,Maharashtra,GOPENH,GOPENH,HU,56.5488095,percentile,GOPENH | 13685 | 56.5488095 | Stage-I,13,Home University Seats Allotted to Home University Candidates,e7e9ea2546006fdc40d5fdf017388562c750212e7f964969b956d273905dd72c
7026366bbc3b-PG_MCA_CAP1_Cutoff_MH_2025_26__1_.pdf,2113,"G. S. Mandal's Maharashtra Institute of Technology, Aurangabad",0211324110,2025-26,1,Maharashtra,GSCH,GSCH,HU,21.0059952,percentile,GSCH | 22058 | 21.0059952 | Stage-I,13,Home University Seats Allotted to Home University Candidates,77358c5eb222efb517b42e3ede1ea625f3664fa3e423adc1efd256283199ada4
7026366bbc3b-PG_MCA_CAP1_Cutoff_MH_2025_26__1_.pdf,2113,"G. S. Mandal's Maharashtra Institute of Technology, Aurangabad",0211324110,2025-26,1,Maharashtra,GSTH,GSTH,HU,31.6629561,percentile,GSTH | 19815 | 31.6629561 | Stage-I,13,Home University Seats Allotted to Home University Candidates,4b0a7f36d86295c6f4e3cc01b535566d93ec8cf38bb04998f696a1611efebe7a
7026366bbc3b-PG_MCA_CAP1_Cutoff_MH_2025_26__1_.pdf,2113,"G. S. Mandal's Maharashtra Institute of Technology, Aurangabad",0211324110,2025-26,1,Maharashtra,GNTAH,GNTAH,HU,13.5402134,percentile,GNTAH | 23227 | 13.5402134 | Stage-I,13,Home University Seats Allotted to Home University Candidates,ed6530df4f3d421e193296553cd6442f5a996931a86238614e3d138af8a91033
7026366bbc3b-PG_MCA_CAP1_Cutoff_MH_2025_26__1_.pdf,2113,"G. S. Mandal's Maharashtra Institute of Technology, Aurangabad",0211324110,2025-26,1,Maharashtra,GNTBH,GNTBH,HU,41.4550394,percentile,GNTBH | 17450 | 41.4550394 | Stage-I,13,Home University Seats Allotted to Home University Candidates,89979854588cc3c3a72e1529c68d735625b23d9272c20bc95b0c8dcb742aadfd
7026366bbc3b-PG_MCA_CAP1_Cutoff_MH_2025_26__1_.pdf,2113,"G. S. Mandal's Maharashtra Institute of Technology, Aurangabad",0211324110,2025-26,1,Maharashtra,GNTCH,GNTCH,HU,13.5402134,percentile,GNTCH | 23236 | 13.5402134 | Stage-I,13,Home University Seats Allotted to Home University Candidates,66d2e3e6fda0811a32f21a43dfaa0cb2df184590beb766bb61dd8b1037e34fd9
7026366bbc3b-PG_MCA_CAP1_Cutoff_MH_2025_26__1_.pdf,2113,"G. S. Mandal's Maharashtra Institute of Technology, Aurangabad",0211324110,2025-26,1,Maharashtra,GNTDH,GNTDH,HU,10.5199653,percentile,GNTDH | 23849 | 10.5199653 | Stage-I,13,Home University Seats Allotted to Home University Candidates,7df300149918c5fe6f60556005a6b55835566728cb57d83d903149bfbb9a3350
7026366bbc3b-PG_MCA_CAP1_Cutoff_MH_2025_26__1_.pdf,2113,"G. S. Mandal's Maharashtra Institute of Technology, Aurangabad",0211324110,2025-26,1,Maharashtra,GOBCH,GOBCH,HU,19.1539942,percentile,GOBCH | 22232 | 19.1539942 | Stage-I,13,Home University Seats Allotted to Home University Candidates,76c58e34a60bac98d4c2ca3411252160736d1ac771a1420cdae848defbedd994
7026366bbc3b-PG_MCA_CAP1_Cutoff_MH_2025_26__1_.pdf,2113,"G. S. Mandal's Maharashtra Institute of Technology, Aurangabad",0211324110,2025-26,1,Maharashtra,GSEBCH,GSEBCH,HU,15.5994113,percentile,GSEBCH | 22890 | 15.5994113 | Stage-I,13,Home University Seats Allotted to Home University Candidates,73c9d5f16bc055f44462f3e61e4b5d0aebabb545e90be62f4e8d22d837df187c
7026366bbc3b-PG_MCA_CAP1_Cutoff_MH_2025_26__1_.pdf,2113,"G. S. Mandal's Maharashtra Institute of Technology, Aurangabad",0211324110,2025-26,1,Maharashtra,GOPENO,GOPENO,HU,39.3989669,percentile,GOPENO | 17970 | 39.3989669 | Stage-I,13,Other Than Home University Seats Allotted to Other Than Home University Candidates,8961c202a8ce9b7c7ddb7ee92e97f819af041bc324dc15bbcf825af1ae1b79e8
7026366bbc3b-PG_MCA_CAP1_Cutoff_MH_2025_26__1_.pdf,2113,"G. S. Mandal's Maharashtra Institute of Technology, Aurangabad",0211324110,2025-26,1,Maharashtra,GSCO,GSCO,HU,7.4072677,percentile,GSCO | 24487 | 7.4072677 | Stage-I,13,Other Than Home University Seats Allotted to Other Than Home University Candidates,54462967e883ce1efb99df16873880be61727dd4c9373e5fe7086bf18d4a2015
7026366bbc3b-PG_MCA_CAP1_Cutoff_MH_2025_26__1_.pdf,2113,"G. S. Mandal's Maharashtra Institute of Technology, Aurangabad",0211324110,2025-26,1,Maharashtra,GNTAO,GNTAO,HU,31.6629561,percentile,GNTAO | 19371 | 31.6629561 | Stage-I,13,Other Than Home University Seats Allotted to Other Than Home University Candidates,51b2be1902a7e21eb30931e2c38fb9f0c851fa313f73b2a386b938211f40a145
7026366bbc3b-PG_MCA_CAP1_Cutoff_MH_2025_26__1_.pdf,2113,"G. S. Mandal's Maharashtra Institute of Technology, Aurangabad",0211324110,2025-26,1,Maharashtra,GNTBO,GNTBO,HU,31.6629561,percentile,GNTBO | 19830 | 31.6629561 | Stage-I,13,Other Than Home University Seats Allotted to Other Than Home University Candidates,56dfcc2ae7100da87e058e93b49453e66b4233aa4d6e8985181f2f9827d6359d
7026366bbc3b-PG_MCA_CAP1_Cutoff_MH_2025_26__1_.pdf,2113,"G. S. Mandal's Maharashtra Institute of Technology, Aurangabad",0211324110,2025-26,1,Maharashtra,GNTCO,GNTCO,HU,7.4072677,percentile,GNTCO | 24388 | 7.4072677 | Stage-I,13,Other Than Home University Seats Allotted to Other Than Home University Candidates,d9ef5d91a89b27b77fc2b85e9ce8eef598c5ba6026633bbbdd96d663e78d94a1
7026366bbc3b-PG_MCA_CAP1_Cutoff_MH_2025_26__1_.pdf,2113,"G. S. Mandal's Maharashtra Institute of Technology, Aurangabad",0211324110,2025-26,1,Maharashtra,GOBCO,GOBCO,HU,9.7430286,percentile,GOBCO | 23949 | 9.7430286 | Stage-I,13,Other Than Home University Seats Allotted to Other Than Home University Candidates,caeb074d96ffb92a7383d99bfe81db93134da6d9fdf71347682f27e631e6b4dc
7026366bbc3b-PG_MCA_CAP1_Cutoff_MH_2025_26__1_.pdf,2113,"G. S. Mandal's Maharashtra Institute of Technology, Aurangabad",0211324110,2025-26,1,Maharashtra,GSCO,GSCO,HU,13.5402134,percentile,GSCO | 23146 | 13.5402134 | Stage-I,13,Other Than Home University Seats Allotted to Home University Candidates,995590858fcc6c9189edf0511f4158a86388d9f0e3172890ac8f5526c783e643
7026366bbc3b-PG_MCA_CAP1_Cutoff_MH_2025_26__1_.pdf,2113,"G. S. Mandal's Maharashtra Institute of Technology, Aurangabad",0211324110,2025-26,1,Maharashtra,GSEBCO,GSEBCO,HU,0.5995249,percentile,GSEBCO | 25408 | 0.5995249 | Stage-I,13,Other Than Home University Seats Allotted to Home University Candidates,19452301342f51d96403275fa6266a194495a6a6e083fed928f8cc34e63f98c1
7026366bbc3b-PG_MCA_CAP1_Cutoff_MH_2025_26__1_.pdf,2113,"G. S. Mandal's Maharashtra Institute of Technology, Aurangabad",0211324110,2025-26,1,Maharashtra,EWS,EWS,SL,7.4072677,percentile,EWS | 24311 | 7.4072677 | Stage-I,13,Other Than Home University Seats Allotted to Home University Candidates,8e99617656180bff63586a0cf1eb64b5af2d81e4aa716860b5c13315d9f34623
7026366bbc3b-PG_MCA_CAP1_Cutoff_MH_2025_26__1_.pdf,2113,"G. S. Mandal's Maharashtra Institute of Technology, Aurangabad",0211324110,2025-26,1,Maharashtra,TFWS,TFWS,SL,82.8308366,percentile,TFWS | 5808 | 82.8308366 | Stage-I,13,Other Than Home University Seats Allotted to Home University Candidates,2e4467a92d5cdc5a1e8a4eaca284b494efdb0451fd0e6347e3154f157439dcae
7026366bbc3b-PG_MCA_CAP1_Cutoff_MH_2025_26__1_.pdf,2115,"Sahyog Sevabhavi Santha's Indira Institute of Management Science, Nanded",0211524110,2025-26,1,Maharashtra,GOPENH,GOPENH,HU,67.3579428,percentile,GOPENH | 10222 | 67.3579428 | Stage-I,14,Home University Seats Allotted to Home University Candidates,218a960f593f0f4bdc2feeea821953caca0b13402a8e512360fc73c45910e454
7026366bbc3b-PG_MCA_CAP1_Cutoff_MH_2025_26__1_.pdf,2115,"Sahyog Sevabhavi Santha's Indira Institute of Management Science, Nanded",0211524110,2025-26,1,Maharashtra,GSCH,GSCH,HU,31.6629561,percentile,GSCH | 19426 | 31.6629561 | Stage-I,14,Home University Seats Allotted to Home University Candidates,a8901afd3dc43ebecaf0e7565cb7c9718c720ae7143fdfcddb05b1e07854f0db
7026366bbc3b-PG_MCA_CAP1_Cutoff_MH_2025_26__1_.pdf,2115,"Sahyog Sevabhavi Santha's Indira Institute of Management Science, Nanded",0211524110,2025-26,1,Maharashtra,GNTAH,GNTAH,HU,27.2744425,percentile,GNTAH | 20636 | 27.2744425 | Stage-I,14,Home University Seats Allotted to Home University Candidates,6042f4f8e95b5db09503d1f393dcfa363ea71cfcea181ff025d684a23492a651
7026366bbc3b-PG_MCA_CAP1_Cutoff_MH_2025_26__1_.pdf,2115,"Sahyog Sevabhavi Santha's Indira Institute of Management Science, Nanded",0211524110,2025-26,1,Maharashtra,GNTBH,GNTBH,HU,63.1574978,percentile,GNTBH | 11419 | 63.1574978 | Stage-I,14,Home University Seats Allotted to Home University Candidates,fda9117220603a436563f3fc3cab6c0e1be7e3951604902267298cb01815ae75
7026366bbc3b-PG_MCA_CAP1_Cutoff_MH_2025_26__1_.pdf,2115,"Sahyog Sevabhavi Santha's Indira Institute of Management Science, Nanded",0211524110,2025-26,1,Maharashtra,GNTCH,GNTCH,HU,29.9046039,percentile,GNTCH | 20049 | 29.9046039 | Stage-I,14,Home University Seats Allotted to Home University Candidates,a7b74716b06cf07bfbe0d8cff3d7a0f277cd07cd10147add6c12cc9097908dd7
7026366bbc3b-PG_MCA_CAP1_Cutoff_MH_2025_26__1_.pdf,2115,"Sahyog Sevabhavi Santha's Indira Institute of Management Science, Nanded",0211524110,2025-26,1,Maharashtra,GOBCH,GOBCH,HU,36.496736,percentile,GOBCH | 18300 | 36.496736 | Stage-I,14,Home University Seats Allotted to Home University Candidates,1f028a1b395cec163018810702fe39ce6b11f96ed3cbec0ad885ac8c2716b22a
7026366bbc3b-PG_MCA_CAP1_Cutoff_MH_2025_26__1_.pdf,2115,"Sahyog Sevabhavi Santha's Indira Institute of Management Science, Nanded",0211524110,2025-26,1,Maharashtra,GSEBCH,GSEBCH,HU,49.3533426,percentile,GSEBCH | 15384 | 49.3533426 | Stage-I,14,Home University Seats Allotted to Home University Candidates,d1e6ec9a32de2cf3f4a8037f2356567650986b97dd1a5425725c0d1da4b7c1d3
7026366bbc3b-PG_MCA_CAP1_Cutoff_MH_2025_26__1_.pdf,2115,"Sahyog Sevabhavi Santha's Indira Institute of Management Science, Nanded",0211524110,2025-26,1,Maharashtra,GOPENO,GOPENO,HU,39.3989669,percentile,GOPENO | 17925 | 39.3989669 | Stage-I,14,Other Than Home University Seats Allotted to Other Than Home University Candidates,bb428e9e7d304034af532e9ed0981e1c3d78823f1fcf0c3da2cfd9e6658f9010
7026366bbc3b-PG_MCA_CAP1_Cutoff_MH_2025_26__1_.pdf,2115,"Sahyog Sevabhavi Santha's Indira Institute of Management Science, Nanded",0211524110,2025-26,1,Maharashtra,GOPENO,GOPENO,HU,65.8578922,percentile,GOPENO | 11074 | 65.8578922 | Stage-I,14,Other Than Home University Seats Allotted to Home University Candidates,613fdf40769984cfa3bbfef980ca0c721996c08206ea55d24822ebb6ea19fe5b
7026366bbc3b-PG_MCA_CAP1_Cutoff_MH_2025_26__1_.pdf,2115,"Sahyog Sevabhavi Santha's Indira Institute of Management Science, Nanded",0211524110,2025-26,1,Maharashtra,GSCO,GSCO,HU,29.9046039,percentile,GSCO | 20238 | 29.9046039 | Stage-I,14,Other Than Home University Seats Allotted to Home University Candidates,7ee99bf061af49ff36e57491350928015aae75caafc1389e6359b4cac89c1209
7026366bbc3b-PG_MCA_CAP1_Cutoff_MH_2025_26__1_.pdf,2115,"Sahyog Sevabhavi Santha's Indira Institute of Management Science, Nanded",0211524110,2025-26,1,Maharashtra,GNTAO,GNTAO,HU,23.1010151,percentile,GNTAO | 21290 | 23.1010151 | Stage-I,14,Other Than Home University Seats Allotted to Home University Candidates,bb0ac48d2d57b94ead8890dd385db7915f80b27aff8b8167e69eea4e06ec245e
7026366bbc3b-PG_MCA_CAP1_Cutoff_MH_2025_26__1_.pdf,2115,"Sahyog Sevabhavi Santha's Indira Institute of Management Science, Nanded",0211524110,2025-26,1,Maharashtra,GNTCO,GNTCO,HU,27.2744425,percentile,GNTCO | 20372 | 27.2744425 | Stage-I,14,Other Than Home University Seats Allotted to Home University Candidates,6ac6f799064ff52c591c758d765e78297197fe0759eba34a11f44e3484e1501b
7026366bbc3b-PG_MCA_CAP1_Cutoff_MH_2025_26__1_.pdf,2115,"Sahyog Sevabhavi Santha's Indira Institute of Management Science, Nanded",0211524110,2025-26,1,Maharashtra,GOBCO,GOBCO,HU,29.9046039,percentile,GOBCO | 20012 | 29.9046039 | Stage-I,14,Other Than Home University Seats Allotted to Home University Candidates,f84c4d5768a84c3882eef14930a5283db1fa06a9cb017f52fa91bde9a2b1b089
7026366bbc3b-PG_MCA_CAP1_Cutoff_MH_2025_26__1_.pdf,2115,"Sahyog Sevabhavi Santha's Indira Institute of Management Science, Nanded",0211524110,2025-26,1,Maharashtra,GSEBCO,GSEBCO,HU,49.3533426,percentile,GSEBCO | 15398 | 49.3533426 | Stage-I,14,Other Than Home University Seats Allotted to Home University Candidates,84d9b0ea7ce783de3281ccb7d67ad539085f4c694ab2933b36aa1f1b252bc778
7026366bbc3b-PG_MCA_CAP1_Cutoff_MH_2025_26__1_.pdf,2115,"Sahyog Sevabhavi Santha's Indira Institute of Management Science, Nanded",0211524110,2025-26,1,Maharashtra,EWS,EWS,SL,21.0059952,percentile,EWS | 22017 | 21.0059952 | Stage-I,14,Other Than Home University Seats Allotted to Home University Candidates,64052ddcec31c694a8661589bd500085e29f3242d81a3e01eecb31ecf454510e
7026366bbc3b-PG_MCA_CAP1_Cutoff_MH_2025_26__1_.pdf,2115,"Sahyog Sevabhavi Santha's Indira Institute of Management Science, Nanded",0211524110,2025-26,1,Maharashtra,TFWS,TFWS,SL,95.2942951,percentile,TFWS | 1466 | 95.2942951 | Stage-I,14,Other Than Home University Seats Allotted to Home University Candidates,1aaa6a605e0fdb2b6c4e76b42646542c509becff0ef5b6a794881c1adf8d745f
7026366bbc3b-PG_MCA_CAP1_Cutoff_MH_2025_26__1_.pdf,2119,"Shree Sharda Bhavan Education Society's Institute of Technology & Management, Nanded",0211924110,2025-26,1,Maharashtra,GOPENH,GOPENH,HU,85.3851665,percentile,GOPENH | 4621 | 85.3851665 | Stage-I,15,Home University Seats Allotted to Home University Candidates,1f97c0a984b26657857937de18768c18bb254b9adc7c12e5d8a492d16de0b5dd
7026366bbc3b-PG_MCA_CAP1_Cutoff_MH_2025_26__1_.pdf,2119,"Shree Sharda Bhavan Education Society's Institute of Technology & Management, Nanded",0211924110,2025-26,1,Maharashtra,GSCH,GSCH,HU,63.1574978,percentile,GSCH | 11424 | 63.1574978 | Stage-I,15,Home University Seats Allotted to Home University Candidates,a606dbcddfc9a7c915711e6e3de5e40409d353a8c8acaf9b99493a702baef6d4
7026366bbc3b-PG_MCA_CAP1_Cutoff_MH_2025_26__1_.pdf,2119,"Shree Sharda Bhavan Education Society's Institute of Technology & Management, Nanded",0211924110,2025-26,1,Maharashtra,GNTAH,GNTAH,HU,65.8578922,percentile,GNTAH | 11110 | 65.8578922 | Stage-I,15,Home University Seats Allotted to Home University Candidates,cd24f84a21365711e34e7d1447f774f221ee63c7fc477e3850e2adef77744177
7026366bbc3b-PG_MCA_CAP1_Cutoff_MH_2025_26__1_.pdf,2119,"Shree Sharda Bhavan Education Society's Institute of Technology & Management, Nanded",0211924110,2025-26,1,Maharashtra,GNTBH,GNTBH,HU,23.1010151,percentile,GNTBH | 21566 | 23.1010151 | Stage-I,15,Home University Seats Allotted to Home University Candidates,c95f5ed9b9173f9e1fd4d1bd54e3868632bebb0c28e001952e3696a51f6998eb
7026366bbc3b-PG_MCA_CAP1_Cutoff_MH_2025_26__1_.pdf,2119,"Shree Sharda Bhavan Education Society's Institute of Technology & Management, Nanded",0211924110,2025-26,1,Maharashtra,GNTCH,GNTCH,HU,36.496736,percentile,GNTCH | 18295 | 36.496736 | Stage-I,15,Home University Seats Allotted to Home University Candidates,0743d02080dc4def72b113d6576a8d502ff7575c1dce1b5e1fd9ca77a25edb2e
7026366bbc3b-PG_MCA_CAP1_Cutoff_MH_2025_26__1_.pdf,2119,"Shree Sharda Bhavan Education Society's Institute of Technology & Management, Nanded",0211924110,2025-26,1,Maharashtra,GOBCH,GOBCH,HU,74.782248,percentile,GOBCH | 8290 | 74.782248 | Stage-I,15,Home University Seats Allotted to Home University Candidates,9eb41de8972529e9dbe93bc408bcf53b37b1cefe1220ba425719aa4c54adc4d0
7026366bbc3b-PG_MCA_CAP1_Cutoff_MH_2025_26__1_.pdf,2119,"Shree Sharda Bhavan Education Society's Institute of Technology & Management, Nanded",0211924110,2025-26,1,Maharashtra,GSEBCH,GSEBCH,HU,71.1549338,percentile,GSEBCH | 9413 | 71.1549338 | Stage-I,15,Home University Seats Allotted to Home University Candidates,06ff22e4f8da71feb2d6791eeb8261e2de698053ebd84e120f8880c579dd1a7b
7026366bbc3b-PG_MCA_CAP1_Cutoff_MH_2025_26__1_.pdf,2119,"Shree Sharda Bhavan Education Society's Institute of Technology & Management, Nanded",0211924110,2025-26,1,Maharashtra,GOPENO,GOPENO,HU,29.9046039,percentile,GOPENO | 19843 | 29.9046039 | Stage-I,15,Other Than Home University Seats Allotted to Other Than Home University Candidates,041b0ca33eb16f32bf37bf342109550e4da6085e76bbae6f46cde63d307e2d4a
7026366bbc3b-PG_MCA_CAP1_Cutoff_MH_2025_26__1_.pdf,2119,"Shree Sharda Bhavan Education Society's Institute of Technology & Management, Nanded",0211924110,2025-26,1,Maharashtra,GOPENO,GOPENO,HU,85.2118788,percentile,GOPENO | 4840 | 85.2118788 | Stage-I,15,Other Than Home University Seats Allotted to Home University Candidates,9c0a496629da86cf4bda2f3908399311b37bdf2206265d07a6012dd38d966014
7026366bbc3b-PG_MCA_CAP1_Cutoff_MH_2025_26__1_.pdf,2119,"Shree Sharda Bhavan Education Society's Institute of Technology & Management, Nanded",0211924110,2025-26,1,Maharashtra,GSCO,GSCO,HU,61.2807064,percentile,GSCO | 12681 | 61.2807064 | Stage-I,15,Other Than Home University Seats Allotted to Home University Candidates,ec2a71fa1e7274eb0e62b715f48a5bc334d7f51b500de535207eb9240dd28bdd
7026366bbc3b-PG_MCA_CAP1_Cutoff_MH_2025_26__1_.pdf,2119,"Shree Sharda Bhavan Education Society's Institute of Technology & Management, Nanded",0211924110,2025-26,1,Maharashtra,GNTBO,GNTBO,HU,19.1539942,percentile,GNTBO | 22323 | 19.1539942 | Stage-I,15,Other Than Home University Seats Allotted to Home University Candidates,18da3687fe1279f3170a28e6108f303e08b9b0dc47584e42f64f7e7ee716216b
7026366bbc3b-PG_MCA_CAP1_Cutoff_MH_2025_26__1_.pdf,2119,"Shree Sharda Bhavan Education Society's Institute of Technology & Management, Nanded",0211924110,2025-26,1,Maharashtra,GOBCO,GOBCO,HU,69.7143504,percentile,GOBCO | 9639 | 69.7143504 | Stage-I,15,Other Than Home University Seats Allotted to Home University Candidates,842fec6e1211b9a98620c92cf296270c22e62b3d4b9baeee116460fce463bb51
7026366bbc3b-PG_MCA_CAP1_Cutoff_MH_2025_26__1_.pdf,2119,"Shree Sharda Bhavan Education Society's Institute of Technology & Management, Nanded",0211924110,2025-26,1,Maharashtra,GSEBCO,GSEBCO,HU,67.3579428,percentile,GSEBCO | 10281 | 67.3579428 | Stage-I,15,Other Than Home University Seats Allotted to Home University Candidates,abee0699592c6e7d9607d7ebaacba5cf3c4914afec34f6d0f7b23a3d2b7cd50c
7026366bbc3b-PG_MCA_CAP1_Cutoff_MH_2025_26__1_.pdf,2119,"Shree Sharda Bhavan Education Society's Institute of Technology & Management, Nanded",0211924110,2025-26,1,Maharashtra,EWS,EWS,SL,73.5368477,percentile,EWS | 8859 | 73.5368477 | Stage-I,15,Other Than Home University Seats Allotted to Home University Candidates,34a7cec64993ec8ce41ab22010e98c46f0a113aeadde8f02672163e635304724
7026366bbc3b-PG_MCA_CAP1_Cutoff_MH_2025_26__1_.pdf,2119,"Shree Sharda Bhavan Education Society's Institute of Technology & Management, Nanded",0211924110,2025-26,1,Maharashtra,TFWS,TFWS,SL,85.2118788,percentile,TFWS | 5156 | 85.2118788 | Stage-I,15,Other Than Home University Seats Allotted to Home University Candidates,556e18ccb8ffb211c0035957073d32aaa2d4e249e87c3f6f5dc451be8c6f7b28
7026366bbc3b-PG_MCA_CAP1_Cutoff_MH_2025_26__1_.pdf,2120,"Dnyanopasak Shikshan Mandal's Institute of Information Technology & Management, Parbhani.",0212024110,2025-26,1,Maharashtra,GOPENH,GOPENH,HU,71.1549338,percentile,GOPENH | 9162 | 71.1549338 | Stage-I,16,Home University Seats Allotted to Home University Candidates,79e6e6cbd1117420ac5ddf3f68fa3dbd235c46fac12f35374621bec452e153dc
7026366bbc3b-PG_MCA_CAP1_Cutoff_MH_2025_26__1_.pdf,2120,"Dnyanopasak Shikshan Mandal's Institute of Information Technology & Management, Parbhani.",0212024110,2025-26,1,Maharashtra,GSCH,GSCH,HU,63.1574978,percentile,GSCH | 11628 | 63.1574978 | Stage-I,16,Home University Seats Allotted to Home University Candidates,dccd934ec13548c5edaf03f90c9d9a4b0f7822321e741dd59ca5ec1a24356b0c
7026366bbc3b-PG_MCA_CAP1_Cutoff_MH_2025_26__1_.pdf,2120,"Dnyanopasak Shikshan Mandal's Institute of Information Technology & Management, Parbhani.",0212024110,2025-26,1,Maharashtra,GNTAH,GNTAH,HU,61.2807064,percentile,GNTAH | 12636 | 61.2807064 | Stage-I,16,Home University Seats Allotted to Home University Candidates,b7859606a0cefb1ac4986e091e166d3ab76920fa652bb8c926521a40e1769898
7026366bbc3b-PG_MCA_CAP1_Cutoff_MH_2025_26__1_.pdf,2120,"Dnyanopasak Shikshan Mandal's Institute of Information Technology & Management, Parbhani.",0212024110,2025-26,1,Maharashtra,GOBCH,GOBCH,HU,53.942159,percentile,GOBCH | 14435 | 53.942159 | Stage-I,16,Home University Seats Allotted to Home University Candidates,5e25ac5937b0fc138a796658e5704471abf400d816ddd4b76d075fac75e09a55
7026366bbc3b-PG_MCA_CAP1_Cutoff_MH_2025_26__1_.pdf,2120,"Dnyanopasak Shikshan Mandal's Institute of Information Technology & Management, Parbhani.",0212024110,2025-26,1,Maharashtra,GSEBCH,GSEBCH,HU,31.6629561,percentile,GSEBCH | 19768 | 31.6629561 | Stage-I,16,Home University Seats Allotted to Home University Candidates,22f9d2568cd1e1bce0eba4362c0aa7a9d8127cda152bb6aa01792455071e8bc8
7026366bbc3b-PG_MCA_CAP1_Cutoff_MH_2025_26__1_.pdf,2120,"Dnyanopasak Shikshan Mandal's Institute of Information Technology & Management, Parbhani.",0212024110,2025-26,1,Maharashtra,GOPENO,GOPENO,HU,41.4550394,percentile,GOPENO | 17422 | 41.4550394 | Stage-I,16,Other Than Home University Seats Allotted to Other Than Home University Candidates,5d2beb070a3ef9cd178d334b516a46f706df0d96c755f551513728faf5695630
7026366bbc3b-PG_MCA_CAP1_Cutoff_MH_2025_26__1_.pdf,2120,"Dnyanopasak Shikshan Mandal's Institute of Information Technology & Management, Parbhani.",0212024110,2025-26,1,Maharashtra,GSCO,GSCO,HU,46.3793819,percentile,GSCO | 16327 | 46.3793819 | Stage-I,16,Other Than Home University Seats Allotted to Home University Candidates,f9555ff8cc587ad2ffd353a91e3cec7251d2dacd58d50e499259b6300df6517b
7026366bbc3b-PG_MCA_CAP1_Cutoff_MH_2025_26__1_.pdf,2120,"Dnyanopasak Shikshan Mandal's Institute of Information Technology & Management, Parbhani.",0212024110,2025-26,1,Maharashtra,GNTAO,GNTAO,HU,46.3793819,percentile,GNTAO | 16372 | 46.3793819 | Stage-I,16,Other Than Home University Seats Allotted to Home University Candidates,597dbd6a4f6ad3826ed12be8ab6f2644b188754159eaa4fe00bae4db82711a7b
7026366bbc3b-PG_MCA_CAP1_Cutoff_MH_2025_26__1_.pdf,2120,"Dnyanopasak Shikshan Mandal's Institute of Information Technology & Management, Parbhani.",0212024110,2025-26,1,Maharashtra,GOBCO,GOBCO,HU,51.4093808,percentile,GOBCO | 15100 | 51.4093808 | Stage-I,16,Other Than Home University Seats Allotted to Home University Candidates,dba2be837374dd74c46198acece695982e259cd5bfb0b3a9e9604866f7c515d5
7026366bbc3b-PG_MCA_CAP1_Cutoff_MH_2025_26__1_.pdf,2120,"Dnyanopasak Shikshan Mandal's Institute of Information Technology & Management, Parbhani.",0212024110,2025-26,1,Maharashtra,EWS,EWS,SL,29.9046039,percentile,EWS | 20133 | 29.9046039 | Stage-I,16,Other Than Home University Seats Allotted to Home University Candidates,da3e65b231dda5283bb2998824b97c718e50c0943ed94e74ac4ffecd6f81d431
7026366bbc3b-PG_MCA_CAP1_Cutoff_MH_2025_26__1_.pdf,2120,"Dnyanopasak Shikshan Mandal's Institute of Information Technology & Management, Parbhani.",0212024110,2025-26,1,Maharashtra,TFWS,TFWS,SL,79.9969812,percentile,TFWS | 6846 | 79.9969812 | Stage-I,16,Other Than Home University Seats Allotted to Home University Candidates,a4a216a982e3ea245fd3ce3a4a6d2377b6819f8779608b577b1ff96d52b2aa6d
7026366bbc3b-PG_MCA_CAP1_Cutoff_MH_2025_26__1_.pdf,2124,"Maratha Education Society's Institute of Management studies & Information Technology, Aurangabad",0212424110,2025-26,1,Maharashtra,GOPENH,GOPENH,HU,80.5399495,percentile,GOPENH | 6227 | 80.5399495 | Stage-I,17,Home University Seats Allotted to Home University Candidates,317ef9cfbde6bca67f95c4731cee6b70cf5ba0cfe9016f976d1a222dcca9e451
7026366bbc3b-PG_MCA_CAP1_Cutoff_MH_2025_26__1_.pdf,2124,"Maratha Education Society's Institute of Management studies & Information Technology, Aurangabad",0212424110,2025-26,1,Maharashtra,GSCH,GSCH,HU,25.4779232,percentile,GSCH | 20816 | 25.4779232 | Stage-I,17,Home University Seats Allotted to Home University Candidates,93e9b956ddbcf8775b28d39b84a37c139f612a9afd4b540c76665fd00f019895
7026366bbc3b-PG_MCA_CAP1_Cutoff_MH_2025_26__1_.pdf,2124,"Maratha Education Society's Institute of Management studies & Information Technology, Aurangabad",0212424110,2025-26,1,Maharashtra,GNTAH,GNTAH,HU,39.3989669,percentile,GNTAH | 17816 | 39.3989669 | Stage-I,17,Home University Seats Allotted to Home University Candidates,0088c1fe0d13543dfbed40ac661f0d2bd76fbec6c7fe3ae51dbe5ab5a5bc46c2
7026366bbc3b-PG_MCA_CAP1_Cutoff_MH_2025_26__1_.pdf,2124,"Maratha Education Society's Institute of Management studies & Information Technology, Aurangabad",0212424110,2025-26,1,Maharashtra,GNTBH,GNTBH,HU,34.5198145,percentile,GNTBH | 18949 | 34.5198145 | Stage-I,17,Home University Seats Allotted to Home University Candidates,f40b6effd39c9a951268f3bd9edeff1acf0ff114ed2d92f8602ed4243508c968
7026366bbc3b-PG_MCA_CAP1_Cutoff_MH_2025_26__1_.pdf,2124,"Maratha Education Society's Institute of Management studies & Information Technology, Aurangabad",0212424110,2025-26,1,Maharashtra,GNTCH,GNTCH,HU,65.8578922,percentile,GNTCH | 10904 | 65.8578922 | Stage-I,17,Home University Seats Allotted to Home University Candidates,f845a0de70988649965701b30f44d9e8a82e08c63258d4524368f5e1e5337662
7026366bbc3b-PG_MCA_CAP1_Cutoff_MH_2025_26__1_.pdf,2124,"Maratha Education Society's Institute of Management studies & Information Technology, Aurangabad",0212424110,2025-26,1,Maharashtra,GNTDH,GNTDH,HU,56.5488095,percentile,GNTDH | 13639 | 56.5488095 | Stage-I,17,Home University Seats Allotted to Home University Candidates,46cee551d4c02f139ad1e1255686ce90a779e44bb94f194e2914550e3369e64e
7026366bbc3b-PG_MCA_CAP1_Cutoff_MH_2025_26__1_.pdf,2124,"Maratha Education Society's Institute of Management studies & Information Technology, Aurangabad",0212424110,2025-26,1,Maharashtra,GOBCH,GOBCH,HU,56.5488095,percentile,GOBCH | 13671 | 56.5488095 | Stage-I,17,Home University Seats Allotted to Home University Candidates,761ec5c845314fe780e43adccdf26f9f19aa2f2e819ca6afdc4d35de9e2c06e7
7026366bbc3b-PG_MCA_CAP1_Cutoff_MH_2025_26__1_.pdf,2124,"Maratha Education Society's Institute of Management studies & Information Technology, Aurangabad",0212424110,2025-26,1,Maharashtra,GSEBCH,GSEBCH,HU,58.7911466,percentile,GSEBCH | 12770 | 58.7911466 | Stage-I,17,Home University Seats Allotted to Home University Candidates,2f49641f5aeac4295db8a6aa01595f870facde69c408fe8bc954fe699c60b3b3
7026366bbc3b-PG_MCA_CAP1_Cutoff_MH_2025_26__1_.pdf,2124,"Maratha Education Society's Institute of Management studies & Information Technology, Aurangabad",0212424110,2025-26,1,Maharashtra,GOPENO,GOPENO,HU,36.496736,percentile,GOPENO | 18522 | 36.496736 | Stage-I,17,Other Than Home University Seats Allotted to Other Than Home University Candidates,66476b364361be60b5ac99930888d0a093b236898a838b9b4f7e0e4c41ab112d
7026366bbc3b-PG_MCA_CAP1_Cutoff_MH_2025_26__1_.pdf,2124,"Maratha Education Society's Institute of Management studies & Information Technology, Aurangabad",0212424110,2025-26,1,Maharashtra,GSCO,GSCO,HU,3.0466423,percentile,GSCO | 25081 | 3.0466423 | Stage-I,17,Other Than Home University Seats Allotted to Other Than Home University Candidates,0b8f7d2edeed5d2269e4c21dfb4a319acc4b5242b3b5f8d6c7f9f4f6bdcc5609
7026366bbc3b-PG_MCA_CAP1_Cutoff_MH_2025_26__1_.pdf,2124,"Maratha Education Society's Institute of Management studies & Information Technology, Aurangabad",0212424110,2025-26,1,Maharashtra,GOBCO,GOBCO,HU,5.5960152,percentile,GOBCO | 24652 | 5.5960152 | Stage-I,17,Other Than Home University Seats Allotted to Other Than Home University Candidates,41b68a20f284485e12510368be93e1025351c35ff1923d7cd06c81ce3aebc857
7026366bbc3b-PG_MCA_CAP1_Cutoff_MH_2025_26__1_.pdf,2124,"Maratha Education Society's Institute of Management studies & Information Technology, Aurangabad",0212424110,2025-26,1,Maharashtra,GNTCO,GNTCO,HU,39.3989669,percentile,GNTCO | 17667 | 39.3989669 | Stage-I,17,Other Than Home University Seats Allotted to Home University Candidates,6af9798d6bdf83ed52f04b0a1475b6c7797bb63db531ec5f3aff842a0616e67f
7026366bbc3b-PG_MCA_CAP1_Cutoff_MH_2025_26__1_.pdf,2124,"Maratha Education Society's Institute of Management studies & Information Technology, Aurangabad",0212424110,2025-26,1,Maharashtra,GSEBCO,GSEBCO,HU,46.3793819,percentile,GSEBCO | 15905 | 46.3793819 | Stage-I,17,Other Than Home University Seats Allotted to Home University Candidates,140110d8ff7f95c35af03887ed574b3925f948d2962c70d7f3ffbe88e9489535
7026366bbc3b-PG_MCA_CAP1_Cutoff_MH_2025_26__1_.pdf,2124,"Maratha Education Society's Institute of Management studies & Information Technology, Aurangabad",0212424110,2025-26,1,Maharashtra,EWS,EWS,SL,5.5960152,percentile,EWS | 24752 | 5.5960152 | Stage-I,17,Other Than Home University Seats Allotted to Home University Candidates,d42cf01862f89c76abdccc26340e4abef15e71bd232914c45d5d1e2872024796
7026366bbc3b-PG_MCA_CAP1_Cutoff_MH_2025_26__1_.pdf,2124,"Maratha Education Society's Institute of Management studies & Information Technology, Aurangabad",0212424110,2025-26,1,Maharashtra,TFWS,TFWS,SL,80.5399495,percentile,TFWS | 6173 | 80.5399495 | Stage-I,17,Other Than Home University Seats Allotted to Home University Candidates,22a4d2f15bebae79032e2fa40ed98ab2335faab2c9303c16c5f2e1000b358864
7026366bbc3b-PG_MCA_CAP1_Cutoff_MH_2025_26__1_.pdf,2129,"M.S. Bidve Engineering College, Latur",0212924110,2025-26,1,Maharashtra,GOPENH,GOPENH,HU,90.7733494,percentile,GOPENH | 2977 | 90.7733494 | Stage-I,18,Home University Seats Allotted to Home University Candidates,feeaf83ed18813be7d06872ededc38e113ebb2bc63da9a38953ce0edc13f0fde
7026366bbc3b-PG_MCA_CAP1_Cutoff_MH_2025_26__1_.pdf,2129,"M.S. Bidve Engineering College, Latur",0212924110,2025-26,1,Maharashtra,GSCH,GSCH,HU,56.5488095,percentile,GSCH | 13589 | 56.5488095 | Stage-I,18,Home University Seats Allotted to Home University Candidates,e767ab12e58e1136ef7e9766d2076675495305de77b9b4008070c97e8301e42a
7026366bbc3b-PG_MCA_CAP1_Cutoff_MH_2025_26__1_.pdf,2129,"M.S. Bidve Engineering College, Latur",0212924110,2025-26,1,Maharashtra,GNTAH,GNTAH,HU,85.3851665,percentile,GNTAH | 4627 | 85.3851665 | Stage-I,18,Home University Seats Allotted to Home University Candidates,711d098d0e51c739af5587e442a6386f5a255e370cb6a565c7ffe7ddc59ee24c
7026366bbc3b-PG_MCA_CAP1_Cutoff_MH_2025_26__1_.pdf,2129,"M.S. Bidve Engineering College, Latur",0212924110,2025-26,1,Maharashtra,GNTCH,GNTCH,HU,74.782248,percentile,GNTCH | 8370 | 74.782248 | Stage-I,18,Home University Seats Allotted to Home University Candidates,73e9fb14e14dfeb903d09744a08f22c28cccbf7364eb837da8233d63b344d85a
7026366bbc3b-PG_MCA_CAP1_Cutoff_MH_2025_26__1_.pdf,2129,"M.S. Bidve Engineering College, Latur",0212924110,2025-26,1,Maharashtra,GOBCH,GOBCH,HU,69.7143504,percentile,GOBCH | 9810 | 69.7143504 | Stage-I,18,Home University Seats Allotted to Home University Candidates,060f797e2f88a0d181e5c4b707ebe3d5a284ede4b00b5b0db001b6e0f8afebf1
7026366bbc3b-PG_MCA_CAP1_Cutoff_MH_2025_26__1_.pdf,2129,"M.S. Bidve Engineering College, Latur",0212924110,2025-26,1,Maharashtra,GSEBCH,GSEBCH,HU,79.9969812,percentile,GSEBCH | 6497 | 79.9969812 | Stage-I,18,Home University Seats Allotted to Home University Candidates,9df726eb8c740319670e01812e2e45d898186a8f47b8ea61f2cd069fec85ccca
7026366bbc3b-PG_MCA_CAP1_Cutoff_MH_2025_26__1_.pdf,2129,"M.S. Bidve Engineering College, Latur",0212924110,2025-26,1,Maharashtra,PWDOPENH,PWDOPENH,HU,41.4550394,percentile,PWDOPENH | 17612 | 41.4550394 | Stage-I,18,Home University Seats Allotted to Home University Candidates,90e516a1459abf4e6eb81ff4748dba083fee5ec9eaea13364fea17fbeffcfd81
7026366bbc3b-PG_MCA_CAP1_Cutoff_MH_2025_26__1_.pdf,2129,"M.S. Bidve Engineering College, Latur",0212924110,2025-26,1,Maharashtra,GOPENO,GOPENO,HU,67.3579428,percentile,GOPENO | 10595 | 67.3579428 | Stage-I,18,Other Than Home University Seats Allotted to Other Than Home University Candidates,778ac71d83b2323da7063757f01d833656074df4264b447f1e674d1f41f43345
7026366bbc3b-PG_MCA_CAP1_Cutoff_MH_2025_26__1_.pdf,2129,"M.S. Bidve Engineering College, Latur",0212924110,2025-26,1,Maharashtra,GSCO,GSCO,HU,51.4093808,percentile,GSCO | 14817 | 51.4093808 | Stage-I,18,Other Than Home University Seats Allotted to Other Than Home University Candidates,ac414618dc3f20f54c271f7fddce2da2d734e63c3da6c58420b72078218b07a4
7026366bbc3b-PG_MCA_CAP1_Cutoff_MH_2025_26__1_.pdf,2129,"M.S. Bidve Engineering College, Latur",0212924110,2025-26,1,Maharashtra,GOBCO,GOBCO,HU,23.1010151,percentile,GOBCO | 21615 | 23.1010151 | Stage-I,18,Other Than Home University Seats Allotted to Other Than Home University Candidates,8eb235a1f3a1e040cab77cebab9cfa586c23b6b605b3eee39d474d46d84ab1bc
7026366bbc3b-PG_MCA_CAP1_Cutoff_MH_2025_26__1_.pdf,2129,"M.S. Bidve Engineering College, Latur",0212924110,2025-26,1,Maharashtra,GSEBCO,GSEBCO,HU,63.1574978,percentile,GSEBCO | 11454 | 63.1574978 | Stage-I,18,Other Than Home University Seats Allotted to Other Than Home University Candidates,bdd135bf9d79403f7036d5182992fdec0a45a7d389a11dfe75514f78ffe4d4f8
7026366bbc3b-PG_MCA_CAP1_Cutoff_MH_2025_26__1_.pdf,2129,"M.S. Bidve Engineering College, Latur",0212924110,2025-26,1,Maharashtra,GSCO,GSCO,HU,53.942159,percentile,GSCO | 14265 | 53.942159 | Stage-I,18,Other Than Home University Seats Allotted to Home University Candidates,230dfafbbcd5206d2c5bd23e38477551fa22ac21180c12c8cd14993a0b82034e
7026366bbc3b-PG_MCA_CAP1_Cutoff_MH_2025_26__1_.pdf,2129,"M.S. Bidve Engineering College, Latur",0212924110,2025-26,1,Maharashtra,GNTDO,GNTDO,HU,51.4093808,percentile,GNTDO | 14857 | 51.4093808 | Stage-I,18,Other Than Home University Seats Allotted to Home University Candidates,7561b6f5f51d0e0c9d424e075482589c919dd93b54de966187abef87f7c0b9ca
7026366bbc3b-PG_MCA_CAP1_Cutoff_MH_2025_26__1_.pdf,2129,"M.S. Bidve Engineering College, Latur",0212924110,2025-26,1,Maharashtra,EWS,EWS,SL,82.9644433,percentile,EWS | 5396 | 82.9644433 | Stage-I,18,Other Than Home University Seats Allotted to Home University Candidates,1766a2819819a11436d5dd494afc09339af371378a7f439e2cc1c8f70df3afb8
7026366bbc3b-PG_MCA_CAP1_Cutoff_MH_2025_26__1_.pdf,2129,"M.S. Bidve Engineering College, Latur",0212924110,2025-26,1,Maharashtra,TFWS,TFWS,SL,96.828928,percentile,TFWS | 902 | 96.828928 | Stage-I,18,Other Than Home University Seats Allotted to Home University Candidates,fd422b0fc58c5e89a9b6f77788198459ea575571e011d2c7eb1163bcc10ff2c3
7026366bbc3b-PG_MCA_CAP1_Cutoff_MH_2025_26__1_.pdf,2259,"Shri Sai Institute of Management & Research, Aurangabad",0225924110,2025-26,1,Maharashtra,GOPENH,GOPENH,HU,36.496736,percentile,GOPENH | 18365 | 36.496736 | Stage-I,19,Home University Seats Allotted to Home University Candidates,1ec1026ab8502dd241f585ae4135d09e3bebac8ce71c482c35168b0078f538d5
7026366bbc3b-PG_MCA_CAP1_Cutoff_MH_2025_26__1_.pdf,2259,"Shri Sai Institute of Management & Research, Aurangabad",0225924110,2025-26,1,Maharashtra,GSCH,GSCH,HU,2.0662871,percentile,GSCH | 25207 | 2.0662871 | Stage-I,19,Home University Seats Allotted to Home University Candidates,9f73a956e7e945a92673bef97e1fee00cfedc2be3f255dbd1300a274be650657
7026366bbc3b-PG_MCA_CAP1_Cutoff_MH_2025_26__1_.pdf,2259,"Shri Sai Institute of Management & Research, Aurangabad",0225924110,2025-26,1,Maharashtra,GNTAH,GNTAH,HU,3.0466423,percentile,GNTAH | 25084 | 3.0466423 | Stage-I,19,Home University Seats Allotted to Home University Candidates,1aea0afe00dee1fbf7b7bdbb47991a2be7662d2dc9cf978925e545744a32cd4f
7026366bbc3b-PG_MCA_CAP1_Cutoff_MH_2025_26__1_.pdf,2259,"Shri Sai Institute of Management & Research, Aurangabad",0225924110,2025-26,1,Maharashtra,GOBCH,GOBCH,HU,7.4072677,percentile,GOBCH | 24442 | 7.4072677 | Stage-I,19,Home University Seats Allotted to Home University Candidates,6b1dbe8d304b1bbf0c49cbfd99ba7204b3eda06d9e0d2e6dc012bbb2b75fae61
7026366bbc3b-PG_MCA_CAP1_Cutoff_MH_2025_26__1_.pdf,2259,"Shri Sai Institute of Management & Research, Aurangabad",0225924110,2025-26,1,Maharashtra,GSEBCH,GSEBCH,HU,16.9789978,percentile,GSEBCH | 22643 | 16.9789978 | Stage-I,19,Home University Seats Allotted to Home University Candidates,d7240837e10ab2e5be0b7fb9a08cea4422da710c251e97c56270a8e7a44d3dd4
7026366bbc3b-PG_MCA_CAP1_Cutoff_MH_2025_26__1_.pdf,2259,"Shri Sai Institute of Management & Research, Aurangabad",0225924110,2025-26,1,Maharashtra,GOPENO,GOPENO,HU,13.5402134,percentile,GOPENO | 23365 | 13.5402134 | Stage-I,19,Other Than Home University Seats Allotted to Other Than Home University Candidates,f32930762d33d7a54b420e4c485f4ced7dec623aef9eb401bb0fc6518ec99506
7026366bbc3b-PG_MCA_CAP1_Cutoff_MH_2025_26__1_.pdf,2259,"Shri Sai Institute of Management & Research, Aurangabad",0225924110,2025-26,1,Maharashtra,GOBCO,GOBCO,HU,1.3622127,percentile,GOBCO | 25311 | 1.3622127 | Stage-I,19,Other Than Home University Seats Allotted to Other Than Home University Candidates,ef6dd9b7481e2be564877dec4f118b784cdce2b191ac129b9d5902857d8b41a9
7026366bbc3b-PG_MCA_CAP1_Cutoff_MH_2025_26__1_.pdf,2259,"Shri Sai Institute of Management & Research, Aurangabad",0225924110,2025-26,1,Maharashtra,GSCO,GSCO,HU,2.0301121,percentile,GSCO | 25245 | 2.0301121 | Stage-I,19,Other Than Home University Seats Allotted to Home University Candidates,a7420f147a624aaf46eec174da3fb0b2d03d09f469fb78cdb7887069715fc8ad
7026366bbc3b-PG_MCA_CAP1_Cutoff_MH_2025_26__1_.pdf,2259,"Shri Sai Institute of Management & Research, Aurangabad",0225924110,2025-26,1,Maharashtra,TFWS,TFWS,SL,46.3793819,percentile,TFWS | 15877 | 46.3793819 | Stage-I,19,Other Than Home University Seats Allotted to Home University Candidates,45d1892dc242ef55125af0f31da200b48ae7dbefc691cfae64a8fecbeef2eef8
7026366bbc3b-PG_MCA_CAP1_Cutoff_MH_2025_26__1_.pdf,2508,GRAMIN TECHNICAL AND MANAGEMENT CAMPUS NANDED.,0250824110,2025-26,1,Maharashtra,GOPENH,GOPENH,HU,46.3793819,percentile,GOPENH | 16280 | 46.3793819 | Stage-I,20,Home University Seats Allotted to Home University Candidates,099c57233ae65db70b01940790f4d14b28ef1b64a6ab30f31d56ba6f2ee4a3cf
7026366bbc3b-PG_MCA_CAP1_Cutoff_MH_2025_26__1_.pdf,2508,GRAMIN TECHNICAL AND MANAGEMENT CAMPUS NANDED.,0250824110,2025-26,1,Maharashtra,GSCH,GSCH,HU,13.5402134,percentile,GSCH | 23183 | 13.5402134 | Stage-I,20,Home University Seats Allotted to Home University Candidates,350fdd86f516e730369cf1be6cd9151c95319e878341900af649c0503872c570
7026366bbc3b-PG_MCA_CAP1_Cutoff_MH_2025_26__1_.pdf,2508,GRAMIN TECHNICAL AND MANAGEMENT CAMPUS NANDED.,0250824110,2025-26,1,Maharashtra,GOBCH,GOBCH,HU,23.1010151,percentile,GOBCH | 21534 | 23.1010151 | Stage-I,20,Home University Seats Allotted to Home University Candidates,d3804a319c6efb45f7d96f9d3edd0913779ae48522ae59e4e39a2fac470e6318
7026366bbc3b-PG_MCA_CAP1_Cutoff_MH_2025_26__1_.pdf,2508,GRAMIN TECHNICAL AND MANAGEMENT CAMPUS NANDED.,0250824110,2025-26,1,Maharashtra,GSEBCH,GSEBCH,HU,9.7430286,percentile,GSEBCH | 23953 | 9.7430286 | Stage-I,20,Home University Seats Allotted to Home University Candidates,f8fa9307fffd8e52dd2391834c3514a4f97a50dc61a9fb3cdec786178e53bbc3
7026366bbc3b-PG_MCA_CAP1_Cutoff_MH_2025_26__1_.pdf,2508,GRAMIN TECHNICAL AND MANAGEMENT CAMPUS NANDED.,0250824110,2025-26,1,Maharashtra,GOPENO,GOPENO,HU,16.9789978,percentile,GOPENO | 22496 | 16.9789978 | Stage-I,20,Other Than Home University Seats Allotted to Other Than Home University Candidates,028ed1d3b632cf193037a74cce191b8c59c59b05832b1638919366a3aa6d31ee
7026366bbc3b-PG_MCA_CAP1_Cutoff_MH_2025_26__1_.pdf,2508,GRAMIN TECHNICAL AND MANAGEMENT CAMPUS NANDED.,0250824110,2025-26,1,Maharashtra,GOPENO,GOPENO,HU,44.5345198,percentile,GOPENO | 16778 | 44.5345198 | Stage-I,20,Other Than Home University Seats Allotted to Home University Candidates,9a0a846aa0552780803eb73e3edda8568b9c01a7e415064f04ba08efd426b96c
7026366bbc3b-PG_MCA_CAP1_Cutoff_MH_2025_26__1_.pdf,2508,GRAMIN TECHNICAL AND MANAGEMENT CAMPUS NANDED.,0250824110,2025-26,1,Maharashtra,GSCO,GSCO,HU,0.5735633,percentile,GSCO | 25431 | 0.5735633 | Stage-I,20,Other Than Home University Seats Allotted to Home University Candidates,723991f41b595a71ac2f7b2cb9b862680997fddfd6fd7f4057779fe19fbf9087
7026366bbc3b-PG_MCA_CAP1_Cutoff_MH_2025_26__1_.pdf,2508,GRAMIN TECHNICAL AND MANAGEMENT CAMPUS NANDED.,0250824110,2025-26,1,Maharashtra,EWS,EWS,SL,21.0059952,percentile,EWS | 21679 | 21.0059952 | Stage-I,20,Other Than Home University Seats Allotted to Home University Candidates,5c95d172834ec4cdcf0e472bde215874f2ce5b73c5759af34bb9a968c9ee6d69
7026366bbc3b-PG_MCA_CAP1_Cutoff_MH_2025_26__1_.pdf,2508,GRAMIN TECHNICAL AND MANAGEMENT CAMPUS NANDED.,0250824110,2025-26,1,Maharashtra,TFWS,TFWS,SL,41.4550394,percentile,TFWS | 17234 | 41.4550394 | Stage-I,20,Other Than Home University Seats Allotted to Home University Candidates,b191b6322ecea079447c33cc4ffe994b1e42340635ce084d9b4520b41eb881b2
7026366bbc3b-PG_MCA_CAP1_Cutoff_MH_2025_26__1_.pdf,2519,"Shri V. D. Deshmukh College of MCA, Kolpa Dist. Latur",0251924110,2025-26,1,Maharashtra,GOPENH,GOPENH,HU,74.782248,percentile,GOPENH | 8172 | 74.782248 | Stage-I,21,Home University Seats Allotted to Home University Candidates,ce25280d2bcd6ddab656736012878a5c25b5e5d2c0733cddfeca20e007e0d55a
7026366bbc3b-PG_MCA_CAP1_Cutoff_MH_2025_26__1_.pdf,2519,"Shri V. D. Deshmukh College of MCA, Kolpa Dist. Latur",0251924110,2025-26,1,Maharashtra,GSCH,GSCH,HU,39.3989669,percentile,GSCH | 17697 | 39.3989669 | Stage-I,21,Home University Seats Allotted to Home University Candidates,0e8cc39dd22e7002b8c64e1deceab84627bef72b1b52642e7bebac38c33c7b04
7026366bbc3b-PG_MCA_CAP1_Cutoff_MH_2025_26__1_.pdf,2519,"Shri V. D. Deshmukh College of MCA, Kolpa Dist. Latur",0251924110,2025-26,1,Maharashtra,GNTAH,GNTAH,HU,58.7911466,percentile,GNTAH | 13064 | 58.7911466 | Stage-I,21,Home University Seats Allotted to Home University Candidates,7fbb715e617509ce8c4757788715977bbd10c3fe10928d3415a3edf422e7aefb
7026366bbc3b-PG_MCA_CAP1_Cutoff_MH_2025_26__1_.pdf,2519,"Shri V. D. Deshmukh College of MCA, Kolpa Dist. Latur",0251924110,2025-26,1,Maharashtra,GNTBH,GNTBH,HU,61.2807064,percentile,GNTBH | 12379 | 61.2807064 | Stage-I,21,Home University Seats Allotted to Home University Candidates,18b3385f2d5c3685116024b4e63ee85567b14fc0aedc81fa7ab863b26cbcd6e7
7026366bbc3b-PG_MCA_CAP1_Cutoff_MH_2025_26__1_.pdf,2519,"Shri V. D. Deshmukh College of MCA, Kolpa Dist. Latur",0251924110,2025-26,1,Maharashtra,GNTCH,GNTCH,HU,53.942159,percentile,GNTCH | 14048 | 53.942159 | Stage-I,21,Home University Seats Allotted to Home University Candidates,6061293137f0b369962193a407d3bed38a8875bbe76b039accfdb759399b4822
7026366bbc3b-PG_MCA_CAP1_Cutoff_MH_2025_26__1_.pdf,2519,"Shri V. D. Deshmukh College of MCA, Kolpa Dist. Latur",0251924110,2025-26,1,Maharashtra,GNTDH,GNTDH,HU,27.2744425,percentile,GNTDH | 20364 | 27.2744425 | Stage-I,21,Home University Seats Allotted to Home University Candidates,5d85cff779df630aa3f781598305bc1ebd59d96dbd6cee90a685c1e9b7499d8c
7026366bbc3b-PG_MCA_CAP1_Cutoff_MH_2025_26__1_.pdf,2519,"Shri V. D. Deshmukh College of MCA, Kolpa Dist. Latur",0251924110,2025-26,1,Maharashtra,GOBCH,GOBCH,HU,39.3989669,percentile,GOBCH | 18165 | 39.3989669 | Stage-I,21,Home University Seats Allotted to Home University Candidates,5df856592d84b02112377c492d9a881f14544fd1a7ee8bb01574ed68bf86b179
7026366bbc3b-PG_MCA_CAP1_Cutoff_MH_2025_26__1_.pdf,2519,"Shri V. D. Deshmukh College of MCA, Kolpa Dist. Latur",0251924110,2025-26,1,Maharashtra,GSEBCH,GSEBCH,HU,51.4093808,percentile,GSEBCH | 14652 | 51.4093808 | Stage-I,21,Home University Seats Allotted to Home University Candidates,f87505d3065662a4f5b979fed94baa916baadf19550bc1c49b17c13864fc8163
7026366bbc3b-PG_MCA_CAP1_Cutoff_MH_2025_26__1_.pdf,2519,"Shri V. D. Deshmukh College of MCA, Kolpa Dist. Latur",0251924110,2025-26,1,Maharashtra,PWDOPENH,PWDOPENH,HU,10.5199653,percentile,PWDOPENH | 23691 | 10.5199653 | Stage-I,21,Home University Seats Allotted to Home University Candidates,1b996bac75bba223247c8ae19ec239fec39d58adcc790dbc66eff2d4ef3a10af
7026366bbc3b-PG_MCA_CAP1_Cutoff_MH_2025_26__1_.pdf,2519,"Shri V. D. Deshmukh College of MCA, Kolpa Dist. Latur",0251924110,2025-26,1,Maharashtra,GOPENO,GOPENO,HU,19.1539942,percentile,GOPENO | 22177 | 19.1539942 | Stage-I,21,Other Than Home University Seats Allotted to Other Than Home University Candidates,ed88adb056c0704d22ebdeb3756efdac75599095d4a76f88b76938a457e2303e
7026366bbc3b-PG_MCA_CAP1_Cutoff_MH_2025_26__1_.pdf,2519,"Shri V. D. Deshmukh College of MCA, Kolpa Dist. Latur",0251924110,2025-26,1,Maharashtra,GNTCO,GNTCO,HU,13.5402134,percentile,GNTCO | 23249 | 13.5402134 | Stage-I,21,Other Than Home University Seats Allotted to Other Than Home University Candidates,c44bc8d661b7282083d79a200e83f8734aab9b37051f66be0b21000ceb8ee3cb
7026366bbc3b-PG_MCA_CAP1_Cutoff_MH_2025_26__1_.pdf,2519,"Shri V. D. Deshmukh College of MCA, Kolpa Dist. Latur",0251924110,2025-26,1,Maharashtra,GOBCO,GOBCO,HU,0.2564006,percentile,GOBCO | 25454 | 0.2564006 | Stage-I,21,Other Than Home University Seats Allotted to Other Than Home University Candidates,33ac89577271f2b6d1b49bd636581926eb0c28c919fbed86b445c75ea0fb0429
7026366bbc3b-PG_MCA_CAP1_Cutoff_MH_2025_26__1_.pdf,2519,"Shri V. D. Deshmukh College of MCA, Kolpa Dist. Latur",0251924110,2025-26,1,Maharashtra,GSCO,GSCO,HU,29.9046039,percentile,GSCO | 20232 | 29.9046039 | Stage-I,21,Other Than Home University Seats Allotted to Home University Candidates,c9dba9bf37a3e1d91e8b7e3ee415c84c0d3cdc3e2aea1adb377faa9b4f5860fa
7026366bbc3b-PG_MCA_CAP1_Cutoff_MH_2025_26__1_.pdf,2519,"Shri V. D. Deshmukh College of MCA, Kolpa Dist. Latur",0251924110,2025-26,1,Maharashtra,GNTAO,GNTAO,HU,58.7911466,percentile,GNTAO | 13094 | 58.7911466 | Stage-I,21,Other Than Home University Seats Allotted to Home University Candidates,edcf74be4993613720cbd2b02ab66f8950100976f9d7bdd1fd45376f7791e376
7026366bbc3b-PG_MCA_CAP1_Cutoff_MH_2025_26__1_.pdf,2519,"Shri V. D. Deshmukh College of MCA, Kolpa Dist. Latur",0251924110,2025-26,1,Maharashtra,GNTBO,GNTBO,HU,41.4550394,percentile,GNTBO | 17154 | 41.4550394 | Stage-I,21,Other Than Home University Seats Allotted to Home University Candidates,3c5b12afbfa089782907745c5be6a820462ab19eab984befdb8bdccc2f984e12
7026366bbc3b-PG_MCA_CAP1_Cutoff_MH_2025_26__1_.pdf,2519,"Shri V. D. Deshmukh College of MCA, Kolpa Dist. Latur",0251924110,2025-26,1,Maharashtra,GOBCO,GOBCO,HU,27.2744425,percentile,GOBCO | 20438 | 27.2744425 | Stage-I,21,Other Than Home University Seats Allotted to Home University Candidates,c5df62b13c28b72163ce041a93cc0b8e7d88743de1846fc941c8701c83998fae
7026366bbc3b-PG_MCA_CAP1_Cutoff_MH_2025_26__1_.pdf,2519,"Shri V. D. Deshmukh College of MCA, Kolpa Dist. Latur",0251924110,2025-26,1,Maharashtra,GSEBCO,GSEBCO,HU,44.5345198,percentile,GSEBCO | 16708 | 44.5345198 | Stage-I,21,Other Than Home University Seats Allotted to Home University Candidates,ba3baab7438463e95bdd8c19dda63d31ea2f4b5b84c0e2feb5288e94f8d35b6e
7026366bbc3b-PG_MCA_CAP1_Cutoff_MH_2025_26__1_.pdf,2519,"Shri V. D. Deshmukh College of MCA, Kolpa Dist. Latur",0251924110,2025-26,1,Maharashtra,EWS,EWS,SL,51.4093808,percentile,EWS | 15187 | 51.4093808 | Stage-I,21,Other Than Home University Seats Allotted to Home University Candidates,4348249f29d4a2fd01922b4f5f1aaebac11b9aad6b18e27b48055d69f013a4d6
7026366bbc3b-PG_MCA_CAP1_Cutoff_MH_2025_26__1_.pdf,2519,"Shri V. D. Deshmukh College of MCA, Kolpa Dist. Latur",0251924110,2025-26,1,Maharashtra,TFWS,TFWS,SL,74.782248,percentile,TFWS | 7942 | 74.782248 | Stage-I,21,Other Than Home University Seats Allotted to Home University Candidates,2046cdad3d4182ee6f7aa96a243c4b1461aee9550a0afb0f247e183ba0ac74ff
7026366bbc3b-PG_MCA_CAP1_Cutoff_MH_2025_26__1_.pdf,2569,"Suraj Institute of Management, Beed",0256924110,2025-26,1,Maharashtra,GOPENH,GOPENH,HU,41.4550394,percentile,GOPENH | 17500 | 41.4550394 | Stage-I,22,Home University Seats Allotted to Home University Candidates,163ab19ed88e43bf144f1dca1413450c8e7c6df59f2570bc04221efb847fba41
7026366bbc3b-PG_MCA_CAP1_Cutoff_MH_2025_26__1_.pdf,2569,"Suraj Institute of Management, Beed",0256924110,2025-26,1,Maharashtra,GSCH,GSCH,HU,5.5960152,percentile,GSCH | 24648 | 5.5960152 | Stage-I,22,Home University Seats Allotted to Home University Candidates,e69bdffcb10aeb0f1a3658afd09222e20d768edb14f29e4768ef1b74b1994328
7026366bbc3b-PG_MCA_CAP1_Cutoff_MH_2025_26__1_.pdf,2569,"Suraj Institute of Management, Beed",0256924110,2025-26,1,Maharashtra,GNTAH,GNTAH,HU,7.4072677,percentile,GNTAH | 24478 | 7.4072677 | Stage-I,22,Home University Seats Allotted to Home University Candidates,6bf7166254894d27487fe998965197e207d2aa531fdda7abbc1a3a21b0402515
7026366bbc3b-PG_MCA_CAP1_Cutoff_MH_2025_26__1_.pdf,2569,"Suraj Institute of Management, Beed",0256924110,2025-26,1,Maharashtra,GNTBH,GNTBH,HU,27.2744425,percentile,GNTBH | 20514 | 27.2744425 | Stage-I,22,Home University Seats Allotted to Home University Candidates,ef8bb901f07b7d0998532d18bbb63c2e983dd7a9bab80050e064bd2defe42c88
7026366bbc3b-PG_MCA_CAP1_Cutoff_MH_2025_26__1_.pdf,2569,"Suraj Institute of Management, Beed",0256924110,2025-26,1,Maharashtra,GNTCH,GNTCH,HU,10.5199653,percentile,GNTCH | 23766 | 10.5199653 | Stage-I,22,Home University Seats Allotted to Home University Candidates,a2e7724474763c76c2940e2d1702772b6cb270288806a79389177ff341a55517
7026366bbc3b-PG_MCA_CAP1_Cutoff_MH_2025_26__1_.pdf,2569,"Suraj Institute of Management, Beed",0256924110,2025-26,1,Maharashtra,GNTDH,GNTDH,HU,15.5994113,percentile,GNTDH | 22850 | 15.5994113 | Stage-I,22,Home University Seats Allotted to Home University Candidates,90aefcc67753517e3b12f2416953982e7ffaa679cb181b6492b3c5808cbeeec9
7026366bbc3b-PG_MCA_CAP1_Cutoff_MH_2025_26__1_.pdf,2569,"Suraj Institute of Management, Beed",0256924110,2025-26,1,Maharashtra,GOBCH,GOBCH,HU,10.5199653,percentile,GOBCH | 23776 | 10.5199653 | Stage-I,22,Home University Seats Allotted to Home University Candidates,8806f96df9023c3e2f8ea928b9bd75c781589abcf3a4194d9ecd6db8fa5da028
7026366bbc3b-PG_MCA_CAP1_Cutoff_MH_2025_26__1_.pdf,2569,"Suraj Institute of Management, Beed",0256924110,2025-26,1,Maharashtra,GNTDH,GNTDH,HU,0.3660239,percentile,GNTDH | 25451 | 0.3660239 | Stage-I,22,Home University Seats Allotted to Other Than Home University Candidates,f7caca6a450ff9a7e1c8978b69d2e23bb315beee5e81a039fea00479311bb93f
7026366bbc3b-PG_MCA_CAP1_Cutoff_MH_2025_26__1_.pdf,2569,"Suraj Institute of Management, Beed",0256924110,2025-26,1,Maharashtra,GOPENO,GOPENO,HU,39.3989669,percentile,GOPENO | 17921 | 39.3989669 | Stage-I,22,Other Than Home University Seats Allotted to Other Than Home University Candidates,1afb3013b7c0017f85de0efdd85d313514d484222583cdf38e27cd575b16a04e
7026366bbc3b-PG_MCA_CAP1_Cutoff_MH_2025_26__1_.pdf,2569,"Suraj Institute of Management, Beed",0256924110,2025-26,1,Maharashtra,GSCO,GSCO,HU,0.5735633,percentile,GSCO | 25425 | 0.5735633 | Stage-I,22,Other Than Home University Seats Allotted to Other Than Home University Candidates,5380105855c124711b782afe7ae4aee47ef17eb1a1c857489d1b27573a68872c
7026366bbc3b-PG_MCA_CAP1_Cutoff_MH_2025_26__1_.pdf,2569,"Suraj Institute of Management, Beed",0256924110,2025-26,1,Maharashtra,GNTCO,GNTCO,HU,9.7430286,percentile,GNTCO | 24058 | 9.7430286 | Stage-I,22,Other Than Home University Seats Allotted to Other Than Home University Candidates,e8fdeae6c31b7b03910387a772e12503549f6c7f9983b3f7a4ee72c29c497fd6
7026366bbc3b-PG_MCA_CAP1_Cutoff_MH_2025_26__1_.pdf,2569,"Suraj Institute of Management, Beed",0256924110,2025-26,1,Maharashtra,GNTDO,GNTDO,HU,12.4750009,percentile,GNTDO | 23422 | 12.4750009 | Stage-I,22,Other Than Home University Seats Allotted to Other Than Home University Candidates,fb0c9aac780ed5687e6db6f3b341c871d02ad09263be1fc97b7c61e24e346f76
7026366bbc3b-PG_MCA_CAP1_Cutoff_MH_2025_26__1_.pdf,2569,"Suraj Institute of Management, Beed",0256924110,2025-26,1,Maharashtra,GOBCO,GOBCO,HU,2.0301121,percentile,GOBCO | 25249 | 2.0301121 | Stage-I,22,Other Than Home University Seats Allotted to Other Than Home University Candidates,01379e37f8c47c6192a7eacfd835d5788cbfaf307287beb1f95a01530693155a
7026366bbc3b-PG_MCA_CAP1_Cutoff_MH_2025_26__1_.pdf,2569,"Suraj Institute of Management, Beed",0256924110,2025-26,1,Maharashtra,GSEBCO,GSEBCO,HU,12.4750009,percentile,GSEBCO | 23414 | 12.4750009 | Stage-I,22,Other Than Home University Seats Allotted to Other Than Home University Candidates,47e32275e8fc9cf648dbf49bd4a924b791eff26a26f56d9d3ea4eca15d278b11
7026366bbc3b-PG_MCA_CAP1_Cutoff_MH_2025_26__1_.pdf,2569,"Suraj Institute of Management, Beed",0256924110,2025-26,1,Maharashtra,EWS,EWS,SL,3.0466423,percentile,EWS | 25086 | 3.0466423 | Stage-I,22,Other Than Home University Seats Allotted to Other Than Home University Candidates,8eca642315011b84bf9cf7e93f491ac20697f84ae62e74672df9a6965e8c1f54
7026366bbc3b-PG_MCA_CAP1_Cutoff_MH_2025_26__1_.pdf,2569,"Suraj Institute of Management, Beed",0256924110,2025-26,1,Maharashtra,TFWS,TFWS,SL,56.5488095,percentile,TFWS | 13563 | 56.5488095 | Stage-I,22,Other Than Home University Seats Allotted to Other Than Home University Candidates,1f55d86c293cee2bd7db3efc0d133a5a684b729e8be4c1cfdccad0956826b9c6
7026366bbc3b-PG_MCA_CAP1_Cutoff_MH_2025_26__1_.pdf,2621,"MDA EDUCATION AND RESEARCH INSTITUTE, KOLPA, LATUR",0262124110,2025-26,1,Maharashtra,GOPENH,GOPENH,HU,63.1574978,percentile,GOPENH | 11800 | 63.1574978 | Stage-I,23,Home University Seats Allotted to Home University Candidates,c3756af920b3711a10cd017946dbeaf53978fc72f9eaf1314448926e268eea8d
7026366bbc3b-PG_MCA_CAP1_Cutoff_MH_2025_26__1_.pdf,2621,"MDA EDUCATION AND RESEARCH INSTITUTE, KOLPA, LATUR",0262124110,2025-26,1,Maharashtra,GSCH,GSCH,HU,5.9311489,percentile,GSCH | 24587 | 5.9311489 | Stage-I,23,Home University Seats Allotted to Home University Candidates,059f131087532109c1ba8eb413b5ed2c81d85ba127a627164f1f0d6873385de9
7026366bbc3b-PG_MCA_CAP1_Cutoff_MH_2025_26__1_.pdf,2621,"MDA EDUCATION AND RESEARCH INSTITUTE, KOLPA, LATUR",0262124110,2025-26,1,Maharashtra,GNTAH,GNTAH,HU,51.4093808,percentile,GNTAH | 14669 | 51.4093808 | Stage-I,23,Home University Seats Allotted to Home University Candidates,71912dda2ee4c726a24381ad82fe0f3b7a696f61fe788c6b33e99d76b2130a1e
7026366bbc3b-PG_MCA_CAP1_Cutoff_MH_2025_26__1_.pdf,2621,"MDA EDUCATION AND RESEARCH INSTITUTE, KOLPA, LATUR",0262124110,2025-26,1,Maharashtra,GNTBH,GNTBH,HU,23.1010151,percentile,GNTBH | 21350 | 23.1010151 | Stage-I,23,Home University Seats Allotted to Home University Candidates,979265b5760b1c327113bcf136a389247ad8e3806f025dbd182964662ce621a7
7026366bbc3b-PG_MCA_CAP1_Cutoff_MH_2025_26__1_.pdf,2621,"MDA EDUCATION AND RESEARCH INSTITUTE, KOLPA, LATUR",0262124110,2025-26,1,Maharashtra,GNTCH,GNTCH,HU,46.3793819,percentile,GNTCH | 16151 | 46.3793819 | Stage-I,23,Home University Seats Allotted to Home University Candidates,6de4df01bea2c3414707e014a51fa3ff6a4936399a825b758a8e20a93edfa455
7026366bbc3b-PG_MCA_CAP1_Cutoff_MH_2025_26__1_.pdf,2621,"MDA EDUCATION AND RESEARCH INSTITUTE, KOLPA, LATUR",0262124110,2025-26,1,Maharashtra,GNTDH,GNTDH,HU,19.1539942,percentile,GNTDH | 22107 | 19.1539942 | Stage-I,23,Home University Seats Allotted to Home University Candidates,e724a9d8aa252fc08e7d7bd1689a88fe3fab09d3f0f6aafecdbff4f46463c1c5
7026366bbc3b-PG_MCA_CAP1_Cutoff_MH_2025_26__1_.pdf,2621,"MDA EDUCATION AND RESEARCH INSTITUTE, KOLPA, LATUR",0262124110,2025-26,1,Maharashtra,GOBCH,GOBCH,HU,2.8640429,percentile,GOBCH | 25146 | 2.8640429 | Stage-I,23,Home University Seats Allotted to Home University Candidates,b83ef1631dac67b4b905be5a011e66922fc687a379d823ac2450232f93d88ff7
7026366bbc3b-PG_MCA_CAP1_Cutoff_MH_2025_26__1_.pdf,2621,"MDA EDUCATION AND RESEARCH INSTITUTE, KOLPA, LATUR",0262124110,2025-26,1,Maharashtra,GSEBCH,GSEBCH,HU,39.3989669,percentile,GSEBCH | 18172 | 39.3989669 | Stage-I,23,Home University Seats Allotted to Home University Candidates,ab31d060ae771e97c00ccb3d3bdc86c3c6ec88b4816b332b52e4910e2ac7be56
7026366bbc3b-PG_MCA_CAP1_Cutoff_MH_2025_26__1_.pdf,2621,"MDA EDUCATION AND RESEARCH INSTITUTE, KOLPA, LATUR",0262124110,2025-26,1,Maharashtra,GOPENO,GOPENO,HU,4.067771,percentile,GOPENO | 24974 | 4.067771 | Stage-I,23,Other Than Home University Seats Allotted to Other Than Home University Candidates,d1390ccf6e6567f8eb0be36bbf70919e258edc4a996fb8c7395f755c5677ff44
7026366bbc3b-PG_MCA_CAP1_Cutoff_MH_2025_26__1_.pdf,2621,"MDA EDUCATION AND RESEARCH INSTITUTE, KOLPA, LATUR",0262124110,2025-26,1,Maharashtra,GSCO,GSCO,HU,3.0466423,percentile,GSCO | 25068 | 3.0466423 | Stage-I,23,Other Than Home University Seats Allotted to Home University Candidates,f64e2e384f4584d0db31edb961ed9b201f7d9ca75c0010739b3b28eba976e19b
7026366bbc3b-PG_MCA_CAP1_Cutoff_MH_2025_26__1_.pdf,2621,"MDA EDUCATION AND RESEARCH INSTITUTE, KOLPA, LATUR",0262124110,2025-26,1,Maharashtra,GNTCO,GNTCO,HU,44.5345198,percentile,GNTCO | 16484 | 44.5345198 | Stage-I,23,Other Than Home University Seats Allotted to Home University Candidates,5c269206138178ea0ab6adb92e0bd1ac76782190e23e8dcde3758d9f784df152
7026366bbc3b-PG_MCA_CAP1_Cutoff_MH_2025_26__1_.pdf,2621,"MDA EDUCATION AND RESEARCH INSTITUTE, KOLPA, LATUR",0262124110,2025-26,1,Maharashtra,GNTDO,GNTDO,HU,19.1539942,percentile,GNTDO | 22238 | 19.1539942 | Stage-I,23,Other Than Home University Seats Allotted to Home University Candidates,845317fe43870d1fabf74ebebb93fcd8de4d1135c2b58c7b294a519985d8e810
7026366bbc3b-PG_MCA_CAP1_Cutoff_MH_2025_26__1_.pdf,2621,"MDA EDUCATION AND RESEARCH INSTITUTE, KOLPA, LATUR",0262124110,2025-26,1,Maharashtra,GSEBCO,GSEBCO,HU,13.5402134,percentile,GSEBCO | 23352 | 13.5402134 | Stage-I,23,Other Than Home University Seats Allotted to Home University Candidates,f7f5f86bc9fde6012aba514aa827d4e9fef774201e28d9ea8f22d7dccb32fde8
7026366bbc3b-PG_MCA_CAP1_Cutoff_MH_2025_26__1_.pdf,2621,"MDA EDUCATION AND RESEARCH INSTITUTE, KOLPA, LATUR",0262124110,2025-26,1,Maharashtra,EWS,EWS,SL,27.2744425,percentile,EWS | 20594 | 27.2744425 | Stage-I,23,Other Than Home University Seats Allotted to Home University Candidates,d4d40420378d4743ea289f9b268d37122d29207382ed0ea9b39fe0c274260a72
7026366bbc3b-PG_MCA_CAP1_Cutoff_MH_2025_26__1_.pdf,2621,"MDA EDUCATION AND RESEARCH INSTITUTE, KOLPA, LATUR",0262124110,2025-26,1,Maharashtra,TFWS,TFWS,SL,73.5368477,percentile,TFWS | 8829 | 73.5368477 | Stage-I,23,Other Than Home University Seats Allotted to Home University Candidates,5ffef316bed0484f6f0f55eb2c4fef3adfcf6cacb6642c7969fd6020b78ccd04
7026366bbc3b-PG_MCA_CAP1_Cutoff_MH_2025_26__1_.pdf,2622,"Jay Bhavani Institute of Management, Badnapur, Jalna",0262224110,2025-26,1,Maharashtra,GOPENH,GOPENH,HU,77.8251197,percentile,GOPENH | 7066 | 77.8251197 | Stage-I,24,Home University Seats Allotted to Home University Candidates,16123dcbffb23daa837e920b1f6e3937aba377931f78ef390f8780dd08ce0d44
7026366bbc3b-PG_MCA_CAP1_Cutoff_MH_2025_26__1_.pdf,2622,"Jay Bhavani Institute of Management, Badnapur, Jalna",0262224110,2025-26,1,Maharashtra,GSCH,GSCH,HU,41.4550394,percentile,GSCH | 17337 | 41.4550394 | Stage-I,24,Home University Seats Allotted to Home University Candidates,f19b5b091fe93db60ae63192ac919cecfcc1da21eea599cbec6399ba06532a15
7026366bbc3b-PG_MCA_CAP1_Cutoff_MH_2025_26__1_.pdf,2622,"Jay Bhavani Institute of Management, Badnapur, Jalna",0262224110,2025-26,1,Maharashtra,GSTH,GSTH,HU,0.5735633,percentile,GSTH | 25424 | 0.5735633 | Stage-I,24,Home University Seats Allotted to Home University Candidates,a719b6f23cbf2aad6d3f13b9cef166193faf29f6f7b44cb608c5592be501c753
7026366bbc3b-PG_MCA_CAP1_Cutoff_MH_2025_26__1_.pdf,2622,"Jay Bhavani Institute of Management, Badnapur, Jalna",0262224110,2025-26,1,Maharashtra,GNTAH,GNTAH,HU,71.1549338,percentile,GNTAH | 9180 | 71.1549338 | Stage-I,24,Home University Seats Allotted to Home University Candidates,56a671ccc9c29a4262618caf62655e7534ce37b10cdbde5d85f0da4e77b4e959
7026366bbc3b-PG_MCA_CAP1_Cutoff_MH_2025_26__1_.pdf,2622,"Jay Bhavani Institute of Management, Badnapur, Jalna",0262224110,2025-26,1,Maharashtra,GNTCH,GNTCH,HU,44.5345198,percentile,GNTCH | 16728 | 44.5345198 | Stage-I,24,Home University Seats Allotted to Home University Candidates,ef1f456105159b6306dd3d8233a77709c5415b146460b7371c868c4fe9d3fc16
7026366bbc3b-PG_MCA_CAP1_Cutoff_MH_2025_26__1_.pdf,2622,"Jay Bhavani Institute of Management, Badnapur, Jalna",0262224110,2025-26,1,Maharashtra,GNTDH,GNTDH,HU,71.1549338,percentile,GNTDH | 9100 | 71.1549338 | Stage-I,24,Home University Seats Allotted to Home University Candidates,6c4e3190cde8c2418f7949cc55c9f3aa58559656e088fa0412bf23a31292eab5
7026366bbc3b-PG_MCA_CAP1_Cutoff_MH_2025_26__1_.pdf,2622,"Jay Bhavani Institute of Management, Badnapur, Jalna",0262224110,2025-26,1,Maharashtra,GOBCH,GOBCH,HU,46.3793819,percentile,GOBCH | 16155 | 46.3793819 | Stage-I,24,Home University Seats Allotted to Home University Candidates,74707660be2c6d4dcaddbbd456246b28add47e72d2c39bdfe1b754b9cb66fa14
7026366bbc3b-PG_MCA_CAP1_Cutoff_MH_2025_26__1_.pdf,2622,"Jay Bhavani Institute of Management, Badnapur, Jalna",0262224110,2025-26,1,Maharashtra,GSEBCH,GSEBCH,HU,15.5994113,percentile,GSEBCH | 22977 | 15.5994113 | Stage-I,24,Home University Seats Allotted to Home University Candidates,4a80c4da3b83404ac56bd4dd069e0ed54978d6ebdccaaf466dc62c30a33f7a26
7026366bbc3b-PG_MCA_CAP1_Cutoff_MH_2025_26__1_.pdf,2622,"Jay Bhavani Institute of Management, Badnapur, Jalna",0262224110,2025-26,1,Maharashtra,GOPENO,GOPENO,HU,39.3989669,percentile,GOPENO | 18230 | 39.3989669 | Stage-I,24,Other Than Home University Seats Allotted to Other Than Home University Candidates,a50227643ce9962f6f51d3937772f9f68389ab001e19ba830b86d3ff8f8506e3
7026366bbc3b-PG_MCA_CAP1_Cutoff_MH_2025_26__1_.pdf,2622,"Jay Bhavani Institute of Management, Badnapur, Jalna",0262224110,2025-26,1,Maharashtra,GSCO,GSCO,HU,27.2744425,percentile,GSCO | 20562 | 27.2744425 | Stage-I,24,Other Than Home University Seats Allotted to Other Than Home University Candidates,3b93ed617c7b0e1b5597ea80a3826a571bab414befbb8f57c591d6f6ad98ea4b
7026366bbc3b-PG_MCA_CAP1_Cutoff_MH_2025_26__1_.pdf,2622,"Jay Bhavani Institute of Management, Badnapur, Jalna",0262224110,2025-26,1,Maharashtra,GOBCO,GOBCO,HU,21.0059952,percentile,GOBCO | 22031 | 21.0059952 | Stage-I,24,Other Than Home University Seats Allotted to Other Than Home University Candidates,5c80958e43cab9bb5c80106b8bb962a2645361c6042c2ce94b2d22238164af4f
7026366bbc3b-PG_MCA_CAP1_Cutoff_MH_2025_26__1_.pdf,2622,"Jay Bhavani Institute of Management, Badnapur, Jalna",0262224110,2025-26,1,Maharashtra,GSEBCO,GSEBCO,HU,0.2564006,percentile,GSEBCO | 25453 | 0.2564006 | Stage-I,24,Other Than Home University Seats Allotted to Other Than Home University Candidates,17595d900acd8dac3e1e85856b404a4f461be1df6ad5b00def8e98b812386cac
7026366bbc3b-PG_MCA_CAP1_Cutoff_MH_2025_26__1_.pdf,2622,"Jay Bhavani Institute of Management, Badnapur, Jalna",0262224110,2025-26,1,Maharashtra,GSCO,GSCO,HU,39.3989669,percentile,GSCO | 18037 | 39.3989669 | Stage-I,24,Other Than Home University Seats Allotted to Home University Candidates,e832ac98e62de7627600d69ba893e0d00c6c1125822c6547a7d5b4c4e8f48333
7026366bbc3b-PG_MCA_CAP1_Cutoff_MH_2025_26__1_.pdf,2622,"Jay Bhavani Institute of Management, Badnapur, Jalna",0262224110,2025-26,1,Maharashtra,GNTAO,GNTAO,HU,61.2807064,percentile,GNTAO | 12215 | 61.2807064 | Stage-I,24,Other Than Home University Seats Allotted to Home University Candidates,aed6c8eb860799459a4a309593cc98270e179b49ea1411c0262db9f4a2fcc352
7026366bbc3b-PG_MCA_CAP1_Cutoff_MH_2025_26__1_.pdf,2622,"Jay Bhavani Institute of Management, Badnapur, Jalna",0262224110,2025-26,1,Maharashtra,GNTDO,GNTDO,HU,49.3533426,percentile,GNTDO | 15247 | 49.3533426 | Stage-I,24,Other Than Home University Seats Allotted to Home University Candidates,b82a4865eb656593b6618680eed82f220dddff7e83485544522f68ca9a580a41
7026366bbc3b-PG_MCA_CAP1_Cutoff_MH_2025_26__1_.pdf,2622,"Jay Bhavani Institute of Management, Badnapur, Jalna",0262224110,2025-26,1,Maharashtra,GOBCO,GOBCO,HU,41.4550394,percentile,GOBCO | 17072 | 41.4550394 | Stage-I,24,Other Than Home University Seats Allotted to Home University Candidates,743ca3e19bdb8e685eefbfe8011009c150a64b4e2e1d095d1d09a75836078d8c
7026366bbc3b-PG_MCA_CAP1_Cutoff_MH_2025_26__1_.pdf,2622,"Jay Bhavani Institute of Management, Badnapur, Jalna",0262224110,2025-26,1,Maharashtra,EWS,EWS,SL,51.4093808,percentile,EWS | 14715 | 51.4093808 | Stage-I,24,Other Than Home University Seats Allotted to Home University Candidates,ed6481db6b7a83d2bb621747a605bbbaccfaed9626e707579077f874bc9b0caa
7026366bbc3b-PG_MCA_CAP1_Cutoff_MH_2025_26__1_.pdf,2622,"Jay Bhavani Institute of Management, Badnapur, Jalna",0262224110,2025-26,1,Maharashtra,TFWS,TFWS,SL,82.9644433,percentile,TFWS | 5231 | 82.9644433 | Stage-I,24,Other Than Home University Seats Allotted to Home University Candidates,1e8f61fdfa54dd5b3be33c38cb2a3afcff1516d2df977857c636791b010e5331
7026366bbc3b-PG_MCA_CAP1_Cutoff_MH_2025_26__1_.pdf,2633,"Yashodeep Institute of Computer Application, MCA",0263324110,2025-26,1,Maharashtra,GOPENH,GOPENH,HU,44.5345198,percentile,GOPENH | 16830 | 44.5345198 | Stage-I,25,Home University Seats Allotted to Home University Candidates,bc84ced557b261e97ed30fc1a5533c0da3102e25d7819d3f9057c1c4468bdbe6
7026366bbc3b-PG_MCA_CAP1_Cutoff_MH_2025_26__1_.pdf,2633,"Yashodeep Institute of Computer Application, MCA",0263324110,2025-26,1,Maharashtra,GSCH,GSCH,HU,5.9311489,percentile,GSCH | 24511 | 5.9311489 | Stage-I,25,Home University Seats Allotted to Home University Candidates,414b8c093d17dd123966105ad524199ed00ff104ebb04cc15620a47c7fc4c99d
7026366bbc3b-PG_MCA_CAP1_Cutoff_MH_2025_26__1_.pdf,2633,"Yashodeep Institute of Computer Application, MCA",0263324110,2025-26,1,Maharashtra,GNTAH,GNTAH,HU,2.8640429,percentile,GNTAH | 25159 | 2.8640429 | Stage-I,25,Home University Seats Allotted to Home University Candidates,1e9911a228e537c9e806247c51d72cc09049a953b80d762c3ed5dee4cf8a3875
7026366bbc3b-PG_MCA_CAP1_Cutoff_MH_2025_26__1_.pdf,2633,"Yashodeep Institute of Computer Application, MCA",0263324110,2025-26,1,Maharashtra,GNTBH,GNTBH,HU,25.4779232,percentile,GNTBH | 20955 | 25.4779232 | Stage-I,25,Home University Seats Allotted to Home University Candidates,b0f765506c55615046cbdda46e5e2265eda7167d67ba95ef75cf81dfb37eee6f
7026366bbc3b-PG_MCA_CAP1_Cutoff_MH_2025_26__1_.pdf,2633,"Yashodeep Institute of Computer Application, MCA",0263324110,2025-26,1,Maharashtra,GNTCH,GNTCH,HU,0.067922,percentile,GNTCH | 25483 | 0.067922 | Stage-I,25,Home University Seats Allotted to Home University Candidates,ae8943951885ce150469cb9587e7db7990e929143e09a0137e3ca94df467bfea
7026366bbc3b-PG_MCA_CAP1_Cutoff_MH_2025_26__1_.pdf,2633,"Yashodeep Institute of Computer Application, MCA",0263324110,2025-26,1,Maharashtra,GNTDH,GNTDH,HU,16.9789978,percentile,GNTDH | 22772 | 16.9789978 | Stage-I,25,Home University Seats Allotted to Home University Candidates,299a77ea5e01164d326f4f077311a3ee1db944c63bb139a73cbaf12a48772d40
7026366bbc3b-PG_MCA_CAP1_Cutoff_MH_2025_26__1_.pdf,2633,"Yashodeep Institute of Computer Application, MCA",0263324110,2025-26,1,Maharashtra,GOBCH,GOBCH,HU,7.9446476,percentile,GOBCH | 24187 | 7.9446476 | Stage-I,25,Home University Seats Allotted to Home University Candidates,a9e16a6ee5a4d632332633cefcd17392185938c5f1ed0bd6a5e8752a67222840
7026366bbc3b-PG_MCA_CAP1_Cutoff_MH_2025_26__1_.pdf,2633,"Yashodeep Institute of Computer Application, MCA",0263324110,2025-26,1,Maharashtra,PWDOPENH,PWDOPENH,HU,39.3989669,percentile,PWDOPENH | 17978 | 39.3989669 | Stage-I,25,Home University Seats Allotted to Home University Candidates,f6c76291f7a2ee656c926ab41302d70e8708d16d94b84af8d8aa6b8adc599ed5
7026366bbc3b-PG_MCA_CAP1_Cutoff_MH_2025_26__1_.pdf,2633,"Yashodeep Institute of Computer Application, MCA",0263324110,2025-26,1,Maharashtra,GOPENO,GOPENO,HU,7.4072677,percentile,GOPENO | 24404 | 7.4072677 | Stage-I,25,Other Than Home University Seats Allotted to Other Than Home University Candidates,8e64510627528e3c7fd5e26cd503d9a92f6dcf4f3c1388d26db92aafe20ba489
7026366bbc3b-PG_MCA_CAP1_Cutoff_MH_2025_26__1_.pdf,2633,"Yashodeep Institute of Computer Application, MCA",0263324110,2025-26,1,Maharashtra,GOPENO,GOPENO,HU,34.5198145,percentile,GOPENO | 18843 | 34.5198145 | Stage-I,25,Other Than Home University Seats Allotted to Home University Candidates,8632c7f4a7d25736e9684169be8b24f9e49c3353b3bda985be4d0eabfc0fa8e6
7026366bbc3b-PG_MCA_CAP1_Cutoff_MH_2025_26__1_.pdf,2633,"Yashodeep Institute of Computer Application, MCA",0263324110,2025-26,1,Maharashtra,GOBCO,GOBCO,HU,3.0466423,percentile,GOBCO | 25013 | 3.0466423 | Stage-I,25,Other Than Home University Seats Allotted to Home University Candidates,a837c8c4f7d910b5e51c3623a3a9791879b9da161e61454119fb7735925d512f
7026366bbc3b-PG_MCA_CAP1_Cutoff_MH_2025_26__1_.pdf,2635,"Shri. Sambhaji College of Management & Technology, Degaon Road, Opp. Nadla Digras, Khadkut, Nanded",0263524110,2025-26,1,Maharashtra,GOPENH,GOPENH,HU,61.2807064,percentile,GOPENH | 12045 | 61.2807064 | Stage-I,26,Home University Seats Allotted to Home University Candidates,5dd9c145f119cd382b3725c77be499abb3990f3a111c42010d915c0befd7fa79
7026366bbc3b-PG_MCA_CAP1_Cutoff_MH_2025_26__1_.pdf,2635,"Shri. Sambhaji College of Management & Technology, Degaon Road, Opp. Nadla Digras, Khadkut, Nanded",0263524110,2025-26,1,Maharashtra,GSCH,GSCH,HU,7.9446476,percentile,GSCH | 24288 | 7.9446476 | Stage-I,26,Home University Seats Allotted to Home University Candidates,9d00552f90e1d5da067a7f7b5e7408422084b1c57414dc6477573ddae300da5a
7026366bbc3b-PG_MCA_CAP1_Cutoff_MH_2025_26__1_.pdf,2635,"Shri. Sambhaji College of Management & Technology, Degaon Road, Opp. Nadla Digras, Khadkut, Nanded",0263524110,2025-26,1,Maharashtra,GSTH,GSTH,HU,16.9789978,percentile,GSTH | 22769 | 16.9789978 | Stage-I,26,Home University Seats Allotted to Home University Candidates,a7f57ff5b94e89ad4ced3cd3eca78bb8bbccc1bef6a4c1e3f7793708dca7df00
7026366bbc3b-PG_MCA_CAP1_Cutoff_MH_2025_26__1_.pdf,2635,"Shri. Sambhaji College of Management & Technology, Degaon Road, Opp. Nadla Digras, Khadkut, Nanded",0263524110,2025-26,1,Maharashtra,GNTAH,GNTAH,HU,25.4779232,percentile,GNTAH | 20967 | 25.4779232 | Stage-I,26,Home University Seats Allotted to Home University Candidates,8ceb3cd33ea5611d43359c65141f0bc677ae7649c0ba0d04f58c6ff6329addb6
7026366bbc3b-PG_MCA_CAP1_Cutoff_MH_2025_26__1_.pdf,2635,"Shri. Sambhaji College of Management & Technology, Degaon Road, Opp. Nadla Digras, Khadkut, Nanded",0263524110,2025-26,1,Maharashtra,GNTBH,GNTBH,HU,44.5345198,percentile,GNTBH | 16721 | 44.5345198 | Stage-I,26,Home University Seats Allotted to Home University Candidates,252309030bc70fd0a1dc3d04c375e0df413728b62323833dce9348652a08f9b8
7026366bbc3b-PG_MCA_CAP1_Cutoff_MH_2025_26__1_.pdf,2635,"Shri. Sambhaji College of Management & Technology, Degaon Road, Opp. Nadla Digras, Khadkut, Nanded",0263524110,2025-26,1,Maharashtra,GNTCH,GNTCH,HU,36.496736,percentile,GNTCH | 18271 | 36.496736 | Stage-I,26,Home University Seats Allotted to Home University Candidates,d5fde720dd832e6f18c7ce3ecf1db81603deb5b791b28a25d0026fbd03a61085
7026366bbc3b-PG_MCA_CAP1_Cutoff_MH_2025_26__1_.pdf,2635,"Shri. Sambhaji College of Management & Technology, Degaon Road, Opp. Nadla Digras, Khadkut, Nanded",0263524110,2025-26,1,Maharashtra,GOBCH,GOBCH,HU,15.5994113,percentile,GOBCH | 22818 | 15.5994113 | Stage-I,26,Home University Seats Allotted to Home University Candidates,e220e39e8fd7b3093f7084dc898f50b1f3adea13f5bc419df047a54e603bdae0
7026366bbc3b-PG_MCA_CAP1_Cutoff_MH_2025_26__1_.pdf,2635,"Shri. Sambhaji College of Management & Technology, Degaon Road, Opp. Nadla Digras, Khadkut, Nanded",0263524110,2025-26,1,Maharashtra,GSEBCH,GSEBCH,HU,46.3793819,percentile,GSEBCH | 16170 | 46.3793819 | Stage-I,26,Home University Seats Allotted to Home University Candidates,441c9af75e63dd52e0d158b8ba05331af45ea8f3e5a8a686c897fc4b89b1f4e5
7026366bbc3b-PG_MCA_CAP1_Cutoff_MH_2025_26__1_.pdf,2635,"Shri. Sambhaji College of Management & Technology, Degaon Road, Opp. Nadla Digras, Khadkut, Nanded",0263524110,2025-26,1,Maharashtra,GOPENO,GOPENO,HU,4.067771,percentile,GOPENO | 24912 | 4.067771 | Stage-I,26,Other Than Home University Seats Allotted to Other Than Home University Candidates,e63593140baf8dc2b93face9b4be44224a861e6e54ad397d42030597387a2470
7026366bbc3b-PG_MCA_CAP1_Cutoff_MH_2025_26__1_.pdf,2635,"Shri. Sambhaji College of Management & Technology, Degaon Road, Opp. Nadla Digras, Khadkut, Nanded",0263524110,2025-26,1,Maharashtra,GOPENO,GOPENO,HU,61.2807064,percentile,GOPENO | 12359 | 61.2807064 | Stage-I,26,Other Than Home University Seats Allotted to Home University Candidates,cfba2df345c72ef560b7cf045511d6df47571c766af7fb705528547c1f9549c5
7026366bbc3b-PG_MCA_CAP1_Cutoff_MH_2025_26__1_.pdf,2635,"Shri. Sambhaji College of Management & Technology, Degaon Road, Opp. Nadla Digras, Khadkut, Nanded",0263524110,2025-26,1,Maharashtra,GSCO,GSCO,HU,4.302251,percentile,GSCO | 24838 | 4.302251 | Stage-I,26,Other Than Home University Seats Allotted to Home University Candidates,7a2deb9ba764e6102f9e5366a790c1a91466e6c71a3e8efe0c3bc703701c3a43
7026366bbc3b-PG_MCA_CAP1_Cutoff_MH_2025_26__1_.pdf,2635,"Shri. Sambhaji College of Management & Technology, Degaon Road, Opp. Nadla Digras, Khadkut, Nanded",0263524110,2025-26,1,Maharashtra,GNTAO,GNTAO,HU,16.9789978,percentile,GNTAO | 22776 | 16.9789978 | Stage-I,26,Other Than Home University Seats Allotted to Home University Candidates,b2b42c501013836bf3308858e9deeee22dc114a4f36f166579fc8a0d6570bf3e
7026366bbc3b-PG_MCA_CAP1_Cutoff_MH_2025_26__1_.pdf,2635,"Shri. Sambhaji College of Management & Technology, Degaon Road, Opp. Nadla Digras, Khadkut, Nanded",0263524110,2025-26,1,Maharashtra,GNTBO,GNTBO,HU,5.9311489,percentile,GNTBO | 24499 | 5.9311489 | Stage-I,26,Other Than Home University Seats Allotted to Home University Candidates,77a2f857d2872610fc7e69077bff79930c97aea4bfa382d6333c393af4c48f0f
7026366bbc3b-PG_MCA_CAP1_Cutoff_MH_2025_26__1_.pdf,2635,"Shri. Sambhaji College of Management & Technology, Degaon Road, Opp. Nadla Digras, Khadkut, Nanded",0263524110,2025-26,1,Maharashtra,GOBCO,GOBCO,HU,0.8905324,percentile,GOBCO | 25370 | 0.8905324 | Stage-I,26,Other Than Home University Seats Allotted to Home University Candidates,ef9ec439a8b491b321ffbbd66a539eb93c44476af2261d638aa1447577023e14
7026366bbc3b-PG_MCA_CAP1_Cutoff_MH_2025_26__1_.pdf,2635,"Shri. Sambhaji College of Management & Technology, Degaon Road, Opp. Nadla Digras, Khadkut, Nanded",0263524110,2025-26,1,Maharashtra,GSEBCO,GSEBCO,HU,41.4550394,percentile,GSEBCO | 17096 | 41.4550394 | Stage-I,26,Other Than Home University Seats Allotted to Home University Candidates,083cc01046a9f80228416f7063598fdd8f528b2d8708f202423695f44f632422
7026366bbc3b-PG_MCA_CAP1_Cutoff_MH_2025_26__1_.pdf,2664,"Deogiri College, Chh. Sambhaji Nagar",0266424110,2025-26,1,Maharashtra,GOPENH,GOPENH,HU,77.8251197,percentile,GOPENH | 7252 | 77.8251197 | Stage-I,27,Home University Seats Allotted to Home University Candidates,53b8a26bb334191411de4961497aa1ddca2f062b5640f63d815bc71cf45f3d4b
7026366bbc3b-PG_MCA_CAP1_Cutoff_MH_2025_26__1_.pdf,2664,"Deogiri College, Chh. Sambhaji Nagar",0266424110,2025-26,1,Maharashtra,GSCH,GSCH,HU,53.942159,percentile,GSCH | 14045 | 53.942159 | Stage-I,27,Home University Seats Allotted to Home University Candidates,084e92f9266dda1ccbde0a7715b97823f2d49dfcfcce015d9b61534016e65c7d
7026366bbc3b-PG_MCA_CAP1_Cutoff_MH_2025_26__1_.pdf,2664,"Deogiri College, Chh. Sambhaji Nagar",0266424110,2025-26,1,Maharashtra,GNTAH,GNTAH,HU,53.942159,percentile,GNTAH | 14196 | 53.942159 | Stage-I,27,Home University Seats Allotted to Home University Candidates,852609332f0b04d0081068b0df23247a863724203b461ce0fbe1a014330c7b3f
7026366bbc3b-PG_MCA_CAP1_Cutoff_MH_2025_26__1_.pdf,2664,"Deogiri College, Chh. Sambhaji Nagar",0266424110,2025-26,1,Maharashtra,GNTBH,GNTBH,HU,63.1574978,percentile,GNTBH | 11436 | 63.1574978 | Stage-I,27,Home University Seats Allotted to Home University Candidates,7bc9bf84a7a7d41c48f2aabe03ae4c57924376b13316836cf665e317eba73996
7026366bbc3b-PG_MCA_CAP1_Cutoff_MH_2025_26__1_.pdf,2664,"Deogiri College, Chh. Sambhaji Nagar",0266424110,2025-26,1,Maharashtra,GNTCH,GNTCH,HU,36.496736,percentile,GNTCH | 18378 | 36.496736 | Stage-I,27,Home University Seats Allotted to Home University Candidates,f7fb355f924c94e9e1f330c984ea13b9c022d03043f49162901f4f9b8d72bec3
7026366bbc3b-PG_MCA_CAP1_Cutoff_MH_2025_26__1_.pdf,2664,"Deogiri College, Chh. Sambhaji Nagar",0266424110,2025-26,1,Maharashtra,GNTDH,GNTDH,HU,71.1549338,percentile,GNTDH | 9526 | 71.1549338 | Stage-I,27,Home University Seats Allotted to Home University Candidates,8374ad21a5ee9bb37dd29c0135dbb4b5f84a15bfbf77b1a1a401bba2656c7447
7026366bbc3b-PG_MCA_CAP1_Cutoff_MH_2025_26__1_.pdf,2664,"Deogiri College, Chh. Sambhaji Nagar",0266424110,2025-26,1,Maharashtra,GOBCH,GOBCH,HU,58.7911466,percentile,GOBCH | 12937 | 58.7911466 | Stage-I,27,Home University Seats Allotted to Home University Candidates,ef59962b0abf4ac4cdf78ac4d786a2aaf2a3202748f0b5f7f599107d8cbc5da3
7026366bbc3b-PG_MCA_CAP1_Cutoff_MH_2025_26__1_.pdf,2664,"Deogiri College, Chh. Sambhaji Nagar",0266424110,2025-26,1,Maharashtra,GSEBCH,GSEBCH,HU,46.3793819,percentile,GSEBCH | 16012 | 46.3793819 | Stage-I,27,Home University Seats Allotted to Home University Candidates,fd96765fa0a156dc7aa25f05ac118fbe54b3e3470d6eb382f337053d9c3c890b
7026366bbc3b-PG_MCA_CAP1_Cutoff_MH_2025_26__1_.pdf,2664,"Deogiri College, Chh. Sambhaji Nagar",0266424110,2025-26,1,Maharashtra,GOPENO,GOPENO,HU,53.942159,percentile,GOPENO | 14491 | 53.942159 | Stage-I,27,Other Than Home University Seats Allotted to Other Than Home University Candidates,eb440378bc8246b809880ace5242c35b9f1272960aaf00888b94286e0878880c
7026366bbc3b-PG_MCA_CAP1_Cutoff_MH_2025_26__1_.pdf,2664,"Deogiri College, Chh. Sambhaji Nagar",0266424110,2025-26,1,Maharashtra,GSCO,GSCO,HU,19.1539942,percentile,GSCO | 22325 | 19.1539942 | Stage-I,27,Other Than Home University Seats Allotted to Other Than Home University Candidates,3693edec6cbb361b76ab78ac2d98fdc3acf68a0640ec64acecc2ee8a7a9fc283
7026366bbc3b-PG_MCA_CAP1_Cutoff_MH_2025_26__1_.pdf,2664,"Deogiri College, Chh. Sambhaji Nagar",0266424110,2025-26,1,Maharashtra,GNTAO,GNTAO,HU,29.9046039,percentile,GNTAO | 20141 | 29.9046039 | Stage-I,27,Other Than Home University Seats Allotted to Other Than Home University Candidates,c57c9d315156f2f20a47cf733e70566cd11db228d28e833dbe114606075c8038
7026366bbc3b-PG_MCA_CAP1_Cutoff_MH_2025_26__1_.pdf,2664,"Deogiri College, Chh. Sambhaji Nagar",0266424110,2025-26,1,Maharashtra,GNTCO,GNTCO,HU,51.4093808,percentile,GNTCO | 14608 | 51.4093808 | Stage-I,27,Other Than Home University Seats Allotted to Other Than Home University Candidates,af7222dd396b3f93091c0c52b7c4263eff55a4a302eb930ffaf982500bba2c04
7026366bbc3b-PG_MCA_CAP1_Cutoff_MH_2025_26__1_.pdf,2664,"Deogiri College, Chh. Sambhaji Nagar",0266424110,2025-26,1,Maharashtra,GOBCO,GOBCO,HU,39.3989669,percentile,GOBCO | 18115 | 39.3989669 | Stage-I,27,Other Than Home University Seats Allotted to Other Than Home University Candidates,947d0b941a654176386a97ff85a23ceff89623fd66acb3448045905c770e4dd3
7026366bbc3b-PG_MCA_CAP1_Cutoff_MH_2025_26__1_.pdf,2664,"Deogiri College, Chh. Sambhaji Nagar",0266424110,2025-26,1,Maharashtra,GSEBCO,GSEBCO,HU,39.3989669,percentile,GSEBCO | 17675 | 39.3989669 | Stage-I,27,Other Than Home University Seats Allotted to Other Than Home University Candidates,4e8de48a36436ef4118c642a73f5f7a5f9761de1b3922c29f026d52d874c9932
7026366bbc3b-PG_MCA_CAP1_Cutoff_MH_2025_26__1_.pdf,2664,"Deogiri College, Chh. Sambhaji Nagar",0266424110,2025-26,1,Maharashtra,GNTBO,GNTBO,HU,61.2807064,percentile,GNTBO | 12179 | 61.2807064 | Stage-I,27,Other Than Home University Seats Allotted to Home University Candidates,6855b3c7c0e56efd92dd249bcb4ec0d12a163776e68c401dbcb9f7cffb4a3783
7026366bbc3b-PG_MCA_CAP1_Cutoff_MH_2025_26__1_.pdf,2664,"Deogiri College, Chh. Sambhaji Nagar",0266424110,2025-26,1,Maharashtra,GNTDO,GNTDO,HU,39.3989669,percentile,GNTDO | 17823 | 39.3989669 | Stage-I,27,Other Than Home University Seats Allotted to Home University Candidates,bc20f409cab973b4f3a428c7b84630aa32f9648cc0a88cee114b94988ac51585
7026366bbc3b-PG_MCA_CAP1_Cutoff_MH_2025_26__1_.pdf,2664,"Deogiri College, Chh. Sambhaji Nagar",0266424110,2025-26,1,Maharashtra,EWS,EWS,SL,44.5345198,percentile,EWS | 16529 | 44.5345198 | Stage-I,27,Other Than Home University Seats Allotted to Home University Candidates,a1428ef415410e4d1d3dff7b4d79287f4cd9b550b7c55591e18633641fc79346
7026366bbc3b-PG_MCA_CAP1_Cutoff_MH_2025_26__1_.pdf,2664,"Deogiri College, Chh. Sambhaji Nagar",0266424110,2025-26,1,Maharashtra,TFWS,TFWS,SL,90.7733494,percentile,TFWS | 2991 | 90.7733494 | Stage-I,27,Other Than Home University Seats Allotted to Home University Candidates,44eda6ee9718f2d33564aef41167aac57796e4a8a1542976bc318630b72451a9
7026366bbc3b-PG_MCA_CAP1_Cutoff_MH_2025_26__1_.pdf,2665,"Royal Institute of Technical Education, Latur",0266524110,2025-26,1,Maharashtra,GOPENH,GOPENH,HU,69.7143504,percentile,GOPENH | 9622 | 69.7143504 | Stage-I,28,Home University Seats Allotted to Home University Candidates,55eaf89669b493981b1a26e3bbc68c47782329684f56632d19fd136983c46079
7026366bbc3b-PG_MCA_CAP1_Cutoff_MH_2025_26__1_.pdf,2665,"Royal Institute of Technical Education, Latur",0266524110,2025-26,1,Maharashtra,GSCH,GSCH,HU,27.2744425,percentile,GSCH | 20460 | 27.2744425 | Stage-I,28,Home University Seats Allotted to Home University Candidates,f46634068bdaecc2bfb2f26fdee1a330da5b5f005baf8a0802f0515c9041d5f5
7026366bbc3b-PG_MCA_CAP1_Cutoff_MH_2025_26__1_.pdf,2665,"Royal Institute of Technical Education, Latur",0266524110,2025-26,1,Maharashtra,GNTAH,GNTAH,HU,34.5198145,percentile,GNTAH | 18869 | 34.5198145 | Stage-I,28,Home University Seats Allotted to Home University Candidates,1ea1ad4e2d4e3bb7253ccb5c66e88da12442e8dfa80ffc0826fc22226d9c74a6
7026366bbc3b-PG_MCA_CAP1_Cutoff_MH_2025_26__1_.pdf,2665,"Royal Institute of Technical Education, Latur",0266524110,2025-26,1,Maharashtra,GNTBH,GNTBH,HU,36.496736,percentile,GNTBH | 18610 | 36.496736 | Stage-I,28,Home University Seats Allotted to Home University Candidates,11b89dbd2a8613118159033b76fb4791f69c17d7be885f8c84ee4c8ba4cf4ee1
7026366bbc3b-PG_MCA_CAP1_Cutoff_MH_2025_26__1_.pdf,2665,"Royal Institute of Technical Education, Latur",0266524110,2025-26,1,Maharashtra,GNTCH,GNTCH,HU,58.7911466,percentile,GNTCH | 12997 | 58.7911466 | Stage-I,28,Home University Seats Allotted to Home University Candidates,809ba5e1e19397b7c5d8b624b80ec85a4fb7b031406856010f97d2fb5e892017
7026366bbc3b-PG_MCA_CAP1_Cutoff_MH_2025_26__1_.pdf,2665,"Royal Institute of Technical Education, Latur",0266524110,2025-26,1,Maharashtra,GNTDH,GNTDH,HU,58.7911466,percentile,GNTDH | 13075 | 58.7911466 | Stage-I,28,Home University Seats Allotted to Home University Candidates,51db77993e52f65809eb59359ebdb92b3f0dc0c39e9eda80d5fd351d2504b6f6
7026366bbc3b-PG_MCA_CAP1_Cutoff_MH_2025_26__1_.pdf,2665,"Royal Institute of Technical Education, Latur",0266524110,2025-26,1,Maharashtra,GOBCH,GOBCH,HU,27.2744425,percentile,GOBCH | 20365 | 27.2744425 | Stage-I,28,Home University Seats Allotted to Home University Candidates,a70fc83a759733f33b7e2890f9568c495e3d8b2889869c0b93586925a6e62271
7026366bbc3b-PG_MCA_CAP1_Cutoff_MH_2025_26__1_.pdf,2665,"Royal Institute of Technical Education, Latur",0266524110,2025-26,1,Maharashtra,GSEBCH,GSEBCH,HU,25.4779232,percentile,GSEBCH | 20841 | 25.4779232 | Stage-I,28,Home University Seats Allotted to Home University Candidates,7ea34cb1ccfc928a86d7443e26e73a33bfad3d40faa28737701f1ae888afd926
7026366bbc3b-PG_MCA_CAP1_Cutoff_MH_2025_26__1_.pdf,2665,"Royal Institute of Technical Education, Latur",0266524110,2025-26,1,Maharashtra,GOPENO,GOPENO,HU,16.9789978,percentile,GOPENO | 22770 | 16.9789978 | Stage-I,28,Other Than Home University Seats Allotted to Other Than Home University Candidates,3c149419a3f5ab1f74509742ca504949c3b327f12202c861ecc367e0788f858d
7026366bbc3b-PG_MCA_CAP1_Cutoff_MH_2025_26__1_.pdf,2665,"Royal Institute of Technical Education, Latur",0266524110,2025-26,1,Maharashtra,GOPENO,GOPENO,HU,69.7143504,percentile,GOPENO | 9718 | 69.7143504 | Stage-I,28,Other Than Home University Seats Allotted to Home University Candidates,1c0fb1a01351acf4dd2bd2a40646a90510c439464864ff711d459c44a1771512
7026366bbc3b-PG_MCA_CAP1_Cutoff_MH_2025_26__1_.pdf,2665,"Royal Institute of Technical Education, Latur",0266524110,2025-26,1,Maharashtra,GSCO,GSCO,HU,12.4750009,percentile,GSCO | 23598 | 12.4750009 | Stage-I,28,Other Than Home University Seats Allotted to Home University Candidates,a19bc3467e9dfc263ebecaf30fa68be256f1c127e2d4346be4e4e8d87e788753
7026366bbc3b-PG_MCA_CAP1_Cutoff_MH_2025_26__1_.pdf,2665,"Royal Institute of Technical Education, Latur",0266524110,2025-26,1,Maharashtra,GNTDO,GNTDO,HU,51.4093808,percentile,GNTDO | 15054 | 51.4093808 | Stage-I,28,Other Than Home University Seats Allotted to Home University Candidates,c123935a2f5e4a5577abadfcaf220caae074f4d974b8c102f1f12cf4c59f89b7
7026366bbc3b-PG_MCA_CAP1_Cutoff_MH_2025_26__1_.pdf,2665,"Royal Institute of Technical Education, Latur",0266524110,2025-26,1,Maharashtra,GOBCO,GOBCO,HU,10.5199653,percentile,GOBCO | 23693 | 10.5199653 | Stage-I,28,Other Than Home University Seats Allotted to Home University Candidates,70ddcb8cc0084904adce2c48d12156b939b3f1687c2e417b671a36967548b974
7026366bbc3b-PG_MCA_CAP1_Cutoff_MH_2025_26__1_.pdf,2665,"Royal Institute of Technical Education, Latur",0266524110,2025-26,1,Maharashtra,GSEBCO,GSEBCO,HU,12.4750009,percentile,GSEBCO | 23556 | 12.4750009 | Stage-I,28,Other Than Home University Seats Allotted to Home University Candidates,e3a7943f486ec25d7dc7cd2f3eb628b83075e99355109dd48cd8762217f90dcc
7026366bbc3b-PG_MCA_CAP1_Cutoff_MH_2025_26__1_.pdf,2665,"Royal Institute of Technical Education, Latur",0266524110,2025-26,1,Maharashtra,EWS,EWS,SL,36.496736,percentile,EWS | 18446 | 36.496736 | Stage-I,28,Other Than Home University Seats Allotted to Home University Candidates,384bf0c71ed14a67f66a36341e2998d62df378d076c0bff19df9060963eccc66
7026366bbc3b-PG_MCA_CAP1_Cutoff_MH_2025_26__1_.pdf,2665,"Royal Institute of Technical Education, Latur",0266524110,2025-26,1,Maharashtra,TFWS,TFWS,SL,77.8251197,percentile,TFWS | 7368 | 77.8251197 | Stage-I,28,Other Than Home University Seats Allotted to Home University Candidates,fa961caef9d07266a23755ec6b1af1b7b013a4fdfabf5b8a5183ee01055fa30c
7026366bbc3b-PG_MCA_CAP1_Cutoff_MH_2025_26__1_.pdf,2667,DAYANAND COLLEGE OF COMMERCE LATUR,0266524110,2025-26,1,Maharashtra,GOPENH,GOPENH,HU,56.5488095,percentile,GOPENH | 13855 | 56.5488095 | Stage-I,29,Home University Seats Allotted to Home University Candidates,fe585ded3a992a3256990295099d7ce507d36bf9db6809b0bfe462e1e6764a01
7026366bbc3b-PG_MCA_CAP1_Cutoff_MH_2025_26__1_.pdf,2667,DAYANAND COLLEGE OF COMMERCE LATUR,0266524110,2025-26,1,Maharashtra,GSCH,GSCH,HU,34.5198145,percentile,GSCH | 19132 | 34.5198145 | Stage-I,29,Home University Seats Allotted to Home University Candidates,0e1e9ece15f94c95c868312de0ef6180f6da32d330c4c155b2864fb420bd4cae
7026366bbc3b-PG_MCA_CAP1_Cutoff_MH_2025_26__1_.pdf,2667,DAYANAND COLLEGE OF COMMERCE LATUR,0266524110,2025-26,1,Maharashtra,GNTAH,GNTAH,HU,13.5402134,percentile,GNTAH | 23298 | 13.5402134 | Stage-I,29,Home University Seats Allotted to Home University Candidates,f9d3ad515f349a2f2ef64bcdf0323c4dbf6948f3560d3f419b39447166d18e5b
7026366bbc3b-PG_MCA_CAP1_Cutoff_MH_2025_26__1_.pdf,2667,DAYANAND COLLEGE OF COMMERCE LATUR,0266524110,2025-26,1,Maharashtra,GNTBH,GNTBH,HU,36.496736,percentile,GNTBH | 18474 | 36.496736 | Stage-I,29,Home University Seats Allotted to Home University Candidates,c2725751572920e3c58ceff5762eaeae2ba68d1d85ec646f50523a7b3310070a
7026366bbc3b-PG_MCA_CAP1_Cutoff_MH_2025_26__1_.pdf,2667,DAYANAND COLLEGE OF COMMERCE LATUR,0266524110,2025-26,1,Maharashtra,GNTCH,GNTCH,HU,41.4550394,percentile,GNTCH | 17119 | 41.4550394 | Stage-I,29,Home University Seats Allotted to Home University Candidates,970699133fdbe394dab38130d3fce880a66744f353c233b28222cff88401a699
7026366bbc3b-PG_MCA_CAP1_Cutoff_MH_2025_26__1_.pdf,2667,DAYANAND COLLEGE OF COMMERCE LATUR,0266524110,2025-26,1,Maharashtra,GOBCH,GOBCH,HU,3.0466423,percentile,GOBCH | 25083 | 3.0466423 | Stage-I,29,Home University Seats Allotted to Home University Candidates,877c6ee849074b56d7e98d956e63928fcb399974c1e0edfda89ae429e4ec7ddd
7026366bbc3b-PG_MCA_CAP1_Cutoff_MH_2025_26__1_.pdf,2667,DAYANAND COLLEGE OF COMMERCE LATUR,0266524110,2025-26,1,Maharashtra,GSEBCH,GSEBCH,HU,21.0059952,percentile,GSEBCH | 21998 | 21.0059952 | Stage-I,29,Home University Seats Allotted to Home University Candidates,14b5683eab741eb3d9ff17e7b30718be876bcb922d8a6e09dac4d1c8f15bad85
7026366bbc3b-PG_MCA_CAP1_Cutoff_MH_2025_26__1_.pdf,2667,DAYANAND COLLEGE OF COMMERCE LATUR,0266524110,2025-26,1,Maharashtra,GOPENO,GOPENO,HU,21.0059952,percentile,GOPENO | 21753 | 21.0059952 | Stage-I,29,Other Than Home University Seats Allotted to Other Than Home University Candidates,de7e7a5466a9dc5b315e4ac64b8855804d6c7820a7c88768b11fadf16bc1f500
7026366bbc3b-PG_MCA_CAP1_Cutoff_MH_2025_26__1_.pdf,2667,DAYANAND COLLEGE OF COMMERCE LATUR,0266524110,2025-26,1,Maharashtra,GSCO,GSCO,HU,23.1010151,percentile,GSCO | 21310 | 23.1010151 | Stage-I,29,Other Than Home University Seats Allotted to Home University Candidates,39910a8a1ffbd09c66fcf1c1fe271a2d41f61a25b0f15a12b847bfbdd2a35e20
7026366bbc3b-PG_MCA_CAP1_Cutoff_MH_2025_26__1_.pdf,2667,DAYANAND COLLEGE OF COMMERCE LATUR,0266524110,2025-26,1,Maharashtra,GNTCO,GNTCO,HU,31.6629561,percentile,GNTCO | 19494 | 31.6629561 | Stage-I,29,Other Than Home University Seats Allotted to Home University Candidates,dceef8f5a6e144ecbc13e8a27df80372b8080dbc156014e6db7e78ffae70a439
7026366bbc3b-PG_MCA_CAP1_Cutoff_MH_2025_26__1_.pdf,2667,DAYANAND COLLEGE OF COMMERCE LATUR,0266524110,2025-26,1,Maharashtra,GSEBCO,GSEBCO,HU,13.5402134,percentile,GSEBCO | 23165 | 13.5402134 | Stage-I,29,Other Than Home University Seats Allotted to Home University Candidates,467fb664d6d80a463fba7ffc8f20bd4dc98ef30f9d0554fba800a16cba307f6c
7026366bbc3b-PG_MCA_CAP1_Cutoff_MH_2025_26__1_.pdf,2667,DAYANAND COLLEGE OF COMMERCE LATUR,0266524110,2025-26,1,Maharashtra,EWS,EWS,SL,53.942159,percentile,EWS | 13999 | 53.942159 | Stage-I,29,Other Than Home University Seats Allotted to Home University Candidates,6969d7ed31aaff0b03ddca5a68ce9ab2b7c948bfb49524c4114d432569d1908c
7026366bbc3b-PG_MCA_CAP1_Cutoff_MH_2025_26__1_.pdf,2667,DAYANAND COLLEGE OF COMMERCE LATUR,0266524110,2025-26,1,Maharashtra,TFWS,TFWS,SL,69.7143504,percentile,TFWS | 9626 | 69.7143504 | Stage-I,29,Other Than Home University Seats Allotted to Home University Candidates,c72ce407ebf404ced731deac293e8e56f96f846edd4e616d2dfe312ea7627156
7026366bbc3b-PG_MCA_CAP1_Cutoff_MH_2025_26__1_.pdf,2672,ARTS SCIENCE AND COMMERCE COLLEGE,0266524110,2025-26,1,Maharashtra,GOPENH,GOPENH,HU,53.942159,percentile,GOPENH | 14234 | 53.942159 | Stage-I,30,Home University Seats Allotted to Home University Candidates,2f624e3f89e9b698eea104a465ac71229706a463d6854fd92bbef1425764dae4
7026366bbc3b-PG_MCA_CAP1_Cutoff_MH_2025_26__1_.pdf,2672,ARTS SCIENCE AND COMMERCE COLLEGE,0266524110,2025-26,1,Maharashtra,GSCH,GSCH,HU,7.9446476,percentile,GSCH | 24144 | 7.9446476 | Stage-I,30,Home University Seats Allotted to Home University Candidates,2b72693ed4a364e45133b20f9ea9a750c885434b4042b2d568395a28906b45a5
7026366bbc3b-PG_MCA_CAP1_Cutoff_MH_2025_26__1_.pdf,2672,ARTS SCIENCE AND COMMERCE COLLEGE,0266524110,2025-26,1,Maharashtra,GNTAH,GNTAH,HU,25.4779232,percentile,GNTAH | 21158 | 25.4779232 | Stage-I,30,Home University Seats Allotted to Home University Candidates,bad77f92053349c5a8e354a26d6b35f8b4b9c814581cd98816c977d4b5e55056
7026366bbc3b-PG_MCA_CAP1_Cutoff_MH_2025_26__1_.pdf,2672,ARTS SCIENCE AND COMMERCE COLLEGE,0266524110,2025-26,1,Maharashtra,GNTBH,GNTBH,HU,31.6629561,percentile,GNTBH | 19496 | 31.6629561 | Stage-I,30,Home University Seats Allotted to Home University Candidates,65fcf69de3b40895f83b58faf88966e0619c6dca92b622963ec7a268ead9142f
7026366bbc3b-PG_MCA_CAP1_Cutoff_MH_2025_26__1_.pdf,2672,ARTS SCIENCE AND COMMERCE COLLEGE,0266524110,2025-26,1,Maharashtra,GNTCH,GNTCH,HU,44.5345198,percentile,GNTCH | 17050 | 44.5345198 | Stage-I,30,Home University Seats Allotted to Home University Candidates,c9125de2197f16861a8c188dfe56f1a0edd09faeba12675c77e97cb559965f19
7026366bbc3b-PG_MCA_CAP1_Cutoff_MH_2025_26__1_.pdf,2672,ARTS SCIENCE AND COMMERCE COLLEGE,0266524110,2025-26,1,Maharashtra,GNTDH,GNTDH,HU,29.9046039,percentile,GNTDH | 19909 | 29.9046039 | Stage-I,30,Home University Seats Allotted to Home University Candidates,57dd0b3468ccaf77078ec7507adc78ab5b6033265de2a02039cd66c0b99d2df2
7026366bbc3b-PG_MCA_CAP1_Cutoff_MH_2025_26__1_.pdf,2672,ARTS SCIENCE AND COMMERCE COLLEGE,0266524110,2025-26,1,Maharashtra,GOBCH,GOBCH,HU,9.7430286,percentile,GOBCH | 23933 | 9.7430286 | Stage-I,30,Home University Seats Allotted to Home University Candidates,01eccb4abf6589bff67a4a3758d5534e81ce4dfff8558cab9d60e4c402c30f4e
7026366bbc3b-PG_MCA_CAP1_Cutoff_MH_2025_26__1_.pdf,2672,ARTS SCIENCE AND COMMERCE COLLEGE,0266524110,2025-26,1,Maharashtra,GOPENO,GOPENO,HU,4.302251,percentile,GOPENO | 24874 | 4.302251 | Stage-I,30,Other Than Home University Seats Allotted to Other Than Home University Candidates,34dc203aa38626ff6e23d8e49650c98bb6d264ce1b31e066d8ff7de471a4b9ec
7026366bbc3b-PG_MCA_CAP1_Cutoff_MH_2025_26__1_.pdf,2672,ARTS SCIENCE AND COMMERCE COLLEGE,0266524110,2025-26,1,Maharashtra,GNTAO,GNTAO,HU,5.9311489,percentile,GNTAO | 24524 | 5.9311489 | Stage-I,30,Other Than Home University Seats Allotted to Home University Candidates,c25b7099195d81ca0ff0b879069ef3f5ddcc67c44779777b9be7c592eb45f236
7026366bbc3b-PG_MCA_CAP1_Cutoff_MH_2025_26__1_.pdf,2672,ARTS SCIENCE AND COMMERCE COLLEGE,0266524110,2025-26,1,Maharashtra,GNTCO,GNTCO,HU,39.3989669,percentile,GNTCO | 17666 | 39.3989669 | Stage-I,30,Other Than Home University Seats Allotted to Home University Candidates,21c88f262762602ff58ac887a66a349dc13655085fa50ce1f844a5fb04ffbeee
7026366bbc3b-PG_MCA_CAP1_Cutoff_MH_2025_26__1_.pdf,2672,ARTS SCIENCE AND COMMERCE COLLEGE,0266524110,2025-26,1,Maharashtra,EWS,EWS,SL,25.4779232,percentile,EWS | 20911 | 25.4779232 | Stage-I,30,Other Than Home University Seats Allotted to Home University Candidates,33eac0df6ae4d93d381109e351784d5fd9cb14178c9e18b7c9f67528695e98ae
7026366bbc3b-PG_MCA_CAP1_Cutoff_MH_2025_26__1_.pdf,2672,ARTS SCIENCE AND COMMERCE COLLEGE,0266524110,2025-26,1,Maharashtra,TFWS,TFWS,SL,76.9216256,percentile,TFWS | 7759 | 76.9216256 | Stage-I,30,Other Than Home University Seats Allotted to Home University Candidates,aa961424ad18f1f6d626ee3197adc070553983cff0be3ac8b1a78648152c4e6a
7026366bbc3b-PG_MCA_CAP1_Cutoff_MH_2025_26__1_.pdf,2674,MAHARASHTRA MAHAVIDYALAYA NILANGA,0266524110,2025-26,1,Maharashtra,GOPENH,GOPENH,HU,56.5488095,percentile,GOPENH | 13707 | 56.5488095 | Stage-I,31,Home University Seats Allotted to Home University Candidates,1a89b7747250ce32b94da7c878cde49f3002f64a3b9272e87cbc09c6c518068b
7026366bbc3b-PG_MCA_CAP1_Cutoff_MH_2025_26__1_.pdf,2674,MAHARASHTRA MAHAVIDYALAYA NILANGA,0266524110,2025-26,1,Maharashtra,GSCH,GSCH,HU,25.4779232,percentile,GSCH | 21186 | 25.4779232 | Stage-I,31,Home University Seats Allotted to Home University Candidates,78cbaacb606cefedec977c9a7f6e2e468daeb55f9db9de11a2550a0356c07b82
7026366bbc3b-PG_MCA_CAP1_Cutoff_MH_2025_26__1_.pdf,2674,MAHARASHTRA MAHAVIDYALAYA NILANGA,0266524110,2025-26,1,Maharashtra,GNTBH,GNTBH,HU,41.4550394,percentile,GNTBH | 17165 | 41.4550394 | Stage-I,31,Home University Seats Allotted to Home University Candidates,c92cd3994759efd89b19f8ba96cbf1cae697a1e5495a9103922d8633d50c3287
7026366bbc3b-PG_MCA_CAP1_Cutoff_MH_2025_26__1_.pdf,2674,MAHARASHTRA MAHAVIDYALAYA NILANGA,0266524110,2025-26,1,Maharashtra,GNTCH,GNTCH,HU,36.496736,percentile,GNTCH | 18306 | 36.496736 | Stage-I,31,Home University Seats Allotted to Home University Candidates,d70f24613a004ec16a7a20942c0714c204384bc56ed5dba1c84b1cb48870aa6b
7026366bbc3b-PG_MCA_CAP1_Cutoff_MH_2025_26__1_.pdf,2674,MAHARASHTRA MAHAVIDYALAYA NILANGA,0266524110,2025-26,1,Maharashtra,GOBCH,GOBCH,HU,29.9046039,percentile,GOBCH | 20160 | 29.9046039 | Stage-I,31,Home University Seats Allotted to Home University Candidates,1b81098d2729b8561a731d9309b71e3e4d729d014f969ec3853f767eb1f22cb4
7026366bbc3b-PG_MCA_CAP1_Cutoff_MH_2025_26__1_.pdf,2674,MAHARASHTRA MAHAVIDYALAYA NILANGA,0266524110,2025-26,1,Maharashtra,PWDOPENH,PWDOPENH,HU,1.3622127,percentile,PWDOPENH | 25319 | 1.3622127 | Stage-I,31,Home University Seats Allotted to Home University Candidates,ba2d502fb21819cb36766e65be8ceb96e657bc305575b50493b457499c25223a
7026366bbc3b-PG_MCA_CAP1_Cutoff_MH_2025_26__1_.pdf,2674,MAHARASHTRA MAHAVIDYALAYA NILANGA,0266524110,2025-26,1,Maharashtra,GOPENO,GOPENO,HU,7.9446476,percentile,GOPENO | 24156 | 7.9446476 | Stage-I,31,Other Than Home University Seats Allotted to Other Than Home University Candidates,7ca5272fd8f04308b0ff1236cd4377ef2dfe017bff20d5fe5bd47262e78bb10c
7026366bbc3b-PG_MCA_CAP1_Cutoff_MH_2025_26__1_.pdf,2674,MAHARASHTRA MAHAVIDYALAYA NILANGA,0266524110,2025-26,1,Maharashtra,GOPENO,GOPENO,HU,49.3533426,percentile,GOPENO | 15230 | 49.3533426 | Stage-I,31,Other Than Home University Seats Allotted to Home University Candidates,cacf52eaf89e4e559e45346e05b9d8ec95e1b758ba23b536dc51ca177fe21ff7
7026366bbc3b-PG_MCA_CAP1_Cutoff_MH_2025_26__1_.pdf,2674,MAHARASHTRA MAHAVIDYALAYA NILANGA,0266524110,2025-26,1,Maharashtra,GSCO,GSCO,HU,10.5199653,percentile,GSCO | 23839 | 10.5199653 | Stage-I,31,Other Than Home University Seats Allotted to Home University Candidates,6278bd39b35b51e01ffbb2ac3b3e6c5ae706c78655ccebe828528ee601436ed7
7026366bbc3b-PG_MCA_CAP1_Cutoff_MH_2025_26__1_.pdf,2674,MAHARASHTRA MAHAVIDYALAYA NILANGA,0266524110,2025-26,1,Maharashtra,GNTCO,GNTCO,HU,31.6629561,percentile,GNTCO | 19506 | 31.6629561 | Stage-I,31,Other Than Home University Seats Allotted to Home University Candidates,f6fea60ddb916239418053051b4859356602c96c0995b61437fdc009044488f4
7026366bbc3b-PG_MCA_CAP1_Cutoff_MH_2025_26__1_.pdf,2674,MAHARASHTRA MAHAVIDYALAYA NILANGA,0266524110,2025-26,1,Maharashtra,EWS,EWS,SL,29.9046039,percentile,EWS | 20087 | 29.9046039 | Stage-I,31,Other Than Home University Seats Allotted to Home University Candidates,304276be80290023aca1c5e44f432094d3967711c622cc9c408b168716c611d8
7026366bbc3b-PG_MCA_CAP1_Cutoff_MH_2025_26__1_.pdf,2674,MAHARASHTRA MAHAVIDYALAYA NILANGA,0266524110,2025-26,1,Maharashtra,TFWS,TFWS,SL,56.5488095,percentile,TFWS | 13404 | 56.5488095 | Stage-I,31,Other Than Home University Seats Allotted to Home University Candidates,7635761c18958ce7ee5dd1d27a23d7fc1cffc9e40d37a64766d1059d78e378e0
7026366bbc3b-PG_MCA_CAP1_Cutoff_MH_2025_26__1_.pdf,2695,"MARATHWADA INSTITUTE OF TECHNOLOGY CIDCO ,CHHATRAPATI SAMBHAJINAGAR",0269524110,2025-26,1,Maharashtra,GOPENH,GOPENH,HU,56.5488095,percentile,GOPENH | 13712 | 56.5488095 | Stage-I,32,Home University Seats Allotted to Home University Candidates,adae2602a1f57f075e2ee15660dcf9e9c50cb14caa5ad63e23b5d53fc1b09ab6
7026366bbc3b-PG_MCA_CAP1_Cutoff_MH_2025_26__1_.pdf,2695,"MARATHWADA INSTITUTE OF TECHNOLOGY CIDCO ,CHHATRAPATI SAMBHAJINAGAR",0269524110,2025-26,1,Maharashtra,GSCH,GSCH,HU,27.2744425,percentile,GSCH | 20693 | 27.2744425 | Stage-I,32,Home University Seats Allotted to Home University Candidates,8b8d0f2771304191a56e103d1800f063c6977b14bd761da9a62a90736d78944c
7026366bbc3b-PG_MCA_CAP1_Cutoff_MH_2025_26__1_.pdf,2695,"MARATHWADA INSTITUTE OF TECHNOLOGY CIDCO ,CHHATRAPATI SAMBHAJINAGAR",0269524110,2025-26,1,Maharashtra,GNTAH,GNTAH,HU,12.4750009,percentile,GNTAH | 23582 | 12.4750009 | Stage-I,32,Home University Seats Allotted to Home University Candidates,d4848685891260d37c46c7fe06245427c47caabee995b3ab6b714ca5eaccd4d1
7026366bbc3b-PG_MCA_CAP1_Cutoff_MH_2025_26__1_.pdf,2695,"MARATHWADA INSTITUTE OF TECHNOLOGY CIDCO ,CHHATRAPATI SAMBHAJINAGAR",0269524110,2025-26,1,Maharashtra,GNTBH,GNTBH,HU,49.3533426,percentile,GNTBH | 15802 | 49.3533426 | Stage-I,32,Home University Seats Allotted to Home University Candidates,0b87da423d4135d50e621a69ec18b689d95a0e828e7dc107ff617930534da53b
7026366bbc3b-PG_MCA_CAP1_Cutoff_MH_2025_26__1_.pdf,2695,"MARATHWADA INSTITUTE OF TECHNOLOGY CIDCO ,CHHATRAPATI SAMBHAJINAGAR",0269524110,2025-26,1,Maharashtra,GNTCH,GNTCH,HU,19.1539942,percentile,GNTCH | 22111 | 19.1539942 | Stage-I,32,Home University Seats Allotted to Home University Candidates,25d2f9312421194815ba46ed751c2e94902e94fb0200ba6584cf3c297bea826b
7026366bbc3b-PG_MCA_CAP1_Cutoff_MH_2025_26__1_.pdf,2695,"MARATHWADA INSTITUTE OF TECHNOLOGY CIDCO ,CHHATRAPATI SAMBHAJINAGAR",0269524110,2025-26,1,Maharashtra,GOBCH,GOBCH,HU,29.9046039,percentile,GOBCH | 20056 | 29.9046039 | Stage-I,32,Home University Seats Allotted to Home University Candidates,290a9572885a8c84c78bf20667870242b7e414cd66445db7af6308b6871f490d
7026366bbc3b-PG_MCA_CAP1_Cutoff_MH_2025_26__1_.pdf,2695,"MARATHWADA INSTITUTE OF TECHNOLOGY CIDCO ,CHHATRAPATI SAMBHAJINAGAR",0269524110,2025-26,1,Maharashtra,GSEBCH,GSEBCH,HU,9.7430286,percentile,GSEBCH | 23959 | 9.7430286 | Stage-I,32,Home University Seats Allotted to Home University Candidates,ed2898367979643e59308067250ec807840a532336993a1e6ea5e22649a889ba
7026366bbc3b-PG_MCA_CAP1_Cutoff_MH_2025_26__1_.pdf,2695,"MARATHWADA INSTITUTE OF TECHNOLOGY CIDCO ,CHHATRAPATI SAMBHAJINAGAR",0269524110,2025-26,1,Maharashtra,GOPENO,GOPENO,HU,63.1574978,percentile,GOPENO | 11980 | 63.1574978 | Stage-I,32,Other Than Home University Seats Allotted to Other Than Home University Candidates,c99c07cc94cb7a3ebdb20230e64bc4898b824c42b8638093dca5756e85ff050b
7026366bbc3b-PG_MCA_CAP1_Cutoff_MH_2025_26__1_.pdf,2695,"MARATHWADA INSTITUTE OF TECHNOLOGY CIDCO ,CHHATRAPATI SAMBHAJINAGAR",0269524110,2025-26,1,Maharashtra,GSCO,GSCO,HU,49.3533426,percentile,GSCO | 15572 | 49.3533426 | Stage-I,32,Other Than Home University Seats Allotted to Other Than Home University Candidates,83da6b19f33001c276316060adac40f5ec6405a81b4696a6429d97a493b5c66a
7026366bbc3b-PG_MCA_CAP1_Cutoff_MH_2025_26__1_.pdf,2695,"MARATHWADA INSTITUTE OF TECHNOLOGY CIDCO ,CHHATRAPATI SAMBHAJINAGAR",0269524110,2025-26,1,Maharashtra,GOBCO,GOBCO,HU,56.5488095,percentile,GOBCO | 13616 | 56.5488095 | Stage-I,32,Other Than Home University Seats Allotted to Other Than Home University Candidates,fbbd553552e8a01034426395becd7c9c624e3e95f04c121fc406500ce1bd4293
7026366bbc3b-PG_MCA_CAP1_Cutoff_MH_2025_26__1_.pdf,2695,"MARATHWADA INSTITUTE OF TECHNOLOGY CIDCO ,CHHATRAPATI SAMBHAJINAGAR",0269524110,2025-26,1,Maharashtra,GSEBCO,GSEBCO,HU,16.9789978,percentile,GSEBCO | 22590 | 16.9789978 | Stage-I,32,Other Than Home University Seats Allotted to Other Than Home University Candidates,e96068d4b7c8c059631d4b0ad02edd23b860bcf226af629ff8843f1552506237
7026366bbc3b-PG_MCA_CAP1_Cutoff_MH_2025_26__1_.pdf,2695,"MARATHWADA INSTITUTE OF TECHNOLOGY CIDCO ,CHHATRAPATI SAMBHAJINAGAR",0269524110,2025-26,1,Maharashtra,GNTBO,GNTBO,HU,25.4779232,percentile,GNTBO | 20836 | 25.4779232 | Stage-I,32,Other Than Home University Seats Allotted to Home University Candidates,9615d79b9efea0e3bcbee0f82ae7d71ebe5d9591882f8c0d9c16a8b7887fafef
7026366bbc3b-PG_MCA_CAP1_Cutoff_MH_2025_26__1_.pdf,2695,"MARATHWADA INSTITUTE OF TECHNOLOGY CIDCO ,CHHATRAPATI SAMBHAJINAGAR",0269524110,2025-26,1,Maharashtra,EWS,EWS,SL,12.4750009,percentile,EWS | 23644 | 12.4750009 | Stage-I,32,Other Than Home University Seats Allotted to Home University Candidates,23710ffaa68781351f75f839175b7b04cef76beb40ce7bb6f375cda2069c402f
7026366bbc3b-PG_MCA_CAP1_Cutoff_MH_2025_26__1_.pdf,2695,"MARATHWADA INSTITUTE OF TECHNOLOGY CIDCO ,CHHATRAPATI SAMBHAJINAGAR",0269524110,2025-26,1,Maharashtra,TFWS,TFWS,SL,82.8308366,percentile,TFWS | 5853 | 82.8308366 | Stage-I,32,Other Than Home University Seats Allotted to Home University Candidates,860fd19f7c9f3e98d13f2b9f8400152d95738020f616cbcb4bd813bf0520c768
7026366bbc3b-PG_MCA_CAP1_Cutoff_MH_2025_26__1_.pdf,3012,"Veermata Jijabai Technological Institute(VJTI), Matunga, Mumbai",0301224110,2025-26,1,Maharashtra,GOPENH,GOPENH,HU,99.7547262,percentile,GOPENH | 41 | 99.7547262 | Stage-I,33,Home University Seats Allotted to Home University Candidates,036f9604283d3a649595f8ae1291001bbdb588de20ae178a02345a98c73a43b3
7026366bbc3b-PG_MCA_CAP1_Cutoff_MH_2025_26__1_.pdf,3012,"Veermata Jijabai Technological Institute(VJTI), Matunga, Mumbai",0301224110,2025-26,1,Maharashtra,GSCH,GSCH,HU,98.3811932,percentile,GSCH | 426 | 98.3811932 | Stage-I,33,Home University Seats Allotted to Home University Candidates,906addfe6cf0986ee36df16a1933b6fd8cf16537ab55b37d4ec420508bb54a53
7026366bbc3b-PG_MCA_CAP1_Cutoff_MH_2025_26__1_.pdf,3012,"Veermata Jijabai Technological Institute(VJTI), Matunga, Mumbai",0301224110,2025-26,1,Maharashtra,GSTH,GSTH,HU,93.5511867,percentile,GSTH | 1956 | 93.5511867 | Stage-I,33,Home University Seats Allotted to Home University Candidates,9f55dd5a5a299ba4f8c91f51d326f6c31aa9e8cc27efc8650a3097c771ae1735
7026366bbc3b-PG_MCA_CAP1_Cutoff_MH_2025_26__1_.pdf,3012,"Veermata Jijabai Technological Institute(VJTI), Matunga, Mumbai",0301224110,2025-26,1,Maharashtra,GNTAH,GNTAH,HU,95.5548847,percentile,GNTAH | 1340 | 95.5548847 | Stage-I,33,Home University Seats Allotted to Home University Candidates,93d0092e181028f9b760d9b5a0ccf0d570d0ac52ae061713fd2da3288b83509e
7026366bbc3b-PG_MCA_CAP1_Cutoff_MH_2025_26__1_.pdf,3012,"Veermata Jijabai Technological Institute(VJTI), Matunga, Mumbai",0301224110,2025-26,1,Maharashtra,GNTBH,GNTBH,HU,97.6265047,percentile,GNTBH | 618 | 97.6265047 | Stage-I,33,Home University Seats Allotted to Home University Candidates,05951a4127847a057932fb38dc82e03701c0a3c156fef706d87d6f3a3ea1c404
7026366bbc3b-PG_MCA_CAP1_Cutoff_MH_2025_26__1_.pdf,3012,"Veermata Jijabai Technological Institute(VJTI), Matunga, Mumbai",0301224110,2025-26,1,Maharashtra,GNTCH,GNTCH,HU,98.6717482,percentile,GNTCH | 327 | 98.6717482 | Stage-I,33,Home University Seats Allotted to Home University Candidates,f70d1352a7954220b443c7bdd4775a703196270f68405833ada6d278bfc13fa2
7026366bbc3b-PG_MCA_CAP1_Cutoff_MH_2025_26__1_.pdf,3012,"Veermata Jijabai Technological Institute(VJTI), Matunga, Mumbai",0301224110,2025-26,1,Maharashtra,GNTDH,GNTDH,HU,96.392589,percentile,GNTDH | 1077 | 96.392589 | Stage-I,33,Home University Seats Allotted to Home University Candidates,80fb9ea7aa632735109dbdbc52bcb40d30e3de073a813e32c3c50b86167df8b3
7026366bbc3b-PG_MCA_CAP1_Cutoff_MH_2025_26__1_.pdf,3012,"Veermata Jijabai Technological Institute(VJTI), Matunga, Mumbai",0301224110,2025-26,1,Maharashtra,GOBCH,GOBCH,HU,99.2830459,percentile,GOBCH | 157 | 99.2830459 | Stage-I,33,Home University Seats Allotted to Home University Candidates,03efbf1b9e2ba9923a14462df3644b74b12a195e2e526715a403e4584e842d73
7026366bbc3b-PG_MCA_CAP1_Cutoff_MH_2025_26__1_.pdf,3012,"Veermata Jijabai Technological Institute(VJTI), Matunga, Mumbai",0301224110,2025-26,1,Maharashtra,GSEBCH,GSEBCH,HU,98.6717482,percentile,GSEBCH | 317 | 98.6717482 | Stage-I,33,Home University Seats Allotted to Home University Candidates,5a77e3e9fceb1020b9eb502d95b30f3421eb04162a5cb2be6295b96cd4975d8b
7026366bbc3b-PG_MCA_CAP1_Cutoff_MH_2025_26__1_.pdf,3012,"Veermata Jijabai Technological Institute(VJTI), Matunga, Mumbai",0301224110,2025-26,1,Maharashtra,PWDOPENH,PWDOPENH,HU,98.6717482,percentile,PWDOPENH | 347 | 98.6717482 | Stage-I,33,Home University Seats Allotted to Home University Candidates,6c424ee69ac0baae2967521997d0b2734fa602f269a7c2db9c637553972c73e3
7026366bbc3b-PG_MCA_CAP1_Cutoff_MH_2025_26__1_.pdf,3012,"Veermata Jijabai Technological Institute(VJTI), Matunga, Mumbai",0301224110,2025-26,1,Maharashtra,PWDRSCH,PWDRSCH,HU,74.782248,percentile,PWDRSCH | 8252 | 74.782248 | Stage-I,33,Home University Seats Allotted to Other Than Home University Candidates,5bdd7860ada5210f4251fa9ab6a74c317ad0edcc162c2d681eb735367cd8b9b6
7026366bbc3b-PG_MCA_CAP1_Cutoff_MH_2025_26__1_.pdf,3012,"Veermata Jijabai Technological Institute(VJTI), Matunga, Mumbai",0301224110,2025-26,1,Maharashtra,PWDROBCH,PWDROBCH,HU,93.405226,percentile,PWDROBCH | 2099 | 93.405226 | Stage-I,33,Home University Seats Allotted to Other Than Home University Candidates,575c0f0788e3a308758add0e958bfe37227b35535a1cab475101723ea4d25588
7026366bbc3b-PG_MCA_CAP1_Cutoff_MH_2025_26__1_.pdf,3012,"Veermata Jijabai Technological Institute(VJTI), Matunga, Mumbai",0301224110,2025-26,1,Maharashtra,GOPENO,GOPENO,HU,99.8603826,percentile,GOPENO | 26 | 99.8603826 | Stage-I,33,Other Than Home University Seats Allotted to Other Than Home University Candidates,288b41df58cd739f00a0f40146ba4f38ed0771a94b5df5661291139b6670d9ee
7026366bbc3b-PG_MCA_CAP1_Cutoff_MH_2025_26__1_.pdf,3012,"Veermata Jijabai Technological Institute(VJTI), Matunga, Mumbai",0301224110,2025-26,1,Maharashtra,GSCO,GSCO,HU,98.9283423,percentile,GSCO | 260 | 98.9283423 | Stage-I,33,Other Than Home University Seats Allotted to Other Than Home University Candidates,16ca6f3f5f32dab1f0a2a5b445b7a1bb2446b201dfe43c45bb7068d1bd68a78d
7026366bbc3b-PG_MCA_CAP1_Cutoff_MH_2025_26__1_.pdf,3012,"Veermata Jijabai Technological Institute(VJTI), Matunga, Mumbai",0301224110,2025-26,1,Maharashtra,GSTO,GSTO,HU,99.2830459,percentile,GSTO | 163 | 99.2830459 | Stage-I,33,Other Than Home University Seats Allotted to Other Than Home University Candidates,33a95d052ba9f6a760b0cd65e3511ce2d6eff7a51a7cc27ad5d52ef1cbe7bac3
7026366bbc3b-PG_MCA_CAP1_Cutoff_MH_2025_26__1_.pdf,3012,"Veermata Jijabai Technological Institute(VJTI), Matunga, Mumbai",0301224110,2025-26,1,Maharashtra,GNTAO,GNTAO,HU,99.008333,percentile,GNTAO | 235 | 99.008333 | Stage-I,33,Other Than Home University Seats Allotted to Other Than Home University Candidates,0590ca03de327b0cbcf0cd89416407d11f029ae7248ea5b9b7513aa8c0bbc913
7026366bbc3b-PG_MCA_CAP1_Cutoff_MH_2025_26__1_.pdf,3012,"Veermata Jijabai Technological Institute(VJTI), Matunga, Mumbai",0301224110,2025-26,1,Maharashtra,GNTCO,GNTCO,HU,99.5434135,percentile,GNTCO | 104 | 99.5434135 | Stage-I,33,Other Than Home University Seats Allotted to Other Than Home University Candidates,2ce3afbc50093311a424f424e55b9057f32850f795abc0c4df3334d9318c7837
7026366bbc3b-PG_MCA_CAP1_Cutoff_MH_2025_26__1_.pdf,3012,"Veermata Jijabai Technological Institute(VJTI), Matunga, Mumbai",0301224110,2025-26,1,Maharashtra,GOBCO,GOBCO,HU,99.5814637,percentile,GOBCO | 88 | 99.5814637 | Stage-I,33,Other Than Home University Seats Allotted to Other Than Home University Candidates,e223ea3c16d9c5453d8aea5a4963e5a3867b69be02d4737c3bb6fb1a94dcaf8d
7026366bbc3b-PG_MCA_CAP1_Cutoff_MH_2025_26__1_.pdf,3012,"Veermata Jijabai Technological Institute(VJTI), Matunga, Mumbai",0301224110,2025-26,1,Maharashtra,GSEBCO,GSEBCO,HU,99.6830308,percentile,GSEBCO | 79 | 99.6830308 | Stage-I,33,Other Than Home University Seats Allotted to Other Than Home University Candidates,e2b6b5bd13c3abfd01f587e0e356918d650de436d6917da7e0afa2fdacad034e
7026366bbc3b-PG_MCA_CAP1_Cutoff_MH_2025_26__1_.pdf,3012,"Veermata Jijabai Technological Institute(VJTI), Matunga, Mumbai",0301224110,2025-26,1,Maharashtra,EWS,EWS,SL,99.2044041,percentile,EWS | 170 | 99.2044041 | Stage-I,33,Other Than Home University Seats Allotted to Other Than Home University Candidates,ab53cb1310620937f1f6ad7f409cf22d77edf7cb479ba72cad3aeaf2227d0772
7026366bbc3b-PG_MCA_CAP1_Cutoff_MH_2025_26__1_.pdf,3012,"Veermata Jijabai Technological Institute(VJTI), Matunga, Mumbai",0301224110,2025-26,1,Maharashtra,TFWS,TFWS,SL,99.9396704,percentile,TFWS | 10 | 99.9396704 | Stage-I,33,Other Than Home University Seats Allotted to Other Than Home University Candidates,48eea0a3749ea5fbba9afcee8938241e5aba334ef13518173f98608f1ac38de1
7026366bbc3b-PG_MCA_CAP1_Cutoff_MH_2025_26__1_.pdf,3032,"S.N.D.T Women's University P.G.D. of Computer Science, Mumbai",0301224110,2025-26,1,Maharashtra,GOPENS,GOPENS,SL,93.5511867,percentile,GOPENS | 1996 | 93.5511867 | Stage-I,34,,0a6272982846a059cfbf25ded9d54ae62c834e722c5e5369de6611c8d91793a5
7026366bbc3b-PG_MCA_CAP1_Cutoff_MH_2025_26__1_.pdf,3032,"S.N.D.T Women's University P.G.D. of Computer Science, Mumbai",0301224110,2025-26,1,Maharashtra,GSCS,GSCS,SL,65.8578922,percentile,GSCS | 11326 | 65.8578922 | Stage-I,34,,322a958a78f5a737d62a6edd9859375020a72238dee436bbcd547db26e539ae5
7026366bbc3b-PG_MCA_CAP1_Cutoff_MH_2025_26__1_.pdf,3032,"S.N.D.T Women's University P.G.D. of Computer Science, Mumbai",0301224110,2025-26,1,Maharashtra,GNTAS,GNTAS,SL,49.3533426,percentile,GNTAS | 15262 | 49.3533426 | Stage-I,34,,66ab9c6ddce1d82bcd0e97720792d783906704377d03601875786b0714acbd87
7026366bbc3b-PG_MCA_CAP1_Cutoff_MH_2025_26__1_.pdf,3032,"S.N.D.T Women's University P.G.D. of Computer Science, Mumbai",0301224110,2025-26,1,Maharashtra,GNTBS,GNTBS,SL,74.782248,percentile,GNTBS | 8337 | 74.782248 | Stage-I,34,,d07d1d300c97c774dece47f015a9091c4a9c6b3ea59b0c173fddbbda77d88ef9
7026366bbc3b-PG_MCA_CAP1_Cutoff_MH_2025_26__1_.pdf,3032,"S.N.D.T Women's University P.G.D. of Computer Science, Mumbai",0301224110,2025-26,1,Maharashtra,GNTDS,GNTDS,SL,69.7143504,percentile,GNTDS | 10149 | 69.7143504 | Stage-I,34,,089dc5cd801f5f61ac2179d6642f9d89a6c4a17b6d73b08be14a4d17a4a7a104
7026366bbc3b-PG_MCA_CAP1_Cutoff_MH_2025_26__1_.pdf,3032,"S.N.D.T Women's University P.G.D. of Computer Science, Mumbai",0301224110,2025-26,1,Maharashtra,GOBCS,GOBCS,SL,79.9969812,percentile,GOBCS | 6523 | 79.9969812 | Stage-I,34,,b2420f169a1640ea24d01e9335ac8a45b741c73caece0f1db6c13fa0bfae26c9
7026366bbc3b-PG_MCA_CAP1_Cutoff_MH_2025_26__1_.pdf,3032,"S.N.D.T Women's University P.G.D. of Computer Science, Mumbai",0301224110,2025-26,1,Maharashtra,GSEBCS,GSEBCS,SL,82.8308366,percentile,GSEBCS | 5919 | 82.8308366 | Stage-I,34,,7668f6ad8516b32f0c8461a4b2b75fdc456761eb330616a0f56141a427104f8e
7026366bbc3b-PG_MCA_CAP1_Cutoff_MH_2025_26__1_.pdf,3032,"S.N.D.T Women's University P.G.D. of Computer Science, Mumbai",0301224110,2025-26,1,Maharashtra,EWS,EWS,SL,67.3579428,percentile,EWS | 10196 | 67.3579428 | Stage-I,34,,939166ba2d14254167116baacf9277972a2352f46bf60c0ad182289055fe34d4
7026366bbc3b-PG_MCA_CAP1_Cutoff_MH_2025_26__1_.pdf,3032,"S.N.D.T Women's University P.G.D. of Computer Science, Mumbai",0301224110,2025-26,1,Maharashtra,TFWS,TFWS,SL,94.6454851,percentile,TFWS | 1570 | 94.6454851 | Stage-I,34,,9a6472cab86c76ed41276ef6852a29cea1e6049119527f897c3f226bc19e71c6
7026366bbc3b-PG_MCA_CAP1_Cutoff_MH_2025_26__1_.pdf,3033,"Dr. Babasaheb Ambedkar Technological University, Lonere",0303324110,2025-26,1,Maharashtra,GOPENS,GOPENS,SL,44.5345198,percentile,GOPENS | 16842 | 44.5345198 | Stage-I,35,,b168e02e21f32d450e0e780005df6910406b353f9e7d13135d8d466179d26f9e
7026366bbc3b-PG_MCA_CAP1_Cutoff_MH_2025_26__1_.pdf,3033,"Dr. Babasaheb Ambedkar Technological University, Lonere",0303324110,2025-26,1,Maharashtra,GSCS,GSCS,SL,25.4779232,percentile,GSCS | 20912 | 25.4779232 | Stage-I,35,,d1b5bf069630defe22c2621d6798d3f54517bde6e3e26ff13627a52a549388af
7026366bbc3b-PG_MCA_CAP1_Cutoff_MH_2025_26__1_.pdf,3033,"Dr. Babasaheb Ambedkar Technological University, Lonere",0303324110,2025-26,1,Maharashtra,GNTCS,GNTCS,SL,34.5198145,percentile,GNTCS | 19176 | 34.5198145 | Stage-I,35,,348cff63da4ca92420ebf2edd25f8ea97dd9bf39991a57d234baf37422d775af
7026366bbc3b-PG_MCA_CAP1_Cutoff_MH_2025_26__1_.pdf,3033,"Dr. Babasaheb Ambedkar Technological University, Lonere",0303324110,2025-26,1,Maharashtra,GOBCS,GOBCS,SL,0.1696769,percentile,GOBCS | 25470 | 0.1696769 | Stage-I,35,,0f8d1481e60b85e1a8136a9bb8ba81992a9091763ca3743457deae3fa43e83b9
7026366bbc3b-PG_MCA_CAP1_Cutoff_MH_2025_26__1_.pdf,3033,"Dr. Babasaheb Ambedkar Technological University, Lonere",0303324110,2025-26,1,Maharashtra,EWS,EWS,SL,36.496736,percentile,EWS | 18653 | 36.496736 | Stage-I,35,,dee75e6199b69a03631bae3f79e0ac0591f00a13f04ee59e44075e3dc3b1b4c9
7026366bbc3b-PG_MCA_CAP1_Cutoff_MH_2025_26__1_.pdf,3109,"S.I.E.S. College of Management Studies, Mumbai",0310924110,2025-26,1,Maharashtra,GOPENH,GOPENH,HU,97.8055126,percentile,GOPENH | 561 | 97.8055126 | Stage-I,36,Home University Seats Allotted to Home University Candidates,a4b4545cade2a7696947f10840e302ba70b189c079a1ed0cbc8c2abae1fec4a8
7026366bbc3b-PG_MCA_CAP1_Cutoff_MH_2025_26__1_.pdf,3109,"S.I.E.S. College of Management Studies, Mumbai",0310924110,2025-26,1,Maharashtra,GOPENO,GOPENO,HU,97.8055126,percentile,GOPENO | 588 | 97.8055126 | Stage-I,36,Other Than Home University Seats Allotted to Other Than Home University Candidates,71058426361077ccae7a130a08ad115ea30e64ea84b7da23784576c2593ae991
7026366bbc3b-PG_MCA_CAP1_Cutoff_MH_2025_26__1_.pdf,3109,"S.I.E.S. College of Management Studies, Mumbai",0310924110,2025-26,1,Maharashtra,TFWS,TFWS,SL,98.5181554,percentile,TFWS | 356 | 98.5181554 | Stage-I,36,Other Than Home University Seats Allotted to Other Than Home University Candidates,762109559f382602a0be66cd030c45c5a91da5df4c39890296c5e6a72c9d7d03
7026366bbc3b-PG_MCA_CAP1_Cutoff_MH_2025_26__1_.pdf,3117,"Gurunanak Institute of Management Studies, Mumbai",0311724110,2025-26,1,Maharashtra,GOPENH,GOPENH,HU,97.390747,percentile,GOPENH | 732 | 97.390747 | Stage-I,37,Home University Seats Allotted to Home University Candidates,85f18d0369e0b9a4d06f22eb94321d75f39807ff2d50be199ca52534b5a1db50
7026366bbc3b-PG_MCA_CAP1_Cutoff_MH_2025_26__1_.pdf,3117,"Gurunanak Institute of Management Studies, Mumbai",0311724110,2025-26,1,Maharashtra,GOPENO,GOPENO,HU,95.5548847,percentile,GOPENO | 1245 | 95.5548847 | Stage-I,37,Other Than Home University Seats Allotted to Other Than Home University Candidates,ab200590ac6ab7e2abf4eb815580d18fe3d6eac58a1feca1588b6f3e66de409a
7026366bbc3b-PG_MCA_CAP1_Cutoff_MH_2025_26__1_.pdf,3117,"Gurunanak Institute of Management Studies, Mumbai",0311724110,2025-26,1,Maharashtra,TFWS,TFWS,SL,97.8055126,percentile,TFWS | 600 | 97.8055126 | Stage-I,37,Other Than Home University Seats Allotted to Other Than Home University Candidates,5865474c95cdf9be42da219e0424f9afa54a4efbfcde53f9bd8a9810ca23f5a9
7026366bbc3b-PG_MCA_CAP1_Cutoff_MH_2025_26__1_.pdf,3127,"NCRD's Sterling Institute of Management Studies, Navi Mumbai",0312724110,2025-26,1,Maharashtra,GOPENH,GOPENH,HU,93.405226,percentile,GOPENH | 2121 | 93.405226 | Stage-I,38,Home University Seats Allotted to Home University Candidates,1ef0d2d7430677d7166a26b2a81ede48adf4fba73ad3d7da7d97c4a143c604fa
7026366bbc3b-PG_MCA_CAP1_Cutoff_MH_2025_26__1_.pdf,3127,"NCRD's Sterling Institute of Management Studies, Navi Mumbai",0312724110,2025-26,1,Maharashtra,GSCH,GSCH,HU,76.9216256,percentile,GSCH | 7827 | 76.9216256 | Stage-I,38,Home University Seats Allotted to Home University Candidates,f64ca605eaf0424340989980e8209b45c1a19387001f036332ee4e9a76f5b930
7026366bbc3b-PG_MCA_CAP1_Cutoff_MH_2025_26__1_.pdf,3127,"NCRD's Sterling Institute of Management Studies, Navi Mumbai",0312724110,2025-26,1,Maharashtra,GSTH,GSTH,HU,74.782248,percentile,GSTH | 8320 | 74.782248 | Stage-I,38,Home University Seats Allotted to Home University Candidates,bccc3224d8aa84ea448067799d83df6f841269b47620a2104464755e08bbf331
7026366bbc3b-PG_MCA_CAP1_Cutoff_MH_2025_26__1_.pdf,3127,"NCRD's Sterling Institute of Management Studies, Navi Mumbai",0312724110,2025-26,1,Maharashtra,GNTAH,GNTAH,HU,34.5198145,percentile,GNTAH | 18942 | 34.5198145 | Stage-I,38,Home University Seats Allotted to Home University Candidates,3cfaec8609208e8f1d0e16c3cf90c6e9bbcd9b3a9ee7362d42f101477d6b421d
7026366bbc3b-PG_MCA_CAP1_Cutoff_MH_2025_26__1_.pdf,3127,"NCRD's Sterling Institute of Management Studies, Navi Mumbai",0312724110,2025-26,1,Maharashtra,GNTBH,GNTBH,HU,58.7911466,percentile,GNTBH | 13236 | 58.7911466 | Stage-I,38,Home University Seats Allotted to Home University Candidates,f9b1f84e65723cdc01d3d5ff14fdab0341777555004fc43a9b3e73bc0e48a4fe
7026366bbc3b-PG_MCA_CAP1_Cutoff_MH_2025_26__1_.pdf,3127,"NCRD's Sterling Institute of Management Studies, Navi Mumbai",0312724110,2025-26,1,Maharashtra,GNTCH,GNTCH,HU,73.5368477,percentile,GNTCH | 8983 | 73.5368477 | Stage-I,38,Home University Seats Allotted to Home University Candidates,ac9b92e2ea792eaf7f84b3e2b39db5cb4e0821085024b3481f742c022b26b9ec
7026366bbc3b-PG_MCA_CAP1_Cutoff_MH_2025_26__1_.pdf,3127,"NCRD's Sterling Institute of Management Studies, Navi Mumbai",0312724110,2025-26,1,Maharashtra,GNTDH,GNTDH,HU,41.4550394,percentile,GNTDH | 17243 | 41.4550394 | Stage-I,38,Home University Seats Allotted to Home University Candidates,5860768e68bd5c12c2ecf5fe79c0543ef0c515a42eead8ce29a896a1d8fd94ac
7026366bbc3b-PG_MCA_CAP1_Cutoff_MH_2025_26__1_.pdf,3127,"NCRD's Sterling Institute of Management Studies, Navi Mumbai",0312724110,2025-26,1,Maharashtra,GOBCH,GOBCH,HU,87.3496474,percentile,GOBCH | 4114 | 87.3496474 | Stage-I,38,Home University Seats Allotted to Home University Candidates,464b61b7c575313b31109ea78f221975ee269b8cf06870af944f87795e330b69
7026366bbc3b-PG_MCA_CAP1_Cutoff_MH_2025_26__1_.pdf,3127,"NCRD's Sterling Institute of Management Studies, Navi Mumbai",0312724110,2025-26,1,Maharashtra,GSEBCH,GSEBCH,HU,77.8251197,percentile,GSEBCH | 7384 | 77.8251197 | Stage-I,38,Home University Seats Allotted to Home University Candidates,b5f67f4ad6bd02d57600ae1bcfe4573163a9b9e796b7276fa8d4bea53885a989
7026366bbc3b-PG_MCA_CAP1_Cutoff_MH_2025_26__1_.pdf,3127,"NCRD's Sterling Institute of Management Studies, Navi Mumbai",0312724110,2025-26,1,Maharashtra,PWDOPENH,PWDOPENH,HU,49.3533426,percentile,PWDOPENH | 15546 | 49.3533426 | Stage-I,38,Home University Seats Allotted to Home University Candidates,0bee3667f16099b7a5f84a9621b09373698ad66b5f870ab5b08a72c466f9a46b
7026366bbc3b-PG_MCA_CAP1_Cutoff_MH_2025_26__1_.pdf,3127,"NCRD's Sterling Institute of Management Studies, Navi Mumbai",0312724110,2025-26,1,Maharashtra,GNTAH,GNTAH,HU,82.9644433,percentile,GNTAH | 5268 | 82.9644433 | Stage-I,38,Home University Seats Allotted to Other Than Home University Candidates,baea1616a43e1171abc2e19b5267d40b64856c0ae8aa940493e2f3903e66ea7f
7026366bbc3b-PG_MCA_CAP1_Cutoff_MH_2025_26__1_.pdf,3127,"NCRD's Sterling Institute of Management Studies, Navi Mumbai",0312724110,2025-26,1,Maharashtra,GOPENO,GOPENO,HU,89.1331398,percentile,GOPENO | 3823 | 89.1331398 | Stage-I,38,Other Than Home University Seats Allotted to Other Than Home University Candidates,6115e419df672cc1b896ae119d73aa95684b07ad6a71abe8dfb7cacf48a23479
7026366bbc3b-PG_MCA_CAP1_Cutoff_MH_2025_26__1_.pdf,3127,"NCRD's Sterling Institute of Management Studies, Navi Mumbai",0312724110,2025-26,1,Maharashtra,GSCO,GSCO,HU,73.5368477,percentile,GSCO | 8647 | 73.5368477 | Stage-I,38,Other Than Home University Seats Allotted to Other Than Home University Candidates,8001bd6b1d7c4c1f43acbda109f37db3e0507e5a0cdd2f5efba193439b9e8ed3
7026366bbc3b-PG_MCA_CAP1_Cutoff_MH_2025_26__1_.pdf,3127,"NCRD's Sterling Institute of Management Studies, Navi Mumbai",0312724110,2025-26,1,Maharashtra,GNTBO,GNTBO,HU,69.7143504,percentile,GNTBO | 10044 | 69.7143504 | Stage-I,38,Other Than Home University Seats Allotted to Other Than Home University Candidates,f4da3c61984b1fd12a434988f57b3d697b3883acefd857cc4d1a2d50cc1cd56f
7026366bbc3b-PG_MCA_CAP1_Cutoff_MH_2025_26__1_.pdf,3127,"NCRD's Sterling Institute of Management Studies, Navi Mumbai",0312724110,2025-26,1,Maharashtra,GNTDO,GNTDO,HU,51.4093808,percentile,GNTDO | 14756 | 51.4093808 | Stage-I,38,Other Than Home University Seats Allotted to Other Than Home University Candidates,230d7c3811a29391601b627c8baa890303d08101a8f81f15c7014c70bf07ae18
7026366bbc3b-PG_MCA_CAP1_Cutoff_MH_2025_26__1_.pdf,3127,"NCRD's Sterling Institute of Management Studies, Navi Mumbai",0312724110,2025-26,1,Maharashtra,GOBCO,GOBCO,HU,82.9644433,percentile,GOBCO | 5267 | 82.9644433 | Stage-I,38,Other Than Home University Seats Allotted to Other Than Home University Candidates,a6ac33fb3508908d793c0d2b33f00f23b10def3b73f31421e2d8bf106387dc76
7026366bbc3b-PG_MCA_CAP1_Cutoff_MH_2025_26__1_.pdf,3127,"NCRD's Sterling Institute of Management Studies, Navi Mumbai",0312724110,2025-26,1,Maharashtra,GSEBCO,GSEBCO,HU,74.782248,percentile,GSEBCO | 8121 | 74.782248 | Stage-I,38,Other Than Home University Seats Allotted to Other Than Home University Candidates,7b4b45cbe28ec34a59539be3919573fb8b392560b5eedaa9152fdf16bc17f0cb
7026366bbc3b-PG_MCA_CAP1_Cutoff_MH_2025_26__1_.pdf,3127,"NCRD's Sterling Institute of Management Studies, Navi Mumbai",0312724110,2025-26,1,Maharashtra,EWS,EWS,SL,5.5960152,percentile,EWS | 24693 | 5.5960152 | Stage-I,38,Other Than Home University Seats Allotted to Other Than Home University Candidates,77b84d8b85f565972a1e69cf57d87375ee2df341870c1d5a1548396ec9188dff
7026366bbc3b-PG_MCA_CAP1_Cutoff_MH_2025_26__1_.pdf,3127,"NCRD's Sterling Institute of Management Studies, Navi Mumbai",0312724110,2025-26,1,Maharashtra,TFWS,TFWS,SL,95.2942951,percentile,TFWS | 1423 | 95.2942951 | Stage-I,38,Other Than Home University Seats Allotted to Other Than Home University Candidates,3a8d10b081babfde8aa10ded787ac41c15d252a74983a57bac174abcd1d0c661
7026366bbc3b-PG_MCA_CAP1_Cutoff_MH_2025_26__1_.pdf,3129,"Mumbai Institute of Management & Research, Mumbai",0312924210,2025-26,1,Maharashtra,GOPENH,GOPENH,HU,90.9663786,percentile,GOPENH | 2724 | 90.9663786 | Stage-I,39,Home University Seats Allotted to Home University Candidates,3f99792ea03dda81b8e6fc855a018414753cc5a23503c12f6000827661d3df57
7026366bbc3b-PG_MCA_CAP1_Cutoff_MH_2025_26__1_.pdf,3129,"Mumbai Institute of Management & Research, Mumbai",0312924210,2025-26,1,Maharashtra,GSCH,GSCH,HU,51.4093808,percentile,GSCH | 14863 | 51.4093808 | Stage-I,39,Home University Seats Allotted to Home University Candidates,4d40ec9e3cc2f01ac05a645b3608d7e562c75b2ff5c043164d89c85097a453f8
7026366bbc3b-PG_MCA_CAP1_Cutoff_MH_2025_26__1_.pdf,3129,"Mumbai Institute of Management & Research, Mumbai",0312924210,2025-26,1,Maharashtra,GNTBH,GNTBH,HU,41.4550394,percentile,GNTBH | 17657 | 41.4550394 | Stage-I,39,Home University Seats Allotted to Home University Candidates,c4133e59caa587feb8c2233eb936b2879e928721c275857d7b82aec856c650a5
7026366bbc3b-PG_MCA_CAP1_Cutoff_MH_2025_26__1_.pdf,3129,"Mumbai Institute of Management & Research, Mumbai",0312924210,2025-26,1,Maharashtra,GNTCH,GNTCH,HU,63.1574978,percentile,GNTCH | 11978 | 63.1574978 | Stage-I,39,Home University Seats Allotted to Home University Candidates,65c97d9fe2e145ca341cbc6019fe126ec9e3ac672ea9b13a9c62f5c4312f8f22
7026366bbc3b-PG_MCA_CAP1_Cutoff_MH_2025_26__1_.pdf,3129,"Mumbai Institute of Management & Research, Mumbai",0312924210,2025-26,1,Maharashtra,GNTDH,GNTDH,HU,77.8251197,percentile,GNTDH | 7012 | 77.8251197 | Stage-I,39,Home University Seats Allotted to Home University Candidates,6e9f690ab3c885f0da9c4e9a747be903a0900dc60cd87d87bf64683328708754
7026366bbc3b-PG_MCA_CAP1_Cutoff_MH_2025_26__1_.pdf,3129,"Mumbai Institute of Management & Research, Mumbai",0312924210,2025-26,1,Maharashtra,GOBCH,GOBCH,HU,69.7143504,percentile,GOBCH | 9722 | 69.7143504 | Stage-I,39,Home University Seats Allotted to Home University Candidates,d947836e23e109ac6205499e39d9e9724e41ce655919d46a397921db823765f3
7026366bbc3b-PG_MCA_CAP1_Cutoff_MH_2025_26__1_.pdf,3129,"Mumbai Institute of Management & Research, Mumbai",0312924210,2025-26,1,Maharashtra,GSEBCH,GSEBCH,HU,46.3793819,percentile,GSEBCH | 16266 | 46.3793819 | Stage-I,39,Home University Seats Allotted to Home University Candidates,c39db84a7d12d087e86d6633545af55fff776d165282f6cdf56377ed1968c31a
7026366bbc3b-PG_MCA_CAP1_Cutoff_MH_2025_26__1_.pdf,3129,"Mumbai Institute of Management & Research, Mumbai",0312924210,2025-26,1,Maharashtra,PWDOPENH,PWDOPENH,HU,92.1797821,percentile,PWDOPENH | 2536 | 92.1797821 | Stage-I,39,Home University Seats Allotted to Home University Candidates,28106d5b90f54e973f9b0965f7829ade533a518254c52faf913828af42e1d77d
7026366bbc3b-PG_MCA_CAP1_Cutoff_MH_2025_26__1_.pdf,3129,"Mumbai Institute of Management & Research, Mumbai",0312924210,2025-26,1,Maharashtra,GNTBH,GNTBH,HU,53.942159,percentile,GNTBH | 14343 | 53.942159 | Stage-I,39,Home University Seats Allotted to Other Than Home University Candidates,e8a8c624a977b20500e1813eb3b7aa6c57bee32d1d70dcca6d0ecc57fe722c03
7026366bbc3b-PG_MCA_CAP1_Cutoff_MH_2025_26__1_.pdf,3129,"Mumbai Institute of Management & Research, Mumbai",0312924210,2025-26,1,Maharashtra,GNTCH,GNTCH,HU,76.9216256,percentile,GNTCH | 7781 | 76.9216256 | Stage-I,39,Home University Seats Allotted to Other Than Home University Candidates,b8db8829634cdde46be27ee9a857ad58ab18f56ee55d65ef8c172d68b824b873
7026366bbc3b-PG_MCA_CAP1_Cutoff_MH_2025_26__1_.pdf,3129,"Mumbai Institute of Management & Research, Mumbai",0312924210,2025-26,1,Maharashtra,GSEBCH,GSEBCH,HU,56.5488095,percentile,GSEBCH | 13895 | 56.5488095 | Stage-I,39,Home University Seats Allotted to Other Than Home University Candidates,a768e34f213c09b32c8d950b2d18f23f37a3458b6c38e2e04d0a80d9940a5b5e
7026366bbc3b-PG_MCA_CAP1_Cutoff_MH_2025_26__1_.pdf,3129,"Mumbai Institute of Management & Research, Mumbai",0312924210,2025-26,1,Maharashtra,GOPENO,GOPENO,HU,89.1966341,percentile,GOPENO | 3449 | 89.1966341 | Stage-I,39,Other Than Home University Seats Allotted to Other Than Home University Candidates,c76bff3e49123b5173133348928f3d3625da1138a7b726c1517cbea249f53e9a
7026366bbc3b-PG_MCA_CAP1_Cutoff_MH_2025_26__1_.pdf,3129,"Mumbai Institute of Management & Research, Mumbai",0312924210,2025-26,1,Maharashtra,GSCO,GSCO,HU,67.3579428,percentile,GSCO | 10562 | 67.3579428 | Stage-I,39,Other Than Home University Seats Allotted to Other Than Home University Candidates,34cbb2272932de148f97c5b417cf772dbd35ff3e32b33ef04ceeb2a751e41c1d
7026366bbc3b-PG_MCA_CAP1_Cutoff_MH_2025_26__1_.pdf,3129,"Mumbai Institute of Management & Research, Mumbai",0312924210,2025-26,1,Maharashtra,GSTO,GSTO,HU,82.9644433,percentile,GSTO | 5503 | 82.9644433 | Stage-I,39,Other Than Home University Seats Allotted to Other Than Home University Candidates,e275b0eae1303dda2cf91523153295f7a54e71d67dba086d2b337a9249d10cc4
7026366bbc3b-PG_MCA_CAP1_Cutoff_MH_2025_26__1_.pdf,3129,"Mumbai Institute of Management & Research, Mumbai",0312924210,2025-26,1,Maharashtra,GNTAO,GNTAO,HU,16.9789978,percentile,GNTAO | 22504 | 16.9789978 | Stage-I,39,Other Than Home University Seats Allotted to Other Than Home University Candidates,f7a0c5782538581d95e5889f96f63f91923bcaa2f3c54e25f96c573491ceec84
7026366bbc3b-PG_MCA_CAP1_Cutoff_MH_2025_26__1_.pdf,3129,"Mumbai Institute of Management & Research, Mumbai",0312924210,2025-26,1,Maharashtra,GNTBO,GNTBO,HU,65.8578922,percentile,GNTBO | 10839 | 65.8578922 | Stage-I,39,Other Than Home University Seats Allotted to Other Than Home University Candidates,eb1cade2fb5862786d5b83abb478bd8ba18a729187536a299f4fd92ee236d455
7026366bbc3b-PG_MCA_CAP1_Cutoff_MH_2025_26__1_.pdf,3129,"Mumbai Institute of Management & Research, Mumbai",0312924210,2025-26,1,Maharashtra,GNTCO,GNTCO,HU,82.9644433,percentile,GNTCO | 5554 | 82.9644433 | Stage-I,39,Other Than Home University Seats Allotted to Other Than Home University Candidates,f989af26c562c0966d316c380404fd7ec72cb56aaf25ea95cdbcfdc28f74636c
7026366bbc3b-PG_MCA_CAP1_Cutoff_MH_2025_26__1_.pdf,3129,"Mumbai Institute of Management & Research, Mumbai",0312924210,2025-26,1,Maharashtra,GOBCO,GOBCO,HU,82.9644433,percentile,GOBCO | 5460 | 82.9644433 | Stage-I,39,Other Than Home University Seats Allotted to Other Than Home University Candidates,c479a39c52e011531fe14fa11a307ade9c0d36866f9aa6e02cdf2ef3f9b3506d
7026366bbc3b-PG_MCA_CAP1_Cutoff_MH_2025_26__1_.pdf,3129,"Mumbai Institute of Management & Research, Mumbai",0312924210,2025-26,1,Maharashtra,GSEBCO,GSEBCO,HU,73.5368477,percentile,GSEBCO | 8968 | 73.5368477 | Stage-I,39,Other Than Home University Seats Allotted to Other Than Home University Candidates,86cb3fad59ac1a150832a461e49edb83b2450ce4e4faa19eea21b39ab44c33b4
7026366bbc3b-PG_MCA_CAP1_Cutoff_MH_2025_26__1_.pdf,3129,"Mumbai Institute of Management & Research, Mumbai",0312924210,2025-26,1,Maharashtra,EWS,EWS,SL,71.1549338,percentile,EWS | 9053 | 71.1549338 | Stage-I,39,Other Than Home University Seats Allotted to Other Than Home University Candidates,02f004ed694220603762254104a3d91dee5c5bfb25149dc0b8a1d09848832908
7026366bbc3b-PG_MCA_CAP1_Cutoff_MH_2025_26__1_.pdf,3129,"Mumbai Institute of Management & Research, Mumbai",0312924210,2025-26,1,Maharashtra,TFWS,TFWS,SL,93.405226,percentile,TFWS | 2029 | 93.405226 | Stage-I,39,Other Than Home University Seats Allotted to Other Than Home University Candidates,6239a45116dd1a9d2cc7824a1f1b6093158241fdaeded18677c81b9cf8aa9fee
7026366bbc3b-PG_MCA_CAP1_Cutoff_MH_2025_26__1_.pdf,3133,"Swayamsiddhi Mitra Sangh's College of Management & Research, Thane",0313324110,2025-26,1,Maharashtra,GOPENH,GOPENH,HU,89.1966341,percentile,GOPENH | 3356 | 89.1966341 | Stage-I,40,Home University Seats Allotted to Home University Candidates,803929251b18ee5f48ea0fe454960e139f63ef6519beb3ed8b1f9e2ae36649a5
7026366bbc3b-PG_MCA_CAP1_Cutoff_MH_2025_26__1_.pdf,3133,"Swayamsiddhi Mitra Sangh's College of Management & Research, Thane",0313324110,2025-26,1,Maharashtra,GSCH,GSCH,HU,49.3533426,percentile,GSCH | 15576 | 49.3533426 | Stage-I,40,Home University Seats Allotted to Home University Candidates,d5559a28f7f0a9cd1121528e0d45eac043fcb18c270e7a778adc2990838671d7
7026366bbc3b-PG_MCA_CAP1_Cutoff_MH_2025_26__1_.pdf,3133,"Swayamsiddhi Mitra Sangh's College of Management & Research, Thane",0313324110,2025-26,1,Maharashtra,GSTH,GSTH,HU,69.7143504,percentile,GSTH | 10046 | 69.7143504 | Stage-I,40,Home University Seats Allotted to Home University Candidates,d05739ec79e734945a8d38a27893c8187388e8ce86e8538561e51b61b9a308f5
7026366bbc3b-PG_MCA_CAP1_Cutoff_MH_2025_26__1_.pdf,3133,"Swayamsiddhi Mitra Sangh's College of Management & Research, Thane",0313324110,2025-26,1,Maharashtra,GOBCH,GOBCH,HU,63.1574978,percentile,GOBCH | 11694 | 63.1574978 | Stage-I,40,Home University Seats Allotted to Home University Candidates,019b834c304d2e5308266edb8feffea2e97a684717ed743eee955ae66dadae83
7026366bbc3b-PG_MCA_CAP1_Cutoff_MH_2025_26__1_.pdf,3133,"Swayamsiddhi Mitra Sangh's College of Management & Research, Thane",0313324110,2025-26,1,Maharashtra,GSEBCH,GSEBCH,HU,36.496736,percentile,GSEBCH | 18673 | 36.496736 | Stage-I,40,Home University Seats Allotted to Home University Candidates,389bc8b09b378387bb6848296a124638bcd18e402b500a19bbf72641af4b1627
7026366bbc3b-PG_MCA_CAP1_Cutoff_MH_2025_26__1_.pdf,3133,"Swayamsiddhi Mitra Sangh's College of Management & Research, Thane",0313324110,2025-26,1,Maharashtra,GNTAH,GNTAH,HU,80.5399495,percentile,GNTAH | 6131 | 80.5399495 | Stage-I,40,Home University Seats Allotted to Other Than Home University Candidates,1559e2550a95b4ea176fbdcc6f14a073b0157634f0c62bf08b321eefac136a3e
7026366bbc3b-PG_MCA_CAP1_Cutoff_MH_2025_26__1_.pdf,3133,"Swayamsiddhi Mitra Sangh's College of Management & Research, Thane",0313324110,2025-26,1,Maharashtra,GNTDH,GNTDH,HU,65.8578922,percentile,GNTDH | 11394 | 65.8578922 | Stage-I,40,Home University Seats Allotted to Other Than Home University Candidates,a277f6b6140c4ccc6349ff6c4be8e40c560c349c3a3f5277d6d23a5fb64c18e8
7026366bbc3b-PG_MCA_CAP1_Cutoff_MH_2025_26__1_.pdf,3133,"Swayamsiddhi Mitra Sangh's College of Management & Research, Thane",0313324110,2025-26,1,Maharashtra,GSEBCH,GSEBCH,HU,44.5345198,percentile,GSEBCH | 16559 | 44.5345198 | Stage-I,40,Home University Seats Allotted to Other Than Home University Candidates,915a6d5adf970e16f9aef3e5ade569961d3cce605d57de005122418599104430
7026366bbc3b-PG_MCA_CAP1_Cutoff_MH_2025_26__1_.pdf,3133,"Swayamsiddhi Mitra Sangh's College of Management & Research, Thane",0313324110,2025-26,1,Maharashtra,GOPENO,GOPENO,HU,82.8308366,percentile,GOPENO | 5838 | 82.8308366 | Stage-I,40,Other Than Home University Seats Allotted to Other Than Home University Candidates,0ed9514e06b5218fbc98fe6ef83c0727252f2ea2dfd2ed93f8a1ef9269caba67
7026366bbc3b-PG_MCA_CAP1_Cutoff_MH_2025_26__1_.pdf,3133,"Swayamsiddhi Mitra Sangh's College of Management & Research, Thane",0313324110,2025-26,1,Maharashtra,GSCO,GSCO,HU,63.1574978,percentile,GSCO | 11599 | 63.1574978 | Stage-I,40,Other Than Home University Seats Allotted to Other Than Home University Candidates,b277027825846d40c24495c17c229cedb0246b43c5daa968db107ba38937ae18
7026366bbc3b-PG_MCA_CAP1_Cutoff_MH_2025_26__1_.pdf,3133,"Swayamsiddhi Mitra Sangh's College of Management & Research, Thane",0313324110,2025-26,1,Maharashtra,GNTCO,GNTCO,HU,25.4779232,percentile,GNTCO | 20989 | 25.4779232 | Stage-I,40,Other Than Home University Seats Allotted to Other Than Home University Candidates,8d5ab38aaaa8015c160954b30cb46f9f1dda72051c28cab40af76b8250c48ba3
7026366bbc3b-PG_MCA_CAP1_Cutoff_MH_2025_26__1_.pdf,3133,"Swayamsiddhi Mitra Sangh's College of Management & Research, Thane",0313324110,2025-26,1,Maharashtra,GOBCO,GOBCO,HU,67.3579428,percentile,GOBCO | 10744 | 67.3579428 | Stage-I,40,Other Than Home University Seats Allotted to Other Than Home University Candidates,bb6de1f7c30677330670132154fd3181623cca52e493dece0b5b803c67345f4a
7026366bbc3b-PG_MCA_CAP1_Cutoff_MH_2025_26__1_.pdf,3133,"Swayamsiddhi Mitra Sangh's College of Management & Research, Thane",0313324110,2025-26,1,Maharashtra,GSEBCO,GSEBCO,HU,46.3793819,percentile,GSEBCO | 16390 | 46.3793819 | Stage-I,40,Other Than Home University Seats Allotted to Other Than Home University Candidates,0e6ae20d8902d3c140beb2be94153728fd534bec2269c4c890a709279a0ca417
7026366bbc3b-PG_MCA_CAP1_Cutoff_MH_2025_26__1_.pdf,3133,"Swayamsiddhi Mitra Sangh's College of Management & Research, Thane",0313324110,2025-26,1,Maharashtra,EWS,EWS,SL,34.5198145,percentile,EWS | 19011 | 34.5198145 | Stage-I,40,Other Than Home University Seats Allotted to Other Than Home University Candidates,bfb646c2a6177142a04b343464c96a7ad2e75165127e02a07bf99669cd448e9f
7026366bbc3b-PG_MCA_CAP1_Cutoff_MH_2025_26__1_.pdf,3133,"Swayamsiddhi Mitra Sangh's College of Management & Research, Thane",0313324110,2025-26,1,Maharashtra,TFWS,TFWS,SL,92.3361383,percentile,TFWS | 2399 | 92.3361383 | Stage-I,40,Other Than Home University Seats Allotted to Other Than Home University Candidates,deee6dafa62ab8c319a166200b8587dab7fbc50252fc239915fecaf1a9e8cbe3
7026366bbc3b-PG_MCA_CAP1_Cutoff_MH_2025_26__1_.pdf,3162,"Bharti Vidyapeeth's Institute of Management & Information Technology, Navi Mumbai",0316224110,2025-26,1,Maharashtra,GOPENH,GOPENH,HU,96.828928,percentile,GOPENH | 938 | 96.828928 | Stage-I,41,Home University Seats Allotted to Home University Candidates,51b89477f1737f93ebf347f2422db7c5cc044828efda24caefa1125cfbf5a09f
7026366bbc3b-PG_MCA_CAP1_Cutoff_MH_2025_26__1_.pdf,3162,"Bharti Vidyapeeth's Institute of Management & Information Technology, Navi Mumbai",0316224110,2025-26,1,Maharashtra,GSCH,GSCH,HU,89.1966341,percentile,GSCH | 3286 | 89.1966341 | Stage-I,41,Home University Seats Allotted to Home University Candidates,42ecf011bc0450390fe82a9fdc77cdf1abe5c557abefa0469d65583a2e0e55e8
7026366bbc3b-PG_MCA_CAP1_Cutoff_MH_2025_26__1_.pdf,3162,"Bharti Vidyapeeth's Institute of Management & Information Technology, Navi Mumbai",0316224110,2025-26,1,Maharashtra,GSTH,GSTH,HU,73.5368477,percentile,GSTH | 9001 | 73.5368477 | Stage-I,41,Home University Seats Allotted to Home University Candidates,62162211ed52647c7675bc8bb869f9051154c295160516d6e0b935bf8e693cb1
7026366bbc3b-PG_MCA_CAP1_Cutoff_MH_2025_26__1_.pdf,3162,"Bharti Vidyapeeth's Institute of Management & Information Technology, Navi Mumbai",0316224110,2025-26,1,Maharashtra,GNTAH,GNTAH,HU,96.392589,percentile,GNTAH | 1015 | 96.392589 | Stage-I,41,Home University Seats Allotted to Home University Candidates,28a7f0f3d5de4ee0cba3f9fa36a97996f25ab102bceed742592b7bb07e6859ff
7026366bbc3b-PG_MCA_CAP1_Cutoff_MH_2025_26__1_.pdf,3162,"Bharti Vidyapeeth's Institute of Management & Information Technology, Navi Mumbai",0316224110,2025-26,1,Maharashtra,GNTBH,GNTBH,HU,89.1966341,percentile,GNTBH | 3515 | 89.1966341 | Stage-I,41,Home University Seats Allotted to Home University Candidates,9acda248616e1f7a81f803055e282568172c16d6cf4e0ed4cee6c61ac29aa8f6
7026366bbc3b-PG_MCA_CAP1_Cutoff_MH_2025_26__1_.pdf,3162,"Bharti Vidyapeeth's Institute of Management & Information Technology, Navi Mumbai",0316224110,2025-26,1,Maharashtra,GNTCH,GNTCH,HU,89.1331398,percentile,GNTCH | 3614 | 89.1331398 | Stage-I,41,Home University Seats Allotted to Home University Candidates,101f03f795077d9a9d15eaa1e84d03942209bda2bcd620e1dcde543a45161eb3
7026366bbc3b-PG_MCA_CAP1_Cutoff_MH_2025_26__1_.pdf,3162,"Bharti Vidyapeeth's Institute of Management & Information Technology, Navi Mumbai",0316224110,2025-26,1,Maharashtra,GNTDH,GNTDH,HU,85.2118788,percentile,GNTDH | 4994 | 85.2118788 | Stage-I,41,Home University Seats Allotted to Home University Candidates,949c47a1e9420bce3758896d982bdf9169520c0ff3a9b7f16a5e434c809c8725
7026366bbc3b-PG_MCA_CAP1_Cutoff_MH_2025_26__1_.pdf,3162,"Bharti Vidyapeeth's Institute of Management & Information Technology, Navi Mumbai",0316224110,2025-26,1,Maharashtra,GOBCH,GOBCH,HU,93.5511867,percentile,GOBCH | 1874 | 93.5511867 | Stage-I,41,Home University Seats Allotted to Home University Candidates,aed9c615ddd19718bc78d6c33eb2ac0faa04549e1ee0c01a1d479ed84420e184
7026366bbc3b-PG_MCA_CAP1_Cutoff_MH_2025_26__1_.pdf,3162,"Bharti Vidyapeeth's Institute of Management & Information Technology, Navi Mumbai",0316224110,2025-26,1,Maharashtra,GSEBCH,GSEBCH,HU,87.2080299,percentile,GSEBCH | 4162 | 87.2080299 | Stage-I,41,Home University Seats Allotted to Home University Candidates,a2f36e90883ddace3c04c25327c3744535c8fb7e056af62a3a01c3156b659140
7026366bbc3b-PG_MCA_CAP1_Cutoff_MH_2025_26__1_.pdf,3162,"Bharti Vidyapeeth's Institute of Management & Information Technology, Navi Mumbai",0316224110,2025-26,1,Maharashtra,PWDOPENH,PWDOPENH,HU,56.5488095,percentile,PWDOPENH | 13583 | 56.5488095 | Stage-I,41,Home University Seats Allotted to Home University Candidates,d01e65ca50257587a369b4936418c2798d309f325e2d006849981edbbeb5865c
7026366bbc3b-PG_MCA_CAP1_Cutoff_MH_2025_26__1_.pdf,3162,"Bharti Vidyapeeth's Institute of Management & Information Technology, Navi Mumbai",0316224110,2025-26,1,Maharashtra,GSTH,GSTH,HU,56.5488095,percentile,GSTH | 13567 | 56.5488095 | Stage-I,41,Home University Seats Allotted to Other Than Home University Candidates,f46f442192230d559ee6954a0f4c6bc4b95350167cd3a139c83c553ca62c9605
7026366bbc3b-PG_MCA_CAP1_Cutoff_MH_2025_26__1_.pdf,3162,"Bharti Vidyapeeth's Institute of Management & Information Technology, Navi Mumbai",0316224110,2025-26,1,Maharashtra,GOPENO,GOPENO,HU,96.1125146,percentile,GOPENO | 1194 | 96.1125146 | Stage-I,41,Other Than Home University Seats Allotted to Other Than Home University Candidates,c2eb7707a19e8f1765d474ab7a7215e847734d1a03c2008492b43ed66a11999b
7026366bbc3b-PG_MCA_CAP1_Cutoff_MH_2025_26__1_.pdf,3162,"Bharti Vidyapeeth's Institute of Management & Information Technology, Navi Mumbai",0316224110,2025-26,1,Maharashtra,GSCO,GSCO,HU,93.5511867,percentile,GSCO | 1937 | 93.5511867 | Stage-I,41,Other Than Home University Seats Allotted to Other Than Home University Candidates,d776cd21b6650a2c66359e9dfba2b78a43c434c48a74d5b7b6c5060bd7071bfd
7026366bbc3b-PG_MCA_CAP1_Cutoff_MH_2025_26__1_.pdf,3162,"Bharti Vidyapeeth's Institute of Management & Information Technology, Navi Mumbai",0316224110,2025-26,1,Maharashtra,GSTO,GSTO,HU,87.3496474,percentile,GSTO | 3935 | 87.3496474 | Stage-I,41,Other Than Home University Seats Allotted to Other Than Home University Candidates,0c97fcca3f3206c62214b767647d000e4e9cec2bf3d9a55c722fb4b98d350ae4
7026366bbc3b-PG_MCA_CAP1_Cutoff_MH_2025_26__1_.pdf,3162,"Bharti Vidyapeeth's Institute of Management & Information Technology, Navi Mumbai",0316224110,2025-26,1,Maharashtra,GNTAO,GNTAO,HU,92.3361383,percentile,GNTAO | 2378 | 92.3361383 | Stage-I,41,Other Than Home University Seats Allotted to Other Than Home University Candidates,54dd56827562fa53d3efa5b9a8e0357af99ba04bacf5c305a15415ec79bb0d05
7026366bbc3b-PG_MCA_CAP1_Cutoff_MH_2025_26__1_.pdf,3162,"Bharti Vidyapeeth's Institute of Management & Information Technology, Navi Mumbai",0316224110,2025-26,1,Maharashtra,GNTCO,GNTCO,HU,92.3361383,percentile,GNTCO | 2326 | 92.3361383 | Stage-I,41,Other Than Home University Seats Allotted to Other Than Home University Candidates,f554d09b4425bf62c594bf90291c2b751bca5588d5589ae8e0ce09e13b3d586d
7026366bbc3b-PG_MCA_CAP1_Cutoff_MH_2025_26__1_.pdf,3162,"Bharti Vidyapeeth's Institute of Management & Information Technology, Navi Mumbai",0316224110,2025-26,1,Maharashtra,GNTDO,GNTDO,HU,89.1331398,percentile,GNTDO | 3553 | 89.1331398 | Stage-I,41,Other Than Home University Seats Allotted to Other Than Home University Candidates,4789a7a1b2000ded1a9af6fb01f80ef733ef08bcdc8799a5f675ac85596c21bd
7026366bbc3b-PG_MCA_CAP1_Cutoff_MH_2025_26__1_.pdf,3162,"Bharti Vidyapeeth's Institute of Management & Information Technology, Navi Mumbai",0316224110,2025-26,1,Maharashtra,GOBCO,GOBCO,HU,94.4270578,percentile,GOBCO | 1769 | 94.4270578 | Stage-I,41,Other Than Home University Seats Allotted to Other Than Home University Candidates,81910bbfd7da9fe8974cbaf6890b2e4758ad4e50d25da95d92fe695031ff8ea0
7026366bbc3b-PG_MCA_CAP1_Cutoff_MH_2025_26__1_.pdf,3162,"Bharti Vidyapeeth's Institute of Management & Information Technology, Navi Mumbai",0316224110,2025-26,1,Maharashtra,GSEBCO,GSEBCO,HU,95.2942951,percentile,GSEBCO | 1446 | 95.2942951 | Stage-I,41,Other Than Home University Seats Allotted to Other Than Home University Candidates,2f93c1441aba9c22c12aebda25855621e60adc777bea2abd150916c355cb169d
7026366bbc3b-PG_MCA_CAP1_Cutoff_MH_2025_26__1_.pdf,3162,"Bharti Vidyapeeth's Institute of Management & Information Technology, Navi Mumbai",0316224110,2025-26,1,Maharashtra,EWS,EWS,SL,80.5399495,percentile,EWS | 6219 | 80.5399495 | Stage-I,41,Other Than Home University Seats Allotted to Other Than Home University Candidates,6f6a4eb64c2c15762732118bd6c68481926d71f0e5338b235ecc4024fe7d0cfc
7026366bbc3b-PG_MCA_CAP1_Cutoff_MH_2025_26__1_.pdf,3162,"Bharti Vidyapeeth's Institute of Management & Information Technology, Navi Mumbai",0316224110,2025-26,1,Maharashtra,TFWS,TFWS,SL,98.0566771,percentile,TFWS | 500 | 98.0566771 | Stage-I,41,Other Than Home University Seats Allotted to Other Than Home University Candidates,ef7966f33f17f0978d136e8253a9a78128a733d01ba2ede9d0cf52c7352974a1
7026366bbc3b-PG_MCA_CAP1_Cutoff_MH_2025_26__1_.pdf,3167,"Mumbai Education Trust's Institute of Computer Science, Bandra (W), Mumbai",0316724110,2025-26,1,Maharashtra,GOPENH,GOPENH,HU,98.3811932,percentile,GOPENH | 400 | 98.3811932 | Stage-I,42,Home University Seats Allotted to Home University Candidates,42e53dc21a327cec9c15c8b68f2e1f53f88faa48fc055c9f4b70194d77125588
7026366bbc3b-PG_MCA_CAP1_Cutoff_MH_2025_26__1_.pdf,3167,"Mumbai Education Trust's Institute of Computer Science, Bandra (W), Mumbai",0316724110,2025-26,1,Maharashtra,GSCH,GSCH,HU,94.6454851,percentile,GSCH | 1509 | 94.6454851 | Stage-I,42,Home University Seats Allotted to Home University Candidates,72b8aa53e23d3636b00c75b2f35f6a27800ec5b124f3f3dbea4822b6318381f7
7026366bbc3b-PG_MCA_CAP1_Cutoff_MH_2025_26__1_.pdf,3167,"Mumbai Education Trust's Institute of Computer Science, Bandra (W), Mumbai",0316724110,2025-26,1,Maharashtra,GNTBH,GNTBH,HU,93.405226,percentile,GNTBH | 2177 | 93.405226 | Stage-I,42,Home University Seats Allotted to Home University Candidates,dfd4d2760a9194b0cde5a9d5f3d8441efde3a6c0878a70a4a48c2c1484a33d6f
7026366bbc3b-PG_MCA_CAP1_Cutoff_MH_2025_26__1_.pdf,3167,"Mumbai Education Trust's Institute of Computer Science, Bandra (W), Mumbai",0316724110,2025-26,1,Maharashtra,GNTCH,GNTCH,HU,96.828928,percentile,GNTCH | 900 | 96.828928 | Stage-I,42,Home University Seats Allotted to Home University Candidates,dcd446a0e12fa4d8de921e0e9d1dbcd37cf85529e9722c599b3e4512d3a914a8
7026366bbc3b-PG_MCA_CAP1_Cutoff_MH_2025_26__1_.pdf,3167,"Mumbai Education Trust's Institute of Computer Science, Bandra (W), Mumbai",0316724110,2025-26,1,Maharashtra,GOBCH,GOBCH,HU,97.6265047,percentile,GOBCH | 631 | 97.6265047 | Stage-I,42,Home University Seats Allotted to Home University Candidates,faae89dd94e1f7b6304c5ccee2ab80f2d2b96bd2de237628c0f9df58475ec9c8
7026366bbc3b-PG_MCA_CAP1_Cutoff_MH_2025_26__1_.pdf,3167,"Mumbai Education Trust's Institute of Computer Science, Bandra (W), Mumbai",0316724110,2025-26,1,Maharashtra,GSEBCH,GSEBCH,HU,94.6454851,percentile,GSEBCH | 1536 | 94.6454851 | Stage-I,42,Home University Seats Allotted to Home University Candidates,0173b9b4946adb6d9d3bb13710f9c8c638c4a44605d69acdb043adf932f1a77d
7026366bbc3b-PG_MCA_CAP1_Cutoff_MH_2025_26__1_.pdf,3167,"Mumbai Education Trust's Institute of Computer Science, Bandra (W), Mumbai",0316724110,2025-26,1,Maharashtra,GNTAH,GNTAH,HU,97.0718086,percentile,GNTAH | 839 | 97.0718086 | Stage-I,42,Home University Seats Allotted to Other Than Home University Candidates,cc8d9df84e63be0e834790ba45120153125d99eb04bfa89e0b0307d8077cd51e
7026366bbc3b-PG_MCA_CAP1_Cutoff_MH_2025_26__1_.pdf,3167,"Mumbai Education Trust's Institute of Computer Science, Bandra (W), Mumbai",0316724110,2025-26,1,Maharashtra,GNTDH,GNTDH,HU,94.4270578,percentile,GNTDH | 1816 | 94.4270578 | Stage-I,42,Home University Seats Allotted to Other Than Home University Candidates,ccc2765fc3edf0686a463c19d91123c458e6616af5714d3f00873a955a3c859d
7026366bbc3b-PG_MCA_CAP1_Cutoff_MH_2025_26__1_.pdf,3167,"Mumbai Education Trust's Institute of Computer Science, Bandra (W), Mumbai",0316724110,2025-26,1,Maharashtra,PWDOPENH,PWDOPENH,HU,27.2744425,percentile,PWDOPENH | 20649 | 27.2744425 | Stage-I,42,Home University Seats Allotted to Other Than Home University Candidates,06a9ae354ec4a5e9bb67451aab790e23fabf361cfd7f23435a5f58e89410b723
7026366bbc3b-PG_MCA_CAP1_Cutoff_MH_2025_26__1_.pdf,3167,"Mumbai Education Trust's Institute of Computer Science, Bandra (W), Mumbai",0316724110,2025-26,1,Maharashtra,GOPENO,GOPENO,HU,98.3811932,percentile,GOPENO | 433 | 98.3811932 | Stage-I,42,Other Than Home University Seats Allotted to Other Than Home University Candidates,baf3071344d0fb2707b189976146093b11470a9a2d60695d5c3b7478d72a87bf
7026366bbc3b-PG_MCA_CAP1_Cutoff_MH_2025_26__1_.pdf,3167,"Mumbai Education Trust's Institute of Computer Science, Bandra (W), Mumbai",0316724110,2025-26,1,Maharashtra,GSCO,GSCO,HU,97.390747,percentile,GSCO | 696 | 97.390747 | Stage-I,42,Other Than Home University Seats Allotted to Other Than Home University Candidates,dbe2c93c58137ce89b9a6ed43f41e86ed26e5472174f62054b1d583e9cab0b44
7026366bbc3b-PG_MCA_CAP1_Cutoff_MH_2025_26__1_.pdf,3167,"Mumbai Education Trust's Institute of Computer Science, Bandra (W), Mumbai",0316724110,2025-26,1,Maharashtra,GSTO,GSTO,HU,71.1549338,percentile,GSTO | 9283 | 71.1549338 | Stage-I,42,Other Than Home University Seats Allotted to Other Than Home University Candidates,627339b40e65e873c6730ff11d74c06bc535904143415498db52b4e4af899e78
7026366bbc3b-PG_MCA_CAP1_Cutoff_MH_2025_26__1_.pdf,3167,"Mumbai Education Trust's Institute of Computer Science, Bandra (W), Mumbai",0316724110,2025-26,1,Maharashtra,GNTBO,GNTBO,HU,96.828928,percentile,GNTBO | 928 | 96.828928 | Stage-I,42,Other Than Home University Seats Allotted to Other Than Home University Candidates,6e537b8971814a8e1f2afa3f9020182af3a15254ba7b54f19ec29c699e0cd890
7026366bbc3b-PG_MCA_CAP1_Cutoff_MH_2025_26__1_.pdf,3167,"Mumbai Education Trust's Institute of Computer Science, Bandra (W), Mumbai",0316724110,2025-26,1,Maharashtra,GOBCO,GOBCO,HU,97.390747,percentile,GOBCO | 693 | 97.390747 | Stage-I,42,Other Than Home University Seats Allotted to Other Than Home University Candidates,6da54529be4eb00ec675376879ac4a1fabb2e7baa1c86532cd076c518b90a7ed
7026366bbc3b-PG_MCA_CAP1_Cutoff_MH_2025_26__1_.pdf,3167,"Mumbai Education Trust's Institute of Computer Science, Bandra (W), Mumbai",0316724110,2025-26,1,Maharashtra,GSEBCO,GSEBCO,HU,98.2089665,percentile,GSEBCO | 446 | 98.2089665 | Stage-I,42,Other Than Home University Seats Allotted to Other Than Home University Candidates,6dfeeeaed44ddaabd3ac040d688e74d8a043648024266d45b11b30ded07d4f6e
7026366bbc3b-PG_MCA_CAP1_Cutoff_MH_2025_26__1_.pdf,3167,"Mumbai Education Trust's Institute of Computer Science, Bandra (W), Mumbai",0316724110,2025-26,1,Maharashtra,EWS,EWS,SL,96.392589,percentile,EWS | 1088 | 96.392589 | Stage-I,42,Other Than Home University Seats Allotted to Other Than Home University Candidates,ae3a32d2d02bc94fef9dbd2307a1706dd7b92f585d3cd8fc24a382ffaf3f7d83
7026366bbc3b-PG_MCA_CAP1_Cutoff_MH_2025_26__1_.pdf,3167,"Mumbai Education Trust's Institute of Computer Science, Bandra (W), Mumbai",0316724110,2025-26,1,Maharashtra,TFWS,TFWS,SL,98.9283423,percentile,TFWS | 256 | 98.9283423 | Stage-I,42,Other Than Home University Seats Allotted to Other Than Home University Candidates,3e7325479ecaeb211f0737ced7cbadce9cfb4e2c3784ef6a7a9f5021ffda514d
7026366bbc3b-PG_MCA_CAP1_Cutoff_MH_2025_26__1_.pdf,3168,"Thakur Institute of Management Studies Career Development & Research, Kandivali (E), Mumbai",0316824110,2025-26,1,Maharashtra,GOPENH,GOPENH,HU,96.1125146,percentile,GOPENH | 1212 | 96.1125146 | Stage-I,43,Home University Seats Allotted to Home University Candidates,dca00bef14a2a85e0de2b3c67be0370d84ebbe1b3d3021553c7315c7e3e39023
7026366bbc3b-PG_MCA_CAP1_Cutoff_MH_2025_26__1_.pdf,3168,"Thakur Institute of Management Studies Career Development & Research, Kandivali (E), Mumbai",0316824110,2025-26,1,Maharashtra,GOPENO,GOPENO,HU,94.6454851,percentile,GOPENO | 1607 | 94.6454851 | Stage-I,43,Other Than Home University Seats Allotted to Other Than Home University Candidates,ddb0b1077b4f260a6cb14bf6278e83975406a0f006b868444561e4d1e3e6ca1d
7026366bbc3b-PG_MCA_CAP1_Cutoff_MH_2025_26__1_.pdf,3168,"Thakur Institute of Management Studies Career Development & Research, Kandivali (E), Mumbai",0316824110,2025-26,1,Maharashtra,TFWS,TFWS,SL,97.0718086,percentile,TFWS | 852 | 97.0718086 | Stage-I,43,Other Than Home University Seats Allotted to Other Than Home University Candidates,1f961435bc63705d99f51803002a66ec0d79db7a6bd6a5c26878544839b9db50
7026366bbc3b-PG_MCA_CAP1_Cutoff_MH_2025_26__1_.pdf,3173,"Deccan Education Society's Navinchandra Mehta Institute of Technology & Development, Dadar, Mumbai",0317324110,2025-26,1,Maharashtra,GOPENH,GOPENH,HU,94.6454851,percentile,GOPENH | 1581 | 94.6454851 | Stage-I,44,Home University Seats Allotted to Home University Candidates,dec7e2fcf3f001b6129b40983312e3ebec4fe222ce54239cb16ba3754bc1b94a
7026366bbc3b-PG_MCA_CAP1_Cutoff_MH_2025_26__1_.pdf,3173,"Deccan Education Society's Navinchandra Mehta Institute of Technology & Development, Dadar, Mumbai",0317324110,2025-26,1,Maharashtra,GSCH,GSCH,HU,87.3496474,percentile,GSCH | 4126 | 87.3496474 | Stage-I,44,Home University Seats Allotted to Home University Candidates,80a696312cf1e36967c5b5a2109aaf0767dc16e67ffafaa594eb6d9e29810758
7026366bbc3b-PG_MCA_CAP1_Cutoff_MH_2025_26__1_.pdf,3173,"Deccan Education Society's Navinchandra Mehta Institute of Technology & Development, Dadar, Mumbai",0317324110,2025-26,1,Maharashtra,GNTBH,GNTBH,HU,73.5368477,percentile,GNTBH | 8879 | 73.5368477 | Stage-I,44,Home University Seats Allotted to Home University Candidates,3027bf4e919d92690bd2c31aa8feb8620a0ddbc625b5d74314d2637225b7b2d1
7026366bbc3b-PG_MCA_CAP1_Cutoff_MH_2025_26__1_.pdf,3173,"Deccan Education Society's Navinchandra Mehta Institute of Technology & Development, Dadar, Mumbai",0317324110,2025-26,1,Maharashtra,GNTCH,GNTCH,HU,74.782248,percentile,GNTCH | 8482 | 74.782248 | Stage-I,44,Home University Seats Allotted to Home University Candidates,29c9914daa9a905f56049e2b92f05feab15011bc2e756150708f4b41c119478d
7026366bbc3b-PG_MCA_CAP1_Cutoff_MH_2025_26__1_.pdf,3173,"Deccan Education Society's Navinchandra Mehta Institute of Technology & Development, Dadar, Mumbai",0317324110,2025-26,1,Maharashtra,GOBCH,GOBCH,HU,80.5399495,percentile,GOBCH | 6138 | 80.5399495 | Stage-I,44,Home University Seats Allotted to Home University Candidates,496952e0f1f8952dffc27b14e92f9aed6ac4024e1a48dfc5cbbb9e07763ab08e
7026366bbc3b-PG_MCA_CAP1_Cutoff_MH_2025_26__1_.pdf,3173,"Deccan Education Society's Navinchandra Mehta Institute of Technology & Development, Dadar, Mumbai",0317324110,2025-26,1,Maharashtra,GSEBCH,GSEBCH,HU,63.1574978,percentile,GSEBCH | 11959 | 63.1574978 | Stage-I,44,Home University Seats Allotted to Home University Candidates,613fb3c526f9736bafd455f25dd898b5f2a0a2b49c3d5899529d82e336d42320
7026366bbc3b-PG_MCA_CAP1_Cutoff_MH_2025_26__1_.pdf,3173,"Deccan Education Society's Navinchandra Mehta Institute of Technology & Development, Dadar, Mumbai",0317324110,2025-26,1,Maharashtra,GNTAH,GNTAH,HU,25.4779232,percentile,GNTAH | 20783 | 25.4779232 | Stage-I,44,Home University Seats Allotted to Other Than Home University Candidates,32cc0e637c11dba36a372f8960cfaf6f93b176ad924ca1fcc797fdd70c51264a
7026366bbc3b-PG_MCA_CAP1_Cutoff_MH_2025_26__1_.pdf,3173,"Deccan Education Society's Navinchandra Mehta Institute of Technology & Development, Dadar, Mumbai",0317324110,2025-26,1,Maharashtra,GNTDH,GNTDH,HU,67.3579428,percentile,GNTDH | 10353 | 67.3579428 | Stage-I,44,Home University Seats Allotted to Other Than Home University Candidates,1040d787e965351d2ca95544e6fc544a9e8c4a443a866f0f7b06b8edb03f972b
7026366bbc3b-PG_MCA_CAP1_Cutoff_MH_2025_26__1_.pdf,3173,"Deccan Education Society's Navinchandra Mehta Institute of Technology & Development, Dadar, Mumbai",0317324110,2025-26,1,Maharashtra,GOPENO,GOPENO,HU,90.7733494,percentile,GOPENO | 3176 | 90.7733494 | Stage-I,44,Other Than Home University Seats Allotted to Other Than Home University Candidates,e471b672d722f66a4f8198a1f809b5bcfb938b4fea396a9ce245c2835404a57c
7026366bbc3b-PG_MCA_CAP1_Cutoff_MH_2025_26__1_.pdf,3173,"Deccan Education Society's Navinchandra Mehta Institute of Technology & Development, Dadar, Mumbai",0317324110,2025-26,1,Maharashtra,GSCO,GSCO,HU,82.9644433,percentile,GSCO | 5294 | 82.9644433 | Stage-I,44,Other Than Home University Seats Allotted to Other Than Home University Candidates,56cec2c116c9b9f5427486e9d7b8b868426f4accc8cf0c1588e8d4e1a0b0f4e5
7026366bbc3b-PG_MCA_CAP1_Cutoff_MH_2025_26__1_.pdf,3173,"Deccan Education Society's Navinchandra Mehta Institute of Technology & Development, Dadar, Mumbai",0317324110,2025-26,1,Maharashtra,GNTAO,GNTAO,HU,67.3579428,percentile,GNTAO | 10344 | 67.3579428 | Stage-I,44,Other Than Home University Seats Allotted to Other Than Home University Candidates,91ffef8ed9a62d495343c39fe83a5687105c5ac257037a7319c62bde4242e40b
7026366bbc3b-PG_MCA_CAP1_Cutoff_MH_2025_26__1_.pdf,3173,"Deccan Education Society's Navinchandra Mehta Institute of Technology & Development, Dadar, Mumbai",0317324110,2025-26,1,Maharashtra,GNTBO,GNTBO,HU,69.7143504,percentile,GNTBO | 9700 | 69.7143504 | Stage-I,44,Other Than Home University Seats Allotted to Other Than Home University Candidates,79c1c84512c0a04884c00e1187f8e9faf0cc4a088f4c8f92e12481bcc9438ea2
7026366bbc3b-PG_MCA_CAP1_Cutoff_MH_2025_26__1_.pdf,3173,"Deccan Education Society's Navinchandra Mehta Institute of Technology & Development, Dadar, Mumbai",0317324110,2025-26,1,Maharashtra,GNTCO,GNTCO,HU,85.2118788,percentile,GNTCO | 4957 | 85.2118788 | Stage-I,44,Other Than Home University Seats Allotted to Other Than Home University Candidates,14b95339f9a77b7a339ae9e32481b9c1255eefd68c06a74abecc81a9a0ba60a5
7026366bbc3b-PG_MCA_CAP1_Cutoff_MH_2025_26__1_.pdf,3173,"Deccan Education Society's Navinchandra Mehta Institute of Technology & Development, Dadar, Mumbai",0317324110,2025-26,1,Maharashtra,GNTDO,GNTDO,HU,85.2118788,percentile,GNTDO | 4905 | 85.2118788 | Stage-I,44,Other Than Home University Seats Allotted to Other Than Home University Candidates,c95354769c2a997c4401f3effa8d47cd541b60907ee63c5cdeb72eec3a31d03a
7026366bbc3b-PG_MCA_CAP1_Cutoff_MH_2025_26__1_.pdf,3173,"Deccan Education Society's Navinchandra Mehta Institute of Technology & Development, Dadar, Mumbai",0317324110,2025-26,1,Maharashtra,GOBCO,GOBCO,HU,87.2080299,percentile,GOBCO | 4342 | 87.2080299 | Stage-I,44,Other Than Home University Seats Allotted to Other Than Home University Candidates,6abd8524059682dda08487512ef99264721ce5436172e4dfc83d9fb8d8adc3ed
7026366bbc3b-PG_MCA_CAP1_Cutoff_MH_2025_26__1_.pdf,3173,"Deccan Education Society's Navinchandra Mehta Institute of Technology & Development, Dadar, Mumbai",0317324110,2025-26,1,Maharashtra,GSEBCO,GSEBCO,HU,69.7143504,percentile,GSEBCO | 9774 | 69.7143504 | Stage-I,44,Other Than Home University Seats Allotted to Other Than Home University Candidates,e2271dd4ad34908d6576b8c88dba1ef9e64433af21b2b9ac10beee59889aa556
7026366bbc3b-PG_MCA_CAP1_Cutoff_MH_2025_26__1_.pdf,3173,"Deccan Education Society's Navinchandra Mehta Institute of Technology & Development, Dadar, Mumbai",0317324110,2025-26,1,Maharashtra,EWS,EWS,SL,56.5488095,percentile,EWS | 13830 | 56.5488095 | Stage-I,44,Other Than Home University Seats Allotted to Other Than Home University Candidates,a8d5bde06cd2073bfee681b41d4dc6158eac3e3e925277ab57c7bc3d2b65e457
7026366bbc3b-PG_MCA_CAP1_Cutoff_MH_2025_26__1_.pdf,3173,"Deccan Education Society's Navinchandra Mehta Institute of Technology & Development, Dadar, Mumbai",0317324110,2025-26,1,Maharashtra,TFWS,TFWS,SL,96.1125146,percentile,TFWS | 1205 | 96.1125146 | Stage-I,44,Other Than Home University Seats Allotted to Other Than Home University Candidates,cc35441eceded9ec0f9b79b4980b682529c983a91d885b813555a1da65ed165f
7026366bbc3b-PG_MCA_CAP1_Cutoff_MH_2025_26__1_.pdf,3176,"Thakur College of Engineering and Technology, Kandivali, Mumbai",0317624210,2025-26,1,Maharashtra,GOPENH,GOPENH,HU,96.1125146,percentile,GOPENH | 1148 | 96.1125146 | Stage-I,45,Home University Seats Allotted to Home University Candidates,c5f9e880d974c736f54687f702a15519d305ac43d3fea9b928784fa51a39feae
7026366bbc3b-PG_MCA_CAP1_Cutoff_MH_2025_26__1_.pdf,3176,"Thakur College of Engineering and Technology, Kandivali, Mumbai",0317624210,2025-26,1,Maharashtra,GOPENO,GOPENO,HU,93.405226,percentile,GOPENO | 2152 | 93.405226 | Stage-I,45,Other Than Home University Seats Allotted to Other Than Home University Candidates,f8069a938b7e930699f1c5f9df70dc2d1378f0691c13d166de3a0b1e0ac0a9cd
7026366bbc3b-PG_MCA_CAP1_Cutoff_MH_2025_26__1_.pdf,3176,"Thakur College of Engineering and Technology, Kandivali, Mumbai",0317624210,2025-26,1,Maharashtra,TFWS,TFWS,SL,97.8055126,percentile,TFWS | 572 | 97.8055126 | Stage-I,45,Other Than Home University Seats Allotted to Other Than Home University Candidates,6bfe5c134004828b4bb73827f898eda35aa41bf665428cec50c97337e8e23bcb
7026366bbc3b-PG_MCA_CAP1_Cutoff_MH_2025_26__1_.pdf,3185,"Vivekanand Education Society's Institute of Technology, Chembur, Mumbai",0318524210,2025-26,1,Maharashtra,GOPENH,GOPENH,HU,98.7632442,percentile,GOPENH | 307 | 98.7632442 | Stage-I,46,Home University Seats Allotted to Home University Candidates,7f52b96dfb3d699bd4f9b5d245fca4112f4ce425cf036b72354c80371508b21c
7026366bbc3b-PG_MCA_CAP1_Cutoff_MH_2025_26__1_.pdf,3185,"Vivekanand Education Society's Institute of Technology, Chembur, Mumbai",0318524210,2025-26,1,Maharashtra,GOPENO,GOPENO,HU,98.7632442,percentile,GOPENO | 294 | 98.7632442 | Stage-I,46,Other Than Home University Seats Allotted to Other Than Home University Candidates,dcfe2cabbc23d0ba5bc14f98bf9a03be928db76b902738baae8730c8e6b2e8b1
7026366bbc3b-PG_MCA_CAP1_Cutoff_MH_2025_26__1_.pdf,3185,"Vivekanand Education Society's Institute of Technology, Chembur, Mumbai",0318524210,2025-26,1,Maharashtra,TFWS,TFWS,SL,99.3736085,percentile,TFWS | 153 | 99.3736085 | Stage-I,46,Other Than Home University Seats Allotted to Other Than Home University Candidates,f13973b0a4e772fcbffd6af48e5ea8098cbe217cd3e6e76f21f1dcb8103ad2b4
7026366bbc3b-PG_MCA_CAP1_Cutoff_MH_2025_26__1_.pdf,3200,"Hope Foundation and research center's Finolex Academy of Management and Technology, Ratnagiri",0320024110,2025-26,1,Maharashtra,GOPENH,GOPENH,HU,79.9969812,percentile,GOPENH | 6592 | 79.9969812 | Stage-I,47,Home University Seats Allotted to Home University Candidates,dd554934edea83215071f0ca01f908ea53e1d708bd525dd13b7e04d43f1d881d
7026366bbc3b-PG_MCA_CAP1_Cutoff_MH_2025_26__1_.pdf,3200,"Hope Foundation and research center's Finolex Academy of Management and Technology, Ratnagiri",0320024110,2025-26,1,Maharashtra,GSCH,GSCH,HU,31.6629561,percentile,GSCH | 19511 | 31.6629561 | Stage-I,47,Home University Seats Allotted to Home University Candidates,d2d8dc872bd4d85dbf25f774fba8fa1333a3cadfdeb636450b269af75ecd24ab
7026366bbc3b-PG_MCA_CAP1_Cutoff_MH_2025_26__1_.pdf,3200,"Hope Foundation and research center's Finolex Academy of Management and Technology, Ratnagiri",0320024110,2025-26,1,Maharashtra,GOBCH,GOBCH,HU,46.3793819,percentile,GOBCH | 16405 | 46.3793819 | Stage-I,47,Home University Seats Allotted to Home University Candidates,54e93eb123fb40dffc9afdca4af0db1eb7a6f48fb333337b98d0cfd55f7b9c38
7026366bbc3b-PG_MCA_CAP1_Cutoff_MH_2025_26__1_.pdf,3200,"Hope Foundation and research center's Finolex Academy of Management and Technology, Ratnagiri",0320024110,2025-26,1,Maharashtra,GOPENO,GOPENO,HU,51.4093808,percentile,GOPENO | 14993 | 51.4093808 | Stage-I,47,Other Than Home University Seats Allotted to Other Than Home University Candidates,fadf56fa2d5ca4c34d7971625620e07335926a5db77573fe0c9acfb5fa6504ca
7026366bbc3b-PG_MCA_CAP1_Cutoff_MH_2025_26__1_.pdf,3200,"Hope Foundation and research center's Finolex Academy of Management and Technology, Ratnagiri",0320024110,2025-26,1,Maharashtra,GSCO,GSCO,HU,44.5345198,percentile,GSCO | 16552 | 44.5345198 | Stage-I,47,Other Than Home University Seats Allotted to Other Than Home University Candidates,2a39f270f60c0d9f254f5527c83acff590ef34482b879b07c5b33fd085bc49a2
7026366bbc3b-PG_MCA_CAP1_Cutoff_MH_2025_26__1_.pdf,3200,"Hope Foundation and research center's Finolex Academy of Management and Technology, Ratnagiri",0320024110,2025-26,1,Maharashtra,GSEBCO,GSEBCO,HU,34.5198145,percentile,GSEBCO | 19223 | 34.5198145 | Stage-I,47,Other Than Home University Seats Allotted to Other Than Home University Candidates,0539b25dca290d8df3d1734a23cf338b02f6dadefd5a8a6a7913002c4116c842
7026366bbc3b-PG_MCA_CAP1_Cutoff_MH_2025_26__1_.pdf,3200,"Hope Foundation and research center's Finolex Academy of Management and Technology, Ratnagiri",0320024110,2025-26,1,Maharashtra,GOBCO,GOBCO,HU,4.067771,percentile,GOBCO | 24926 | 4.067771 | Stage-I,47,Other Than Home University Seats Allotted to Home University Candidates,9b381c908f77c1568f0b0e55fde00ecac2657c71f3ffa0c0fccf45115f6f1485
7026366bbc3b-PG_MCA_CAP1_Cutoff_MH_2025_26__1_.pdf,3200,"Hope Foundation and research center's Finolex Academy of Management and Technology, Ratnagiri",0320024110,2025-26,1,Maharashtra,EWS,EWS,SL,74.782248,percentile,EWS | 8283 | 74.782248 | Stage-I,47,Other Than Home University Seats Allotted to Home University Candidates,acff5be8e2422819cf99023de4323908b2cc772f2e5251677ff9dd49fd18bd51
7026366bbc3b-PG_MCA_CAP1_Cutoff_MH_2025_26__1_.pdf,3200,"Hope Foundation and research center's Finolex Academy of Management and Technology, Ratnagiri",0320024110,2025-26,1,Maharashtra,TFWS,TFWS,SL,92.1797821,percentile,TFWS | 2608 | 92.1797821 | Stage-I,47,Other Than Home University Seats Allotted to Home University Candidates,0b0cd8eb396217b185cfde6fc76e07c0e9b21cf2b9219d99ae64745c4e57eb3d
7026366bbc3b-PG_MCA_CAP1_Cutoff_MH_2025_26__1_.pdf,3215,"Bhartiya Vidya Bhavan's Sardar Patel Institute of Technology , Andheri, Mumbai",0321524110,2025-26,1,Maharashtra,GOPENH,GOPENH,HU,99.6830308,percentile,GOPENH | 78 | 99.6830308 | Stage-I,48,Home University Seats Allotted to Home University Candidates,8eb0fb0de4f69389126eccba09e39cd7a54078b2753e30de4ea6e4a28d82a4b8
7026366bbc3b-PG_MCA_CAP1_Cutoff_MH_2025_26__1_.pdf,3215,"Bhartiya Vidya Bhavan's Sardar Patel Institute of Technology , Andheri, Mumbai",0321524110,2025-26,1,Maharashtra,GSCH,GSCH,HU,97.0718086,percentile,GSCH | 843 | 97.0718086 | Stage-I,48,Home University Seats Allotted to Home University Candidates,61c8d066ebe1c8ed9d640bf5bedaa68936a8037f1d59446a9183808a5e0f74f4
7026366bbc3b-PG_MCA_CAP1_Cutoff_MH_2025_26__1_.pdf,3215,"Bhartiya Vidya Bhavan's Sardar Patel Institute of Technology , Andheri, Mumbai",0321524110,2025-26,1,Maharashtra,GSTH,GSTH,HU,89.1331398,percentile,GSTH | 3747 | 89.1331398 | Stage-I,48,Home University Seats Allotted to Home University Candidates,1b05980ca57b7ad6771a67a7ec0ec1336d06ec59795fef614b5adba2cf517571
7026366bbc3b-PG_MCA_CAP1_Cutoff_MH_2025_26__1_.pdf,3215,"Bhartiya Vidya Bhavan's Sardar Patel Institute of Technology , Andheri, Mumbai",0321524110,2025-26,1,Maharashtra,GNTAH,GNTAH,HU,31.6629561,percentile,GNTAH | 19821 | 31.6629561 | Stage-I,48,Home University Seats Allotted to Home University Candidates,ea36df4f68a1db566aa461b6d3a8c9a163703b80861233e44109bf549ff6cb4c
7026366bbc3b-PG_MCA_CAP1_Cutoff_MH_2025_26__1_.pdf,3215,"Bhartiya Vidya Bhavan's Sardar Patel Institute of Technology , Andheri, Mumbai",0321524110,2025-26,1,Maharashtra,GNTBH,GNTBH,HU,95.5548847,percentile,GNTBH | 1242 | 95.5548847 | Stage-I,48,Home University Seats Allotted to Home University Candidates,2efff1c6501ab49c272b36f40c9d8f3fbbe47ecbe0e5725eab72bd282f8be5be
7026366bbc3b-PG_MCA_CAP1_Cutoff_MH_2025_26__1_.pdf,3215,"Bhartiya Vidya Bhavan's Sardar Patel Institute of Technology , Andheri, Mumbai",0321524110,2025-26,1,Maharashtra,GNTCH,GNTCH,HU,98.0566771,percentile,GNTCH | 537 | 98.0566771 | Stage-I,48,Home University Seats Allotted to Home University Candidates,710b3bd684c146d57ac98157af8cf2e64e52d7f1c1d739525ce70e7a31095561
7026366bbc3b-PG_MCA_CAP1_Cutoff_MH_2025_26__1_.pdf,3215,"Bhartiya Vidya Bhavan's Sardar Patel Institute of Technology , Andheri, Mumbai",0321524110,2025-26,1,Maharashtra,GOBCH,GOBCH,HU,98.6717482,percentile,GOBCH | 336 | 98.6717482 | Stage-I,48,Home University Seats Allotted to Home University Candidates,412cd36cb6a00cfbf669ee0c40417372a1dc77efadc1493a8579d8686a39d62d
7026366bbc3b-PG_MCA_CAP1_Cutoff_MH_2025_26__1_.pdf,3215,"Bhartiya Vidya Bhavan's Sardar Patel Institute of Technology , Andheri, Mumbai",0321524110,2025-26,1,Maharashtra,GSEBCH,GSEBCH,HU,96.1125146,percentile,GSEBCH | 1200 | 96.1125146 | Stage-I,48,Home University Seats Allotted to Home University Candidates,e15df9a30ceb69b6624e007efb9fcac4071a0885e7c19b3eefc2334674d437f7
7026366bbc3b-PG_MCA_CAP1_Cutoff_MH_2025_26__1_.pdf,3215,"Bhartiya Vidya Bhavan's Sardar Patel Institute of Technology , Andheri, Mumbai",0321524110,2025-26,1,Maharashtra,PWDOPENH,PWDOPENH,HU,93.405226,percentile,PWDOPENH | 2061 | 93.405226 | Stage-I,48,Home University Seats Allotted to Home University Candidates,1b69d9e1c1d6c30845b7440e5301231f3a22802ee5b0063e9302f49d09b90153
7026366bbc3b-PG_MCA_CAP1_Cutoff_MH_2025_26__1_.pdf,3215,"Bhartiya Vidya Bhavan's Sardar Patel Institute of Technology , Andheri, Mumbai",0321524110,2025-26,1,Maharashtra,GNTDH,GNTDH,HU,96.828928,percentile,GNTDH | 943 | 96.828928 | Stage-I,48,Home University Seats Allotted to Other Than Home University Candidates,92aa508e952b203d9f6323a9e961c9107a2645cc42e86e80b056a636cf56210f
7026366bbc3b-PG_MCA_CAP1_Cutoff_MH_2025_26__1_.pdf,3215,"Bhartiya Vidya Bhavan's Sardar Patel Institute of Technology , Andheri, Mumbai",0321524110,2025-26,1,Maharashtra,PWDROBCH,PWDROBCH,HU,56.5488095,percentile,PWDROBCH | 13850 | 56.5488095 | Stage-I,48,Home University Seats Allotted to Other Than Home University Candidates,8f5feb0752ad692db8e43dfcf7b8f6d692ccebe277aa582e7eeadd0aba79b9ce
7026366bbc3b-PG_MCA_CAP1_Cutoff_MH_2025_26__1_.pdf,3215,"Bhartiya Vidya Bhavan's Sardar Patel Institute of Technology , Andheri, Mumbai",0321524110,2025-26,1,Maharashtra,GOPENO,GOPENO,HU,99.5434135,percentile,GOPENO | 103 | 99.5434135 | Stage-I,48,Other Than Home University Seats Allotted to Other Than Home University Candidates,111a5b57d37d6677dfdea7ff4cabedfe3aa4dc6b1a92fc9cd6e67077f9788cbd
7026366bbc3b-PG_MCA_CAP1_Cutoff_MH_2025_26__1_.pdf,3215,"Bhartiya Vidya Bhavan's Sardar Patel Institute of Technology , Andheri, Mumbai",0321524110,2025-26,1,Maharashtra,GSCO,GSCO,HU,97.8055126,percentile,GSCO | 564 | 97.8055126 | Stage-I,48,Other Than Home University Seats Allotted to Other Than Home University Candidates,709e1b872432a454e6361ae0fb5d14364878015a12e6c8d72e478720e5bf9190
7026366bbc3b-PG_MCA_CAP1_Cutoff_MH_2025_26__1_.pdf,3215,"Bhartiya Vidya Bhavan's Sardar Patel Institute of Technology , Andheri, Mumbai",0321524110,2025-26,1,Maharashtra,GSTO,GSTO,HU,97.6265047,percentile,GSTO | 638 | 97.6265047 | Stage-I,48,Other Than Home University Seats Allotted to Other Than Home University Candidates,e4bfbab7d234aff59da29bc6728e384da85c443c924197e65243ec1f4e4182b1
7026366bbc3b-PG_MCA_CAP1_Cutoff_MH_2025_26__1_.pdf,3215,"Bhartiya Vidya Bhavan's Sardar Patel Institute of Technology , Andheri, Mumbai",0321524110,2025-26,1,Maharashtra,GNTBO,GNTBO,HU,99.5434135,percentile,GNTBO | 108 | 99.5434135 | Stage-I,48,Other Than Home University Seats Allotted to Other Than Home University Candidates,9422cf40e41c6fe0e0bd2beff805d8217439f6936423558ec7436c7f471a24e0
7026366bbc3b-PG_MCA_CAP1_Cutoff_MH_2025_26__1_.pdf,3215,"Bhartiya Vidya Bhavan's Sardar Patel Institute of Technology , Andheri, Mumbai",0321524110,2025-26,1,Maharashtra,GNTDO,GNTDO,HU,96.828928,percentile,GNTDO | 921 | 96.828928 | Stage-I,48,Other Than Home University Seats Allotted to Other Than Home University Candidates,255718f2f87cb5971dbe824014aa473d00174b0e8653e4a836fa22fbccd1544f
7026366bbc3b-PG_MCA_CAP1_Cutoff_MH_2025_26__1_.pdf,3215,"Bhartiya Vidya Bhavan's Sardar Patel Institute of Technology , Andheri, Mumbai",0321524110,2025-26,1,Maharashtra,GOBCO,GOBCO,HU,99.3740809,percentile,GOBCO | 144 | 99.3740809 | Stage-I,48,Other Than Home University Seats Allotted to Other Than Home University Candidates,aa42ee6040512abe61a0c8cbd43332057a982c6d138e45a11fab213e5764e3ec
7026366bbc3b-PG_MCA_CAP1_Cutoff_MH_2025_26__1_.pdf,3215,"Bhartiya Vidya Bhavan's Sardar Patel Institute of Technology , Andheri, Mumbai",0321524110,2025-26,1,Maharashtra,GSEBCO,GSEBCO,HU,99.008333,percentile,GSEBCO | 223 | 99.008333 | Stage-I,48,Other Than Home University Seats Allotted to Other Than Home University Candidates,2ab1bbd31f6a8bd9d3c0a6a6df0dcf1242f3a8b93bffdba0b26ff9d2ceb4bb8d
7026366bbc3b-PG_MCA_CAP1_Cutoff_MH_2025_26__1_.pdf,3215,"Bhartiya Vidya Bhavan's Sardar Patel Institute of Technology , Andheri, Mumbai",0321524110,2025-26,1,Maharashtra,EWS,EWS,SL,99.008333,percentile,EWS | 234 | 99.008333 | Stage-I,48,Other Than Home University Seats Allotted to Other Than Home University Candidates,9b93806dda32837c33e7a6f1c153b635d98ae69b77410aac5fdcc554ca6c9322
7026366bbc3b-PG_MCA_CAP1_Cutoff_MH_2025_26__1_.pdf,3215,"Bhartiya Vidya Bhavan's Sardar Patel Institute of Technology , Andheri, Mumbai",0321524110,2025-26,1,Maharashtra,TFWS,TFWS,SL,99.7547262,percentile,TFWS | 42 | 99.7547262 | Stage-I,48,Other Than Home University Seats Allotted to Other Than Home University Candidates,66f37a2bd32940a0dd1d8550fd9cffaa2d5506db15e3bc60597bef14d09073b3
7026366bbc3b-PG_MCA_CAP1_Cutoff_MH_2025_26__1_.pdf,3216,"Gharda Foundation's Gharda Institute of Technology,Khed, Ratnagiri",0321624210,2025-26,1,Maharashtra,GOPENH,GOPENH,HU,65.8578922,percentile,GOPENH | 11046 | 65.8578922 | Stage-I,49,Home University Seats Allotted to Home University Candidates,95dc81449ceb7c5419fbddd1f53fcb033adffd96a71166af555abd23c4b8fd30
7026366bbc3b-PG_MCA_CAP1_Cutoff_MH_2025_26__1_.pdf,3216,"Gharda Foundation's Gharda Institute of Technology,Khed, Ratnagiri",0321624210,2025-26,1,Maharashtra,GNTBH,GNTBH,HU,44.5345198,percentile,GNTBH | 16875 | 44.5345198 | Stage-I,49,Home University Seats Allotted to Home University Candidates,738e8d27eaf2c26fa024d67fbaaa0bf2208c05cdba8862c564adfb3f0f0ee760
7026366bbc3b-PG_MCA_CAP1_Cutoff_MH_2025_26__1_.pdf,3216,"Gharda Foundation's Gharda Institute of Technology,Khed, Ratnagiri",0321624210,2025-26,1,Maharashtra,GOBCH,GOBCH,HU,29.9046039,percentile,GOBCH | 20103 | 29.9046039 | Stage-I,49,Home University Seats Allotted to Home University Candidates,446f7e7ee7fb5ad8296127514d3fa32f16bd9e90be8b72e9f2ab0b6fc42701f5
7026366bbc3b-PG_MCA_CAP1_Cutoff_MH_2025_26__1_.pdf,3216,"Gharda Foundation's Gharda Institute of Technology,Khed, Ratnagiri",0321624210,2025-26,1,Maharashtra,GSEBCH,GSEBCH,HU,58.7911466,percentile,GSEBCH | 13027 | 58.7911466 | Stage-I,49,Home University Seats Allotted to Home University Candidates,9fb4c8fd50b17a62595e18e856ad728bfe2ae16643ea7873000f95e41e629ac6
7026366bbc3b-PG_MCA_CAP1_Cutoff_MH_2025_26__1_.pdf,3216,"Gharda Foundation's Gharda Institute of Technology,Khed, Ratnagiri",0321624210,2025-26,1,Maharashtra,GOPENO,GOPENO,HU,25.4779232,percentile,GOPENO | 21175 | 25.4779232 | Stage-I,49,Other Than Home University Seats Allotted to Other Than Home University Candidates,06a2e810c216f2a89e8d41c82e9e8659de4d11fb510706588e9a2358aebd2a36
7026366bbc3b-PG_MCA_CAP1_Cutoff_MH_2025_26__1_.pdf,3216,"Gharda Foundation's Gharda Institute of Technology,Khed, Ratnagiri",0321624210,2025-26,1,Maharashtra,TFWS,TFWS,SL,12.4750009,percentile,TFWS | 23512 | 12.4750009 | Stage-I,49,Other Than Home University Seats Allotted to Other Than Home University Candidates,781d5403126cac7a7551b8f0a0dcdddfe6a7420088ae6c66696a07de7d0c4b54
7026366bbc3b-PG_MCA_CAP1_Cutoff_MH_2025_26__1_.pdf,3218,"Aldel Education Trust's St. John College of Engineering & Management, Vevoor, Palghar",0321824110,2025-26,1,Maharashtra,GOPENH,GOPENH,HU,73.5368477,percentile,GOPENH | 8930 | 73.5368477 | Stage-I,50,Home University Seats Allotted to Home University Candidates,319da3d352322c612717bee116a263cff53223a95e6787d23543c812ca3f1520
7026366bbc3b-PG_MCA_CAP1_Cutoff_MH_2025_26__1_.pdf,3218,"Aldel Education Trust's St. John College of Engineering & Management, Vevoor, Palghar",0321824110,2025-26,1,Maharashtra,GOPENO,GOPENO,HU,41.4550394,percentile,GOPENO | 17256 | 41.4550394 | Stage-I,50,Other Than Home University Seats Allotted to Other Than Home University Candidates,2bfa0671e8bf226e7825fe1f78955475d56df3fc891e33967e855deff62ba02c
7026366bbc3b-PG_MCA_CAP1_Cutoff_MH_2025_26__1_.pdf,3218,"Aldel Education Trust's St. John College of Engineering & Management, Vevoor, Palghar",0321824110,2025-26,1,Maharashtra,TFWS,TFWS,SL,85.2118788,percentile,TFWS | 5210 | 85.2118788 | Stage-I,50,Other Than Home University Seats Allotted to Other Than Home University Candidates,6ae57877dc12960ea94b2019f399767eaac43ddb5ead45f0c8e3c1f2c754f8e9
7026366bbc3b-PG_MCA_CAP1_Cutoff_MH_2025_26__1_.pdf,3221,"Vishnu Waman Thakur Charitable Trust's VIVA Institute of Technology, Virar",0322124110,2025-26,1,Maharashtra,GOPENH,GOPENH,HU,85.3851665,percentile,GOPENH | 4779 | 85.3851665 | Stage-I,51,Home University Seats Allotted to Home University Candidates,b7a267864a1f7d062febde29263908ec641e07cf493de644277bbfad3654f084
7026366bbc3b-PG_MCA_CAP1_Cutoff_MH_2025_26__1_.pdf,3221,"Vishnu Waman Thakur Charitable Trust's VIVA Institute of Technology, Virar",0322124110,2025-26,1,Maharashtra,GSCH,GSCH,HU,41.4550394,percentile,GSCH | 17498 | 41.4550394 | Stage-I,51,Home University Seats Allotted to Home University Candidates,1304684537543d0898105e76a8d934b42f23b92d4e4ebb5f23ed8d1062832726
7026366bbc3b-PG_MCA_CAP1_Cutoff_MH_2025_26__1_.pdf,3221,"Vishnu Waman Thakur Charitable Trust's VIVA Institute of Technology, Virar",0322124110,2025-26,1,Maharashtra,GNTAH,GNTAH,HU,46.3793819,percentile,GNTAH | 16418 | 46.3793819 | Stage-I,51,Home University Seats Allotted to Home University Candidates,f51b1f0dd296c11b8b515d12d04209158edb3affab397eb1dce7975d10a13b81
7026366bbc3b-PG_MCA_CAP1_Cutoff_MH_2025_26__1_.pdf,3221,"Vishnu Waman Thakur Charitable Trust's VIVA Institute of Technology, Virar",0322124110,2025-26,1,Maharashtra,GNTCH,GNTCH,HU,65.8578922,percentile,GNTCH | 11214 | 65.8578922 | Stage-I,51,Home University Seats Allotted to Home University Candidates,44b5478b0fe1b56b96406fa1652157e50cde000443d4db745392d54b058c7638
7026366bbc3b-PG_MCA_CAP1_Cutoff_MH_2025_26__1_.pdf,3221,"Vishnu Waman Thakur Charitable Trust's VIVA Institute of Technology, Virar",0322124110,2025-26,1,Maharashtra,GOBCH,GOBCH,HU,58.7911466,percentile,GOBCH | 12828 | 58.7911466 | Stage-I,51,Home University Seats Allotted to Home University Candidates,f5707edd72cc2c5b5f411012b2634f48f121dd9490b8bac363dd31331f935f82
7026366bbc3b-PG_MCA_CAP1_Cutoff_MH_2025_26__1_.pdf,3221,"Vishnu Waman Thakur Charitable Trust's VIVA Institute of Technology, Virar",0322124110,2025-26,1,Maharashtra,GOPENO,GOPENO,HU,71.1549338,percentile,GOPENO | 9408 | 71.1549338 | Stage-I,51,Other Than Home University Seats Allotted to Other Than Home University Candidates,346605efb3fefde1ce3681c05ef13fc24260ab7d4975fa882a1014d512a691f2
7026366bbc3b-PG_MCA_CAP1_Cutoff_MH_2025_26__1_.pdf,3221,"Vishnu Waman Thakur Charitable Trust's VIVA Institute of Technology, Virar",0322124110,2025-26,1,Maharashtra,GOBCO,GOBCO,HU,41.4550394,percentile,GOBCO | 17120 | 41.4550394 | Stage-I,51,Other Than Home University Seats Allotted to Other Than Home University Candidates,85636b31d667158e006c5c31492de17422391955bccaa7b57758884f801e9cbd
7026366bbc3b-PG_MCA_CAP1_Cutoff_MH_2025_26__1_.pdf,3221,"Vishnu Waman Thakur Charitable Trust's VIVA Institute of Technology, Virar",0322124110,2025-26,1,Maharashtra,GSCO,GSCO,HU,12.4750009,percentile,GSCO | 23648 | 12.4750009 | Stage-I,51,Other Than Home University Seats Allotted to Home University Candidates,6edcc147575d2014e53eccd2e0acf38f49dfa04142dda799aab7e28b3b64a0b8
7026366bbc3b-PG_MCA_CAP1_Cutoff_MH_2025_26__1_.pdf,3221,"Vishnu Waman Thakur Charitable Trust's VIVA Institute of Technology, Virar",0322124110,2025-26,1,Maharashtra,GNTCO,GNTCO,HU,9.7430286,percentile,GNTCO | 24018 | 9.7430286 | Stage-I,51,Other Than Home University Seats Allotted to Home University Candidates,71facfc4946df9b2174ba3e9bc37aada0d7c8a21f8539c73a42cde0d1c850aeb
7026366bbc3b-PG_MCA_CAP1_Cutoff_MH_2025_26__1_.pdf,3221,"Vishnu Waman Thakur Charitable Trust's VIVA Institute of Technology, Virar",0322124110,2025-26,1,Maharashtra,EWS,EWS,SL,67.3579428,percentile,EWS | 10393 | 67.3579428 | Stage-I,51,Other Than Home University Seats Allotted to Home University Candidates,70c78bbe1d92975a0c024f64cf02b5ec92b521168b7888362e56c4f007a700e6
7026366bbc3b-PG_MCA_CAP1_Cutoff_MH_2025_26__1_.pdf,3221,"Vishnu Waman Thakur Charitable Trust's VIVA Institute of Technology, Virar",0322124110,2025-26,1,Maharashtra,TFWS,TFWS,SL,89.1966341,percentile,TFWS | 3391 | 89.1966341 | Stage-I,51,Other Than Home University Seats Allotted to Home University Candidates,607ddc8006f5794820f40243c33cdb09052509b33e67fd27c6a161690fb2c38e
7026366bbc3b-PG_MCA_CAP1_Cutoff_MH_2025_26__1_.pdf,3223,"Mahatma Education Society's Pillai HOC College of Engineering & Technology, Tal. Khalapur. Dist. Raigad",0322324210,2025-26,1,Maharashtra,GOPENH,GOPENH,HU,82.9644433,percentile,GOPENH | 5393 | 82.9644433 | Stage-I,52,Home University Seats Allotted to Home University Candidates,51e8a2e934837dcbec4fd8d4f25eeb0d2167d90c33d888ddbef4a6b8bc3554ba
7026366bbc3b-PG_MCA_CAP1_Cutoff_MH_2025_26__1_.pdf,3223,"Mahatma Education Society's Pillai HOC College of Engineering & Technology, Tal. Khalapur. Dist. Raigad",0322324210,2025-26,1,Maharashtra,GOPENO,GOPENO,HU,23.1010151,percentile,GOPENO | 21614 | 23.1010151 | Stage-I,52,Other Than Home University Seats Allotted to Other Than Home University Candidates,ad089cdb22298f7467b462c0404d6d9562e1c69aa74f9889f4b7db4722476cb9
7026366bbc3b-PG_MCA_CAP1_Cutoff_MH_2025_26__1_.pdf,3223,"Mahatma Education Society's Pillai HOC College of Engineering & Technology, Tal. Khalapur. Dist. Raigad",0322324210,2025-26,1,Maharashtra,GOPENO,GOPENO,HU,82.9644433,percentile,GOPENO | 5489 | 82.9644433 | Stage-I,52,Other Than Home University Seats Allotted to Home University Candidates,df2b8046992c7faa8955ef1eb24a02040a0792c4ac003005387fe15dd7d9d5f1
7026366bbc3b-PG_MCA_CAP1_Cutoff_MH_2025_26__1_.pdf,3223,"Mahatma Education Society's Pillai HOC College of Engineering & Technology, Tal. Khalapur. Dist. Raigad",0322324210,2025-26,1,Maharashtra,TFWS,TFWS,SL,85.3851665,percentile,TFWS | 4605 | 85.3851665 | Stage-I,52,Other Than Home University Seats Allotted to Home University Candidates,3b780eb1cc380e201023247d2efa33af995952e82238ea6bc9b7d296b53efb87
7026366bbc3b-PG_MCA_CAP1_Cutoff_MH_2025_26__1_.pdf,3438,"Aditya Institute of Management Studies & Research, Borivali",0343824110,2025-26,1,Maharashtra,GOPENH,GOPENH,HU,92.3361383,percentile,GOPENH | 2225 | 92.3361383 | Stage-I,54,Home University Seats Allotted to Home University Candidates,07162a748b903c79df86054eec29b16b0effa1ddfeac2565c2034ac3a5fb7f58
7026366bbc3b-PG_MCA_CAP1_Cutoff_MH_2025_26__1_.pdf,3438,"Aditya Institute of Management Studies & Research, Borivali",0343824110,2025-26,1,Maharashtra,GOPENO,GOPENO,HU,89.1331398,percentile,GOPENO | 3610 | 89.1331398 | Stage-I,54,Other Than Home University Seats Allotted to Other Than Home University Candidates,249939f6f7c7de2e6676f8c1c043cd2f5bb59a5fe19121128d6cb090bf52bcc3
7026366bbc3b-PG_MCA_CAP1_Cutoff_MH_2025_26__1_.pdf,3438,"Aditya Institute of Management Studies & Research, Borivali",0343824110,2025-26,1,Maharashtra,TFWS,TFWS,SL,95.5548847,percentile,TFWS | 1354 | 95.5548847 | Stage-I,54,Other Than Home University Seats Allotted to Other Than Home University Candidates,9c825fe2eb35502557c79df385046d98947e79c645a7a70c537baab742a88044
7026366bbc3b-PG_MCA_CAP1_Cutoff_MH_2025_26__1_.pdf,3539,"St. Wilfred's College of Computer Sciences, Mira Road(E)",0353924110,2025-26,1,Maharashtra,GOPENH,GOPENH,HU,74.782248,percentile,GOPENH | 8123 | 74.782248 | Stage-I,55,Home University Seats Allotted to Home University Candidates,97257f58d0f5515f5885b39673c2c9ab664cc12d6789631ad299b8e3fd89fd8d
7026366bbc3b-PG_MCA_CAP1_Cutoff_MH_2025_26__1_.pdf,3539,"St. Wilfred's College of Computer Sciences, Mira Road(E)",0353924110,2025-26,1,Maharashtra,GSCH,GSCH,HU,46.3793819,percentile,GSCH | 16263 | 46.3793819 | Stage-I,55,Home University Seats Allotted to Home University Candidates,8bcc8923d7d5bc8b1627675896839b306888519d892bff01c3c2a56fb562f833
7026366bbc3b-PG_MCA_CAP1_Cutoff_MH_2025_26__1_.pdf,3539,"St. Wilfred's College of Computer Sciences, Mira Road(E)",0353924110,2025-26,1,Maharashtra,GNTDH,GNTDH,HU,44.5345198,percentile,GNTDH | 17035 | 44.5345198 | Stage-I,55,Home University Seats Allotted to Home University Candidates,562b1431e5ca6252c35aca3e418176a7da6545cdc81591866fbcde03fcd6fe58
7026366bbc3b-PG_MCA_CAP1_Cutoff_MH_2025_26__1_.pdf,3539,"St. Wilfred's College of Computer Sciences, Mira Road(E)",0353924110,2025-26,1,Maharashtra,GOBCH,GOBCH,HU,25.4779232,percentile,GOBCH | 21124 | 25.4779232 | Stage-I,55,Home University Seats Allotted to Home University Candidates,1b753766c5a004d48755f006e4885eb681ab938f0a29790f93473da00ad76cbf
7026366bbc3b-PG_MCA_CAP1_Cutoff_MH_2025_26__1_.pdf,3539,"St. Wilfred's College of Computer Sciences, Mira Road(E)",0353924110,2025-26,1,Maharashtra,GOPENO,GOPENO,HU,61.2807064,percentile,GOPENO | 12427 | 61.2807064 | Stage-I,55,Other Than Home University Seats Allotted to Other Than Home University Candidates,fb4b30b365b4a9511614307caf0a0063a289670857b6bc211ed8ba910268d3dd
7026366bbc3b-PG_MCA_CAP1_Cutoff_MH_2025_26__1_.pdf,3539,"St. Wilfred's College of Computer Sciences, Mira Road(E)",0353924110,2025-26,1,Maharashtra,GSCO,GSCO,HU,9.7430286,percentile,GSCO | 23973 | 9.7430286 | Stage-I,55,Other Than Home University Seats Allotted to Other Than Home University Candidates,253e762e848ef470dee2e2dfeb81e81fbd4a0b5bd48c9bc0a87542b9dd7f2878
7026366bbc3b-PG_MCA_CAP1_Cutoff_MH_2025_26__1_.pdf,3539,"St. Wilfred's College of Computer Sciences, Mira Road(E)",0353924110,2025-26,1,Maharashtra,GOBCO,GOBCO,HU,15.5994113,percentile,GOBCO | 23079 | 15.5994113 | Stage-I,55,Other Than Home University Seats Allotted to Other Than Home University Candidates,2e35d5bb6f67d1130bebad1ebb8aaa2b04ef53dcc669f610b46941ba335cd23f
7026366bbc3b-PG_MCA_CAP1_Cutoff_MH_2025_26__1_.pdf,3651,KANDIVLI EDUCATION SOCIETY'S B K SHROFF COLLEGE OF ARTS AND M H SHROFF COLLEGE OF COMMERCE,0365124110,2025-26,1,Maharashtra,GOPENH,GOPENH,HU,90.9663786,percentile,GOPENH | 2887 | 90.9663786 | Stage-I,56,Home University Seats Allotted to Home University Candidates,d0eb2277ed872d85c2b4099ea8827c97ddd468c2226b1b750b37104463cbb1a5
7026366bbc3b-PG_MCA_CAP1_Cutoff_MH_2025_26__1_.pdf,3651,KANDIVLI EDUCATION SOCIETY'S B K SHROFF COLLEGE OF ARTS AND M H SHROFF COLLEGE OF COMMERCE,0365124110,2025-26,1,Maharashtra,GOPENO,GOPENO,HU,74.782248,percentile,GOPENO | 8128 | 74.782248 | Stage-I,56,Other Than Home University Seats Allotted to Other Than Home University Candidates,ca7e4b3bf86473590f9fd1d7fabb48c1fcc22d5997762a142b5675749a770814
7026366bbc3b-PG_MCA_CAP1_Cutoff_MH_2025_26__1_.pdf,3651,KANDIVLI EDUCATION SOCIETY'S B K SHROFF COLLEGE OF ARTS AND M H SHROFF COLLEGE OF COMMERCE,0365124110,2025-26,1,Maharashtra,TFWS,TFWS,SL,92.3361383,percentile,TFWS | 2388 | 92.3361383 | Stage-I,56,Other Than Home University Seats Allotted to Other Than Home University Candidates,4887abaea426ffbcdac9959612c1bfdfac118b63dcea8a1a556864aaed4e563c
7026366bbc3b-PG_MCA_CAP1_Cutoff_MH_2025_26__1_.pdf,4003,"Inter Institutional Computer Center and Dept. of Computer Science & Electronics, RTM Nagpur University",0400324110,2025-26,1,Maharashtra,GOPENH,GOPENH,HU,92.1797821,percentile,GOPENH | 2587 | 92.1797821 | Stage-I,57,Home University Seats Allotted to Home University Candidates,e935b6db0d43bcf9f2253b745a6348d844958fbb521d8e93490c7888765da097
7026366bbc3b-PG_MCA_CAP1_Cutoff_MH_2025_26__1_.pdf,4003,"Inter Institutional Computer Center and Dept. of Computer Science & Electronics, RTM Nagpur University",0400324110,2025-26,1,Maharashtra,GSCH,GSCH,HU,89.1331398,percentile,GSCH | 3619 | 89.1331398 | Stage-I,57,Home University Seats Allotted to Home University Candidates,8815a59989d05e1a269a804c027796bec1cdc2a2fd2373dd24fbba4b5cf9fc10
7026366bbc3b-PG_MCA_CAP1_Cutoff_MH_2025_26__1_.pdf,4003,"Inter Institutional Computer Center and Dept. of Computer Science & Electronics, RTM Nagpur University",0400324110,2025-26,1,Maharashtra,GSTH,GSTH,HU,39.3989669,percentile,GSTH | 18216 | 39.3989669 | Stage-I,57,Home University Seats Allotted to Home University Candidates,00e7dde29fcf576670213259b77c0090788ac73f5a3f8bf32bedb475d6323935
7026366bbc3b-PG_MCA_CAP1_Cutoff_MH_2025_26__1_.pdf,4003,"Inter Institutional Computer Center and Dept. of Computer Science & Electronics, RTM Nagpur University",0400324110,2025-26,1,Maharashtra,GNTAH,GNTAH,HU,49.3533426,percentile,GNTAH | 15823 | 49.3533426 | Stage-I,57,Home University Seats Allotted to Home University Candidates,db3442023e5787261dc135fa2dd2cc774a95b8f38171319d9963163aa022ec3f
7026366bbc3b-PG_MCA_CAP1_Cutoff_MH_2025_26__1_.pdf,4003,"Inter Institutional Computer Center and Dept. of Computer Science & Electronics, RTM Nagpur University",0400324110,2025-26,1,Maharashtra,GNTCH,GNTCH,HU,46.3793819,percentile,GNTCH | 16284 | 46.3793819 | Stage-I,57,Home University Seats Allotted to Home University Candidates,be50028af25dde761949257a9bbc8668edb49561afad52dda697631e9cce42cd
7026366bbc3b-PG_MCA_CAP1_Cutoff_MH_2025_26__1_.pdf,4003,"Inter Institutional Computer Center and Dept. of Computer Science & Electronics, RTM Nagpur University",0400324110,2025-26,1,Maharashtra,GOBCH,GOBCH,HU,90.7733494,percentile,GOBCH | 3045 | 90.7733494 | Stage-I,57,Home University Seats Allotted to Home University Candidates,c40cca92b2175b8c3776b5d7903c2a43e6dd2c50c019546931fe711c4e727d49
7026366bbc3b-PG_MCA_CAP1_Cutoff_MH_2025_26__1_.pdf,4003,"Inter Institutional Computer Center and Dept. of Computer Science & Electronics, RTM Nagpur University",0400324110,2025-26,1,Maharashtra,GSEBCH,GSEBCH,HU,53.942159,percentile,GSEBCH | 14058 | 53.942159 | Stage-I,57,Home University Seats Allotted to Home University Candidates,902b92d99f02b8bf88b15c50bfe4cf8d822ce6c11899cffba789a3d52d49e737
7026366bbc3b-PG_MCA_CAP1_Cutoff_MH_2025_26__1_.pdf,4003,"Inter Institutional Computer Center and Dept. of Computer Science & Electronics, RTM Nagpur University",0400324110,2025-26,1,Maharashtra,GSEBCH,GSEBCH,HU,56.5488095,percentile,GSEBCH | 13508 | 56.5488095 | Stage-I,57,Home University Seats Allotted to Other Than Home University Candidates,a7eb60662ae0c4dd9a99910b9dd133e7e71f1cb359bda35c891a8f4b8b123361
7026366bbc3b-PG_MCA_CAP1_Cutoff_MH_2025_26__1_.pdf,4003,"Inter Institutional Computer Center and Dept. of Computer Science & Electronics, RTM Nagpur University",0400324110,2025-26,1,Maharashtra,GOPENO,GOPENO,HU,95.5548847,percentile,GOPENO | 1314 | 95.5548847 | Stage-I,57,Other Than Home University Seats Allotted to Other Than Home University Candidates,3e1ed23c45049c840625815438cc816c2b8818dae34aee2c3ecb6f3d3225b018
7026366bbc3b-PG_MCA_CAP1_Cutoff_MH_2025_26__1_.pdf,4003,"Inter Institutional Computer Center and Dept. of Computer Science & Electronics, RTM Nagpur University",0400324110,2025-26,1,Maharashtra,GSCO,GSCO,HU,92.1797821,percentile,GSCO | 2434 | 92.1797821 | Stage-I,57,Other Than Home University Seats Allotted to Other Than Home University Candidates,cd2a9b10085ee76d317162a099e591b93b912eee5c94f8280555808fc762a7ca
7026366bbc3b-PG_MCA_CAP1_Cutoff_MH_2025_26__1_.pdf,4003,"Inter Institutional Computer Center and Dept. of Computer Science & Electronics, RTM Nagpur University",0400324110,2025-26,1,Maharashtra,GOBCO,GOBCO,HU,92.3361383,percentile,GOBCO | 2295 | 92.3361383 | Stage-I,57,Other Than Home University Seats Allotted to Other Than Home University Candidates,2671c58e5fcf757bc1e9d47b9faa8ac8f46215d1762e53a3ea001645ab461399
7026366bbc3b-PG_MCA_CAP1_Cutoff_MH_2025_26__1_.pdf,4003,"Inter Institutional Computer Center and Dept. of Computer Science & Electronics, RTM Nagpur University",0400324110,2025-26,1,Maharashtra,GSEBCO,GSEBCO,HU,85.2118788,percentile,GSEBCO | 5066 | 85.2118788 | Stage-I,57,Other Than Home University Seats Allotted to Other Than Home University Candidates,7bbf4c6b61bff4f9c2193d5d8ea3fac3b2b7e33e4d18fe0c5b67713d72e1e096
7026366bbc3b-PG_MCA_CAP1_Cutoff_MH_2025_26__1_.pdf,4003,"Inter Institutional Computer Center and Dept. of Computer Science & Electronics, RTM Nagpur University",0400324110,2025-26,1,Maharashtra,EWS,EWS,SL,90.7733494,percentile,EWS | 3197 | 90.7733494 | Stage-I,57,Other Than Home University Seats Allotted to Other Than Home University Candidates,f1fee18d78c45c3783982de3325ed570818dac2b02527ed775305e00226ce2c9
7026366bbc3b-PG_MCA_CAP1_Cutoff_MH_2025_26__1_.pdf,4003,"Inter Institutional Computer Center and Dept. of Computer Science & Electronics, RTM Nagpur University",0400324110,2025-26,1,Maharashtra,TFWS,TFWS,SL,99.3740809,percentile,TFWS | 142 | 99.3740809 | Stage-I,57,Other Than Home University Seats Allotted to Other Than Home University Candidates,20d63c737dcbbcdf4b8c9b209ee96952bfdd90cc060f849ecd0c50e931316a5d
7026366bbc3b-PG_MCA_CAP1_Cutoff_MH_2025_26__1_.pdf,4124,"Amar Seva Mandal's Kamla Nehru Mahavidyalaya, Nagpur",0412424110,2025-26,1,Maharashtra,GOPENH,GOPENH,HU,71.1549338,percentile,GOPENH | 9469 | 71.1549338 | Stage-I,58,Home University Seats Allotted to Home University Candidates,eb0d27fa78c6588f1543d55a47c994aeef0fe97b238840770b3298f0475e96f3
7026366bbc3b-PG_MCA_CAP1_Cutoff_MH_2025_26__1_.pdf,4124,"Amar Seva Mandal's Kamla Nehru Mahavidyalaya, Nagpur",0412424110,2025-26,1,Maharashtra,GSCH,GSCH,HU,51.4093808,percentile,GSCH | 15019 | 51.4093808 | Stage-I,58,Home University Seats Allotted to Home University Candidates,826f489299e6f7e3908443a386ef7c154ba5632de19048bb4928c9892d061545
7026366bbc3b-PG_MCA_CAP1_Cutoff_MH_2025_26__1_.pdf,4124,"Amar Seva Mandal's Kamla Nehru Mahavidyalaya, Nagpur",0412424110,2025-26,1,Maharashtra,GSTH,GSTH,HU,36.496736,percentile,GSTH | 18244 | 36.496736 | Stage-I,58,Home University Seats Allotted to Home University Candidates,4f2b8cd9264ca81f129649ed08d0957e57322564f1a654eca6921e118d3ebef8
7026366bbc3b-PG_MCA_CAP1_Cutoff_MH_2025_26__1_.pdf,4124,"Amar Seva Mandal's Kamla Nehru Mahavidyalaya, Nagpur",0412424110,2025-26,1,Maharashtra,GNTBH,GNTBH,HU,71.1549338,percentile,GNTBH | 9560 | 71.1549338 | Stage-I,58,Home University Seats Allotted to Home University Candidates,43607d0fb734dae1d4fbb7a09a697d9d6a0f76145abe47e66b50fe29b90338f7
7026366bbc3b-PG_MCA_CAP1_Cutoff_MH_2025_26__1_.pdf,4124,"Amar Seva Mandal's Kamla Nehru Mahavidyalaya, Nagpur",0412424110,2025-26,1,Maharashtra,GNTCH,GNTCH,HU,51.4093808,percentile,GNTCH | 14816 | 51.4093808 | Stage-I,58,Home University Seats Allotted to Home University Candidates,faee59501e3929477f33e3d35c3eea98a0ba974fc060bfc8c5099304486ff469
7026366bbc3b-PG_MCA_CAP1_Cutoff_MH_2025_26__1_.pdf,4124,"Amar Seva Mandal's Kamla Nehru Mahavidyalaya, Nagpur",0412424110,2025-26,1,Maharashtra,GOBCH,GOBCH,HU,67.3579428,percentile,GOBCH | 10659 | 67.3579428 | Stage-I,58,Home University Seats Allotted to Home University Candidates,873c63f42d60149b084b27433170349acd394eaf37b3e0b6ed0e528d803bf396
7026366bbc3b-PG_MCA_CAP1_Cutoff_MH_2025_26__1_.pdf,4124,"Amar Seva Mandal's Kamla Nehru Mahavidyalaya, Nagpur",0412424110,2025-26,1,Maharashtra,PWDOPENH,PWDOPENH,HU,89.1331398,percentile,PWDOPENH | 3753 | 89.1331398 | Stage-I,58,Home University Seats Allotted to Home University Candidates,ea409ca932ebb17d78d5c5762fae59b8b1b384a8ebf2df062f37d5aa0d8e2818
7026366bbc3b-PG_MCA_CAP1_Cutoff_MH_2025_26__1_.pdf,4124,"Amar Seva Mandal's Kamla Nehru Mahavidyalaya, Nagpur",0412424110,2025-26,1,Maharashtra,GOPENO,GOPENO,HU,69.7143504,percentile,GOPENO | 9868 | 69.7143504 | Stage-I,58,Other Than Home University Seats Allotted to Other Than Home University Candidates,62bbf4009bb37ea1a9a98f2b1a0f5cb416cb1ae493072ea495c72164e37d9259
7026366bbc3b-PG_MCA_CAP1_Cutoff_MH_2025_26__1_.pdf,4124,"Amar Seva Mandal's Kamla Nehru Mahavidyalaya, Nagpur",0412424110,2025-26,1,Maharashtra,GSCO,GSCO,HU,31.6629561,percentile,GSCO | 19791 | 31.6629561 | Stage-I,58,Other Than Home University Seats Allotted to Other Than Home University Candidates,448232fd9c5e0c93710a1abeea3c4f6185b47178286afa82f6c812e807d5a1a0
7026366bbc3b-PG_MCA_CAP1_Cutoff_MH_2025_26__1_.pdf,4124,"Amar Seva Mandal's Kamla Nehru Mahavidyalaya, Nagpur",0412424110,2025-26,1,Maharashtra,GSTO,GSTO,HU,56.5488095,percentile,GSTO | 13618 | 56.5488095 | Stage-I,58,Other Than Home University Seats Allotted to Other Than Home University Candidates,379edc5a9ad2c81db82ed4a3941aac76f51bb879c18a3f6adc6931adcce2810b
7026366bbc3b-PG_MCA_CAP1_Cutoff_MH_2025_26__1_.pdf,4124,"Amar Seva Mandal's Kamla Nehru Mahavidyalaya, Nagpur",0412424110,2025-26,1,Maharashtra,GNTAO,GNTAO,HU,51.4093808,percentile,GNTAO | 14813 | 51.4093808 | Stage-I,58,Other Than Home University Seats Allotted to Other Than Home University Candidates,779522f10a358f66d509d2c82469b23dfada4da1aad3460f68afbb8f69ae1de0
7026366bbc3b-PG_MCA_CAP1_Cutoff_MH_2025_26__1_.pdf,4124,"Amar Seva Mandal's Kamla Nehru Mahavidyalaya, Nagpur",0412424110,2025-26,1,Maharashtra,GOBCO,GOBCO,HU,58.7911466,percentile,GOBCO | 13261 | 58.7911466 | Stage-I,58,Other Than Home University Seats Allotted to Other Than Home University Candidates,1c03487a33d4f18e68c0c03186371c77d84e876c392ffe1c100699e9200bef91
7026366bbc3b-PG_MCA_CAP1_Cutoff_MH_2025_26__1_.pdf,4124,"Amar Seva Mandal's Kamla Nehru Mahavidyalaya, Nagpur",0412424110,2025-26,1,Maharashtra,EWS,EWS,SL,58.7911466,percentile,EWS | 12926 | 58.7911466 | Stage-I,58,Other Than Home University Seats Allotted to Other Than Home University Candidates,6945f416a3fb503a1861c72b11c80acd38bab690f41d0eadf86bfad1a6c1c50c
7026366bbc3b-PG_MCA_CAP1_Cutoff_MH_2025_26__1_.pdf,4124,"Amar Seva Mandal's Kamla Nehru Mahavidyalaya, Nagpur",0412424110,2025-26,1,Maharashtra,TFWS,TFWS,SL,76.9216256,percentile,TFWS | 7871 | 76.9216256 | Stage-I,58,Other Than Home University Seats Allotted to Other Than Home University Candidates,8d0ff06e3796fed14a0555232f464470302314669bd85395f8f4300a782650c4
7026366bbc3b-PG_MCA_CAP1_Cutoff_MH_2025_26__1_.pdf,4128,"Ranibai Agnihotri Institute of Computer Information Technology, Wardha",0412824110,2025-26,1,Maharashtra,GOPENH,GOPENH,HU,56.5488095,percentile,GOPENH | 13859 | 56.5488095 | Stage-I,59,Home University Seats Allotted to Home University Candidates,7168088f2ee4ace3f1ff32803506bcb8e1485814153683a2619907971c0e171c
7026366bbc3b-PG_MCA_CAP1_Cutoff_MH_2025_26__1_.pdf,4128,"Ranibai Agnihotri Institute of Computer Information Technology, Wardha",0412824110,2025-26,1,Maharashtra,GSCH,GSCH,HU,29.9046039,percentile,GSCH | 19918 | 29.9046039 | Stage-I,59,Home University Seats Allotted to Home University Candidates,9c818668e82b43cbf9866ce8964d69116317bfffa6f675cd3804d35cf83a243a
7026366bbc3b-PG_MCA_CAP1_Cutoff_MH_2025_26__1_.pdf,4128,"Ranibai Agnihotri Institute of Computer Information Technology, Wardha",0412824110,2025-26,1,Maharashtra,GSTH,GSTH,HU,27.2744425,percentile,GSTH | 20734 | 27.2744425 | Stage-I,59,Home University Seats Allotted to Home University Candidates,79f1ddd322ea9e1d61a638745fc8c6a2888df92700fccf1f36512ee73c064af9
7026366bbc3b-PG_MCA_CAP1_Cutoff_MH_2025_26__1_.pdf,4128,"Ranibai Agnihotri Institute of Computer Information Technology, Wardha",0412824110,2025-26,1,Maharashtra,GNTBH,GNTBH,HU,51.4093808,percentile,GNTBH | 14998 | 51.4093808 | Stage-I,59,Home University Seats Allotted to Home University Candidates,5afddb5e1341b43f2433b0e7e2e20ad85bcf96fdc3f7d30a03be38d82ce15f17
7026366bbc3b-PG_MCA_CAP1_Cutoff_MH_2025_26__1_.pdf,4128,"Ranibai Agnihotri Institute of Computer Information Technology, Wardha",0412824110,2025-26,1,Maharashtra,GOBCH,GOBCH,HU,41.4550394,percentile,GOBCH | 17349 | 41.4550394 | Stage-I,59,Home University Seats Allotted to Home University Candidates,66fce9fa00bb43778a5da4059eba7e16d8900a2913cf24b4ac3f464484272202
7026366bbc3b-PG_MCA_CAP1_Cutoff_MH_2025_26__1_.pdf,4128,"Ranibai Agnihotri Institute of Computer Information Technology, Wardha",0412824110,2025-26,1,Maharashtra,GNTCH,GNTCH,HU,27.2744425,percentile,GNTCH | 20506 | 27.2744425 | Stage-I,59,Home University Seats Allotted to Other Than Home University Candidates,fd0b97a5e035e0c2617d9fed48bdac7f926b07f90ae1958294c83bdfff2ef3e2
7026366bbc3b-PG_MCA_CAP1_Cutoff_MH_2025_26__1_.pdf,4128,"Ranibai Agnihotri Institute of Computer Information Technology, Wardha",0412824110,2025-26,1,Maharashtra,GOPENO,GOPENO,HU,29.9046039,percentile,GOPENO | 20106 | 29.9046039 | Stage-I,59,Other Than Home University Seats Allotted to Other Than Home University Candidates,9f0de1a0ee77f422bd9eae4e11817c58b7e5daa388b296c14dbdb15d007f4f3f
7026366bbc3b-PG_MCA_CAP1_Cutoff_MH_2025_26__1_.pdf,4128,"Ranibai Agnihotri Institute of Computer Information Technology, Wardha",0412824110,2025-26,1,Maharashtra,GSCO,GSCO,HU,10.5199653,percentile,GSCO | 23721 | 10.5199653 | Stage-I,59,Other Than Home University Seats Allotted to Other Than Home University Candidates,6f7767062bcc1627c53e2674297b05eaebf72f8715465111feabcb0f82d7148d
7026366bbc3b-PG_MCA_CAP1_Cutoff_MH_2025_26__1_.pdf,4128,"Ranibai Agnihotri Institute of Computer Information Technology, Wardha",0412824110,2025-26,1,Maharashtra,GOBCO,GOBCO,HU,16.9789978,percentile,GOBCO | 22579 | 16.9789978 | Stage-I,59,Other Than Home University Seats Allotted to Other Than Home University Candidates,d887627c6c0085e89190e1a003dbf565cdaa664e45c08db2527b527ff0568ada
7026366bbc3b-PG_MCA_CAP1_Cutoff_MH_2025_26__1_.pdf,4128,"Ranibai Agnihotri Institute of Computer Information Technology, Wardha",0412824110,2025-26,1,Maharashtra,GSCO,GSCO,HU,25.4779232,percentile,GSCO | 21229 | 25.4779232 | Stage-I,59,Other Than Home University Seats Allotted to Home University Candidates,ca111b1727041f646dd81093142a918108832314bef9eef9c2088afc5de3198f
7026366bbc3b-PG_MCA_CAP1_Cutoff_MH_2025_26__1_.pdf,4128,"Ranibai Agnihotri Institute of Computer Information Technology, Wardha",0412824110,2025-26,1,Maharashtra,GNTBO,GNTBO,HU,7.4072677,percentile,GNTBO | 24460 | 7.4072677 | Stage-I,59,Other Than Home University Seats Allotted to Home University Candidates,c69db2cdf80b05b9e5c84faaedcc4269ab87771b3489dc939fedd0671d74c0b7
7026366bbc3b-PG_MCA_CAP1_Cutoff_MH_2025_26__1_.pdf,4128,"Ranibai Agnihotri Institute of Computer Information Technology, Wardha",0412824110,2025-26,1,Maharashtra,EWS,EWS,SL,46.3793819,percentile,EWS | 15881 | 46.3793819 | Stage-I,59,Other Than Home University Seats Allotted to Home University Candidates,e174ccc8d6ca07151325b0f4efa9fd370fe38e5c29513dcb754124e654e2992b
7026366bbc3b-PG_MCA_CAP1_Cutoff_MH_2025_26__1_.pdf,4128,"Ranibai Agnihotri Institute of Computer Information Technology, Wardha",0412824110,2025-26,1,Maharashtra,TFWS,TFWS,SL,46.3793819,percentile,TFWS | 16338 | 46.3793819 | Stage-I,59,Other Than Home University Seats Allotted to Home University Candidates,5e05ee5897858abe658792c13e77ffd6a89706023ffe7f97810a97d8cadd9e77
7026366bbc3b-PG_MCA_CAP1_Cutoff_MH_2025_26__1_.pdf,4133,"Sanmarg Shikshan Sanstha's Smt. Radhikatai Pandav College of Engineering, Nagpur",0413324110,2025-26,1,Maharashtra,GOPENH,GOPENH,HU,56.5488095,percentile,GOPENH | 13566 | 56.5488095 | Stage-I,60,Home University Seats Allotted to Home University Candidates,9b672e5f7dee08a4ae8660b97c4d6338970b043d0f62f106f3ba9202a7118830
7026366bbc3b-PG_MCA_CAP1_Cutoff_MH_2025_26__1_.pdf,4133,"Sanmarg Shikshan Sanstha's Smt. Radhikatai Pandav College of Engineering, Nagpur",0413324110,2025-26,1,Maharashtra,GSCH,GSCH,HU,31.6629561,percentile,GSCH | 19771 | 31.6629561 | Stage-I,60,Home University Seats Allotted to Home University Candidates,a5fd8a40c822c56c451aa831409ed1077bfa7df6bf092f243910a6a48abe3c0c
7026366bbc3b-PG_MCA_CAP1_Cutoff_MH_2025_26__1_.pdf,4133,"Sanmarg Shikshan Sanstha's Smt. Radhikatai Pandav College of Engineering, Nagpur",0413324110,2025-26,1,Maharashtra,GNTBH,GNTBH,HU,34.5198145,percentile,GNTBH | 19295 | 34.5198145 | Stage-I,60,Home University Seats Allotted to Home University Candidates,44b23baafbf3228072b5f34318f5c620f06c29e8f364ba53afa15b7f008e4e18
7026366bbc3b-PG_MCA_CAP1_Cutoff_MH_2025_26__1_.pdf,4133,"Sanmarg Shikshan Sanstha's Smt. Radhikatai Pandav College of Engineering, Nagpur",0413324110,2025-26,1,Maharashtra,GNTCH,GNTCH,HU,15.5994113,percentile,GNTCH | 22858 | 15.5994113 | Stage-I,60,Home University Seats Allotted to Home University Candidates,32c88cb63d6777fbbe20770140c48c8064ac7e15f8e3188bba4b6c5080e99af5
7026366bbc3b-PG_MCA_CAP1_Cutoff_MH_2025_26__1_.pdf,4133,"Sanmarg Shikshan Sanstha's Smt. Radhikatai Pandav College of Engineering, Nagpur",0413324110,2025-26,1,Maharashtra,GOBCH,GOBCH,HU,44.5345198,percentile,GOBCH | 16765 | 44.5345198 | Stage-I,60,Home University Seats Allotted to Home University Candidates,a9311d585dceafbb3b35d916269165c3e329125d18245131856e17e5c971e460
7026366bbc3b-PG_MCA_CAP1_Cutoff_MH_2025_26__1_.pdf,4133,"Sanmarg Shikshan Sanstha's Smt. Radhikatai Pandav College of Engineering, Nagpur",0413324110,2025-26,1,Maharashtra,GNTAH,GNTAH,HU,39.3989669,percentile,GNTAH | 17794 | 39.3989669 | Stage-I,60,Home University Seats Allotted to Other Than Home University Candidates,a5879efbc72ba9b52789c85f7143319a5b30137bc458085628b7e61b968aa516
7026366bbc3b-PG_MCA_CAP1_Cutoff_MH_2025_26__1_.pdf,4133,"Sanmarg Shikshan Sanstha's Smt. Radhikatai Pandav College of Engineering, Nagpur",0413324110,2025-26,1,Maharashtra,GOPENO,GOPENO,HU,58.7911466,percentile,GOPENO | 13298 | 58.7911466 | Stage-I,60,Other Than Home University Seats Allotted to Other Than Home University Candidates,150be37d38abfa029ebb20f00043f73091567ea837f73773ebd2de405e3f67bb
7026366bbc3b-PG_MCA_CAP1_Cutoff_MH_2025_26__1_.pdf,4133,"Sanmarg Shikshan Sanstha's Smt. Radhikatai Pandav College of Engineering, Nagpur",0413324110,2025-26,1,Maharashtra,GSCO,GSCO,HU,16.9789978,percentile,GSCO | 22674 | 16.9789978 | Stage-I,60,Other Than Home University Seats Allotted to Other Than Home University Candidates,ffa9d9ec81cd07ce74b92e57844efd05a2368bf0172ab415e201095241556463
7026366bbc3b-PG_MCA_CAP1_Cutoff_MH_2025_26__1_.pdf,4133,"Sanmarg Shikshan Sanstha's Smt. Radhikatai Pandav College of Engineering, Nagpur",0413324110,2025-26,1,Maharashtra,GNTAO,GNTAO,HU,51.4093808,percentile,GNTAO | 14870 | 51.4093808 | Stage-I,60,Other Than Home University Seats Allotted to Other Than Home University Candidates,e987cd6a2a8b494c402cec4bece2dd9ea23ac2b2171548e13ec07857474c1b13
7026366bbc3b-PG_MCA_CAP1_Cutoff_MH_2025_26__1_.pdf,4133,"Sanmarg Shikshan Sanstha's Smt. Radhikatai Pandav College of Engineering, Nagpur",0413324110,2025-26,1,Maharashtra,GNTCO,GNTCO,HU,53.942159,percentile,GNTCO | 14032 | 53.942159 | Stage-I,60,Other Than Home University Seats Allotted to Other Than Home University Candidates,93b0f92fa80a02cdfbd2283c4058982c5b2e2d5d41ce75aa3a814e3cde6a6d0d
7026366bbc3b-PG_MCA_CAP1_Cutoff_MH_2025_26__1_.pdf,4133,"Sanmarg Shikshan Sanstha's Smt. Radhikatai Pandav College of Engineering, Nagpur",0413324110,2025-26,1,Maharashtra,GOBCO,GOBCO,HU,56.5488095,percentile,GOBCO | 13780 | 56.5488095 | Stage-I,60,Other Than Home University Seats Allotted to Other Than Home University Candidates,1d9a1492f1c31c5f07f95aed2078dc9fe1085816908eb27736f31e372244ba64
7026366bbc3b-PG_MCA_CAP1_Cutoff_MH_2025_26__1_.pdf,4133,"Sanmarg Shikshan Sanstha's Smt. Radhikatai Pandav College of Engineering, Nagpur",0413324110,2025-26,1,Maharashtra,EWS,EWS,SL,1.3498737,percentile,EWS | 25361 | 1.3498737 | Stage-I,60,Other Than Home University Seats Allotted to Other Than Home University Candidates,4560edc732e5fbc01d4719d43ef60fa57137b5c6421b0e5c80662241d668d447
7026366bbc3b-PG_MCA_CAP1_Cutoff_MH_2025_26__1_.pdf,4133,"Sanmarg Shikshan Sanstha's Smt. Radhikatai Pandav College of Engineering, Nagpur",0413324110,2025-26,1,Maharashtra,TFWS,TFWS,SL,65.8578922,percentile,TFWS | 11223 | 65.8578922 | Stage-I,60,Other Than Home University Seats Allotted to Other Than Home University Candidates,07ceed21503311bec7444feb619b5a5543c071590c26c10d09ac76f3a7869ea0
7026366bbc3b-PG_MCA_CAP1_Cutoff_MH_2025_26__1_.pdf,4137,"Sir Shantilal Badjate Charitable Trust's S. B. Jain Institute of technology, Management & Research, Nagpur",0413724210,2025-26,1,Maharashtra,GOPENH,GOPENH,HU,74.782248,percentile,GOPENH | 8198 | 74.782248 | Stage-I,61,Home University Seats Allotted to Home University Candidates,32422f9b3f14f5decb188c5fbb6b1582ab17c002cbdbc234bf9ff375d82ab5ea
7026366bbc3b-PG_MCA_CAP1_Cutoff_MH_2025_26__1_.pdf,4137,"Sir Shantilal Badjate Charitable Trust's S. B. Jain Institute of technology, Management & Research, Nagpur",0413724210,2025-26,1,Maharashtra,GOPENO,GOPENO,HU,44.5345198,percentile,GOPENO | 16723 | 44.5345198 | Stage-I,61,Other Than Home University Seats Allotted to Other Than Home University Candidates,3f71fca5e8125e4cb8f25d99981bf7066c4f4fb7d9c895dc4ff631d375640f6d
7026366bbc3b-PG_MCA_CAP1_Cutoff_MH_2025_26__1_.pdf,4137,"Sir Shantilal Badjate Charitable Trust's S. B. Jain Institute of technology, Management & Research, Nagpur",0413724210,2025-26,1,Maharashtra,TFWS,TFWS,SL,85.2118788,percentile,TFWS | 5097 | 85.2118788 | Stage-I,61,Other Than Home University Seats Allotted to Other Than Home University Candidates,65ea933c1b0e862f576b8781015ba87441991cc504081b001b577b213c6624e1
7026366bbc3b-PG_MCA_CAP1_Cutoff_MH_2025_26__1_.pdf,4138,"Jaidev Education Society, J D College of Engineering and Management, Nagpur",0413824110,2025-26,1,Maharashtra,GOPENH,GOPENH,HU,51.4093808,percentile,GOPENH | 14912 | 51.4093808 | Stage-I,62,Home University Seats Allotted to Home University Candidates,efc4d03f175c23b04483c8b2f3210d28b572b90882a511e1de55764904a80f46
7026366bbc3b-PG_MCA_CAP1_Cutoff_MH_2025_26__1_.pdf,4138,"Jaidev Education Society, J D College of Engineering and Management, Nagpur",0413824110,2025-26,1,Maharashtra,GOPENO,GOPENO,HU,34.5198145,percentile,GOPENO | 18925 | 34.5198145 | Stage-I,62,Other Than Home University Seats Allotted to Other Than Home University Candidates,ac2756d0fc8645dd1559378f62ac8d7f777506839f18e35a08ec919aa1b7ba9c
7026366bbc3b-PG_MCA_CAP1_Cutoff_MH_2025_26__1_.pdf,4138,"Jaidev Education Society, J D College of Engineering and Management, Nagpur",0413824110,2025-26,1,Maharashtra,TFWS,TFWS,SL,16.9789978,percentile,TFWS | 22798 | 16.9789978 | Stage-I,62,Other Than Home University Seats Allotted to Other Than Home University Candidates,5d37a7143d2e6b37b64667d4e150fb6e3acce686d5b0fa0c9fb659aa4ed76a89
7026366bbc3b-PG_MCA_CAP1_Cutoff_MH_2025_26__1_.pdf,4142,"G H Raisoni College of Engineering & Management, Nagpur",0414224110,2025-26,1,Maharashtra,GOPENH,GOPENH,HU,85.3851665,percentile,GOPENH | 4630 | 85.3851665 | Stage-I,63,Home University Seats Allotted to Home University Candidates,7c910a331d848e7719e6b4d1a450ce047d14be225ab88e189be0a392117f63d5
7026366bbc3b-PG_MCA_CAP1_Cutoff_MH_2025_26__1_.pdf,4142,"G H Raisoni College of Engineering & Management, Nagpur",0414224110,2025-26,1,Maharashtra,GOPENO,GOPENO,HU,80.5399495,percentile,GOPENO | 6317 | 80.5399495 | Stage-I,63,Other Than Home University Seats Allotted to Other Than Home University Candidates,4f0bfc75518043a1bb84a5d0b79158300f043e4ad88dd075e9ee66a1192595d4
7026366bbc3b-PG_MCA_CAP1_Cutoff_MH_2025_26__1_.pdf,4142,"G H Raisoni College of Engineering & Management, Nagpur",0414224110,2025-26,1,Maharashtra,TFWS,TFWS,SL,93.5511867,percentile,TFWS | 1864 | 93.5511867 | Stage-I,63,Other Than Home University Seats Allotted to Other Than Home University Candidates,223ac613f45cec87e8ab7c062fa5422d8509ddf869ea2d841d87066d412c0db0
7026366bbc3b-PG_MCA_CAP1_Cutoff_MH_2025_26__1_.pdf,4145,"Wainganga College of Engineering and Management, Dongargaon, Nagpur",0414524110,2025-26,1,Maharashtra,GOPENH,GOPENH,HU,56.5488095,percentile,GOPENH | 13413 | 56.5488095 | Stage-I,64,Home University Seats Allotted to Home University Candidates,8617c596238d131e456d1cb9f2113590333cb5eaf53ad901696a31015f46c2c2
7026366bbc3b-PG_MCA_CAP1_Cutoff_MH_2025_26__1_.pdf,4145,"Wainganga College of Engineering and Management, Dongargaon, Nagpur",0414524110,2025-26,1,Maharashtra,GSCH,GSCH,HU,21.0059952,percentile,GSCH | 22023 | 21.0059952 | Stage-I,64,Home University Seats Allotted to Home University Candidates,68d77d1609502a463f1dfb62e582b73358584a24f935e0d6ff56d85735d6b28e
7026366bbc3b-PG_MCA_CAP1_Cutoff_MH_2025_26__1_.pdf,4145,"Wainganga College of Engineering and Management, Dongargaon, Nagpur",0414524110,2025-26,1,Maharashtra,GSTH,GSTH,HU,41.4550394,percentile,GSTH | 17104 | 41.4550394 | Stage-I,64,Home University Seats Allotted to Home University Candidates,0059675a7c576128f1338318be3abb6d57c4efabb0450555e4a7dcbfbe3a7f63
7026366bbc3b-PG_MCA_CAP1_Cutoff_MH_2025_26__1_.pdf,4145,"Wainganga College of Engineering and Management, Dongargaon, Nagpur",0414524110,2025-26,1,Maharashtra,GNTBH,GNTBH,HU,21.0059952,percentile,GNTBH | 21906 | 21.0059952 | Stage-I,64,Home University Seats Allotted to Home University Candidates,102f43f195d531d0fbbb0b363cbf8454fb9ef5b55c651f2514ac3b700e8c22d8
7026366bbc3b-PG_MCA_CAP1_Cutoff_MH_2025_26__1_.pdf,4145,"Wainganga College of Engineering and Management, Dongargaon, Nagpur",0414524110,2025-26,1,Maharashtra,GOBCH,GOBCH,HU,29.9046039,percentile,GOBCH | 20059 | 29.9046039 | Stage-I,64,Home University Seats Allotted to Home University Candidates,9749d345a74b396ab662ab313edddc8bab96789d89f316c153e40525dd180dbc
7026366bbc3b-PG_MCA_CAP1_Cutoff_MH_2025_26__1_.pdf,4145,"Wainganga College of Engineering and Management, Dongargaon, Nagpur",0414524110,2025-26,1,Maharashtra,GNTAH,GNTAH,HU,31.6629561,percentile,GNTAH | 19470 | 31.6629561 | Stage-I,64,Home University Seats Allotted to Other Than Home University Candidates,292ffa392d99cbeba27164aa1900328b6213fd654a9232775b3f716bfbfeceb8
7026366bbc3b-PG_MCA_CAP1_Cutoff_MH_2025_26__1_.pdf,4145,"Wainganga College of Engineering and Management, Dongargaon, Nagpur",0414524110,2025-26,1,Maharashtra,GNTCH,GNTCH,HU,12.4750009,percentile,GNTCH | 23586 | 12.4750009 | Stage-I,64,Home University Seats Allotted to Other Than Home University Candidates,d4941f22d18373a22bfd65d9ad9cdd7ee355f9f743da8bbad2e176c6afb8b256
7026366bbc3b-PG_MCA_CAP1_Cutoff_MH_2025_26__1_.pdf,4145,"Wainganga College of Engineering and Management, Dongargaon, Nagpur",0414524110,2025-26,1,Maharashtra,GOPENO,GOPENO,HU,63.1574978,percentile,GOPENO | 12004 | 63.1574978 | Stage-I,64,Other Than Home University Seats Allotted to Other Than Home University Candidates,e15c6e6c96fd31ea1980f5d90d6d969d472a04dfa36b11a0c31ca3d6d9c1556a
7026366bbc3b-PG_MCA_CAP1_Cutoff_MH_2025_26__1_.pdf,4145,"Wainganga College of Engineering and Management, Dongargaon, Nagpur",0414524110,2025-26,1,Maharashtra,GSCO,GSCO,HU,36.496736,percentile,GSCO | 18572 | 36.496736 | Stage-I,64,Other Than Home University Seats Allotted to Other Than Home University Candidates,cb288f1c9abccc1b10577f0dd3d56b71c6f44ae8fc2ac36c78fdd39daf3edd36
7026366bbc3b-PG_MCA_CAP1_Cutoff_MH_2025_26__1_.pdf,4145,"Wainganga College of Engineering and Management, Dongargaon, Nagpur",0414524110,2025-26,1,Maharashtra,GSTO,GSTO,HU,9.7430286,percentile,GSTO | 24053 | 9.7430286 | Stage-I,64,Other Than Home University Seats Allotted to Other Than Home University Candidates,c7e2e39473ef44b661ff86d68f7ee1be10b5b291b47bcfe7eaf9fdc071b38aca
7026366bbc3b-PG_MCA_CAP1_Cutoff_MH_2025_26__1_.pdf,4145,"Wainganga College of Engineering and Management, Dongargaon, Nagpur",0414524110,2025-26,1,Maharashtra,GNTAO,GNTAO,HU,46.3793819,percentile,GNTAO | 15897 | 46.3793819 | Stage-I,64,Other Than Home University Seats Allotted to Other Than Home University Candidates,a6485c7fbee4d552e6c0a0d3dec816971318c68fb9d9e1a35ba75954cc2d07b3
7026366bbc3b-PG_MCA_CAP1_Cutoff_MH_2025_26__1_.pdf,4145,"Wainganga College of Engineering and Management, Dongargaon, Nagpur",0414524110,2025-26,1,Maharashtra,GNTBO,GNTBO,HU,46.3793819,percentile,GNTBO | 16008 | 46.3793819 | Stage-I,64,Other Than Home University Seats Allotted to Other Than Home University Candidates,b34d83731eb9d73c289a811258f67bb4b6ecb49c6f02ba728b12b3addb069431
7026366bbc3b-PG_MCA_CAP1_Cutoff_MH_2025_26__1_.pdf,4145,"Wainganga College of Engineering and Management, Dongargaon, Nagpur",0414524110,2025-26,1,Maharashtra,GNTCO,GNTCO,HU,56.5488095,percentile,GNTCO | 13865 | 56.5488095 | Stage-I,64,Other Than Home University Seats Allotted to Other Than Home University Candidates,3d3cd687a5dbd724b754598b377036773fb93dc8c7e5bd0417abeb1ca4c5aa88
7026366bbc3b-PG_MCA_CAP1_Cutoff_MH_2025_26__1_.pdf,4145,"Wainganga College of Engineering and Management, Dongargaon, Nagpur",0414524110,2025-26,1,Maharashtra,GOBCO,GOBCO,HU,49.3533426,percentile,GOBCO | 15663 | 49.3533426 | Stage-I,64,Other Than Home University Seats Allotted to Other Than Home University Candidates,f24c3b809c4b9cb94b221c659f7102071a2ec8556e529487b7e8ddf7c11a0896
7026366bbc3b-PG_MCA_CAP1_Cutoff_MH_2025_26__1_.pdf,4145,"Wainganga College of Engineering and Management, Dongargaon, Nagpur",0414524110,2025-26,1,Maharashtra,EWS,EWS,SL,3.0466423,percentile,EWS | 25057 | 3.0466423 | Stage-I,64,Other Than Home University Seats Allotted to Other Than Home University Candidates,6c4a9e01f30b9079485e76e895a18a4deb252c9b68bb4383a4a23a435e9fd1d8
7026366bbc3b-PG_MCA_CAP1_Cutoff_MH_2025_26__1_.pdf,4145,"Wainganga College of Engineering and Management, Dongargaon, Nagpur",0414524110,2025-26,1,Maharashtra,TFWS,TFWS,SL,21.0059952,percentile,TFWS | 21752 | 21.0059952 | Stage-I,64,Other Than Home University Seats Allotted to Other Than Home University Candidates,c26d3dd586b132edd20b815ebb713037e9d2842b5ac4da960d7ba75a67814d3f
7026366bbc3b-PG_MCA_CAP1_Cutoff_MH_2025_26__1_.pdf,4147,"K.D.K. College of Engineering, Nagpur",0414724110,2025-26,1,Maharashtra,GOPENH,GOPENH,HU,77.8251197,percentile,GOPENH | 7209 | 77.8251197 | Stage-I,65,Home University Seats Allotted to Home University Candidates,9e34788c45c0b50efa818328c5e3d117862727a3db3553cfc225198a0666fcf8
7026366bbc3b-PG_MCA_CAP1_Cutoff_MH_2025_26__1_.pdf,4147,"K.D.K. College of Engineering, Nagpur",0414724110,2025-26,1,Maharashtra,GSCH,GSCH,HU,63.1574978,percentile,GSCH | 11810 | 63.1574978 | Stage-I,65,Home University Seats Allotted to Home University Candidates,e5ba93d95824a0cfc040ff745f22cd320c35fbf80b5eee0febc8a76ac39fb71a
7026366bbc3b-PG_MCA_CAP1_Cutoff_MH_2025_26__1_.pdf,4147,"K.D.K. College of Engineering, Nagpur",0414724110,2025-26,1,Maharashtra,GSTH,GSTH,HU,9.7430286,percentile,GSTH | 24042 | 9.7430286 | Stage-I,65,Home University Seats Allotted to Home University Candidates,658f275eac330e0fd016cf6babfd30a468affcbb9eb6240be355cb436654ba18
7026366bbc3b-PG_MCA_CAP1_Cutoff_MH_2025_26__1_.pdf,4147,"K.D.K. College of Engineering, Nagpur",0414724110,2025-26,1,Maharashtra,GNTBH,GNTBH,HU,58.7911466,percentile,GNTBH | 12722 | 58.7911466 | Stage-I,65,Home University Seats Allotted to Home University Candidates,3d42f713857efe951b180b966866c35d43d7f5018c1aa2965a9aa590efc80abf
7026366bbc3b-PG_MCA_CAP1_Cutoff_MH_2025_26__1_.pdf,4147,"K.D.K. College of Engineering, Nagpur",0414724110,2025-26,1,Maharashtra,GOBCH,GOBCH,HU,71.1549338,percentile,GOBCH | 9368 | 71.1549338 | Stage-I,65,Home University Seats Allotted to Home University Candidates,90b798f1f34e883e04e6c5476fc3d612db5322c5f1e550f3e3bea8b4c3ce461c
7026366bbc3b-PG_MCA_CAP1_Cutoff_MH_2025_26__1_.pdf,4147,"K.D.K. College of Engineering, Nagpur",0414724110,2025-26,1,Maharashtra,PWDOPENH,PWDOPENH,HU,13.5402134,percentile,PWDOPENH | 23251 | 13.5402134 | Stage-I,65,Home University Seats Allotted to Home University Candidates,50f7632d30dfcb050a993abfb6fd80df921ee64cb343c9252a38c07eb0b15bbb
7026366bbc3b-PG_MCA_CAP1_Cutoff_MH_2025_26__1_.pdf,4147,"K.D.K. College of Engineering, Nagpur",0414724110,2025-26,1,Maharashtra,GNTAH,GNTAH,HU,2.0301121,percentile,GNTAH | 25290 | 2.0301121 | Stage-I,65,Home University Seats Allotted to Other Than Home University Candidates,1939db28d110b5b75d9702da96fcdefea60afbe133a66c4dbefd78777ee7e867
7026366bbc3b-PG_MCA_CAP1_Cutoff_MH_2025_26__1_.pdf,4147,"K.D.K. College of Engineering, Nagpur",0414724110,2025-26,1,Maharashtra,GOPENO,GOPENO,HU,69.7143504,percentile,GOPENO | 9793 | 69.7143504 | Stage-I,65,Other Than Home University Seats Allotted to Other Than Home University Candidates,4385404b0602c3197633ddf7f69d989b7208138642c2be920f6d3e86a1afe36e
7026366bbc3b-PG_MCA_CAP1_Cutoff_MH_2025_26__1_.pdf,4147,"K.D.K. College of Engineering, Nagpur",0414724110,2025-26,1,Maharashtra,GSCO,GSCO,HU,36.496736,percentile,GSCO | 18265 | 36.496736 | Stage-I,65,Other Than Home University Seats Allotted to Other Than Home University Candidates,738ebed3d7597df2c865346592cb25a638162175d1f9faed9362e2dcc1e57bd4
7026366bbc3b-PG_MCA_CAP1_Cutoff_MH_2025_26__1_.pdf,4147,"K.D.K. College of Engineering, Nagpur",0414724110,2025-26,1,Maharashtra,GSTO,GSTO,HU,25.4779232,percentile,GSTO | 20991 | 25.4779232 | Stage-I,65,Other Than Home University Seats Allotted to Other Than Home University Candidates,22e54887887a7177c726d5b75126287e38feedf9b4636dbf56cf1d7885a2646f
7026366bbc3b-PG_MCA_CAP1_Cutoff_MH_2025_26__1_.pdf,4147,"K.D.K. College of Engineering, Nagpur",0414724110,2025-26,1,Maharashtra,GNTAO,GNTAO,HU,51.4093808,percentile,GNTAO | 14787 | 51.4093808 | Stage-I,65,Other Than Home University Seats Allotted to Other Than Home University Candidates,6c3c58e5579c114decd496bec0a293b3262639c231487550edf8b84ff83fb0ab
7026366bbc3b-PG_MCA_CAP1_Cutoff_MH_2025_26__1_.pdf,4147,"K.D.K. College of Engineering, Nagpur",0414724110,2025-26,1,Maharashtra,GOBCO,GOBCO,HU,63.1574978,percentile,GOBCO | 11893 | 63.1574978 | Stage-I,65,Other Than Home University Seats Allotted to Other Than Home University Candidates,f3c5ff15580daeaa46171393d6a2010f7fd62cb7559dc461e4f8a981a18e29f3
7026366bbc3b-PG_MCA_CAP1_Cutoff_MH_2025_26__1_.pdf,4147,"K.D.K. College of Engineering, Nagpur",0414724110,2025-26,1,Maharashtra,EWS,EWS,SL,5.5960152,percentile,EWS | 24704 | 5.5960152 | Stage-I,65,Other Than Home University Seats Allotted to Other Than Home University Candidates,23ec6c43e7beb3041452259dcc455af4f00ad192bf7270f7b6c210c72b8e3153
7026366bbc3b-PG_MCA_CAP1_Cutoff_MH_2025_26__1_.pdf,4147,"K.D.K. College of Engineering, Nagpur",0414724110,2025-26,1,Maharashtra,TFWS,TFWS,SL,76.9216256,percentile,TFWS | 7557 | 76.9216256 | Stage-I,65,Other Than Home University Seats Allotted to Other Than Home University Candidates,345fd1940945473a097a7eab2ed8a0e005cb3a33c3ca845335ab6c4c7575bc2f
7026366bbc3b-PG_MCA_CAP1_Cutoff_MH_2025_26__1_.pdf,4151,"Tulsiramji Gaikwad Patil College of Engineering & Technology, Nagpur",0415124110,2025-26,1,Maharashtra,GOPENH,GOPENH,HU,61.2807064,percentile,GOPENH | 12256 | 61.2807064 | Stage-I,66,Home University Seats Allotted to Home University Candidates,02db82e30f7963c573bbe32d25228ce50f88bf18b9cd6073aa6c5f30963344af
7026366bbc3b-PG_MCA_CAP1_Cutoff_MH_2025_26__1_.pdf,4151,"Tulsiramji Gaikwad Patil College of Engineering & Technology, Nagpur",0415124110,2025-26,1,Maharashtra,GSCH,GSCH,HU,29.9046039,percentile,GSCH | 20204 | 29.9046039 | Stage-I,66,Home University Seats Allotted to Home University Candidates,f97560428da965b7341ea1a0f49faabdb573d5a3af9542c635affd168d2ec24e
7026366bbc3b-PG_MCA_CAP1_Cutoff_MH_2025_26__1_.pdf,4151,"Tulsiramji Gaikwad Patil College of Engineering & Technology, Nagpur",0415124110,2025-26,1,Maharashtra,GSTH,GSTH,HU,2.0662871,percentile,GSTH | 25230 | 2.0662871 | Stage-I,66,Home University Seats Allotted to Home University Candidates,477e73d94b54431cf4974a7ac73608ad5d79b8a9ba2f0f0e107104fe2bf36a52
7026366bbc3b-PG_MCA_CAP1_Cutoff_MH_2025_26__1_.pdf,4151,"Tulsiramji Gaikwad Patil College of Engineering & Technology, Nagpur",0415124110,2025-26,1,Maharashtra,GNTAH,GNTAH,HU,46.3793819,percentile,GNTAH | 15909 | 46.3793819 | Stage-I,66,Home University Seats Allotted to Home University Candidates,6e04b4e3309df49c9c261f004f538fd263440a02c787f6b6aacac8d7785d7719
7026366bbc3b-PG_MCA_CAP1_Cutoff_MH_2025_26__1_.pdf,4151,"Tulsiramji Gaikwad Patil College of Engineering & Technology, Nagpur",0415124110,2025-26,1,Maharashtra,GNTBH,GNTBH,HU,29.9046039,percentile,GNTBH | 19847 | 29.9046039 | Stage-I,66,Home University Seats Allotted to Home University Candidates,c6d0f7c76a0278b17631e8315a4afb0ad189f120aade53d10527f54d29cac73b
7026366bbc3b-PG_MCA_CAP1_Cutoff_MH_2025_26__1_.pdf,4151,"Tulsiramji Gaikwad Patil College of Engineering & Technology, Nagpur",0415124110,2025-26,1,Maharashtra,GOBCH,GOBCH,HU,41.4550394,percentile,GOBCH | 17543 | 41.4550394 | Stage-I,66,Home University Seats Allotted to Home University Candidates,ae1d6be3a26beee9f5d2f74e4d411e403e8b70150d9633e92e8a254e60d2e87d
7026366bbc3b-PG_MCA_CAP1_Cutoff_MH_2025_26__1_.pdf,4151,"Tulsiramji Gaikwad Patil College of Engineering & Technology, Nagpur",0415124110,2025-26,1,Maharashtra,GNTAH,GNTAH,HU,2.0662871,percentile,GNTAH | 25181 | 2.0662871 | Stage-I,66,Home University Seats Allotted to Other Than Home University Candidates,0be8145852bb174b5667890566b2663e9dd8ed661ea60ac257a743dde229e9e2
7026366bbc3b-PG_MCA_CAP1_Cutoff_MH_2025_26__1_.pdf,4151,"Tulsiramji Gaikwad Patil College of Engineering & Technology, Nagpur",0415124110,2025-26,1,Maharashtra,GNTCH,GNTCH,HU,5.5960152,percentile,GNTCH | 24657 | 5.5960152 | Stage-I,66,Home University Seats Allotted to Other Than Home University Candidates,8b068730dbf3ea7a9c129a72df4a21a8a3df1b5ee9850ecfa89b09a2fe962560
7026366bbc3b-PG_MCA_CAP1_Cutoff_MH_2025_26__1_.pdf,4151,"Tulsiramji Gaikwad Patil College of Engineering & Technology, Nagpur",0415124110,2025-26,1,Maharashtra,GOPENO,GOPENO,HU,61.2807064,percentile,GOPENO | 12177 | 61.2807064 | Stage-I,66,Other Than Home University Seats Allotted to Other Than Home University Candidates,561f8453ca940b12dfe0fd871a691db46b7c41e613dc565b2a2080e2667e8945
7026366bbc3b-PG_MCA_CAP1_Cutoff_MH_2025_26__1_.pdf,4151,"Tulsiramji Gaikwad Patil College of Engineering & Technology, Nagpur",0415124110,2025-26,1,Maharashtra,GSCO,GSCO,HU,27.2744425,percentile,GSCO | 20709 | 27.2744425 | Stage-I,66,Other Than Home University Seats Allotted to Other Than Home University Candidates,2ca0618244fce61554751383598f794624ea5975e9fed8bbf64e66f68dfe96ee
7026366bbc3b-PG_MCA_CAP1_Cutoff_MH_2025_26__1_.pdf,4151,"Tulsiramji Gaikwad Patil College of Engineering & Technology, Nagpur",0415124110,2025-26,1,Maharashtra,GSTO,GSTO,HU,19.1539942,percentile,GSTO | 22417 | 19.1539942 | Stage-I,66,Other Than Home University Seats Allotted to Other Than Home University Candidates,4a93539001acb4bab224ec01a51e3c35435c5c32749f111fa889c6d09b65ccba
7026366bbc3b-PG_MCA_CAP1_Cutoff_MH_2025_26__1_.pdf,4151,"Tulsiramji Gaikwad Patil College of Engineering & Technology, Nagpur",0415124110,2025-26,1,Maharashtra,GNTAO,GNTAO,HU,46.3793819,percentile,GNTAO | 15874 | 46.3793819 | Stage-I,66,Other Than Home University Seats Allotted to Other Than Home University Candidates,3b0fced00bd4d77afbbaff87a4a012a434b7de0ec7fdd307e9c7aeb5bbdd64ee
7026366bbc3b-PG_MCA_CAP1_Cutoff_MH_2025_26__1_.pdf,4151,"Tulsiramji Gaikwad Patil College of Engineering & Technology, Nagpur",0415124110,2025-26,1,Maharashtra,GNTBO,GNTBO,HU,44.5345198,percentile,GNTBO | 16983 | 44.5345198 | Stage-I,66,Other Than Home University Seats Allotted to Other Than Home University Candidates,90519d48be90250bbdb1c4d9eb132257e0761c49067ef6208daf94c3933c9884
7026366bbc3b-PG_MCA_CAP1_Cutoff_MH_2025_26__1_.pdf,4151,"Tulsiramji Gaikwad Patil College of Engineering & Technology, Nagpur",0415124110,2025-26,1,Maharashtra,GNTCO,GNTCO,HU,36.496736,percentile,GNTCO | 18352 | 36.496736 | Stage-I,66,Other Than Home University Seats Allotted to Other Than Home University Candidates,a85d4cb4f145249f77f6932c1ca8e5de2bc193e281027552e8934a66d7f25a7a
7026366bbc3b-PG_MCA_CAP1_Cutoff_MH_2025_26__1_.pdf,4151,"Tulsiramji Gaikwad Patil College of Engineering & Technology, Nagpur",0415124110,2025-26,1,Maharashtra,GOBCO,GOBCO,HU,46.3793819,percentile,GOBCO | 15870 | 46.3793819 | Stage-I,66,Other Than Home University Seats Allotted to Other Than Home University Candidates,0912e78f8448b574769b311fecc15c92079205a3aa263ef8493c0b87bd524901
7026366bbc3b-PG_MCA_CAP1_Cutoff_MH_2025_26__1_.pdf,4151,"Tulsiramji Gaikwad Patil College of Engineering & Technology, Nagpur",0415124110,2025-26,1,Maharashtra,GSEBCO,GSEBCO,HU,10.5199653,percentile,GSEBCO | 23704 | 10.5199653 | Stage-I,66,Other Than Home University Seats Allotted to Other Than Home University Candidates,a5c817cbc3089f90d1a7586723ef62a39cc2087e785f303b178f90e0bd57b139
7026366bbc3b-PG_MCA_CAP1_Cutoff_MH_2025_26__1_.pdf,4151,"Tulsiramji Gaikwad Patil College of Engineering & Technology, Nagpur",0415124110,2025-26,1,Maharashtra,EWS,EWS,SL,0.8905324,percentile,EWS | 25378 | 0.8905324 | Stage-I,66,Other Than Home University Seats Allotted to Other Than Home University Candidates,3e05d849af8185e46f1e8dfbce6576fa023a6bc029f49d756e44761169bac123
7026366bbc3b-PG_MCA_CAP1_Cutoff_MH_2025_26__1_.pdf,4151,"Tulsiramji Gaikwad Patil College of Engineering & Technology, Nagpur",0415124110,2025-26,1,Maharashtra,TFWS,TFWS,SL,49.3533426,percentile,TFWS | 15835 | 49.3533426 | Stage-I,66,Other Than Home University Seats Allotted to Other Than Home University Candidates,e4f019285acf57180bdaa6179ad40981d6743d163c087ab4e278480530482a79
7026366bbc3b-PG_MCA_CAP1_Cutoff_MH_2025_26__1_.pdf,4152,"Shri Shivaji Education Society Amravati's Science College (MCA), Nagpur",0415224110,2025-26,1,Maharashtra,GOPENH,GOPENH,HU,85.3851665,percentile,GOPENH | 4796 | 85.3851665 | Stage-I,67,Home University Seats Allotted to Home University Candidates,25900fe80f9ec007f4b755306018ea988292aeced88e65767d4d6ee20c4c3f37
7026366bbc3b-PG_MCA_CAP1_Cutoff_MH_2025_26__1_.pdf,4152,"Shri Shivaji Education Society Amravati's Science College (MCA), Nagpur",0415224110,2025-26,1,Maharashtra,GSCH,GSCH,HU,80.5399495,percentile,GSCH | 6311 | 80.5399495 | Stage-I,67,Home University Seats Allotted to Home University Candidates,d6b35d7cd1c0bcd49af4e0039413e14b70809faa91b1384c378c333c265ddcc6
7026366bbc3b-PG_MCA_CAP1_Cutoff_MH_2025_26__1_.pdf,4152,"Shri Shivaji Education Society Amravati's Science College (MCA), Nagpur",0415224110,2025-26,1,Maharashtra,GSTH,GSTH,HU,44.5345198,percentile,GSTH | 16876 | 44.5345198 | Stage-I,67,Home University Seats Allotted to Home University Candidates,a2da17e1f5f2e3da1620f9eb6274fd1e0acc4b4460894e84b4909cd2957b7526
7026366bbc3b-PG_MCA_CAP1_Cutoff_MH_2025_26__1_.pdf,4152,"Shri Shivaji Education Society Amravati's Science College (MCA), Nagpur",0415224110,2025-26,1,Maharashtra,GNTBH,GNTBH,HU,82.9644433,percentile,GNTBH | 5578 | 82.9644433 | Stage-I,67,Home University Seats Allotted to Home University Candidates,f98544b12c356891c7f48af0348519eede91d0146d4accb3ea6f50d1b8cb9254
7026366bbc3b-PG_MCA_CAP1_Cutoff_MH_2025_26__1_.pdf,4152,"Shri Shivaji Education Society Amravati's Science College (MCA), Nagpur",0415224110,2025-26,1,Maharashtra,GOBCH,GOBCH,HU,82.8308366,percentile,GOBCH | 5698 | 82.8308366 | Stage-I,67,Home University Seats Allotted to Home University Candidates,a369a989d10771d9c88cdf815666668446cd5b5fa98c0dfcd7834c4a7e214d40
7026366bbc3b-PG_MCA_CAP1_Cutoff_MH_2025_26__1_.pdf,4152,"Shri Shivaji Education Society Amravati's Science College (MCA), Nagpur",0415224110,2025-26,1,Maharashtra,PWDROBCH,PWDROBCH,HU,39.3989669,percentile,PWDROBCH | 18161 | 39.3989669 | Stage-I,67,Home University Seats Allotted to Home University Candidates,159f311a191b65088b0e0a66a46c812a5ace8f86174384c628f7a4d38545ab85
7026366bbc3b-PG_MCA_CAP1_Cutoff_MH_2025_26__1_.pdf,4152,"Shri Shivaji Education Society Amravati's Science College (MCA), Nagpur",0415224110,2025-26,1,Maharashtra,GOPENO,GOPENO,HU,87.3496474,percentile,GOPENO | 3994 | 87.3496474 | Stage-I,67,Other Than Home University Seats Allotted to Other Than Home University Candidates,4f264acfb18d003b086911ff4ea2932ff19bc101ec6da60c8ceac1ac41fd763e
7026366bbc3b-PG_MCA_CAP1_Cutoff_MH_2025_26__1_.pdf,4152,"Shri Shivaji Education Society Amravati's Science College (MCA), Nagpur",0415224110,2025-26,1,Maharashtra,GSCO,GSCO,HU,85.3851665,percentile,GSCO | 4732 | 85.3851665 | Stage-I,67,Other Than Home University Seats Allotted to Other Than Home University Candidates,aaff1c6f195c53bc1e210be3616e821de3bbae66d42f13257cc56f07540a283c
7026366bbc3b-PG_MCA_CAP1_Cutoff_MH_2025_26__1_.pdf,4152,"Shri Shivaji Education Society Amravati's Science College (MCA), Nagpur",0415224110,2025-26,1,Maharashtra,GOBCO,GOBCO,HU,82.8308366,percentile,GOBCO | 5692 | 82.8308366 | Stage-I,67,Other Than Home University Seats Allotted to Other Than Home University Candidates,698dd4f8e2691906237ce6f436d52897d3b8e147ac57086ec4e70bd23d026f76
7026366bbc3b-PG_MCA_CAP1_Cutoff_MH_2025_26__1_.pdf,4152,"Shri Shivaji Education Society Amravati's Science College (MCA), Nagpur",0415224110,2025-26,1,Maharashtra,EWS,EWS,SL,53.942159,percentile,EWS | 14569 | 53.942159 | Stage-I,67,Other Than Home University Seats Allotted to Other Than Home University Candidates,33dbfde0122055425d7b68558e2513c347abee22d43e792e4c6f8a5d00725404
7026366bbc3b-PG_MCA_CAP1_Cutoff_MH_2025_26__1_.pdf,4152,"Shri Shivaji Education Society Amravati's Science College (MCA), Nagpur",0415224110,2025-26,1,Maharashtra,TFWS,TFWS,SL,90.9663786,percentile,TFWS | 2679 | 90.9663786 | Stage-I,67,Other Than Home University Seats Allotted to Other Than Home University Candidates,d27c0cd86e274ca5e662faec93654ca805acc627d71c13588016704d9a37ae03
7026366bbc3b-PG_MCA_CAP1_Cutoff_MH_2025_26__1_.pdf,4153,"Sarvodaya Shikshan Mandal's Sardar Patel Mahavidayalaya, Dept. of Computer Studies & Research, Chandrapur",0415324110,2025-26,1,Maharashtra,GOPENH,GOPENH,HU,63.1574978,percentile,GOPENH | 11569 | 63.1574978 | Stage-I,68,Home University Seats Allotted to Home University Candidates,1fce49c52a4f55a818681069d90c79e44046b3ac414f73529d4b89b66b091a3a
7026366bbc3b-PG_MCA_CAP1_Cutoff_MH_2025_26__1_.pdf,4153,"Sarvodaya Shikshan Mandal's Sardar Patel Mahavidayalaya, Dept. of Computer Studies & Research, Chandrapur",0415324110,2025-26,1,Maharashtra,GSCH,GSCH,HU,44.5345198,percentile,GSCH | 16681 | 44.5345198 | Stage-I,68,Home University Seats Allotted to Home University Candidates,912c96e3f65e7593801625361f67f75b7084535301a343cb43ee4a5393d1dcc2
7026366bbc3b-PG_MCA_CAP1_Cutoff_MH_2025_26__1_.pdf,4153,"Sarvodaya Shikshan Mandal's Sardar Patel Mahavidayalaya, Dept. of Computer Studies & Research, Chandrapur",0415324110,2025-26,1,Maharashtra,GNTCH,GNTCH,HU,2.0662871,percentile,GNTCH | 25211 | 2.0662871 | Stage-I,68,Home University Seats Allotted to Home University Candidates,b1f6b9986f49e287de7252573f9eb70c7bc405712071bf1f468b7b3c2000cb40
7026366bbc3b-PG_MCA_CAP1_Cutoff_MH_2025_26__1_.pdf,4153,"Sarvodaya Shikshan Mandal's Sardar Patel Mahavidayalaya, Dept. of Computer Studies & Research, Chandrapur",0415324110,2025-26,1,Maharashtra,GOBCH,GOBCH,HU,51.4093808,percentile,GOBCH | 14990 | 51.4093808 | Stage-I,68,Home University Seats Allotted to Home University Candidates,642177160bdcbc3092fc5e001f475e72dd05af1b448a28ac32b20e4907d514a2
7026366bbc3b-PG_MCA_CAP1_Cutoff_MH_2025_26__1_.pdf,4153,"Sarvodaya Shikshan Mandal's Sardar Patel Mahavidayalaya, Dept. of Computer Studies & Research, Chandrapur",0415324110,2025-26,1,Maharashtra,GOPENO,GOPENO,HU,41.4550394,percentile,GOPENO | 17656 | 41.4550394 | Stage-I,68,Other Than Home University Seats Allotted to Other Than Home University Candidates,1bf33da4d63ffa012ffb79419865ea53587f9710ff4b7321004ff7b629d1e338
7026366bbc3b-PG_MCA_CAP1_Cutoff_MH_2025_26__1_.pdf,4153,"Sarvodaya Shikshan Mandal's Sardar Patel Mahavidayalaya, Dept. of Computer Studies & Research, Chandrapur",0415324110,2025-26,1,Maharashtra,GSTO,GSTO,HU,7.9446476,percentile,GSTO | 24218 | 7.9446476 | Stage-I,68,Other Than Home University Seats Allotted to Other Than Home University Candidates,8fea6e8a36b8331ca79089531ee33f387606562d496bb3ef435eb7ed338c125f
7026366bbc3b-PG_MCA_CAP1_Cutoff_MH_2025_26__1_.pdf,4153,"Sarvodaya Shikshan Mandal's Sardar Patel Mahavidayalaya, Dept. of Computer Studies & Research, Chandrapur",0415324110,2025-26,1,Maharashtra,GOBCO,GOBCO,HU,12.4750009,percentile,GOBCO | 23561 | 12.4750009 | Stage-I,68,Other Than Home University Seats Allotted to Other Than Home University Candidates,eb0d02194c90560ce54eb36b461c4c6cb4b2582fd631f52fa66e6a14aa088362
7026366bbc3b-PG_MCA_CAP1_Cutoff_MH_2025_26__1_.pdf,4153,"Sarvodaya Shikshan Mandal's Sardar Patel Mahavidayalaya, Dept. of Computer Studies & Research, Chandrapur",0415324110,2025-26,1,Maharashtra,GSCO,GSCO,HU,44.5345198,percentile,GSCO | 16725 | 44.5345198 | Stage-I,68,Other Than Home University Seats Allotted to Home University Candidates,835b664d7451a1cf1012de16ed3ead54b8ad542c3a83f568dc4c9c3296b1c131
7026366bbc3b-PG_MCA_CAP1_Cutoff_MH_2025_26__1_.pdf,4157,"V. M. Vasant Commerce, J.M. Thakar Arts & J.J. Patel Science College,Nagpur",0415724110,2025-26,1,Maharashtra,GOPENH,GOPENH,HU,44.5345198,percentile,GOPENH | 16544 | 44.5345198 | Stage-I,69,Home University Seats Allotted to Home University Candidates,a822aad2364ce10ab7b5854138a2570919e33a41ba980f0c0858a4fbec865278
7026366bbc3b-PG_MCA_CAP1_Cutoff_MH_2025_26__1_.pdf,4157,"V. M. Vasant Commerce, J.M. Thakar Arts & J.J. Patel Science College,Nagpur",0415724110,2025-26,1,Maharashtra,GOPENO,GOPENO,HU,13.5402134,percentile,GOPENO | 23322 | 13.5402134 | Stage-I,69,Other Than Home University Seats Allotted to Other Than Home University Candidates,47e92c103b4932ea97064b2ea67efa924ccf5b06c5129d02de482196598cf3db
7026366bbc3b-PG_MCA_CAP1_Cutoff_MH_2025_26__1_.pdf,4157,"V. M. Vasant Commerce, J.M. Thakar Arts & J.J. Patel Science College,Nagpur",0415724110,2025-26,1,Maharashtra,TFWS,TFWS,SL,9.7430286,percentile,TFWS | 24081 | 9.7430286 | Stage-I,69,Other Than Home University Seats Allotted to Other Than Home University Candidates,a2b627cd008e95349a86e8b5af7a6d74fa62e5c1f5c61f363e1a55b379154ff4
7026366bbc3b-PG_MCA_CAP1_Cutoff_MH_2025_26__1_.pdf,4188,"Krushi Jivan Vikas Pratishthan, Ballarpur Institute of Technology, Mouza Bamni",0418824110,2025-26,1,Maharashtra,GOPENH,GOPENH,HU,51.4093808,percentile,GOPENH | 14988 | 51.4093808 | Stage-I,70,Home University Seats Allotted to Home University Candidates,41553cc6b463d3ad844e9eed1bb4ebd2ab2ff02b51758dc99cf2732099c2f037
7026366bbc3b-PG_MCA_CAP1_Cutoff_MH_2025_26__1_.pdf,4188,"Krushi Jivan Vikas Pratishthan, Ballarpur Institute of Technology, Mouza Bamni",0418824110,2025-26,1,Maharashtra,GSCH,GSCH,HU,9.7430286,percentile,GSCH | 24074 | 9.7430286 | Stage-I,70,Home University Seats Allotted to Home University Candidates,2c8ee3208821781b9eb6d861f0131559a42c393de79a3dcaaf4b2e230140d612
7026366bbc3b-PG_MCA_CAP1_Cutoff_MH_2025_26__1_.pdf,4188,"Krushi Jivan Vikas Pratishthan, Ballarpur Institute of Technology, Mouza Bamni",0418824110,2025-26,1,Maharashtra,GOBCH,GOBCH,HU,16.9789978,percentile,GOBCH | 22694 | 16.9789978 | Stage-I,70,Home University Seats Allotted to Home University Candidates,4ccd151af1d2f2243dbcaf0b77b427e36059a489367d1d1b4e4a421e93395ce5
7026366bbc3b-PG_MCA_CAP1_Cutoff_MH_2025_26__1_.pdf,4188,"Krushi Jivan Vikas Pratishthan, Ballarpur Institute of Technology, Mouza Bamni",0418824110,2025-26,1,Maharashtra,GOPENO,GOPENO,HU,25.4779232,percentile,GOPENO | 20808 | 25.4779232 | Stage-I,70,Other Than Home University Seats Allotted to Other Than Home University Candidates,ea570c404f313b5b4dc22b22f8ecaf3d4ffd83d85e07e064190d65216ecf8b4b
7026366bbc3b-PG_MCA_CAP1_Cutoff_MH_2025_26__1_.pdf,4188,"Krushi Jivan Vikas Pratishthan, Ballarpur Institute of Technology, Mouza Bamni",0418824110,2025-26,1,Maharashtra,GOPENO,GOPENO,HU,39.3989669,percentile,GOPENO | 18043 | 39.3989669 | Stage-I,70,Other Than Home University Seats Allotted to Home University Candidates,d0e9e1800c20b82cf711a70c8d1ab24852e5ab8ce09839e08857e57c8748d785
7026366bbc3b-PG_MCA_CAP1_Cutoff_MH_2025_26__1_.pdf,4188,"Krushi Jivan Vikas Pratishthan, Ballarpur Institute of Technology, Mouza Bamni",0418824110,2025-26,1,Maharashtra,GOBCO,GOBCO,HU,4.067771,percentile,GOBCO | 24927 | 4.067771 | Stage-I,70,Other Than Home University Seats Allotted to Home University Candidates,339bca0848e5a9399cd5de079f36a855703061a505372a779af77f13a477649f
7026366bbc3b-PG_MCA_CAP1_Cutoff_MH_2025_26__1_.pdf,4613,"Suryodaya College of Engineering & Technology, Nagpur",0461324110,2025-26,1,Maharashtra,GOPENH,GOPENH,HU,80.5399495,percentile,GOPENH | 6256 | 80.5399495 | Stage-I,71,Home University Seats Allotted to Home University Candidates,72493df835e6a55ff5b442c090eb8851a2dc13ce8806560cf7113fcabef825e7
7026366bbc3b-PG_MCA_CAP1_Cutoff_MH_2025_26__1_.pdf,4613,"Suryodaya College of Engineering & Technology, Nagpur",0461324110,2025-26,1,Maharashtra,GSCH,GSCH,HU,69.7143504,percentile,GSCH | 9919 | 69.7143504 | Stage-I,71,Home University Seats Allotted to Home University Candidates,c360a9f99e0f2e28f1662660df00ed2f36521c1332bb8e9b9319c22ce7ad225c
7026366bbc3b-PG_MCA_CAP1_Cutoff_MH_2025_26__1_.pdf,4613,"Suryodaya College of Engineering & Technology, Nagpur",0461324110,2025-26,1,Maharashtra,GSTH,GSTH,HU,23.1010151,percentile,GSTH | 21387 | 23.1010151 | Stage-I,71,Home University Seats Allotted to Home University Candidates,844efd65426bbaebcf0f04a956680f556800362ebdf7ad63eb5d7061e7cb920b
7026366bbc3b-PG_MCA_CAP1_Cutoff_MH_2025_26__1_.pdf,4613,"Suryodaya College of Engineering & Technology, Nagpur",0461324110,2025-26,1,Maharashtra,GNTAH,GNTAH,HU,41.4550394,percentile,GNTAH | 17152 | 41.4550394 | Stage-I,71,Home University Seats Allotted to Home University Candidates,7758344c36c902653c310db729aaaae8ba97208b742a2f4943257f66d23988ea
7026366bbc3b-PG_MCA_CAP1_Cutoff_MH_2025_26__1_.pdf,4613,"Suryodaya College of Engineering & Technology, Nagpur",0461324110,2025-26,1,Maharashtra,GNTBH,GNTBH,HU,58.7911466,percentile,GNTBH | 12975 | 58.7911466 | Stage-I,71,Home University Seats Allotted to Home University Candidates,2835c9a51d1a9cb33fe1e2fe6fab264101448b8755561ce15d76dd89e8277aa8
7026366bbc3b-PG_MCA_CAP1_Cutoff_MH_2025_26__1_.pdf,4613,"Suryodaya College of Engineering & Technology, Nagpur",0461324110,2025-26,1,Maharashtra,GNTCH,GNTCH,HU,53.942159,percentile,GNTCH | 14135 | 53.942159 | Stage-I,71,Home University Seats Allotted to Home University Candidates,9919dfcdc281aeb30f8a9d717c4199791f64030ba6bca7790572361ea181c265
7026366bbc3b-PG_MCA_CAP1_Cutoff_MH_2025_26__1_.pdf,4613,"Suryodaya College of Engineering & Technology, Nagpur",0461324110,2025-26,1,Maharashtra,GOBCH,GOBCH,HU,69.7143504,percentile,GOBCH | 9905 | 69.7143504 | Stage-I,71,Home University Seats Allotted to Home University Candidates,6cb17fd5b62e060d554b933918289d56ae0d611dcb14d0cf377f21732434f90a
7026366bbc3b-PG_MCA_CAP1_Cutoff_MH_2025_26__1_.pdf,4613,"Suryodaya College of Engineering & Technology, Nagpur",0461324110,2025-26,1,Maharashtra,GOPENO,GOPENO,HU,34.5198145,percentile,GOPENO | 19020 | 34.5198145 | Stage-I,71,Other Than Home University Seats Allotted to Other Than Home University Candidates,e8b03faf8c97aee03d233c8e0f2e8c48c9ebad6bd11ec200f2b6b6af1c8ee3b0
7026366bbc3b-PG_MCA_CAP1_Cutoff_MH_2025_26__1_.pdf,4613,"Suryodaya College of Engineering & Technology, Nagpur",0461324110,2025-26,1,Maharashtra,GSCO,GSCO,HU,4.067771,percentile,GSCO | 24929 | 4.067771 | Stage-I,71,Other Than Home University Seats Allotted to Other Than Home University Candidates,9442d7e197cc85c89ce2acdca7e40baee11496df1f8199411e182fac928654d7
7026366bbc3b-PG_MCA_CAP1_Cutoff_MH_2025_26__1_.pdf,4613,"Suryodaya College of Engineering & Technology, Nagpur",0461324110,2025-26,1,Maharashtra,GNTBO,GNTBO,HU,15.5994113,percentile,GNTBO | 23021 | 15.5994113 | Stage-I,71,Other Than Home University Seats Allotted to Other Than Home University Candidates,e6a3a042fd73a2b9d7b244388c0a023e1df7c79742bc3e450af7ad2bf0258392
7026366bbc3b-PG_MCA_CAP1_Cutoff_MH_2025_26__1_.pdf,4613,"Suryodaya College of Engineering & Technology, Nagpur",0461324110,2025-26,1,Maharashtra,GOBCO,GOBCO,HU,29.9046039,percentile,GOBCO | 20287 | 29.9046039 | Stage-I,71,Other Than Home University Seats Allotted to Other Than Home University Candidates,5b1ecbf5542b5443b14ca01026635839111308da9274f4f50eeebe3044f859cc
7026366bbc3b-PG_MCA_CAP1_Cutoff_MH_2025_26__1_.pdf,4613,"Suryodaya College of Engineering & Technology, Nagpur",0461324110,2025-26,1,Maharashtra,GSTO,GSTO,HU,19.1539942,percentile,GSTO | 22411 | 19.1539942 | Stage-I,71,Other Than Home University Seats Allotted to Home University Candidates,a9129a871a4f273ac067d20b17158370100eaf63eccaf12853194158716fcb82
7026366bbc3b-PG_MCA_CAP1_Cutoff_MH_2025_26__1_.pdf,4613,"Suryodaya College of Engineering & Technology, Nagpur",0461324110,2025-26,1,Maharashtra,EWS,EWS,SL,29.9046039,percentile,EWS | 20015 | 29.9046039 | Stage-I,71,Other Than Home University Seats Allotted to Home University Candidates,8a997519422caac08d6884272c8c4e1cda47acff613394cbd4bca43795cf81e0
7026366bbc3b-PG_MCA_CAP1_Cutoff_MH_2025_26__1_.pdf,4613,"Suryodaya College of Engineering & Technology, Nagpur",0461324110,2025-26,1,Maharashtra,TFWS,TFWS,SL,77.8251197,percentile,TFWS | 7126 | 77.8251197 | Stage-I,71,Other Than Home University Seats Allotted to Home University Candidates,1ec65d9726a6506db5efdfb6d49965c9004eb2f7c602c7615c740d7a1994f707
7026366bbc3b-PG_MCA_CAP1_Cutoff_MH_2025_26__1_.pdf,4679,"Karanjekar College of Engineering & Management, Sakoli",0467924110,2025-26,1,Maharashtra,GOPENH,GOPENH,HU,56.5488095,percentile,GOPENH | 13501 | 56.5488095 | Stage-I,72,Home University Seats Allotted to Home University Candidates,403b0b970c4279d6ba9775157da421923bcb930ac732ad2140b792348aeb90ac
7026366bbc3b-PG_MCA_CAP1_Cutoff_MH_2025_26__1_.pdf,4679,"Karanjekar College of Engineering & Management, Sakoli",0467924110,2025-26,1,Maharashtra,GSCH,GSCH,HU,21.0059952,percentile,GSCH | 22061 | 21.0059952 | Stage-I,72,Home University Seats Allotted to Home University Candidates,f532782a765ab9d15815b4ba2a38837c9559a01a49c20121700b38aed490b0b7
7026366bbc3b-PG_MCA_CAP1_Cutoff_MH_2025_26__1_.pdf,4679,"Karanjekar College of Engineering & Management, Sakoli",0467924110,2025-26,1,Maharashtra,GOBCH,GOBCH,HU,29.9046039,percentile,GOBCH | 20307 | 29.9046039 | Stage-I,72,Home University Seats Allotted to Home University Candidates,7386cbc7d4789ece08d5779421428b1c0594c77729a827063375ba6fdf74f74f
7026366bbc3b-PG_MCA_CAP1_Cutoff_MH_2025_26__1_.pdf,4679,"Karanjekar College of Engineering & Management, Sakoli",0467924110,2025-26,1,Maharashtra,GOPENO,GOPENO,HU,16.9789978,percentile,GOPENO | 22792 | 16.9789978 | Stage-I,72,Other Than Home University Seats Allotted to Other Than Home University Candidates,409610e7f25a3d79aead1c0a57c61aa206a9d511433368f539776e5c2146f420
7026366bbc3b-PG_MCA_CAP1_Cutoff_MH_2025_26__1_.pdf,4679,"Karanjekar College of Engineering & Management, Sakoli",0467924110,2025-26,1,Maharashtra,GOBCO,GOBCO,HU,23.1010151,percentile,GOBCO | 21557 | 23.1010151 | Stage-I,72,Other Than Home University Seats Allotted to Home University Candidates,2224025bff44971d753edc6f13f58d120499afd1246948add554df05a0da254a
7026366bbc3b-PG_MCA_CAP1_Cutoff_MH_2025_26__1_.pdf,4701,"Dr.S.C. Gulhane Prerna College of Management and Technology, Nagpur",0470124110,2025-26,1,Maharashtra,GOPENH,GOPENH,HU,51.4093808,percentile,GOPENH | 14947 | 51.4093808 | Stage-I,73,Home University Seats Allotted to Home University Candidates,0467c11bca762c9f5508592f3fd0b8f79ff41334e341b565c3c7a6e632b3a284
7026366bbc3b-PG_MCA_CAP1_Cutoff_MH_2025_26__1_.pdf,4701,"Dr.S.C. Gulhane Prerna College of Management and Technology, Nagpur",0470124110,2025-26,1,Maharashtra,GSCH,GSCH,HU,15.5994113,percentile,GSCH | 22952 | 15.5994113 | Stage-I,73,Home University Seats Allotted to Home University Candidates,ce2756b71528827a05135e9d8318c4d4b177488145a7f9257428beb9bd58ec25
7026366bbc3b-PG_MCA_CAP1_Cutoff_MH_2025_26__1_.pdf,4701,"Dr.S.C. Gulhane Prerna College of Management and Technology, Nagpur",0470124110,2025-26,1,Maharashtra,GSTH,GSTH,HU,19.1539942,percentile,GSTH | 22212 | 19.1539942 | Stage-I,73,Home University Seats Allotted to Home University Candidates,0eabed9c0cf970873b5f1e51dbd9cd4684c2d033c9ec2b35341879297ca83a3f
7026366bbc3b-PG_MCA_CAP1_Cutoff_MH_2025_26__1_.pdf,4701,"Dr.S.C. Gulhane Prerna College of Management and Technology, Nagpur",0470124110,2025-26,1,Maharashtra,GNTBH,GNTBH,HU,39.3989669,percentile,GNTBH | 18081 | 39.3989669 | Stage-I,73,Home University Seats Allotted to Home University Candidates,303874d7d9eb6ed4bf291260dd1874a600548d89c91fa9bb9763e970553eb2c9
7026366bbc3b-PG_MCA_CAP1_Cutoff_MH_2025_26__1_.pdf,4701,"Dr.S.C. Gulhane Prerna College of Management and Technology, Nagpur",0470124110,2025-26,1,Maharashtra,GNTCH,GNTCH,HU,31.6629561,percentile,GNTCH | 19724 | 31.6629561 | Stage-I,73,Home University Seats Allotted to Home University Candidates,39a5d3a769b055e2178498992122f81a7115574a4bc07a92c5d3d68203909513
7026366bbc3b-PG_MCA_CAP1_Cutoff_MH_2025_26__1_.pdf,4701,"Dr.S.C. Gulhane Prerna College of Management and Technology, Nagpur",0470124110,2025-26,1,Maharashtra,GOBCH,GOBCH,HU,39.3989669,percentile,GOBCH | 18098 | 39.3989669 | Stage-I,73,Home University Seats Allotted to Home University Candidates,00ac12e1162cd63e2eab4339ee2735608ac03bb1a62d6c4a0d047834579c7482
7026366bbc3b-PG_MCA_CAP1_Cutoff_MH_2025_26__1_.pdf,4701,"Dr.S.C. Gulhane Prerna College of Management and Technology, Nagpur",0470124110,2025-26,1,Maharashtra,GNTAH,GNTAH,HU,5.5960152,percentile,GNTAH | 24683 | 5.5960152 | Stage-I,73,Home University Seats Allotted to Other Than Home University Candidates,db6f694e566e723b76015e39487a9a78c17294bc33e39e97da15f6e2015c2145
7026366bbc3b-PG_MCA_CAP1_Cutoff_MH_2025_26__1_.pdf,4701,"Dr.S.C. Gulhane Prerna College of Management and Technology, Nagpur",0470124110,2025-26,1,Maharashtra,GOPENO,GOPENO,HU,29.9046039,percentile,GOPENO | 19919 | 29.9046039 | Stage-I,73,Other Than Home University Seats Allotted to Other Than Home University Candidates,a84e07a305a4d02cd1ac17fcb6ee65543cb06a8d64b4f92e0a2f302cdfaee7a4
7026366bbc3b-PG_MCA_CAP1_Cutoff_MH_2025_26__1_.pdf,4701,"Dr.S.C. Gulhane Prerna College of Management and Technology, Nagpur",0470124110,2025-26,1,Maharashtra,GSCO,GSCO,HU,4.302251,percentile,GSCO | 24852 | 4.302251 | Stage-I,73,Other Than Home University Seats Allotted to Other Than Home University Candidates,1afa657cf3c3dfc28028704cc300c4b0eef9d85b19062ca97362a1d620939951
7026366bbc3b-PG_MCA_CAP1_Cutoff_MH_2025_26__1_.pdf,4701,"Dr.S.C. Gulhane Prerna College of Management and Technology, Nagpur",0470124110,2025-26,1,Maharashtra,GOBCO,GOBCO,HU,23.1010151,percentile,GOBCO | 21389 | 23.1010151 | Stage-I,73,Other Than Home University Seats Allotted to Other Than Home University Candidates,9f4798c26bb9fc452b6da84528b097e4e51257c8d6a95978d67bb93c491353c9
7026366bbc3b-PG_MCA_CAP1_Cutoff_MH_2025_26__1_.pdf,4701,"Dr.S.C. Gulhane Prerna College of Management and Technology, Nagpur",0470124110,2025-26,1,Maharashtra,GNTBO,GNTBO,HU,21.0059952,percentile,GNTBO | 22066 | 21.0059952 | Stage-I,73,Other Than Home University Seats Allotted to Home University Candidates,2bb02c01de5488fa15dec4f41cda8123512a1de60901bc58b6989bcf98efda82
7026366bbc3b-PG_MCA_CAP1_Cutoff_MH_2025_26__1_.pdf,4701,"Dr.S.C. Gulhane Prerna College of Management and Technology, Nagpur",0470124110,2025-26,1,Maharashtra,EWS,EWS,SL,23.1010151,percentile,EWS | 21337 | 23.1010151 | Stage-I,73,Other Than Home University Seats Allotted to Home University Candidates,8a90d570b3803cce76073fe434204a9dda63b6ab372ba502b09e6e929969730c
7026366bbc3b-PG_MCA_CAP1_Cutoff_MH_2025_26__1_.pdf,4701,"Dr.S.C. Gulhane Prerna College of Management and Technology, Nagpur",0470124110,2025-26,1,Maharashtra,TFWS,TFWS,SL,25.4779232,percentile,TFWS | 20812 | 25.4779232 | Stage-I,73,Other Than Home University Seats Allotted to Home University Candidates,e3ae38008802a411f3be08830f118c0a3dd563e8afa0e26ab51c852dcc0ca880
7026366bbc3b-PG_MCA_CAP1_Cutoff_MH_2025_26__1_.pdf,5002,"Department of Computer Science, North Maharashtra University, Jalgaon",0500224110,2025-26,1,Maharashtra,GOPENH,GOPENH,HU,89.1331398,percentile,GOPENH | 3624 | 89.1331398 | Stage-I,74,Home University Seats Allotted to Home University Candidates,3535efdcc6140f9bf23c34528ef23a6e0c170b05d1bbe7305e39ab874300c29e
7026366bbc3b-PG_MCA_CAP1_Cutoff_MH_2025_26__1_.pdf,5002,"Department of Computer Science, North Maharashtra University, Jalgaon",0500224110,2025-26,1,Maharashtra,GSCH,GSCH,HU,46.3793819,percentile,GSCH | 15927 | 46.3793819 | Stage-I,74,Home University Seats Allotted to Home University Candidates,2db41599f6d0820e8b18a8c6b83499654586a7db40131986869ef342b66e67aa
7026366bbc3b-PG_MCA_CAP1_Cutoff_MH_2025_26__1_.pdf,5002,"Department of Computer Science, North Maharashtra University, Jalgaon",0500224110,2025-26,1,Maharashtra,GNTAH,GNTAH,HU,85.3851665,percentile,GNTAH | 4558 | 85.3851665 | Stage-I,74,Home University Seats Allotted to Home University Candidates,f35579573c635457b09ce36e70918188d766fa7dee62d71fca4a65b486c133d5
7026366bbc3b-PG_MCA_CAP1_Cutoff_MH_2025_26__1_.pdf,5002,"Department of Computer Science, North Maharashtra University, Jalgaon",0500224110,2025-26,1,Maharashtra,GNTBH,GNTBH,HU,80.5399495,percentile,GNTBH | 6359 | 80.5399495 | Stage-I,74,Home University Seats Allotted to Home University Candidates,06138c3da48f51c414d4cabdefbfc955bb912f787dbf67c3123719b081a6110a
7026366bbc3b-PG_MCA_CAP1_Cutoff_MH_2025_26__1_.pdf,5002,"Department of Computer Science, North Maharashtra University, Jalgaon",0500224110,2025-26,1,Maharashtra,GNTCH,GNTCH,HU,82.8308366,percentile,GNTCH | 5867 | 82.8308366 | Stage-I,74,Home University Seats Allotted to Home University Candidates,88ed0d538b3bd48508537282cdbcad5ad8cedfbc18ef3a741d8890595e11522a
7026366bbc3b-PG_MCA_CAP1_Cutoff_MH_2025_26__1_.pdf,5002,"Department of Computer Science, North Maharashtra University, Jalgaon",0500224110,2025-26,1,Maharashtra,GOBCH,GOBCH,HU,82.9644433,percentile,GOBCH | 5252 | 82.9644433 | Stage-I,74,Home University Seats Allotted to Home University Candidates,905834b790aaf34e8641422b879a1864c48b3f47d1b442287d9e93cfc782722b
7026366bbc3b-PG_MCA_CAP1_Cutoff_MH_2025_26__1_.pdf,5002,"Department of Computer Science, North Maharashtra University, Jalgaon",0500224110,2025-26,1,Maharashtra,GSEBCH,GSEBCH,HU,31.6629561,percentile,GSEBCH | 19665 | 31.6629561 | Stage-I,74,Home University Seats Allotted to Home University Candidates,84077785d67258ffb42d2b8cd524ad7001a2d5f3d8b42b3e9866ed808a3e07e1
7026366bbc3b-PG_MCA_CAP1_Cutoff_MH_2025_26__1_.pdf,5002,"Department of Computer Science, North Maharashtra University, Jalgaon",0500224110,2025-26,1,Maharashtra,GSEBCH,GSEBCH,HU,49.3533426,percentile,GSEBCH | 15560 | 49.3533426 | Stage-I,74,Home University Seats Allotted to Other Than Home University Candidates,0ea918cf32e0b25c5f50185f27a38479b4d167b63d9d9561e267cb0dcc9d29fd
7026366bbc3b-PG_MCA_CAP1_Cutoff_MH_2025_26__1_.pdf,5002,"Department of Computer Science, North Maharashtra University, Jalgaon",0500224110,2025-26,1,Maharashtra,GOPENO,GOPENO,HU,92.1797821,percentile,GOPENO | 2569 | 92.1797821 | Stage-I,74,Other Than Home University Seats Allotted to Other Than Home University Candidates,92270fcc9cd7fb1253cb031ac16f68e8692625eb748bcaf1cc551492070f4846
7026366bbc3b-PG_MCA_CAP1_Cutoff_MH_2025_26__1_.pdf,5002,"Department of Computer Science, North Maharashtra University, Jalgaon",0500224110,2025-26,1,Maharashtra,GSCO,GSCO,HU,63.1574978,percentile,GSCO | 11696 | 63.1574978 | Stage-I,74,Other Than Home University Seats Allotted to Other Than Home University Candidates,137982d0900248af340bb26bbbd7f62a77ac27c6d1a74b1025404e4131aefa32
7026366bbc3b-PG_MCA_CAP1_Cutoff_MH_2025_26__1_.pdf,5002,"Department of Computer Science, North Maharashtra University, Jalgaon",0500224110,2025-26,1,Maharashtra,GOBCO,GOBCO,HU,74.782248,percentile,GOBCO | 8177 | 74.782248 | Stage-I,74,Other Than Home University Seats Allotted to Other Than Home University Candidates,aa465f151e4fbff2f128265d2d640293200b525c415530cbd7b3304123a01359
7026366bbc3b-PG_MCA_CAP1_Cutoff_MH_2025_26__1_.pdf,5002,"Department of Computer Science, North Maharashtra University, Jalgaon",0500224110,2025-26,1,Maharashtra,GSEBCO,GSEBCO,HU,56.5488095,percentile,GSEBCO | 13848 | 56.5488095 | Stage-I,74,Other Than Home University Seats Allotted to Other Than Home University Candidates,d468d65662b3a025d9fdc09afb85c2c67a4bbba8d913f1d727273ce3c1e3b44b
7026366bbc3b-PG_MCA_CAP1_Cutoff_MH_2025_26__1_.pdf,5002,"Department of Computer Science, North Maharashtra University, Jalgaon",0500224110,2025-26,1,Maharashtra,EWS,EWS,SL,44.5345198,percentile,EWS | 16432 | 44.5345198 | Stage-I,74,Other Than Home University Seats Allotted to Other Than Home University Candidates,f1e0f7cb2e367bb4aa90eb81cc8aef5141068f7705d3a36a6410b7748fc7cf7e
7026366bbc3b-PG_MCA_CAP1_Cutoff_MH_2025_26__1_.pdf,5002,"Department of Computer Science, North Maharashtra University, Jalgaon",0500224110,2025-26,1,Maharashtra,TFWS,TFWS,SL,95.5548847,percentile,TFWS | 1300 | 95.5548847 | Stage-I,74,Other Than Home University Seats Allotted to Other Than Home University Candidates,06041595e25f6bec78ea67b86039d0659a34c4e308e79f35b24a038417e60612
7026366bbc3b-PG_MCA_CAP1_Cutoff_MH_2025_26__1_.pdf,5101,"Khandesh College Education Society's Institute of Management & Research, Jalgaon",0510124110,2025-26,1,Maharashtra,GOPENH,GOPENH,HU,53.942159,percentile,GOPENH | 14344 | 53.942159 | Stage-I,75,Home University Seats Allotted to Home University Candidates,350d4e7a263a8469ce03c6aea39d0cc833dc12b156c190926f529909ffb87bf6
7026366bbc3b-PG_MCA_CAP1_Cutoff_MH_2025_26__1_.pdf,5101,"Khandesh College Education Society's Institute of Management & Research, Jalgaon",0510124110,2025-26,1,Maharashtra,GSCH,GSCH,HU,0.3660239,percentile,GSCH | 25446 | 0.3660239 | Stage-I,75,Home University Seats Allotted to Home University Candidates,3fd90f1b3b42069c98ca1e9a05fa2987c00735282c65e0eac7414aaaba6d240b
7026366bbc3b-PG_MCA_CAP1_Cutoff_MH_2025_26__1_.pdf,5101,"Khandesh College Education Society's Institute of Management & Research, Jalgaon",0510124110,2025-26,1,Maharashtra,GSTH,GSTH,HU,53.942159,percentile,GSTH | 14457 | 53.942159 | Stage-I,75,Home University Seats Allotted to Home University Candidates,5867f2c460db055e2a2016b33777a96d048df1936ac8add60d39514323955335
7026366bbc3b-PG_MCA_CAP1_Cutoff_MH_2025_26__1_.pdf,5101,"Khandesh College Education Society's Institute of Management & Research, Jalgaon",0510124110,2025-26,1,Maharashtra,GNTAH,GNTAH,HU,15.5994113,percentile,GNTAH | 22911 | 15.5994113 | Stage-I,75,Home University Seats Allotted to Home University Candidates,5ed43ffab5d48964d2479110f89762523305ed604fb19524f22b2608bf4b9908
7026366bbc3b-PG_MCA_CAP1_Cutoff_MH_2025_26__1_.pdf,5101,"Khandesh College Education Society's Institute of Management & Research, Jalgaon",0510124110,2025-26,1,Maharashtra,GNTBH,GNTBH,HU,34.5198145,percentile,GNTBH | 19104 | 34.5198145 | Stage-I,75,Home University Seats Allotted to Home University Candidates,b7454941c464fc0a84047382136e98bc4adbb904c2afb3402ce4e5586c3c7d8a
7026366bbc3b-PG_MCA_CAP1_Cutoff_MH_2025_26__1_.pdf,5101,"Khandesh College Education Society's Institute of Management & Research, Jalgaon",0510124110,2025-26,1,Maharashtra,GNTCH,GNTCH,HU,23.1010151,percentile,GNTCH | 21514 | 23.1010151 | Stage-I,75,Home University Seats Allotted to Home University Candidates,1fdd5f3454e332704679090e15f2410c789e7de57ba8456c11836830b4a09d40
7026366bbc3b-PG_MCA_CAP1_Cutoff_MH_2025_26__1_.pdf,5101,"Khandesh College Education Society's Institute of Management & Research, Jalgaon",0510124110,2025-26,1,Maharashtra,GNTDH,GNTDH,HU,3.0466423,percentile,GNTDH | 25034 | 3.0466423 | Stage-I,75,Home University Seats Allotted to Home University Candidates,cacee9500e8bb0dabd30bd9eb16c757f3d1dd1f57e6056541bacd4b1909fadbf
7026366bbc3b-PG_MCA_CAP1_Cutoff_MH_2025_26__1_.pdf,5101,"Khandesh College Education Society's Institute of Management & Research, Jalgaon",0510124110,2025-26,1,Maharashtra,GOBCH,GOBCH,HU,46.3793819,percentile,GOBCH | 16049 | 46.3793819 | Stage-I,75,Home University Seats Allotted to Home University Candidates,403ef4e2047d612cc586884b20bef68490977c85d5658dd68ca0fd8d249d39ee
7026366bbc3b-PG_MCA_CAP1_Cutoff_MH_2025_26__1_.pdf,5101,"Khandesh College Education Society's Institute of Management & Research, Jalgaon",0510124110,2025-26,1,Maharashtra,GSEBCH,GSEBCH,HU,36.496736,percentile,GSEBCH | 18616 | 36.496736 | Stage-I,75,Home University Seats Allotted to Home University Candidates,6f19f389f938101bf5270a77fa387d199fcf8ff53860f6e193486874b810af10
7026366bbc3b-PG_MCA_CAP1_Cutoff_MH_2025_26__1_.pdf,5101,"Khandesh College Education Society's Institute of Management & Research, Jalgaon",0510124110,2025-26,1,Maharashtra,PWDOPENH,PWDOPENH,HU,7.9446476,percentile,PWDOPENH | 24242 | 7.9446476 | Stage-I,75,Home University Seats Allotted to Home University Candidates,c2c2aec53b6cfc777d7baab9b68af2a80e296e1467840b8d5f249e6e1ad97e30
7026366bbc3b-PG_MCA_CAP1_Cutoff_MH_2025_26__1_.pdf,5101,"Khandesh College Education Society's Institute of Management & Research, Jalgaon",0510124110,2025-26,1,Maharashtra,GOPENO,GOPENO,HU,10.5199653,percentile,GOPENO | 23886 | 10.5199653 | Stage-I,75,Other Than Home University Seats Allotted to Other Than Home University Candidates,26c5a684d16ec1eb5289817f7d8efe651eba253dd6303afebf20b8aaaf0efd37
7026366bbc3b-PG_MCA_CAP1_Cutoff_MH_2025_26__1_.pdf,5101,"Khandesh College Education Society's Institute of Management & Research, Jalgaon",0510124110,2025-26,1,Maharashtra,GNTBO,GNTBO,HU,34.5198145,percentile,GNTBO | 19106 | 34.5198145 | Stage-I,75,Other Than Home University Seats Allotted to Home University Candidates,a7974379103e029ed54fec086849f8b2e83ab5487555bde8894ce834108a24bb
7026366bbc3b-PG_MCA_CAP1_Cutoff_MH_2025_26__1_.pdf,5101,"Khandesh College Education Society's Institute of Management & Research, Jalgaon",0510124110,2025-26,1,Maharashtra,GOBCO,GOBCO,HU,44.5345198,percentile,GOBCO | 16538 | 44.5345198 | Stage-I,75,Other Than Home University Seats Allotted to Home University Candidates,39d27363d9959ebd7bb79d36b6f873aadd296dbdbdff09fdaaf5b26a642b3f16
7026366bbc3b-PG_MCA_CAP1_Cutoff_MH_2025_26__1_.pdf,5101,"Khandesh College Education Society's Institute of Management & Research, Jalgaon",0510124110,2025-26,1,Maharashtra,EWS,EWS,SL,1.3622127,percentile,EWS | 25300 | 1.3622127 | Stage-I,75,Other Than Home University Seats Allotted to Home University Candidates,026d1b629b72254df66002168d6d9a6bb94fa4dd16bbe1be1715e0ff0d7062e0
7026366bbc3b-PG_MCA_CAP1_Cutoff_MH_2025_26__1_.pdf,5101,"Khandesh College Education Society's Institute of Management & Research, Jalgaon",0510124110,2025-26,1,Maharashtra,TFWS,TFWS,SL,74.782248,percentile,TFWS | 8089 | 74.782248 | Stage-I,75,Other Than Home University Seats Allotted to Home University Candidates,c4afd12195e13cf89ee9467a18c671033d4323b3070d584e9121238d6e1773ad
7026366bbc3b-PG_MCA_CAP1_Cutoff_MH_2025_26__1_.pdf,5102,"Godavari Institute of Management & Research, Jalgaon",0510224110,2025-26,1,Maharashtra,GOPENH,GOPENH,HU,63.1574978,percentile,GOPENH | 12006 | 63.1574978 | Stage-I,76,Home University Seats Allotted to Home University Candidates,5eaa3cf2c7f18ff1cb49e7b8e9189d58788550965590ee922c8c5f092d786918
7026366bbc3b-PG_MCA_CAP1_Cutoff_MH_2025_26__1_.pdf,5102,"Godavari Institute of Management & Research, Jalgaon",0510224110,2025-26,1,Maharashtra,GSCH,GSCH,HU,3.0466423,percentile,GSCH | 25019 | 3.0466423 | Stage-I,76,Home University Seats Allotted to Home University Candidates,4fba8c858e660e4b112d6813ccabe6963bc3f0c7da9f5a70fc819eb764bb40c1
7026366bbc3b-PG_MCA_CAP1_Cutoff_MH_2025_26__1_.pdf,5102,"Godavari Institute of Management & Research, Jalgaon",0510224110,2025-26,1,Maharashtra,GNTAH,GNTAH,HU,19.1539942,percentile,GNTAH | 22284 | 19.1539942 | Stage-I,76,Home University Seats Allotted to Home University Candidates,6b162bda636100f77d3a928e39b9a7ad1922f1869056ce3630675591e43b5ac5
7026366bbc3b-PG_MCA_CAP1_Cutoff_MH_2025_26__1_.pdf,5102,"Godavari Institute of Management & Research, Jalgaon",0510224110,2025-26,1,Maharashtra,GNTBH,GNTBH,HU,34.5198145,percentile,GNTBH | 18905 | 34.5198145 | Stage-I,76,Home University Seats Allotted to Home University Candidates,f24e001996f4280b59c68bc4219de8fdd7bac7163a02988c6a18ffbabcc3e251
7026366bbc3b-PG_MCA_CAP1_Cutoff_MH_2025_26__1_.pdf,5102,"Godavari Institute of Management & Research, Jalgaon",0510224110,2025-26,1,Maharashtra,GNTCH,GNTCH,HU,19.1539942,percentile,GNTCH | 22118 | 19.1539942 | Stage-I,76,Home University Seats Allotted to Home University Candidates,9889f6ad064902dbdaa8d9773ab851fdff0965b8ce13ae58f34f1783d1649253
7026366bbc3b-PG_MCA_CAP1_Cutoff_MH_2025_26__1_.pdf,5102,"Godavari Institute of Management & Research, Jalgaon",0510224110,2025-26,1,Maharashtra,GOBCH,GOBCH,HU,49.3533426,percentile,GOBCH | 15730 | 49.3533426 | Stage-I,76,Home University Seats Allotted to Home University Candidates,3b7ff0accc121cf25fad4f0ddf4651d025c612e43b6e4b492be5dc1061ed00cd
7026366bbc3b-PG_MCA_CAP1_Cutoff_MH_2025_26__1_.pdf,5102,"Godavari Institute of Management & Research, Jalgaon",0510224110,2025-26,1,Maharashtra,GSEBCH,GSEBCH,HU,2.8640429,percentile,GSEBCH | 25104 | 2.8640429 | Stage-I,76,Home University Seats Allotted to Home University Candidates,60e12e1e522f39d5e71d8a2e9c7602ffc8152ce9b43bd258a783de81489b8c5a
7026366bbc3b-PG_MCA_CAP1_Cutoff_MH_2025_26__1_.pdf,5102,"Godavari Institute of Management & Research, Jalgaon",0510224110,2025-26,1,Maharashtra,GOPENO,GOPENO,HU,15.5994113,percentile,GOPENO | 22925 | 15.5994113 | Stage-I,76,Other Than Home University Seats Allotted to Other Than Home University Candidates,dab851340bb36ce53d14d8b7068bb7ac78fcd2b0d7b33caeed7475145972f5d0
7026366bbc3b-PG_MCA_CAP1_Cutoff_MH_2025_26__1_.pdf,5102,"Godavari Institute of Management & Research, Jalgaon",0510224110,2025-26,1,Maharashtra,GOPENO,GOPENO,HU,49.3533426,percentile,GOPENO | 15318 | 49.3533426 | Stage-I,76,Other Than Home University Seats Allotted to Home University Candidates,4c2fb724fc37a2d6373c0c33144641f30d9762e5e285faa8b732a872cbc2c09a
7026366bbc3b-PG_MCA_CAP1_Cutoff_MH_2025_26__1_.pdf,5102,"Godavari Institute of Management & Research, Jalgaon",0510224110,2025-26,1,Maharashtra,GNTBO,GNTBO,HU,34.5198145,percentile,GNTBO | 19060 | 34.5198145 | Stage-I,76,Other Than Home University Seats Allotted to Home University Candidates,e3d8f61b47c4e6cada135d2544b277f960a22ecf4aa79e89168c3b3a0f102cbf
7026366bbc3b-PG_MCA_CAP1_Cutoff_MH_2025_26__1_.pdf,5102,"Godavari Institute of Management & Research, Jalgaon",0510224110,2025-26,1,Maharashtra,GOBCO,GOBCO,HU,46.3793819,percentile,GOBCO | 16421 | 46.3793819 | Stage-I,76,Other Than Home University Seats Allotted to Home University Candidates,a3e59025f1bcd43a4c7b37f2173be6043cd85f54ec4a8c4e92d21beaf3f126f6
7026366bbc3b-PG_MCA_CAP1_Cutoff_MH_2025_26__1_.pdf,5102,"Godavari Institute of Management & Research, Jalgaon",0510224110,2025-26,1,Maharashtra,EWS,EWS,SL,9.7430286,percentile,EWS | 23923 | 9.7430286 | Stage-I,76,Other Than Home University Seats Allotted to Home University Candidates,33bf861f69a67c8c070641975420e4b761395c1d67c0942db53b090f15f052a5
7026366bbc3b-PG_MCA_CAP1_Cutoff_MH_2025_26__1_.pdf,5102,"Godavari Institute of Management & Research, Jalgaon",0510224110,2025-26,1,Maharashtra,TFWS,TFWS,SL,61.2807064,percentile,TFWS | 12399 | 61.2807064 | Stage-I,76,Other Than Home University Seats Allotted to Home University Candidates,2321380563d3aea89fba5b374357c25668670088f8ec9677f9c3c1abab72f810
7026366bbc3b-PG_MCA_CAP1_Cutoff_MH_2025_26__1_.pdf,5104,"Shramsadhana Bombay Trust, College of Engineering & Technology, Jalgaon",0510424110,2025-26,1,Maharashtra,GOPENH,GOPENH,HU,73.5368477,percentile,GOPENH | 8756 | 73.5368477 | Stage-I,77,Home University Seats Allotted to Home University Candidates,c226b168819e3524902bd84e1ec5a34d83e58de156357c1b373e73797e668412
7026366bbc3b-PG_MCA_CAP1_Cutoff_MH_2025_26__1_.pdf,5104,"Shramsadhana Bombay Trust, College of Engineering & Technology, Jalgaon",0510424110,2025-26,1,Maharashtra,GSCH,GSCH,HU,5.5960152,percentile,GSCH | 24684 | 5.5960152 | Stage-I,77,Home University Seats Allotted to Home University Candidates,6ffc95f89550eb9be46be1625ab74fd4905bbc76529c9a15596b8c43c35f9571
7026366bbc3b-PG_MCA_CAP1_Cutoff_MH_2025_26__1_.pdf,5104,"Shramsadhana Bombay Trust, College of Engineering & Technology, Jalgaon",0510424110,2025-26,1,Maharashtra,GSTH,GSTH,HU,29.9046039,percentile,GSTH | 20203 | 29.9046039 | Stage-I,77,Home University Seats Allotted to Home University Candidates,141de8e3d4ca153dd7bdf5618dfce5480173845719754cc3464bffa9cac87098
7026366bbc3b-PG_MCA_CAP1_Cutoff_MH_2025_26__1_.pdf,5104,"Shramsadhana Bombay Trust, College of Engineering & Technology, Jalgaon",0510424110,2025-26,1,Maharashtra,GNTAH,GNTAH,HU,51.4093808,percentile,GNTAH | 14825 | 51.4093808 | Stage-I,77,Home University Seats Allotted to Home University Candidates,3842ff941cf6d134ff13a6b85e0f3d3021454af015f40337de9884d2ae235b0b
7026366bbc3b-PG_MCA_CAP1_Cutoff_MH_2025_26__1_.pdf,5104,"Shramsadhana Bombay Trust, College of Engineering & Technology, Jalgaon",0510424110,2025-26,1,Maharashtra,GNTBH,GNTBH,HU,67.3579428,percentile,GNTBH | 10416 | 67.3579428 | Stage-I,77,Home University Seats Allotted to Home University Candidates,3877cd1e41e203502d1a6d0469f3963dbb32388c5ec102963fff80cf263e4af3
7026366bbc3b-PG_MCA_CAP1_Cutoff_MH_2025_26__1_.pdf,5104,"Shramsadhana Bombay Trust, College of Engineering & Technology, Jalgaon",0510424110,2025-26,1,Maharashtra,GNTCH,GNTCH,HU,39.3989669,percentile,GNTCH | 17811 | 39.3989669 | Stage-I,77,Home University Seats Allotted to Home University Candidates,6e7f06b2a6080492678c38d14fc75477013ebbd2bac80c0660bc7061ab62f535
7026366bbc3b-PG_MCA_CAP1_Cutoff_MH_2025_26__1_.pdf,5104,"Shramsadhana Bombay Trust, College of Engineering & Technology, Jalgaon",0510424110,2025-26,1,Maharashtra,GNTDH,GNTDH,HU,65.8578922,percentile,GNTDH | 10993 | 65.8578922 | Stage-I,77,Home University Seats Allotted to Home University Candidates,8fdc7af77d54a178772620eed3cfd0fd4a616c593c70ecdf93c06b87d9163fb0
7026366bbc3b-PG_MCA_CAP1_Cutoff_MH_2025_26__1_.pdf,5104,"Shramsadhana Bombay Trust, College of Engineering & Technology, Jalgaon",0510424110,2025-26,1,Maharashtra,GOBCH,GOBCH,HU,65.8578922,percentile,GOBCH | 10902 | 65.8578922 | Stage-I,77,Home University Seats Allotted to Home University Candidates,adb2d0b2072165626f5c2352c68350c3a606095544e5427548845940124f71b4
7026366bbc3b-PG_MCA_CAP1_Cutoff_MH_2025_26__1_.pdf,5104,"Shramsadhana Bombay Trust, College of Engineering & Technology, Jalgaon",0510424110,2025-26,1,Maharashtra,GSEBCH,GSEBCH,HU,3.0466423,percentile,GSEBCH | 25012 | 3.0466423 | Stage-I,77,Home University Seats Allotted to Home University Candidates,9f185434179102d5831101bfba62461437da99b978670e2e711af4f15528f1d2
7026366bbc3b-PG_MCA_CAP1_Cutoff_MH_2025_26__1_.pdf,5104,"Shramsadhana Bombay Trust, College of Engineering & Technology, Jalgaon",0510424110,2025-26,1,Maharashtra,PWDOPENH,PWDOPENH,HU,27.2744425,percentile,PWDOPENH | 20504 | 27.2744425 | Stage-I,77,Home University Seats Allotted to Home University Candidates,f4af4cfd800de09024d981d59169402828da2e28956ab83d0e4199bc2add801e
7026366bbc3b-PG_MCA_CAP1_Cutoff_MH_2025_26__1_.pdf,5104,"Shramsadhana Bombay Trust, College of Engineering & Technology, Jalgaon",0510424110,2025-26,1,Maharashtra,GOPENO,GOPENO,HU,44.5345198,percentile,GOPENO | 16493 | 44.5345198 | Stage-I,77,Other Than Home University Seats Allotted to Other Than Home University Candidates,646c60aae43ef5f109c1deac87f7a1338c2df2e9a2a2162162cceb14a3e4a8c8
7026366bbc3b-PG_MCA_CAP1_Cutoff_MH_2025_26__1_.pdf,5104,"Shramsadhana Bombay Trust, College of Engineering & Technology, Jalgaon",0510424110,2025-26,1,Maharashtra,GSCO,GSCO,HU,10.5199653,percentile,GSCO | 23694 | 10.5199653 | Stage-I,77,Other Than Home University Seats Allotted to Other Than Home University Candidates,3328946dc77a8bbb4578513b2792906821d1f3c83f6533733938761dc5883d92
7026366bbc3b-PG_MCA_CAP1_Cutoff_MH_2025_26__1_.pdf,5104,"Shramsadhana Bombay Trust, College of Engineering & Technology, Jalgaon",0510424110,2025-26,1,Maharashtra,GOBCO,GOBCO,HU,41.4550394,percentile,GOBCO | 17178 | 41.4550394 | Stage-I,77,Other Than Home University Seats Allotted to Other Than Home University Candidates,d7c297dd5ffee7d6c30956f19fdf16fe622e5004afc5616bc75cf2d881f8270b
7026366bbc3b-PG_MCA_CAP1_Cutoff_MH_2025_26__1_.pdf,5104,"Shramsadhana Bombay Trust, College of Engineering & Technology, Jalgaon",0510424110,2025-26,1,Maharashtra,GNTBO,GNTBO,HU,34.5198145,percentile,GNTBO | 18851 | 34.5198145 | Stage-I,77,Other Than Home University Seats Allotted to Home University Candidates,9b906bd33c50346ab61af5aa0899c3f43bb0757c5326039aa1e152a2765ab8a3
7026366bbc3b-PG_MCA_CAP1_Cutoff_MH_2025_26__1_.pdf,5104,"Shramsadhana Bombay Trust, College of Engineering & Technology, Jalgaon",0510424110,2025-26,1,Maharashtra,GNTCO,GNTCO,HU,27.2744425,percentile,GNTCO | 20378 | 27.2744425 | Stage-I,77,Other Than Home University Seats Allotted to Home University Candidates,af94ad7801d7f6081082d471658c2a480112a41bbf13498b1e3c6dbef796933d
7026366bbc3b-PG_MCA_CAP1_Cutoff_MH_2025_26__1_.pdf,5104,"Shramsadhana Bombay Trust, College of Engineering & Technology, Jalgaon",0510424110,2025-26,1,Maharashtra,EWS,EWS,SL,21.0059952,percentile,EWS | 21667 | 21.0059952 | Stage-I,77,Other Than Home University Seats Allotted to Home University Candidates,24458ff116c0a879dcd6a0b9c71138c3334bdb60b5bcc9d69101a507805eedaa
7026366bbc3b-PG_MCA_CAP1_Cutoff_MH_2025_26__1_.pdf,5104,"Shramsadhana Bombay Trust, College of Engineering & Technology, Jalgaon",0510424110,2025-26,1,Maharashtra,TFWS,TFWS,SL,90.9663786,percentile,TFWS | 2835 | 90.9663786 | Stage-I,77,Other Than Home University Seats Allotted to Home University Candidates,890eded478e9ae7f96cfd1c6f26bcf245a47a38ace56a94fe41d3dfea8aba257
7026366bbc3b-PG_MCA_CAP1_Cutoff_MH_2025_26__1_.pdf,5109,"Sandip Foundation, Sandip Institute of Technology and Research Centre, Mahiravani, Nashik",0510924110,2025-26,1,Maharashtra,GOPENH,GOPENH,HU,74.782248,percentile,GOPENH | 8191 | 74.782248 | Stage-I,78,Home University Seats Allotted to Home University Candidates,14163f051548ff9dd1c8556910b27614b4e9202309017b83cb02bf8805ec4d8e
7026366bbc3b-PG_MCA_CAP1_Cutoff_MH_2025_26__1_.pdf,5109,"Sandip Foundation, Sandip Institute of Technology and Research Centre, Mahiravani, Nashik",0510924110,2025-26,1,Maharashtra,GSCH,GSCH,HU,15.5994113,percentile,GSCH | 23009 | 15.5994113 | Stage-I,78,Home University Seats Allotted to Home University Candidates,efb3bcc30b2d696246c628f31ff74862b991b3c8f874248c121f766ad57b4dcb
7026366bbc3b-PG_MCA_CAP1_Cutoff_MH_2025_26__1_.pdf,5109,"Sandip Foundation, Sandip Institute of Technology and Research Centre, Mahiravani, Nashik",0510924110,2025-26,1,Maharashtra,GSTH,GSTH,HU,19.1539942,percentile,GSTH | 22429 | 19.1539942 | Stage-I,78,Home University Seats Allotted to Home University Candidates,8bc7084109a57cdb51ee508a1afbebc33da5557aba0027158fc3ba3093eab397
7026366bbc3b-PG_MCA_CAP1_Cutoff_MH_2025_26__1_.pdf,5109,"Sandip Foundation, Sandip Institute of Technology and Research Centre, Mahiravani, Nashik",0510924110,2025-26,1,Maharashtra,GNTAH,GNTAH,HU,67.3579428,percentile,GNTAH | 10722 | 67.3579428 | Stage-I,78,Home University Seats Allotted to Home University Candidates,ff33bf3d62cd259d4b338de9639c9d1cf65b752e29218d02b4603672669f7bbc
7026366bbc3b-PG_MCA_CAP1_Cutoff_MH_2025_26__1_.pdf,5109,"Sandip Foundation, Sandip Institute of Technology and Research Centre, Mahiravani, Nashik",0510924110,2025-26,1,Maharashtra,GNTCH,GNTCH,HU,71.1549338,percentile,GNTCH | 9437 | 71.1549338 | Stage-I,78,Home University Seats Allotted to Home University Candidates,eeaf10b21aaaf9b007370fce599246f111e86cb8cbad6a2a47b592c8a580313d
7026366bbc3b-PG_MCA_CAP1_Cutoff_MH_2025_26__1_.pdf,5109,"Sandip Foundation, Sandip Institute of Technology and Research Centre, Mahiravani, Nashik",0510924110,2025-26,1,Maharashtra,GNTDH,GNTDH,HU,41.4550394,percentile,GNTDH | 17403 | 41.4550394 | Stage-I,78,Home University Seats Allotted to Home University Candidates,5ba85d60b40ed4e875dd308ce2e847dd6f6e48a72500927ebe00042fc067113e
7026366bbc3b-PG_MCA_CAP1_Cutoff_MH_2025_26__1_.pdf,5109,"Sandip Foundation, Sandip Institute of Technology and Research Centre, Mahiravani, Nashik",0510924110,2025-26,1,Maharashtra,GOBCH,GOBCH,HU,65.8578922,percentile,GOBCH | 11029 | 65.8578922 | Stage-I,78,Home University Seats Allotted to Home University Candidates,03198907e7ed4d76b4f76d9065f32d1efc792deba18b4371b9f8ce41f1148f49
7026366bbc3b-PG_MCA_CAP1_Cutoff_MH_2025_26__1_.pdf,5109,"Sandip Foundation, Sandip Institute of Technology and Research Centre, Mahiravani, Nashik",0510924110,2025-26,1,Maharashtra,GSEBCH,GSEBCH,HU,15.5994113,percentile,GSEBCH | 22881 | 15.5994113 | Stage-I,78,Home University Seats Allotted to Home University Candidates,fe8062427b66ba1a367fbb66af3aed61ff49dd06999c5b7cf34b7f6784fdfb25
7026366bbc3b-PG_MCA_CAP1_Cutoff_MH_2025_26__1_.pdf,5109,"Sandip Foundation, Sandip Institute of Technology and Research Centre, Mahiravani, Nashik",0510924110,2025-26,1,Maharashtra,GSCH,GSCH,HU,25.4779232,percentile,GSCH | 21150 | 25.4779232 | Stage-I,78,Home University Seats Allotted to Other Than Home University Candidates,ae19cc267696b484bd304ea0b4a5c8be78be9171ee7c7a7da45c0463f5cd3150
7026366bbc3b-PG_MCA_CAP1_Cutoff_MH_2025_26__1_.pdf,5109,"Sandip Foundation, Sandip Institute of Technology and Research Centre, Mahiravani, Nashik",0510924110,2025-26,1,Maharashtra,GNTBH,GNTBH,HU,29.9046039,percentile,GNTBH | 20030 | 29.9046039 | Stage-I,78,Home University Seats Allotted to Other Than Home University Candidates,6c76b200e6ec607f0b197a267aaa0ab86e026c68890ab317f02d86f5e8974679
7026366bbc3b-PG_MCA_CAP1_Cutoff_MH_2025_26__1_.pdf,5109,"Sandip Foundation, Sandip Institute of Technology and Research Centre, Mahiravani, Nashik",0510924110,2025-26,1,Maharashtra,GSEBCH,GSEBCH,HU,67.3579428,percentile,GSEBCH | 10518 | 67.3579428 | Stage-I,78,Home University Seats Allotted to Other Than Home University Candidates,e18a8f31956a6b95c6f2a26b828fba63f533018c2641314e1642651deb24c977
7026366bbc3b-PG_MCA_CAP1_Cutoff_MH_2025_26__1_.pdf,5109,"Sandip Foundation, Sandip Institute of Technology and Research Centre, Mahiravani, Nashik",0510924110,2025-26,1,Maharashtra,GOPENO,GOPENO,HU,82.8308366,percentile,GOPENO | 5914 | 82.8308366 | Stage-I,78,Other Than Home University Seats Allotted to Other Than Home University Candidates,d8d50d89b4c6b13fb262a55ea5bb01205ef54444fc27ae20ed501c5a318e7ccc
7026366bbc3b-PG_MCA_CAP1_Cutoff_MH_2025_26__1_.pdf,5109,"Sandip Foundation, Sandip Institute of Technology and Research Centre, Mahiravani, Nashik",0510924110,2025-26,1,Maharashtra,GSCO,GSCO,HU,36.496736,percentile,GSCO | 18422 | 36.496736 | Stage-I,78,Other Than Home University Seats Allotted to Other Than Home University Candidates,1b4daf1ab56b35fb3ed4b340e3a827bd000343664ce74eb3fc30525691c452fd
7026366bbc3b-PG_MCA_CAP1_Cutoff_MH_2025_26__1_.pdf,5109,"Sandip Foundation, Sandip Institute of Technology and Research Centre, Mahiravani, Nashik",0510924110,2025-26,1,Maharashtra,GSTO,GSTO,HU,10.5199653,percentile,GSTO | 23819 | 10.5199653 | Stage-I,78,Other Than Home University Seats Allotted to Other Than Home University Candidates,a3dc15db563951fba8a033b8556381184df03cc1cf5a9f2b00f1f3c968fd3fd8
7026366bbc3b-PG_MCA_CAP1_Cutoff_MH_2025_26__1_.pdf,5109,"Sandip Foundation, Sandip Institute of Technology and Research Centre, Mahiravani, Nashik",0510924110,2025-26,1,Maharashtra,GNTCO,GNTCO,HU,29.9046039,percentile,GNTCO | 20017 | 29.9046039 | Stage-I,78,Other Than Home University Seats Allotted to Other Than Home University Candidates,69521218e0fde7b179de8d52d9b6c38f552f431dfd7d7cff0bd9f2326853646f
7026366bbc3b-PG_MCA_CAP1_Cutoff_MH_2025_26__1_.pdf,5109,"Sandip Foundation, Sandip Institute of Technology and Research Centre, Mahiravani, Nashik",0510924110,2025-26,1,Maharashtra,GOBCO,GOBCO,HU,76.9216256,percentile,GOBCO | 7480 | 76.9216256 | Stage-I,78,Other Than Home University Seats Allotted to Other Than Home University Candidates,bef8adfca389e5765586f2b0e313cd8a1a460fc9ef3c6d463fde03ec9e4079c3
7026366bbc3b-PG_MCA_CAP1_Cutoff_MH_2025_26__1_.pdf,5109,"Sandip Foundation, Sandip Institute of Technology and Research Centre, Mahiravani, Nashik",0510924110,2025-26,1,Maharashtra,GSEBCO,GSEBCO,HU,80.5399495,percentile,GSEBCO | 6182 | 80.5399495 | Stage-I,78,Other Than Home University Seats Allotted to Other Than Home University Candidates,768d5e00a8284f87df4ea875427e56880073816a5f9a99f11b6df35425916e2f
7026366bbc3b-PG_MCA_CAP1_Cutoff_MH_2025_26__1_.pdf,5109,"Sandip Foundation, Sandip Institute of Technology and Research Centre, Mahiravani, Nashik",0510924110,2025-26,1,Maharashtra,EWS,EWS,SL,34.5198145,percentile,EWS | 19138 | 34.5198145 | Stage-I,78,Other Than Home University Seats Allotted to Other Than Home University Candidates,dc644959b644a4aab67a6a5b35e8039fb2ec596d81756eb264528653e7dfeb10
7026366bbc3b-PG_MCA_CAP1_Cutoff_MH_2025_26__1_.pdf,5109,"Sandip Foundation, Sandip Institute of Technology and Research Centre, Mahiravani, Nashik",0510924110,2025-26,1,Maharashtra,TFWS,TFWS,SL,87.3496474,percentile,TFWS | 4021 | 87.3496474 | Stage-I,78,Other Than Home University Seats Allotted to Other Than Home University Candidates,a6f6ab665604ba03a3c87cf22d15bebd906006b379a3b3e91f0dee1682eaa8e6
7026366bbc3b-PG_MCA_CAP1_Cutoff_MH_2025_26__1_.pdf,5111,"B. P. Hivale Education Society's Institute of Management Studies Career Development Research, Ahmednagar",0511124110,2025-26,1,Maharashtra,GOPENH,GOPENH,HU,73.5368477,percentile,GOPENH | 9028 | 73.5368477 | Stage-I,79,Home University Seats Allotted to Home University Candidates,a4613e6886fdbec07648c3ef4916c4d7564d535029a61adc981a386be49af1ea
7026366bbc3b-PG_MCA_CAP1_Cutoff_MH_2025_26__1_.pdf,5111,"B. P. Hivale Education Society's Institute of Management Studies Career Development Research, Ahmednagar",0511124110,2025-26,1,Maharashtra,GOPENO,GOPENO,HU,29.9046039,percentile,GOPENO | 20261 | 29.9046039 | Stage-I,79,Other Than Home University Seats Allotted to Other Than Home University Candidates,86ea6e9eabc8ca2c43587ba6f0448e1a6e5b618ec231a49ede4ea5927782c64c
7026366bbc3b-PG_MCA_CAP1_Cutoff_MH_2025_26__1_.pdf,5111,"B. P. Hivale Education Society's Institute of Management Studies Career Development Research, Ahmednagar",0511124110,2025-26,1,Maharashtra,TFWS,TFWS,SL,92.1797821,percentile,TFWS | 2483 | 92.1797821 | Stage-I,79,Other Than Home University Seats Allotted to Other Than Home University Candidates,f0ddf1e15b0524354cd78efa6cd6821c6b5f2272ef2bcffe81d81dec6dd70612
7026366bbc3b-PG_MCA_CAP1_Cutoff_MH_2025_26__1_.pdf,5112,"Padmashree Dr. Vithalrao Vikhe Patil Foundation's Institute of Business Management & Rural Development, Ahmednagar",0511224110,2025-26,1,Maharashtra,GOPENH,GOPENH,HU,74.782248,percentile,GOPENH | 8133 | 74.782248 | Stage-I,80,Home University Seats Allotted to Home University Candidates,75dc18b56e64879fedf2a6e8bd5a781366294802227f22fdd0ef9cf7c6ef876c
7026366bbc3b-PG_MCA_CAP1_Cutoff_MH_2025_26__1_.pdf,5112,"Padmashree Dr. Vithalrao Vikhe Patil Foundation's Institute of Business Management & Rural Development, Ahmednagar",0511224110,2025-26,1,Maharashtra,GSCH,GSCH,HU,39.3989669,percentile,GSCH | 17844 | 39.3989669 | Stage-I,80,Home University Seats Allotted to Home University Candidates,8fc8860a802ed92eee624acf3bbafdb2a03f48aeb689bdf61245a8dca90a68c7
7026366bbc3b-PG_MCA_CAP1_Cutoff_MH_2025_26__1_.pdf,5112,"Padmashree Dr. Vithalrao Vikhe Patil Foundation's Institute of Business Management & Rural Development, Ahmednagar",0511224110,2025-26,1,Maharashtra,GNTAH,GNTAH,HU,56.5488095,percentile,GNTAH | 13525 | 56.5488095 | Stage-I,80,Home University Seats Allotted to Home University Candidates,c609e2ceafad828dffdca2bc1946c9fb1baf8b57b5bc50306c7656f54b95bd35
7026366bbc3b-PG_MCA_CAP1_Cutoff_MH_2025_26__1_.pdf,5112,"Padmashree Dr. Vithalrao Vikhe Patil Foundation's Institute of Business Management & Rural Development, Ahmednagar",0511224110,2025-26,1,Maharashtra,GNTBH,GNTBH,HU,53.942159,percentile,GNTBH | 14329 | 53.942159 | Stage-I,80,Home University Seats Allotted to Home University Candidates,b555d17ed7e343952e20eff0ab3dbfa8f7faf82214ca6720d1a308a096c240aa
7026366bbc3b-PG_MCA_CAP1_Cutoff_MH_2025_26__1_.pdf,5112,"Padmashree Dr. Vithalrao Vikhe Patil Foundation's Institute of Business Management & Rural Development, Ahmednagar",0511224110,2025-26,1,Maharashtra,GNTCH,GNTCH,HU,49.3533426,percentile,GNTCH | 15436 | 49.3533426 | Stage-I,80,Home University Seats Allotted to Home University Candidates,d017b94eb0ce716c8edae543a1b9503745c5cc24523377b6d05a15fb0e6c88fc
7026366bbc3b-PG_MCA_CAP1_Cutoff_MH_2025_26__1_.pdf,5112,"Padmashree Dr. Vithalrao Vikhe Patil Foundation's Institute of Business Management & Rural Development, Ahmednagar",0511224110,2025-26,1,Maharashtra,GOBCH,GOBCH,HU,65.8578922,percentile,GOBCH | 11006 | 65.8578922 | Stage-I,80,Home University Seats Allotted to Home University Candidates,740e6be41583e9403a571ebfab588fbb07fe3137d94aad746a67ff267798ecf6
7026366bbc3b-PG_MCA_CAP1_Cutoff_MH_2025_26__1_.pdf,5112,"Padmashree Dr. Vithalrao Vikhe Patil Foundation's Institute of Business Management & Rural Development, Ahmednagar",0511224110,2025-26,1,Maharashtra,GSEBCH,GSEBCH,HU,39.3989669,percentile,GSEBCH | 17918 | 39.3989669 | Stage-I,80,Home University Seats Allotted to Home University Candidates,20c761802c075c38f12c5bb8d02891d9566511098ee631877d0b07f89ffd6967
7026366bbc3b-PG_MCA_CAP1_Cutoff_MH_2025_26__1_.pdf,5112,"Padmashree Dr. Vithalrao Vikhe Patil Foundation's Institute of Business Management & Rural Development, Ahmednagar",0511224110,2025-26,1,Maharashtra,PWDOPENH,PWDOPENH,HU,9.7430286,percentile,PWDOPENH | 23952 | 9.7430286 | Stage-I,80,Home University Seats Allotted to Home University Candidates,ce6750d80964506f1d1b554293f8f336b71c3a582026c13e3d675c0ab4fa4697
7026366bbc3b-PG_MCA_CAP1_Cutoff_MH_2025_26__1_.pdf,5112,"Padmashree Dr. Vithalrao Vikhe Patil Foundation's Institute of Business Management & Rural Development, Ahmednagar",0511224110,2025-26,1,Maharashtra,GOPENO,GOPENO,HU,65.8578922,percentile,GOPENO | 11030 | 65.8578922 | Stage-I,80,Other Than Home University Seats Allotted to Other Than Home University Candidates,746afb5010137cc8c1f506a78705408c6ef25d543eb1106cdb5b9cd1892c1181
7026366bbc3b-PG_MCA_CAP1_Cutoff_MH_2025_26__1_.pdf,5112,"Padmashree Dr. Vithalrao Vikhe Patil Foundation's Institute of Business Management & Rural Development, Ahmednagar",0511224110,2025-26,1,Maharashtra,GSCO,GSCO,HU,41.4550394,percentile,GSCO | 17057 | 41.4550394 | Stage-I,80,Other Than Home University Seats Allotted to Other Than Home University Candidates,dbf44daa19b38f071be7d256f9126bdeb4aad0f8a0324b93cc622857550897ed
7026366bbc3b-PG_MCA_CAP1_Cutoff_MH_2025_26__1_.pdf,5112,"Padmashree Dr. Vithalrao Vikhe Patil Foundation's Institute of Business Management & Rural Development, Ahmednagar",0511224110,2025-26,1,Maharashtra,GNTBO,GNTBO,HU,13.5402134,percentile,GNTBO | 23191 | 13.5402134 | Stage-I,80,Other Than Home University Seats Allotted to Other Than Home University Candidates,4fcbdab1176c611a0f33acff1f5ffbc09c2fb92124aa20953e1928c2adc33500
7026366bbc3b-PG_MCA_CAP1_Cutoff_MH_2025_26__1_.pdf,5112,"Padmashree Dr. Vithalrao Vikhe Patil Foundation's Institute of Business Management & Rural Development, Ahmednagar",0511224110,2025-26,1,Maharashtra,GNTDO,GNTDO,HU,21.0059952,percentile,GNTDO | 21760 | 21.0059952 | Stage-I,80,Other Than Home University Seats Allotted to Other Than Home University Candidates,bf0cca5a78f48c6168876e10bbae65478b2fc1efcb581385621b850a58062730
7026366bbc3b-PG_MCA_CAP1_Cutoff_MH_2025_26__1_.pdf,5112,"Padmashree Dr. Vithalrao Vikhe Patil Foundation's Institute of Business Management & Rural Development, Ahmednagar",0511224110,2025-26,1,Maharashtra,GOBCO,GOBCO,HU,58.7911466,percentile,GOBCO | 13033 | 58.7911466 | Stage-I,80,Other Than Home University Seats Allotted to Other Than Home University Candidates,3769bf6cafa6d4c0c76a66063a685e362a8072133f9c86197059d195a92aa071
7026366bbc3b-PG_MCA_CAP1_Cutoff_MH_2025_26__1_.pdf,5112,"Padmashree Dr. Vithalrao Vikhe Patil Foundation's Institute of Business Management & Rural Development, Ahmednagar",0511224110,2025-26,1,Maharashtra,GSEBCO,GSEBCO,HU,27.2744425,percentile,GSEBCO | 20570 | 27.2744425 | Stage-I,80,Other Than Home University Seats Allotted to Other Than Home University Candidates,f25e888438ad34ecbe7614ef6222b9f31d6cebdf133668682dc56d888429fab5
7026366bbc3b-PG_MCA_CAP1_Cutoff_MH_2025_26__1_.pdf,5112,"Padmashree Dr. Vithalrao Vikhe Patil Foundation's Institute of Business Management & Rural Development, Ahmednagar",0511224110,2025-26,1,Maharashtra,EWS,EWS,SL,27.2744425,percentile,EWS | 20523 | 27.2744425 | Stage-I,80,Other Than Home University Seats Allotted to Other Than Home University Candidates,fce3f5b60547145f0c925ccb276729b78bbf253ba4abdbb31a21c9dcb9779c77
7026366bbc3b-PG_MCA_CAP1_Cutoff_MH_2025_26__1_.pdf,5112,"Padmashree Dr. Vithalrao Vikhe Patil Foundation's Institute of Business Management & Rural Development, Ahmednagar",0511224110,2025-26,1,Maharashtra,TFWS,TFWS,SL,73.5368477,percentile,TFWS | 8601 | 73.5368477 | Stage-I,80,Other Than Home University Seats Allotted to Other Than Home University Candidates,12a23ccde28e565e9e1c3363a896a0c25ab38142ee3f748fc69f40706065d9bf
7026366bbc3b-PG_MCA_CAP1_Cutoff_MH_2025_26__1_.pdf,5113,"Nashik District Maratha Vidya Prasarak Samaj's Institute of Management Research & Technology, Nashik",0511324110,2025-26,1,Maharashtra,GOPENH,GOPENH,HU,58.7911466,percentile,GOPENH | 13015 | 58.7911466 | Stage-I,81,Home University Seats Allotted to Home University Candidates,40738397bcfc299f643d36e6ccda0a7d736633028a30e6d9ea0d1f7f7bd2f160
7026366bbc3b-PG_MCA_CAP1_Cutoff_MH_2025_26__1_.pdf,5113,"Nashik District Maratha Vidya Prasarak Samaj's Institute of Management Research & Technology, Nashik",0511324110,2025-26,1,Maharashtra,GSCH,GSCH,HU,36.496736,percentile,GSCH | 18675 | 36.496736 | Stage-I,81,Home University Seats Allotted to Home University Candidates,01d2a1aa2706454091532c1009ff5d1d69a9f61955c5e0f8e2e9b1ed2b1fdb02
7026366bbc3b-PG_MCA_CAP1_Cutoff_MH_2025_26__1_.pdf,5113,"Nashik District Maratha Vidya Prasarak Samaj's Institute of Management Research & Technology, Nashik",0511324110,2025-26,1,Maharashtra,GNTCH,GNTCH,HU,25.4779232,percentile,GNTCH | 21097 | 25.4779232 | Stage-I,81,Home University Seats Allotted to Home University Candidates,d915b4f99941cb22c95fa0bed96f5129456253141a90f8bf424c7a495c00f998
7026366bbc3b-PG_MCA_CAP1_Cutoff_MH_2025_26__1_.pdf,5113,"Nashik District Maratha Vidya Prasarak Samaj's Institute of Management Research & Technology, Nashik",0511324110,2025-26,1,Maharashtra,GNTDH,GNTDH,HU,46.3793819,percentile,GNTDH | 16026 | 46.3793819 | Stage-I,81,Home University Seats Allotted to Home University Candidates,bc73507792b9665eb94abc9b157f9eba80035a8989f53c78528e3739232271a3
7026366bbc3b-PG_MCA_CAP1_Cutoff_MH_2025_26__1_.pdf,5113,"Nashik District Maratha Vidya Prasarak Samaj's Institute of Management Research & Technology, Nashik",0511324110,2025-26,1,Maharashtra,GOBCH,GOBCH,HU,53.942159,percentile,GOBCH | 14539 | 53.942159 | Stage-I,81,Home University Seats Allotted to Home University Candidates,15551ee388ce6eca5434e5a9c944319a00363ec39404488cdee16f5a49c7ae1e
7026366bbc3b-PG_MCA_CAP1_Cutoff_MH_2025_26__1_.pdf,5113,"Nashik District Maratha Vidya Prasarak Samaj's Institute of Management Research & Technology, Nashik",0511324110,2025-26,1,Maharashtra,GNTBH,GNTBH,HU,36.496736,percentile,GNTBH | 18315 | 36.496736 | Stage-I,81,Home University Seats Allotted to Other Than Home University Candidates,08dbddd495081b81804c2837f938007d0c2be06581c1ff31baa8ea26b63f0006
7026366bbc3b-PG_MCA_CAP1_Cutoff_MH_2025_26__1_.pdf,5113,"Nashik District Maratha Vidya Prasarak Samaj's Institute of Management Research & Technology, Nashik",0511324110,2025-26,1,Maharashtra,GOPENO,GOPENO,HU,56.5488095,percentile,GOPENO | 13491 | 56.5488095 | Stage-I,81,Other Than Home University Seats Allotted to Other Than Home University Candidates,0d22de3b2a8e0b013e909ce2f3c9d9e51a3242bfd224bbf50b185895ebf35eb8
7026366bbc3b-PG_MCA_CAP1_Cutoff_MH_2025_26__1_.pdf,5113,"Nashik District Maratha Vidya Prasarak Samaj's Institute of Management Research & Technology, Nashik",0511324110,2025-26,1,Maharashtra,GSCO,GSCO,HU,19.1539942,percentile,GSCO | 22091 | 19.1539942 | Stage-I,81,Other Than Home University Seats Allotted to Other Than Home University Candidates,47a399b5a9f6695ddb5e34cec675fdb3a13e92438dd22bb165b0dd8c614b19f9
7026366bbc3b-PG_MCA_CAP1_Cutoff_MH_2025_26__1_.pdf,5113,"Nashik District Maratha Vidya Prasarak Samaj's Institute of Management Research & Technology, Nashik",0511324110,2025-26,1,Maharashtra,GNTAO,GNTAO,HU,39.3989669,percentile,GNTAO | 17868 | 39.3989669 | Stage-I,81,Other Than Home University Seats Allotted to Other Than Home University Candidates,4d551bc00f07c9bf7d37f6fb65fa20eb3bebb2d8d285a849912976cbbe0eb977
7026366bbc3b-PG_MCA_CAP1_Cutoff_MH_2025_26__1_.pdf,5113,"Nashik District Maratha Vidya Prasarak Samaj's Institute of Management Research & Technology, Nashik",0511324110,2025-26,1,Maharashtra,GOBCO,GOBCO,HU,51.4093808,percentile,GOBCO | 15217 | 51.4093808 | Stage-I,81,Other Than Home University Seats Allotted to Other Than Home University Candidates,81f35f06fe7c2af2c747c1bf7c9f29c51dd03d55ada6f2909e25bc7a01fd2aae
7026366bbc3b-PG_MCA_CAP1_Cutoff_MH_2025_26__1_.pdf,5113,"Nashik District Maratha Vidya Prasarak Samaj's Institute of Management Research & Technology, Nashik",0511324110,2025-26,1,Maharashtra,GSEBCO,GSEBCO,HU,34.5198145,percentile,GSEBCO | 19306 | 34.5198145 | Stage-I,81,Other Than Home University Seats Allotted to Other Than Home University Candidates,235d46d4bfe7f6c2c7d728f340559b1dfd1860f4e75bb4fd06e2b527b385f077
7026366bbc3b-PG_MCA_CAP1_Cutoff_MH_2025_26__1_.pdf,5113,"Nashik District Maratha Vidya Prasarak Samaj's Institute of Management Research & Technology, Nashik",0511324110,2025-26,1,Maharashtra,EWS,EWS,SL,7.4072677,percentile,EWS | 24482 | 7.4072677 | Stage-I,81,Other Than Home University Seats Allotted to Other Than Home University Candidates,bafeaf1a76bb0e6cd04017c59145dbcffeade4bf992f5fe51170b5b52592438f
7026366bbc3b-PG_MCA_CAP1_Cutoff_MH_2025_26__1_.pdf,5113,"Nashik District Maratha Vidya Prasarak Samaj's Institute of Management Research & Technology, Nashik",0511324110,2025-26,1,Maharashtra,TFWS,TFWS,SL,69.7143504,percentile,TFWS | 9993 | 69.7143504 | Stage-I,81,Other Than Home University Seats Allotted to Other Than Home University Candidates,feab35ea31806609131413e0ddb94fce5f82903fa9b0b6e7d6593f2a8c5a48ba
7026366bbc3b-PG_MCA_CAP1_Cutoff_MH_2025_26__1_.pdf,5117,Pirens Institute Of Business Management And Administration (IBMA) Loni (BK),0511724110,2025-26,1,Maharashtra,GOPENH,GOPENH,HU,63.1574978,percentile,GOPENH | 11632 | 63.1574978 | Stage-I,82,Home University Seats Allotted to Home University Candidates,d803ebc417f19403824153111a50946728b8bf9680770fa048683fe944ba349e
7026366bbc3b-PG_MCA_CAP1_Cutoff_MH_2025_26__1_.pdf,5117,Pirens Institute Of Business Management And Administration (IBMA) Loni (BK),0511724110,2025-26,1,Maharashtra,GSCH,GSCH,HU,4.302251,percentile,GSCH | 24873 | 4.302251 | Stage-I,82,Home University Seats Allotted to Home University Candidates,a77888d52b191599c654aba57b8b458ece918fa30707c16b1cf75755d381ea69
7026366bbc3b-PG_MCA_CAP1_Cutoff_MH_2025_26__1_.pdf,5117,Pirens Institute Of Business Management And Administration (IBMA) Loni (BK),0511724110,2025-26,1,Maharashtra,GSTH,GSTH,HU,7.9446476,percentile,GSTH | 24170 | 7.9446476 | Stage-I,82,Home University Seats Allotted to Home University Candidates,27d9456943620c96eebb1ae4d594210a8ca51e74ad83e442164f94075f52c4c6
7026366bbc3b-PG_MCA_CAP1_Cutoff_MH_2025_26__1_.pdf,5117,Pirens Institute Of Business Management And Administration (IBMA) Loni (BK),0511724110,2025-26,1,Maharashtra,GNTAH,GNTAH,HU,19.1539942,percentile,GNTAH | 22226 | 19.1539942 | Stage-I,82,Home University Seats Allotted to Home University Candidates,0cf52b0fb76f7aa80ec5f3cc7f71541f9a7aadbbab1e172a2d82cff3f9bee72f
7026366bbc3b-PG_MCA_CAP1_Cutoff_MH_2025_26__1_.pdf,5117,Pirens Institute Of Business Management And Administration (IBMA) Loni (BK),0511724110,2025-26,1,Maharashtra,GNTCH,GNTCH,HU,44.5345198,percentile,GNTCH | 16998 | 44.5345198 | Stage-I,82,Home University Seats Allotted to Home University Candidates,ad45f419a2951bdcc2d36efb66483b5d58d66cdeb05ccbb2450dad287d69fa04
7026366bbc3b-PG_MCA_CAP1_Cutoff_MH_2025_26__1_.pdf,5117,Pirens Institute Of Business Management And Administration (IBMA) Loni (BK),0511724110,2025-26,1,Maharashtra,GNTDH,GNTDH,HU,39.3989669,percentile,GNTDH | 18011 | 39.3989669 | Stage-I,82,Home University Seats Allotted to Home University Candidates,131a74720517084b350cfa34044789a9b98e2c38d4b061e8e0423af81062a1b0
7026366bbc3b-PG_MCA_CAP1_Cutoff_MH_2025_26__1_.pdf,5117,Pirens Institute Of Business Management And Administration (IBMA) Loni (BK),0511724110,2025-26,1,Maharashtra,GOBCH,GOBCH,HU,51.4093808,percentile,GOBCH | 14748 | 51.4093808 | Stage-I,82,Home University Seats Allotted to Home University Candidates,cc641de2de6b1c6081598e2c37d7b8bdaa35a6988fc49f5fddc9ac2715c975c7
7026366bbc3b-PG_MCA_CAP1_Cutoff_MH_2025_26__1_.pdf,5117,Pirens Institute Of Business Management And Administration (IBMA) Loni (BK),0511724110,2025-26,1,Maharashtra,GSEBCH,GSEBCH,HU,15.5994113,percentile,GSEBCH | 23096 | 15.5994113 | Stage-I,82,Home University Seats Allotted to Home University Candidates,31b3d72e45625cf800aa596c87700015a20dc7315ab5df1c49ec156ca4d61d0a
7026366bbc3b-PG_MCA_CAP1_Cutoff_MH_2025_26__1_.pdf,5117,Pirens Institute Of Business Management And Administration (IBMA) Loni (BK),0511724110,2025-26,1,Maharashtra,PWDOPENH,PWDOPENH,HU,10.5199653,percentile,PWDOPENH | 23908 | 10.5199653 | Stage-I,82,Home University Seats Allotted to Home University Candidates,1728a9f96365f2567639dab428635c5ae980d5a875a6bda0528fc9c63fe2fb56
7026366bbc3b-PG_MCA_CAP1_Cutoff_MH_2025_26__1_.pdf,5117,Pirens Institute Of Business Management And Administration (IBMA) Loni (BK),0511724110,2025-26,1,Maharashtra,GOPENO,GOPENO,HU,19.1539942,percentile,GOPENO | 22427 | 19.1539942 | Stage-I,82,Other Than Home University Seats Allotted to Other Than Home University Candidates,af373b4e2db5d6d9c71f6666246e576f584d9b4c52c8ebcf3b71f6a3f0ca749c
7026366bbc3b-PG_MCA_CAP1_Cutoff_MH_2025_26__1_.pdf,5117,Pirens Institute Of Business Management And Administration (IBMA) Loni (BK),0511724110,2025-26,1,Maharashtra,GOBCO,GOBCO,HU,2.0301121,percentile,GOBCO | 25259 | 2.0301121 | Stage-I,82,Other Than Home University Seats Allotted to Other Than Home University Candidates,28fd7b706828c18e8d0fd28154abc6f0c947ac3b68db5922c1b412eb24a2c872
7026366bbc3b-PG_MCA_CAP1_Cutoff_MH_2025_26__1_.pdf,5117,Pirens Institute Of Business Management And Administration (IBMA) Loni (BK),0511724110,2025-26,1,Maharashtra,GNTCO,GNTCO,HU,31.6629561,percentile,GNTCO | 19660 | 31.6629561 | Stage-I,82,Other Than Home University Seats Allotted to Home University Candidates,568ed2f947ff74f759cee26d2a00cd0c3e2bef11f85f5e4bc128b8181f75e122
7026366bbc3b-PG_MCA_CAP1_Cutoff_MH_2025_26__1_.pdf,5117,Pirens Institute Of Business Management And Administration (IBMA) Loni (BK),0511724110,2025-26,1,Maharashtra,GOBCO,GOBCO,HU,51.4093808,percentile,GOBCO | 15155 | 51.4093808 | Stage-I,82,Other Than Home University Seats Allotted to Home University Candidates,88f92a4cbbef5a70eed0e6a2d3233e8944f9d3e3a21300c9ef0c55bf311c0054
7026366bbc3b-PG_MCA_CAP1_Cutoff_MH_2025_26__1_.pdf,5117,Pirens Institute Of Business Management And Administration (IBMA) Loni (BK),0511724110,2025-26,1,Maharashtra,GSEBCO,GSEBCO,HU,9.7430286,percentile,GSEBCO | 24035 | 9.7430286 | Stage-I,82,Other Than Home University Seats Allotted to Home University Candidates,097429d492a75562a516d551861dbcd416c73b5b34a5c8cdcd4cb9185b15d690
7026366bbc3b-PG_MCA_CAP1_Cutoff_MH_2025_26__1_.pdf,5117,Pirens Institute Of Business Management And Administration (IBMA) Loni (BK),0511724110,2025-26,1,Maharashtra,EWS,EWS,SL,31.6629561,percentile,EWS | 19557 | 31.6629561 | Stage-I,82,Other Than Home University Seats Allotted to Home University Candidates,c5cc83ea6cfc7ad341af86a2925d33587120239e55dfffd9350080ab34ad6b19
7026366bbc3b-PG_MCA_CAP1_Cutoff_MH_2025_26__1_.pdf,5117,Pirens Institute Of Business Management And Administration (IBMA) Loni (BK),0511724110,2025-26,1,Maharashtra,TFWS,TFWS,SL,82.9644433,percentile,TFWS | 5433 | 82.9644433 | Stage-I,82,Other Than Home University Seats Allotted to Home University Candidates,2d9d1012b947f208a80c914781f982687fd8f3e7fe50b0de3849c753da666240
7026366bbc3b-PG_MCA_CAP1_Cutoff_MH_2025_26__1_.pdf,5119,"C.H.M.E. Society's Dr. Moonje Institute for Management & Computer Studies, Nashik",0511924110,2025-26,1,Maharashtra,GOPENH,GOPENH,HU,69.7143504,percentile,GOPENH | 9839 | 69.7143504 | Stage-I,83,Home University Seats Allotted to Home University Candidates,49cb8c29592b14f958cc448c6e17637d9e18eace0bda2df366f4232e8818080c
7026366bbc3b-PG_MCA_CAP1_Cutoff_MH_2025_26__1_.pdf,5119,"C.H.M.E. Society's Dr. Moonje Institute for Management & Computer Studies, Nashik",0511924110,2025-26,1,Maharashtra,GSCH,GSCH,HU,15.5994113,percentile,GSCH | 23007 | 15.5994113 | Stage-I,83,Home University Seats Allotted to Home University Candidates,eb3748725cb9e9cd6bec45c0b5097339a273c35e2caf8dfbcbbcb9227fd4bdbc
7026366bbc3b-PG_MCA_CAP1_Cutoff_MH_2025_26__1_.pdf,5119,"C.H.M.E. Society's Dr. Moonje Institute for Management & Computer Studies, Nashik",0511924110,2025-26,1,Maharashtra,GSTH,GSTH,HU,44.5345198,percentile,GSTH | 16769 | 44.5345198 | Stage-I,83,Home University Seats Allotted to Home University Candidates,5fbac2131d26ea59182654108c9b641089e12aac21970be36fccb93188d2cd87
7026366bbc3b-PG_MCA_CAP1_Cutoff_MH_2025_26__1_.pdf,5119,"C.H.M.E. Society's Dr. Moonje Institute for Management & Computer Studies, Nashik",0511924110,2025-26,1,Maharashtra,GNTBH,GNTBH,HU,69.7143504,percentile,GNTBH | 9893 | 69.7143504 | Stage-I,83,Home University Seats Allotted to Home University Candidates,b435fd78815992e1adb2be202eaaf4fa3629d9e0798cba4438bf280120ff14e0
7026366bbc3b-PG_MCA_CAP1_Cutoff_MH_2025_26__1_.pdf,5119,"C.H.M.E. Society's Dr. Moonje Institute for Management & Computer Studies, Nashik",0511924110,2025-26,1,Maharashtra,GNTCH,GNTCH,HU,34.5198145,percentile,GNTCH | 19209 | 34.5198145 | Stage-I,83,Home University Seats Allotted to Home University Candidates,fa18a87008848dd40b12b85b9855ac78d1236c0ecbd4d5d0c4a51da6631ebb01
7026366bbc3b-PG_MCA_CAP1_Cutoff_MH_2025_26__1_.pdf,5119,"C.H.M.E. Society's Dr. Moonje Institute for Management & Computer Studies, Nashik",0511924110,2025-26,1,Maharashtra,GOBCH,GOBCH,HU,63.1574978,percentile,GOBCH | 11543 | 63.1574978 | Stage-I,83,Home University Seats Allotted to Home University Candidates,87965534875d86c1eb8ffd6d36bec6efbd0af75cbcc50023549041ece1d0d74d
7026366bbc3b-PG_MCA_CAP1_Cutoff_MH_2025_26__1_.pdf,5119,"C.H.M.E. Society's Dr. Moonje Institute for Management & Computer Studies, Nashik",0511924110,2025-26,1,Maharashtra,GSEBCH,GSEBCH,HU,25.4779232,percentile,GSEBCH | 21239 | 25.4779232 | Stage-I,83,Home University Seats Allotted to Home University Candidates,0891d441191b5177d6d92ad21c665e1e3c71c1562a64b0b2623e1d52bea5e777
7026366bbc3b-PG_MCA_CAP1_Cutoff_MH_2025_26__1_.pdf,5119,"C.H.M.E. Society's Dr. Moonje Institute for Management & Computer Studies, Nashik",0511924110,2025-26,1,Maharashtra,PWDOPENH,PWDOPENH,HU,16.9789978,percentile,PWDOPENH | 22566 | 16.9789978 | Stage-I,83,Home University Seats Allotted to Home University Candidates,28883655829a1eb368aa18b024ae1f83a4371435e1a6c7e04a41619a52611a23
7026366bbc3b-PG_MCA_CAP1_Cutoff_MH_2025_26__1_.pdf,5119,"C.H.M.E. Society's Dr. Moonje Institute for Management & Computer Studies, Nashik",0511924110,2025-26,1,Maharashtra,GNTAH,GNTAH,HU,23.1010151,percentile,GNTAH | 21425 | 23.1010151 | Stage-I,83,Home University Seats Allotted to Other Than Home University Candidates,8f4916325838e3c8e2061e2ce7be62dc20bf71a49bf72b40a353e34c25df733c
7026366bbc3b-PG_MCA_CAP1_Cutoff_MH_2025_26__1_.pdf,5119,"C.H.M.E. Society's Dr. Moonje Institute for Management & Computer Studies, Nashik",0511924110,2025-26,1,Maharashtra,GOPENO,GOPENO,HU,65.8578922,percentile,GOPENO | 10982 | 65.8578922 | Stage-I,83,Other Than Home University Seats Allotted to Other Than Home University Candidates,9b9ec7bea58ab506ecc117a88946114bacf87156d43bf50bd69509a52e6e2165
7026366bbc3b-PG_MCA_CAP1_Cutoff_MH_2025_26__1_.pdf,5119,"C.H.M.E. Society's Dr. Moonje Institute for Management & Computer Studies, Nashik",0511924110,2025-26,1,Maharashtra,GSCO,GSCO,HU,29.9046039,percentile,GSCO | 20042 | 29.9046039 | Stage-I,83,Other Than Home University Seats Allotted to Other Than Home University Candidates,1a47d215942fb8dcf78145cb943788f0409b31a7979e1a4d2640aa058b568696
7026366bbc3b-PG_MCA_CAP1_Cutoff_MH_2025_26__1_.pdf,5119,"C.H.M.E. Society's Dr. Moonje Institute for Management & Computer Studies, Nashik",0511924110,2025-26,1,Maharashtra,GSTO,GSTO,HU,36.496736,percentile,GSTO | 18627 | 36.496736 | Stage-I,83,Other Than Home University Seats Allotted to Other Than Home University Candidates,a3ed3eca82323d0f51ea493dc11c62f0267df8e7f7482b125d11cf03e2993d85
7026366bbc3b-PG_MCA_CAP1_Cutoff_MH_2025_26__1_.pdf,5119,"C.H.M.E. Society's Dr. Moonje Institute for Management & Computer Studies, Nashik",0511924110,2025-26,1,Maharashtra,GNTAO,GNTAO,HU,25.4779232,percentile,GNTAO | 21242 | 25.4779232 | Stage-I,83,Other Than Home University Seats Allotted to Other Than Home University Candidates,69af55c21e6d266adb829b41d5cd9819810e5062a374c86c0e1aeadd89c28dfa
7026366bbc3b-PG_MCA_CAP1_Cutoff_MH_2025_26__1_.pdf,5119,"C.H.M.E. Society's Dr. Moonje Institute for Management & Computer Studies, Nashik",0511924110,2025-26,1,Maharashtra,GOBCO,GOBCO,HU,61.2807064,percentile,GOBCO | 12193 | 61.2807064 | Stage-I,83,Other Than Home University Seats Allotted to Other Than Home University Candidates,2cbf87098a0b91331467b45c951d51c90a22bb315751dd95a7c1e6f5e13b2f59
7026366bbc3b-PG_MCA_CAP1_Cutoff_MH_2025_26__1_.pdf,5119,"C.H.M.E. Society's Dr. Moonje Institute for Management & Computer Studies, Nashik",0511924110,2025-26,1,Maharashtra,GSEBCO,GSEBCO,HU,53.942159,percentile,GSEBCO | 14419 | 53.942159 | Stage-I,83,Other Than Home University Seats Allotted to Other Than Home University Candidates,952b3b4103b9de65920b9b800b3bc76508f04304276c9fce8fa8286496c2861e
7026366bbc3b-PG_MCA_CAP1_Cutoff_MH_2025_26__1_.pdf,5119,"C.H.M.E. Society's Dr. Moonje Institute for Management & Computer Studies, Nashik",0511924110,2025-26,1,Maharashtra,GNTDO,GNTDO,HU,49.3533426,percentile,GNTDO | 15657 | 49.3533426 | Stage-I,83,Other Than Home University Seats Allotted to Home University Candidates,df055fee2855d0ee330f49761b3f8589fc763993d5904bd5589e76fa77a699e4
7026366bbc3b-PG_MCA_CAP1_Cutoff_MH_2025_26__1_.pdf,5119,"C.H.M.E. Society's Dr. Moonje Institute for Management & Computer Studies, Nashik",0511924110,2025-26,1,Maharashtra,EWS,EWS,SL,25.4779232,percentile,EWS | 20831 | 25.4779232 | Stage-I,83,Other Than Home University Seats Allotted to Home University Candidates,b6ca9311ea5cc16943ac9e7d22e1c6fadb6e8096ba0e7214beb8fa7385eef749
7026366bbc3b-PG_MCA_CAP1_Cutoff_MH_2025_26__1_.pdf,5119,"C.H.M.E. Society's Dr. Moonje Institute for Management & Computer Studies, Nashik",0511924110,2025-26,1,Maharashtra,TFWS,TFWS,SL,82.9644433,percentile,TFWS | 5286 | 82.9644433 | Stage-I,83,Other Than Home University Seats Allotted to Home University Candidates,81e4a4a275233ff3cd044209d317d5a205c9f039f7ea96f2b59df8baf45e42f7
7026366bbc3b-PG_MCA_CAP1_Cutoff_MH_2025_26__1_.pdf,5120,"MET's Institute of Management, Adgaon, Nashik",0512024110,2025-26,1,Maharashtra,GOPENH,GOPENH,HU,74.782248,percentile,GOPENH | 8285 | 74.782248 | Stage-I,84,Home University Seats Allotted to Home University Candidates,62e660d2b671e42ff54d9167f75624c8d7c344692b0e5c40bbf982453b128145
7026366bbc3b-PG_MCA_CAP1_Cutoff_MH_2025_26__1_.pdf,5120,"MET's Institute of Management, Adgaon, Nashik",0512024110,2025-26,1,Maharashtra,GSCH,GSCH,HU,15.5994113,percentile,GSCH | 22984 | 15.5994113 | Stage-I,84,Home University Seats Allotted to Home University Candidates,75c9a2385f451486d6437fe778bfd666f410850556eb1f924686b983e9fe8dd6
7026366bbc3b-PG_MCA_CAP1_Cutoff_MH_2025_26__1_.pdf,5120,"MET's Institute of Management, Adgaon, Nashik",0512024110,2025-26,1,Maharashtra,GNTCH,GNTCH,HU,15.5994113,percentile,GNTCH | 22876 | 15.5994113 | Stage-I,84,Home University Seats Allotted to Home University Candidates,c6095eb83a8a69def64d9115f1c9d298f0ab7c46fcf704892002debf1dd67116
7026366bbc3b-PG_MCA_CAP1_Cutoff_MH_2025_26__1_.pdf,5120,"MET's Institute of Management, Adgaon, Nashik",0512024110,2025-26,1,Maharashtra,GNTDH,GNTDH,HU,65.8578922,percentile,GNTDH | 11336 | 65.8578922 | Stage-I,84,Home University Seats Allotted to Home University Candidates,c7f14297f5cd7e3b7edc60a89dc4ab8c5116c9262f4dbbec61409275d59d3b16
7026366bbc3b-PG_MCA_CAP1_Cutoff_MH_2025_26__1_.pdf,5120,"MET's Institute of Management, Adgaon, Nashik",0512024110,2025-26,1,Maharashtra,GOBCH,GOBCH,HU,67.3579428,percentile,GOBCH | 10346 | 67.3579428 | Stage-I,84,Home University Seats Allotted to Home University Candidates,1d4004c06c8315826889d27c3d5a6e9b61c1bd78e7c0934cb58544c28bfc9aa9
7026366bbc3b-PG_MCA_CAP1_Cutoff_MH_2025_26__1_.pdf,5120,"MET's Institute of Management, Adgaon, Nashik",0512024110,2025-26,1,Maharashtra,GSEBCH,GSEBCH,HU,53.942159,percentile,GSEBCH | 14217 | 53.942159 | Stage-I,84,Home University Seats Allotted to Home University Candidates,7b6781725649c230e787227938c16fd417b8e6aad979ed9153796119319e32e6
7026366bbc3b-PG_MCA_CAP1_Cutoff_MH_2025_26__1_.pdf,5120,"MET's Institute of Management, Adgaon, Nashik",0512024110,2025-26,1,Maharashtra,GSTH,GSTH,HU,7.9446476,percentile,GSTH | 24167 | 7.9446476 | Stage-I,84,Home University Seats Allotted to Other Than Home University Candidates,30e22db74b8cd7838a8881ca910a6c1c3c8108c4290eff22f8ee42e884f18717
7026366bbc3b-PG_MCA_CAP1_Cutoff_MH_2025_26__1_.pdf,5120,"MET's Institute of Management, Adgaon, Nashik",0512024110,2025-26,1,Maharashtra,GSEBCH,GSEBCH,HU,53.942159,percentile,GSEBCH | 14325 | 53.942159 | Stage-I,84,Home University Seats Allotted to Other Than Home University Candidates,7b6781725649c230e787227938c16fd417b8e6aad979ed9153796119319e32e6
7026366bbc3b-PG_MCA_CAP1_Cutoff_MH_2025_26__1_.pdf,5120,"MET's Institute of Management, Adgaon, Nashik",0512024110,2025-26,1,Maharashtra,GOPENO,GOPENO,HU,79.9969812,percentile,GOPENO | 6866 | 79.9969812 | Stage-I,84,Other Than Home University Seats Allotted to Other Than Home University Candidates,393ffb4d4950d6fb1e1aea71afa52e6a712f08a5aacfdffacccbfa7363c111a5
7026366bbc3b-PG_MCA_CAP1_Cutoff_MH_2025_26__1_.pdf,5120,"MET's Institute of Management, Adgaon, Nashik",0512024110,2025-26,1,Maharashtra,GSCO,GSCO,HU,73.5368477,percentile,GSCO | 8991 | 73.5368477 | Stage-I,84,Other Than Home University Seats Allotted to Other Than Home University Candidates,65ac49ebb129dc13f225a1a3e9a5517f1e41909ca0a5fd34483397de262b00ec
7026366bbc3b-PG_MCA_CAP1_Cutoff_MH_2025_26__1_.pdf,5120,"MET's Institute of Management, Adgaon, Nashik",0512024110,2025-26,1,Maharashtra,GSTO,GSTO,HU,15.5994113,percentile,GSTO | 22991 | 15.5994113 | Stage-I,84,Other Than Home University Seats Allotted to Other Than Home University Candidates,2888de2b58ae64d6d7428c45da4f91a48df8861ce295c45f9d2ad41f5abfd9a6
7026366bbc3b-PG_MCA_CAP1_Cutoff_MH_2025_26__1_.pdf,5120,"MET's Institute of Management, Adgaon, Nashik",0512024110,2025-26,1,Maharashtra,GNTBO,GNTBO,HU,73.5368477,percentile,GNTBO | 8528 | 73.5368477 | Stage-I,84,Other Than Home University Seats Allotted to Other Than Home University Candidates,501641e80749211497a105e67d84a976b78e383867030d16f0f83e538e91def7
7026366bbc3b-PG_MCA_CAP1_Cutoff_MH_2025_26__1_.pdf,5120,"MET's Institute of Management, Adgaon, Nashik",0512024110,2025-26,1,Maharashtra,GNTCO,GNTCO,HU,39.3989669,percentile,GNTCO | 17854 | 39.3989669 | Stage-I,84,Other Than Home University Seats Allotted to Other Than Home University Candidates,94dc668dad05013c5f34ad2b9e952f52111d5cbdc642e21f4b2ccdb171da29f5
7026366bbc3b-PG_MCA_CAP1_Cutoff_MH_2025_26__1_.pdf,5120,"MET's Institute of Management, Adgaon, Nashik",0512024110,2025-26,1,Maharashtra,GOBCO,GOBCO,HU,77.8251197,percentile,GOBCO | 7282 | 77.8251197 | Stage-I,84,Other Than Home University Seats Allotted to Other Than Home University Candidates,d48c4b43e1f2c9d15f504f9579daf58e014eff8709bd1f33462c2f1db5c651b3
7026366bbc3b-PG_MCA_CAP1_Cutoff_MH_2025_26__1_.pdf,5120,"MET's Institute of Management, Adgaon, Nashik",0512024110,2025-26,1,Maharashtra,GSEBCO,GSEBCO,HU,77.8251197,percentile,GSEBCO | 7109 | 77.8251197 | Stage-I,84,Other Than Home University Seats Allotted to Other Than Home University Candidates,04b932e0d30770ed0e231339c288b5e7b07d509853d4f54346cfb4453ac77784
7026366bbc3b-PG_MCA_CAP1_Cutoff_MH_2025_26__1_.pdf,5120,"MET's Institute of Management, Adgaon, Nashik",0512024110,2025-26,1,Maharashtra,EWS,EWS,SL,51.4093808,percentile,EWS | 14996 | 51.4093808 | Stage-I,84,Other Than Home University Seats Allotted to Other Than Home University Candidates,8b0bc819ea0d4183a317932f6c7dce3383452873165eea1fe48b42d57c0287f7
7026366bbc3b-PG_MCA_CAP1_Cutoff_MH_2025_26__1_.pdf,5120,"MET's Institute of Management, Adgaon, Nashik",0512024110,2025-26,1,Maharashtra,TFWS,TFWS,SL,87.3496474,percentile,TFWS | 4086 | 87.3496474 | Stage-I,84,Other Than Home University Seats Allotted to Other Than Home University Candidates,122834ac8e84a64ea7e5650a789938a31fdc64a95a9c514f418a28abae450e0d
7026366bbc3b-PG_MCA_CAP1_Cutoff_MH_2025_26__1_.pdf,5121,"K. K. Wagh Institute of Engineering Education and Research, Nashik",0512124110,2025-26,1,Maharashtra,GOPENH,GOPENH,HU,89.1331398,percentile,GOPENH | 3784 | 89.1331398 | Stage-I,85,Home University Seats Allotted to Home University Candidates,c280446460dce887f5d52c3b01012894b6f73bf03c4dfb439e7b50024b286622
7026366bbc3b-PG_MCA_CAP1_Cutoff_MH_2025_26__1_.pdf,5121,"K. K. Wagh Institute of Engineering Education and Research, Nashik",0512124110,2025-26,1,Maharashtra,GSCH,GSCH,HU,77.8251197,percentile,GSCH | 7409 | 77.8251197 | Stage-I,85,Home University Seats Allotted to Home University Candidates,a9f1ba8bde9d14021e291b0160c4368ef4133f2193f1859ef764c9ff7a624f26
7026366bbc3b-PG_MCA_CAP1_Cutoff_MH_2025_26__1_.pdf,5121,"K. K. Wagh Institute of Engineering Education and Research, Nashik",0512124110,2025-26,1,Maharashtra,GSTH,GSTH,HU,29.9046039,percentile,GSTH | 20225 | 29.9046039 | Stage-I,85,Home University Seats Allotted to Home University Candidates,7c3b93eaa4b28e1f7c45508a3f24d88e440308959d664fef2642e1d510a875da
7026366bbc3b-PG_MCA_CAP1_Cutoff_MH_2025_26__1_.pdf,5121,"K. K. Wagh Institute of Engineering Education and Research, Nashik",0512124110,2025-26,1,Maharashtra,GNTAH,GNTAH,HU,85.2118788,percentile,GNTAH | 5112 | 85.2118788 | Stage-I,85,Home University Seats Allotted to Home University Candidates,b4302e800b5f6eab9c593f4da3a4e7e2031edadd1dde51a69606703f5ed44c8a
7026366bbc3b-PG_MCA_CAP1_Cutoff_MH_2025_26__1_.pdf,5121,"K. K. Wagh Institute of Engineering Education and Research, Nashik",0512124110,2025-26,1,Maharashtra,GNTBH,GNTBH,HU,85.3851665,percentile,GNTBH | 4517 | 85.3851665 | Stage-I,85,Home University Seats Allotted to Home University Candidates,2d846d004c086a7ba286e1d930a938b10b19392c75c7598e8f3c9f9e090b3452
7026366bbc3b-PG_MCA_CAP1_Cutoff_MH_2025_26__1_.pdf,5121,"K. K. Wagh Institute of Engineering Education and Research, Nashik",0512124110,2025-26,1,Maharashtra,GNTCH,GNTCH,HU,25.4779232,percentile,GNTCH | 21225 | 25.4779232 | Stage-I,85,Home University Seats Allotted to Home University Candidates,89d064cfa8bdc7fdc8e6c76aa60089109ee2d772043d74cb912d488b86174a47
7026366bbc3b-PG_MCA_CAP1_Cutoff_MH_2025_26__1_.pdf,5121,"K. K. Wagh Institute of Engineering Education and Research, Nashik",0512124110,2025-26,1,Maharashtra,GNTDH,GNTDH,HU,74.782248,percentile,GNTDH | 8332 | 74.782248 | Stage-I,85,Home University Seats Allotted to Home University Candidates,cec397f73216b03a16455f7ac0823c0ee3713a903fc05865d743410e9bd33c9f
7026366bbc3b-PG_MCA_CAP1_Cutoff_MH_2025_26__1_.pdf,5121,"K. K. Wagh Institute of Engineering Education and Research, Nashik",0512124110,2025-26,1,Maharashtra,GOBCH,GOBCH,HU,82.9644433,percentile,GOBCH | 5332 | 82.9644433 | Stage-I,85,Home University Seats Allotted to Home University Candidates,c4bfaa92dc7e69c1db6645898a9beb9de4e5b160974fdfc98c53cb58edc625df
7026366bbc3b-PG_MCA_CAP1_Cutoff_MH_2025_26__1_.pdf,5121,"K. K. Wagh Institute of Engineering Education and Research, Nashik",0512124110,2025-26,1,Maharashtra,GSEBCH,GSEBCH,HU,74.782248,percentile,GSEBCH | 8286 | 74.782248 | Stage-I,85,Home University Seats Allotted to Home University Candidates,f49de0ea34668e4089e56b9ab9ac1cc9489507aeb812c605860b4f4c8396d66c
7026366bbc3b-PG_MCA_CAP1_Cutoff_MH_2025_26__1_.pdf,5121,"K. K. Wagh Institute of Engineering Education and Research, Nashik",0512124110,2025-26,1,Maharashtra,GOPENO,GOPENO,HU,90.7733494,percentile,GOPENO | 3066 | 90.7733494 | Stage-I,85,Other Than Home University Seats Allotted to Other Than Home University Candidates,35b2149efc1c2e63ed43f096adc54525b4cdccad72a6a5ddb18abbf21d62644b
7026366bbc3b-PG_MCA_CAP1_Cutoff_MH_2025_26__1_.pdf,5121,"K. K. Wagh Institute of Engineering Education and Research, Nashik",0512124110,2025-26,1,Maharashtra,GSCO,GSCO,HU,82.8308366,percentile,GSCO | 5693 | 82.8308366 | Stage-I,85,Other Than Home University Seats Allotted to Other Than Home University Candidates,74e262e89b204bab6cf1b0d2d428fc307366d1a8e1cadeafc6f1681e98c5fed4
7026366bbc3b-PG_MCA_CAP1_Cutoff_MH_2025_26__1_.pdf,5121,"K. K. Wagh Institute of Engineering Education and Research, Nashik",0512124110,2025-26,1,Maharashtra,GSTO,GSTO,HU,77.8251197,percentile,GSTO | 7183 | 77.8251197 | Stage-I,85,Other Than Home University Seats Allotted to Other Than Home University Candidates,538ce884817d010d30195a78c8b7034b33929b2caf9c437fcadae9cf53f44908
7026366bbc3b-PG_MCA_CAP1_Cutoff_MH_2025_26__1_.pdf,5121,"K. K. Wagh Institute of Engineering Education and Research, Nashik",0512124110,2025-26,1,Maharashtra,GNTAO,GNTAO,HU,90.7733494,percentile,GNTAO | 3158 | 90.7733494 | Stage-I,85,Other Than Home University Seats Allotted to Other Than Home University Candidates,1caa8e5da791e2427351e5780bfea0231407d5c176fb1b84fe96b023824889e6
7026366bbc3b-PG_MCA_CAP1_Cutoff_MH_2025_26__1_.pdf,5121,"K. K. Wagh Institute of Engineering Education and Research, Nashik",0512124110,2025-26,1,Maharashtra,GNTDO,GNTDO,HU,69.7143504,percentile,GNTDO | 10076 | 69.7143504 | Stage-I,85,Other Than Home University Seats Allotted to Other Than Home University Candidates,4ab309275e5abbc3dd37a27b2058416694bc20a07188a5c75809600e87612227
7026366bbc3b-PG_MCA_CAP1_Cutoff_MH_2025_26__1_.pdf,5121,"K. K. Wagh Institute of Engineering Education and Research, Nashik",0512124110,2025-26,1,Maharashtra,GOBCO,GOBCO,HU,89.1331398,percentile,GOBCO | 3671 | 89.1331398 | Stage-I,85,Other Than Home University Seats Allotted to Other Than Home University Candidates,fe90b19b14f03755a295e3a8ad9418ba23a2e7b2ba025ba19da2141860e88445
7026366bbc3b-PG_MCA_CAP1_Cutoff_MH_2025_26__1_.pdf,5121,"K. K. Wagh Institute of Engineering Education and Research, Nashik",0512124110,2025-26,1,Maharashtra,GSEBCO,GSEBCO,HU,82.8308366,percentile,GSEBCO | 5805 | 82.8308366 | Stage-I,85,Other Than Home University Seats Allotted to Other Than Home University Candidates,9b9f42674b78b422f0eec89ea1abb8b6f1c1e44f96bb1b70f1755d5e941b47bc
7026366bbc3b-PG_MCA_CAP1_Cutoff_MH_2025_26__1_.pdf,5121,"K. K. Wagh Institute of Engineering Education and Research, Nashik",0512124110,2025-26,1,Maharashtra,EWS,EWS,SL,77.8251197,percentile,EWS | 7263 | 77.8251197 | Stage-I,85,Other Than Home University Seats Allotted to Other Than Home University Candidates,9080960a6b6b5c71b8ee29e6b49d4469d772544876367cd0c28df67c8b57dce7
7026366bbc3b-PG_MCA_CAP1_Cutoff_MH_2025_26__1_.pdf,5121,"K. K. Wagh Institute of Engineering Education and Research, Nashik",0512124110,2025-26,1,Maharashtra,TFWS,TFWS,SL,95.5548847,percentile,TFWS | 1312 | 95.5548847 | Stage-I,85,Other Than Home University Seats Allotted to Other Than Home University Candidates,1524a6159cc27f705e56c40fcdb6821012e6600f125450b50ff6b634ad9ab9ca
7026366bbc3b-PG_MCA_CAP1_Cutoff_MH_2025_26__1_.pdf,5124,"Jagadamba Education Soc. Nashik's S.N.D. College of Engineering & Reserch, Babulgaon",0512424210,2025-26,1,Maharashtra,GOPENH,GOPENH,HU,73.5368477,percentile,GOPENH | 8888 | 73.5368477 | Stage-I,86,Home University Seats Allotted to Home University Candidates,3fa8b9fb5e3b481c60c15a54e197da43cac22a169add9d7d087f851e3ae60b3d
7026366bbc3b-PG_MCA_CAP1_Cutoff_MH_2025_26__1_.pdf,5124,"Jagadamba Education Soc. Nashik's S.N.D. College of Engineering & Reserch, Babulgaon",0512424210,2025-26,1,Maharashtra,GSCH,GSCH,HU,58.7911466,percentile,GSCH | 12992 | 58.7911466 | Stage-I,86,Home University Seats Allotted to Home University Candidates,70819f3bb084f30d228d392910e1eacca950a03e09bf0e2a84b3b15ba79fd5ea
7026366bbc3b-PG_MCA_CAP1_Cutoff_MH_2025_26__1_.pdf,5124,"Jagadamba Education Soc. Nashik's S.N.D. College of Engineering & Reserch, Babulgaon",0512424210,2025-26,1,Maharashtra,GOBCH,GOBCH,HU,44.5345198,percentile,GOBCH | 16791 | 44.5345198 | Stage-I,86,Home University Seats Allotted to Home University Candidates,79514efa94e0b2c99f78b77180e572ccfdc0b90e25ea0eeef7d5aa98c92801bb
7026366bbc3b-PG_MCA_CAP1_Cutoff_MH_2025_26__1_.pdf,5124,"Jagadamba Education Soc. Nashik's S.N.D. College of Engineering & Reserch, Babulgaon",0512424210,2025-26,1,Maharashtra,GNTCH,GNTCH,HU,39.3989669,percentile,GNTCH | 18007 | 39.3989669 | Stage-I,86,Home University Seats Allotted to Other Than Home University Candidates,89f134196cfee8ad7dc7e52e1b53abeab0f858a95a85a93223eac6ed26918b92
7026366bbc3b-PG_MCA_CAP1_Cutoff_MH_2025_26__1_.pdf,5124,"Jagadamba Education Soc. Nashik's S.N.D. College of Engineering & Reserch, Babulgaon",0512424210,2025-26,1,Maharashtra,GOPENO,GOPENO,HU,58.7911466,percentile,GOPENO | 12867 | 58.7911466 | Stage-I,86,Other Than Home University Seats Allotted to Other Than Home University Candidates,2c78b4551a0a4fb59dd996f2bea80e439c73cbd0a2d9032265480fce7db26517
7026366bbc3b-PG_MCA_CAP1_Cutoff_MH_2025_26__1_.pdf,5124,"Jagadamba Education Soc. Nashik's S.N.D. College of Engineering & Reserch, Babulgaon",0512424210,2025-26,1,Maharashtra,GNTCO,GNTCO,HU,56.5488095,percentile,GNTCO | 13720 | 56.5488095 | Stage-I,86,Other Than Home University Seats Allotted to Other Than Home University Candidates,a9c1b9526f0793bd9906e6a3d380381b76bb8b4d71a5853a134d09255546568b
7026366bbc3b-PG_MCA_CAP1_Cutoff_MH_2025_26__1_.pdf,5124,"Jagadamba Education Soc. Nashik's S.N.D. College of Engineering & Reserch, Babulgaon",0512424210,2025-26,1,Maharashtra,GOBCO,GOBCO,HU,49.3533426,percentile,GOBCO | 15377 | 49.3533426 | Stage-I,86,Other Than Home University Seats Allotted to Other Than Home University Candidates,2c6818c7e2a6f4031f322674730687ccc9150224307f07005e34d7cf8b9eb873
7026366bbc3b-PG_MCA_CAP1_Cutoff_MH_2025_26__1_.pdf,5124,"Jagadamba Education Soc. Nashik's S.N.D. College of Engineering & Reserch, Babulgaon",0512424210,2025-26,1,Maharashtra,EWS,EWS,SL,44.5345198,percentile,EWS | 16477 | 44.5345198 | Stage-I,86,Other Than Home University Seats Allotted to Other Than Home University Candidates,857b41e2355219f76319d8138ca45439746e8034cb941ebe7ac3eab53d6c7d5b
7026366bbc3b-PG_MCA_CAP1_Cutoff_MH_2025_26__1_.pdf,5124,"Jagadamba Education Soc. Nashik's S.N.D. College of Engineering & Reserch, Babulgaon",0512424210,2025-26,1,Maharashtra,TFWS,TFWS,SL,82.8308366,percentile,TFWS | 5755 | 82.8308366 | Stage-I,86,Other Than Home University Seats Allotted to Other Than Home University Candidates,4b511852b044de8d0852a3ec7c43c641cc473c2ebc000304597967b751c9a4cf
7026366bbc3b-PG_MCA_CAP1_Cutoff_MH_2025_26__1_.pdf,5131,"C.H.M.E. Society's Dr. Moonje Institute of Management & Information Technology, Nashik",0513124110,2025-26,1,Maharashtra,GOPENH,GOPENH,HU,61.2807064,percentile,GOPENH | 12157 | 61.2807064 | Stage-I,87,Home University Seats Allotted to Home University Candidates,3e8a357e70da803df1ec2c567a1aae933a8e6cf63e8bfa2c0ebce2d784b79c4b
7026366bbc3b-PG_MCA_CAP1_Cutoff_MH_2025_26__1_.pdf,5131,"C.H.M.E. Society's Dr. Moonje Institute of Management & Information Technology, Nashik",0513124110,2025-26,1,Maharashtra,GSTH,GSTH,HU,4.302251,percentile,GSTH | 24840 | 4.302251 | Stage-I,87,Home University Seats Allotted to Home University Candidates,4c2686d626397b838b2a2226c040786d38b963f393b6c4b38411990febf68d73
7026366bbc3b-PG_MCA_CAP1_Cutoff_MH_2025_26__1_.pdf,5131,"C.H.M.E. Society's Dr. Moonje Institute of Management & Information Technology, Nashik",0513124110,2025-26,1,Maharashtra,GNTBH,GNTBH,HU,4.302251,percentile,GNTBH | 24848 | 4.302251 | Stage-I,87,Home University Seats Allotted to Home University Candidates,4fe813ccd621d3eb3017d5345e1c1e9d0e85dbf528e9b3af6572eb8fe5ddc885
7026366bbc3b-PG_MCA_CAP1_Cutoff_MH_2025_26__1_.pdf,5131,"C.H.M.E. Society's Dr. Moonje Institute of Management & Information Technology, Nashik",0513124110,2025-26,1,Maharashtra,GNTCH,GNTCH,HU,1.3622127,percentile,GNTCH | 25309 | 1.3622127 | Stage-I,87,Home University Seats Allotted to Home University Candidates,abaed5357f53e1b46f6a868132b107c28cf0be0ae734ec2488817d571e1dab30
7026366bbc3b-PG_MCA_CAP1_Cutoff_MH_2025_26__1_.pdf,5131,"C.H.M.E. Society's Dr. Moonje Institute of Management & Information Technology, Nashik",0513124110,2025-26,1,Maharashtra,GOBCH,GOBCH,HU,53.942159,percentile,GOBCH | 14534 | 53.942159 | Stage-I,87,Home University Seats Allotted to Home University Candidates,bca4e3509319853f1ecc72f2f4bdc298ae6f674b019967c9e581df6d38d0bd35
7026366bbc3b-PG_MCA_CAP1_Cutoff_MH_2025_26__1_.pdf,5131,"C.H.M.E. Society's Dr. Moonje Institute of Management & Information Technology, Nashik",0513124110,2025-26,1,Maharashtra,GSEBCH,GSEBCH,HU,3.0466423,percentile,GSEBCH | 25046 | 3.0466423 | Stage-I,87,Home University Seats Allotted to Home University Candidates,dae9e7e7dc7057f1139c746edf50a58bac09face086351e0cee246ad4f91a80b
7026366bbc3b-PG_MCA_CAP1_Cutoff_MH_2025_26__1_.pdf,5131,"C.H.M.E. Society's Dr. Moonje Institute of Management & Information Technology, Nashik",0513124110,2025-26,1,Maharashtra,GOPENO,GOPENO,HU,53.942159,percentile,GOPENO | 14144 | 53.942159 | Stage-I,87,Other Than Home University Seats Allotted to Other Than Home University Candidates,8356e45d695b7cef1d588d0c801114cc66aa814ab51491dcb4a6e4c49e4a47f9
7026366bbc3b-PG_MCA_CAP1_Cutoff_MH_2025_26__1_.pdf,5131,"C.H.M.E. Society's Dr. Moonje Institute of Management & Information Technology, Nashik",0513124110,2025-26,1,Maharashtra,GSCO,GSCO,HU,19.1539942,percentile,GSCO | 22206 | 19.1539942 | Stage-I,87,Other Than Home University Seats Allotted to Other Than Home University Candidates,fa5032a2a4cd6961b93d2c9c767987982e9a89d0ca57b695fc5c6fac2045cab7
7026366bbc3b-PG_MCA_CAP1_Cutoff_MH_2025_26__1_.pdf,5131,"C.H.M.E. Society's Dr. Moonje Institute of Management & Information Technology, Nashik",0513124110,2025-26,1,Maharashtra,GSTO,GSTO,HU,25.4779232,percentile,GSTO | 20936 | 25.4779232 | Stage-I,87,Other Than Home University Seats Allotted to Other Than Home University Candidates,81b5713b50bb0fdf4312e03079733536e72f22e16e16fd9d16d02917bfa19c4c
7026366bbc3b-PG_MCA_CAP1_Cutoff_MH_2025_26__1_.pdf,5131,"C.H.M.E. Society's Dr. Moonje Institute of Management & Information Technology, Nashik",0513124110,2025-26,1,Maharashtra,GOBCO,GOBCO,HU,49.3533426,percentile,GOBCO | 15429 | 49.3533426 | Stage-I,87,Other Than Home University Seats Allotted to Other Than Home University Candidates,99f9bbb61e0b2164756d72ca330a539e50ca0cf39625adc7c5ed92512215e7dc
7026366bbc3b-PG_MCA_CAP1_Cutoff_MH_2025_26__1_.pdf,5131,"C.H.M.E. Society's Dr. Moonje Institute of Management & Information Technology, Nashik",0513124110,2025-26,1,Maharashtra,TFWS,TFWS,SL,73.5368477,percentile,TFWS | 8865 | 73.5368477 | Stage-I,87,Other Than Home University Seats Allotted to Other Than Home University Candidates,659268dee4bf5fe0d1778e63919f5f4f71446434a486fc3ff2ab95ed0d7556d8
7026366bbc3b-PG_MCA_CAP1_Cutoff_MH_2025_26__1_.pdf,5150,"R.C. Patel Educational Trust, Institute of Management Reasearch & Development, Shirpur",0515024110,2025-26,1,Maharashtra,GOPENH,GOPENH,HU,76.9216256,percentile,GOPENH | 7695 | 76.9216256 | Stage-I,88,Home University Seats Allotted to Home University Candidates,a44c042ad4adf7f67bd9474db1e8483132de107125e126f6ddc8cfff4e75abfc
7026366bbc3b-PG_MCA_CAP1_Cutoff_MH_2025_26__1_.pdf,5150,"R.C. Patel Educational Trust, Institute of Management Reasearch & Development, Shirpur",0515024110,2025-26,1,Maharashtra,GOPENO,GOPENO,HU,4.067771,percentile,GOPENO | 24981 | 4.067771 | Stage-I,88,Other Than Home University Seats Allotted to Other Than Home University Candidates,d65e282625091b711aaf6b04e19c55e6f9259de70ef2c506ffc9b2dd1c2df5b9
7026366bbc3b-PG_MCA_CAP1_Cutoff_MH_2025_26__1_.pdf,5150,"R.C. Patel Educational Trust, Institute of Management Reasearch & Development, Shirpur",0515024110,2025-26,1,Maharashtra,GOPENO,GOPENO,HU,74.782248,percentile,GOPENO | 8094 | 74.782248 | Stage-I,88,Other Than Home University Seats Allotted to Home University Candidates,6b8b8230eb7106f922aa80fbe68e92031f7087e4de7c88248ea36bfe55e2024a
7026366bbc3b-PG_MCA_CAP1_Cutoff_MH_2025_26__1_.pdf,5150,"R.C. Patel Educational Trust, Institute of Management Reasearch & Development, Shirpur",0515024110,2025-26,1,Maharashtra,TFWS,TFWS,SL,93.405226,percentile,TFWS | 2054 | 93.405226 | Stage-I,88,Other Than Home University Seats Allotted to Home University Candidates,bfa54816aacec2ee318693667170a48998e1958f5f126d3a56b6b073d8d0454b
7026366bbc3b-PG_MCA_CAP1_Cutoff_MH_2025_26__1_.pdf,5151,"MET Bhujbal Knowledge City MET League's Engineering College, Adgaon, Nashik.",0515124110,2025-26,1,Maharashtra,GOPENH,GOPENH,HU,87.2080299,percentile,GOPENH | 4363 | 87.2080299 | Stage-I,89,Home University Seats Allotted to Home University Candidates,2d164199dfa7b39e25419536289e84ceaf20012e1887a97f76849543b799adb7
7026366bbc3b-PG_MCA_CAP1_Cutoff_MH_2025_26__1_.pdf,5151,"MET Bhujbal Knowledge City MET League's Engineering College, Adgaon, Nashik.",0515124110,2025-26,1,Maharashtra,GSCH,GSCH,HU,71.1549338,percentile,GSCH | 9594 | 71.1549338 | Stage-I,89,Home University Seats Allotted to Home University Candidates,2fe2309049dc8a765f53dd6bc947ddc007369cb71f55bf25f3c5d2e6d69d5712
7026366bbc3b-PG_MCA_CAP1_Cutoff_MH_2025_26__1_.pdf,5151,"MET Bhujbal Knowledge City MET League's Engineering College, Adgaon, Nashik.",0515124110,2025-26,1,Maharashtra,GSTH,GSTH,HU,39.3989669,percentile,GSTH | 17741 | 39.3989669 | Stage-I,89,Home University Seats Allotted to Home University Candidates,aaf4a5da61d1938a205254e3ac6eda7db9e42d40ac305dddf8480e8c87161f62
7026366bbc3b-PG_MCA_CAP1_Cutoff_MH_2025_26__1_.pdf,5151,"MET Bhujbal Knowledge City MET League's Engineering College, Adgaon, Nashik.",0515124110,2025-26,1,Maharashtra,GNTAH,GNTAH,HU,65.8578922,percentile,GNTAH | 11059 | 65.8578922 | Stage-I,89,Home University Seats Allotted to Home University Candidates,fc82e4efa17679ed5844ae6a0d85e19f6add33886b6eb40e4411e900dd39df67
7026366bbc3b-PG_MCA_CAP1_Cutoff_MH_2025_26__1_.pdf,5151,"MET Bhujbal Knowledge City MET League's Engineering College, Adgaon, Nashik.",0515124110,2025-26,1,Maharashtra,GNTBH,GNTBH,HU,61.2807064,percentile,GNTBH | 12617 | 61.2807064 | Stage-I,89,Home University Seats Allotted to Home University Candidates,58498ca471c53e9ec7756517aab0be3f819384dc966dc495a068f0866ad935db
7026366bbc3b-PG_MCA_CAP1_Cutoff_MH_2025_26__1_.pdf,5151,"MET Bhujbal Knowledge City MET League's Engineering College, Adgaon, Nashik.",0515124110,2025-26,1,Maharashtra,GNTCH,GNTCH,HU,56.5488095,percentile,GNTCH | 13699 | 56.5488095 | Stage-I,89,Home University Seats Allotted to Home University Candidates,1f04a792185130a01a728bc366436c6288bfdc8c27f0b9741570f22aceeaf161
7026366bbc3b-PG_MCA_CAP1_Cutoff_MH_2025_26__1_.pdf,5151,"MET Bhujbal Knowledge City MET League's Engineering College, Adgaon, Nashik.",0515124110,2025-26,1,Maharashtra,GNTDH,GNTDH,HU,67.3579428,percentile,GNTDH | 10716 | 67.3579428 | Stage-I,89,Home University Seats Allotted to Home University Candidates,8e68c5bec9bdbd88326a899ef508cc67e3793aa17097c229b6d19801eec40c13
7026366bbc3b-PG_MCA_CAP1_Cutoff_MH_2025_26__1_.pdf,5151,"MET Bhujbal Knowledge City MET League's Engineering College, Adgaon, Nashik.",0515124110,2025-26,1,Maharashtra,GOBCH,GOBCH,HU,80.5399495,percentile,GOBCH | 6429 | 80.5399495 | Stage-I,89,Home University Seats Allotted to Home University Candidates,7ee11f7792e7b72842101d2104c8434b6d73192e0884cfd19f02126ded36e19d
7026366bbc3b-PG_MCA_CAP1_Cutoff_MH_2025_26__1_.pdf,5151,"MET Bhujbal Knowledge City MET League's Engineering College, Adgaon, Nashik.",0515124110,2025-26,1,Maharashtra,GSEBCH,GSEBCH,HU,12.4750009,percentile,GSEBCH | 23661 | 12.4750009 | Stage-I,89,Home University Seats Allotted to Home University Candidates,a73ba1f865d964c5b92c8e7b3e3c5fd979197313ee014e96b340e900f5c1005e
7026366bbc3b-PG_MCA_CAP1_Cutoff_MH_2025_26__1_.pdf,5151,"MET Bhujbal Knowledge City MET League's Engineering College, Adgaon, Nashik.",0515124110,2025-26,1,Maharashtra,PWDOPENH,PWDOPENH,HU,87.2080299,percentile,PWDOPENH | 4184 | 87.2080299 | Stage-I,89,Home University Seats Allotted to Home University Candidates,38fc8277191022036981604d75dd52b3f18a0b9aa08a47609c69bbe24a7d8707
7026366bbc3b-PG_MCA_CAP1_Cutoff_MH_2025_26__1_.pdf,5151,"MET Bhujbal Knowledge City MET League's Engineering College, Adgaon, Nashik.",0515124110,2025-26,1,Maharashtra,GSEBCH,GSEBCH,HU,53.942159,percentile,GSEBCH | 14225 | 53.942159 | Stage-I,89,Home University Seats Allotted to Other Than Home University Candidates,9e1a35d20b2e7ce1e7c248f118949fc926d803127ec61d87d1d876372878e70f
7026366bbc3b-PG_MCA_CAP1_Cutoff_MH_2025_26__1_.pdf,5151,"MET Bhujbal Knowledge City MET League's Engineering College, Adgaon, Nashik.",0515124110,2025-26,1,Maharashtra,GOPENO,GOPENO,HU,82.8308366,percentile,GOPENO | 5806 | 82.8308366 | Stage-I,89,Other Than Home University Seats Allotted to Other Than Home University Candidates,5715d603d33ab061a7a1eac95e21daaf90a50a189ea87542dfb71e8ddc7d04f8
7026366bbc3b-PG_MCA_CAP1_Cutoff_MH_2025_26__1_.pdf,5151,"MET Bhujbal Knowledge City MET League's Engineering College, Adgaon, Nashik.",0515124110,2025-26,1,Maharashtra,GSCO,GSCO,HU,73.5368477,percentile,GSCO | 8994 | 73.5368477 | Stage-I,89,Other Than Home University Seats Allotted to Other Than Home University Candidates,c492bd671bdc83d8f6842d117bf5b6c0ff893512ceb5b6c16938ae594fa54a50
7026366bbc3b-PG_MCA_CAP1_Cutoff_MH_2025_26__1_.pdf,5151,"MET Bhujbal Knowledge City MET League's Engineering College, Adgaon, Nashik.",0515124110,2025-26,1,Maharashtra,GSTO,GSTO,HU,73.5368477,percentile,GSTO | 8582 | 73.5368477 | Stage-I,89,Other Than Home University Seats Allotted to Other Than Home University Candidates,34e0f4933176faa0cd50c8d4e53fc7653cc940bd6d31dca1e760fa9a2dfa735b
7026366bbc3b-PG_MCA_CAP1_Cutoff_MH_2025_26__1_.pdf,5151,"MET Bhujbal Knowledge City MET League's Engineering College, Adgaon, Nashik.",0515124110,2025-26,1,Maharashtra,GOBCO,GOBCO,HU,76.9216256,percentile,GOBCO | 7462 | 76.9216256 | Stage-I,89,Other Than Home University Seats Allotted to Other Than Home University Candidates,b40a517bf114eef3963e0bb9a3cc2507e8848f37827aac0fa0d452612e951d23
7026366bbc3b-PG_MCA_CAP1_Cutoff_MH_2025_26__1_.pdf,5151,"MET Bhujbal Knowledge City MET League's Engineering College, Adgaon, Nashik.",0515124110,2025-26,1,Maharashtra,GSEBCO,GSEBCO,HU,56.5488095,percentile,GSEBCO | 13939 | 56.5488095 | Stage-I,89,Other Than Home University Seats Allotted to Other Than Home University Candidates,da55ef54f9887fa6b38b26c928d5d45de3f2155a4b461bfd675651336c27b562
7026366bbc3b-PG_MCA_CAP1_Cutoff_MH_2025_26__1_.pdf,5151,"MET Bhujbal Knowledge City MET League's Engineering College, Adgaon, Nashik.",0515124110,2025-26,1,Maharashtra,EWS,EWS,SL,56.5488095,percentile,EWS | 13555 | 56.5488095 | Stage-I,89,Other Than Home University Seats Allotted to Other Than Home University Candidates,a3cae9ebfcbe6b49824ada199eca81fcdee153aae1bf52acebec738f420f3863
7026366bbc3b-PG_MCA_CAP1_Cutoff_MH_2025_26__1_.pdf,5151,"MET Bhujbal Knowledge City MET League's Engineering College, Adgaon, Nashik.",0515124110,2025-26,1,Maharashtra,TFWS,TFWS,SL,94.6454851,percentile,TFWS | 1554 | 94.6454851 | Stage-I,89,Other Than Home University Seats Allotted to Other Than Home University Candidates,a84a3e8c79b28bd5af1231d9dace62094cb5ddecdf79d05b3bcd0d7e95b19305
7026366bbc3b-PG_MCA_CAP1_Cutoff_MH_2025_26__1_.pdf,5152,"G H Raisoni College of Engineering and Management, Jalgaon",0515224110,2025-26,1,Maharashtra,GOPENH,GOPENH,HU,61.2807064,percentile,GOPENH | 12305 | 61.2807064 | Stage-I,90,Home University Seats Allotted to Home University Candidates,f9d285aab0375a7fc6154bb389eafa67ebe812641878445d818089350f3581ed
7026366bbc3b-PG_MCA_CAP1_Cutoff_MH_2025_26__1_.pdf,5152,"G H Raisoni College of Engineering and Management, Jalgaon",0515224110,2025-26,1,Maharashtra,GOPENO,GOPENO,HU,19.1539942,percentile,GOPENO | 22115 | 19.1539942 | Stage-I,90,Other Than Home University Seats Allotted to Other Than Home University Candidates,46506fea57a07a190fc55d52fce1f66525e9f39235e15fa397747f1b291e844d
7026366bbc3b-PG_MCA_CAP1_Cutoff_MH_2025_26__1_.pdf,5152,"G H Raisoni College of Engineering and Management, Jalgaon",0515224110,2025-26,1,Maharashtra,TFWS,TFWS,SL,85.3851665,percentile,TFWS | 4729 | 85.3851665 | Stage-I,90,Other Than Home University Seats Allotted to Other Than Home University Candidates,73e2713d851375630b6a1220d69456c619a48161b2d48c37de7c20a98b599e51
7026366bbc3b-PG_MCA_CAP1_Cutoff_MH_2025_26__1_.pdf,5153,"West Khandesh Bhagini Seva Mandal's Dr. Suryakanta R. Ajmera M.C.A. College for Women, Dhule",0515224110,2025-26,1,Maharashtra,GOPENS,GOPENS,SL,56.5488095,percentile,GOPENS | 13885 | 56.5488095 | Stage-I,91,,406d38f4f11e26350e43d865c2cbea95ee4e4cb2297faa68c4ea5506e4392639
7026366bbc3b-PG_MCA_CAP1_Cutoff_MH_2025_26__1_.pdf,5153,"West Khandesh Bhagini Seva Mandal's Dr. Suryakanta R. Ajmera M.C.A. College for Women, Dhule",0515224110,2025-26,1,Maharashtra,TFWS,TFWS,SL,80.5399495,percentile,TFWS | 6346 | 80.5399495 | Stage-I,91,,ec4fbfa43a446fd639ccc437e2b623cab9ed51c4031b0459e3d3a04d37c89194
7026366bbc3b-PG_MCA_CAP1_Cutoff_MH_2025_26__1_.pdf,5170,"Hindi Seva Mandal's Shri Sant Gadgebaba College of Engineering & Technology, Bhusawal",0517024110,2025-26,1,Maharashtra,GOPENH,GOPENH,HU,39.3989669,percentile,GOPENH | 18120 | 39.3989669 | Stage-I,92,Home University Seats Allotted to Home University Candidates,1a1a333a5fc3724c05c76e625ecb5c7505191350fb8ca24cf16b362e78d07f3f
7026366bbc3b-PG_MCA_CAP1_Cutoff_MH_2025_26__1_.pdf,5170,"Hindi Seva Mandal's Shri Sant Gadgebaba College of Engineering & Technology, Bhusawal",0517024110,2025-26,1,Maharashtra,GOPENO,GOPENO,HU,2.8640429,percentile,GOPENO | 25116 | 2.8640429 | Stage-I,92,Other Than Home University Seats Allotted to Other Than Home University Candidates,a045faf2c87f9d4eceab78aa5b173979481de67afe6565f98712a386e54f53d0
7026366bbc3b-PG_MCA_CAP1_Cutoff_MH_2025_26__1_.pdf,5170,"Hindi Seva Mandal's Shri Sant Gadgebaba College of Engineering & Technology, Bhusawal",0517024110,2025-26,1,Maharashtra,TFWS,TFWS,SL,73.5368477,percentile,TFWS | 8687 | 73.5368477 | Stage-I,92,Other Than Home University Seats Allotted to Other Than Home University Candidates,602ee9a05ccb0e0ca786702d32b79e465741fca0558a90c30ee7cf2096214a92
7026366bbc3b-PG_MCA_CAP1_Cutoff_MH_2025_26__1_.pdf,5177,"Matoshri College of Engineering and Research Centre, Eklahare, Nashik",0517724110,2025-26,1,Maharashtra,GOPENH,GOPENH,HU,58.7911466,percentile,GOPENH | 13170 | 58.7911466 | Stage-I,93,Home University Seats Allotted to Home University Candidates,20bee2aeae397016b8f5198b30d1a5592a03458934df581bc3f8f4ee9efea269
7026366bbc3b-PG_MCA_CAP1_Cutoff_MH_2025_26__1_.pdf,5177,"Matoshri College of Engineering and Research Centre, Eklahare, Nashik",0517724110,2025-26,1,Maharashtra,GSCH,GSCH,HU,39.3989669,percentile,GSCH | 17848 | 39.3989669 | Stage-I,93,Home University Seats Allotted to Home University Candidates,90a1aafba6017ac2d67f9f3b42f4d62902c788cf98c66959e6d59f6efcf3da07
7026366bbc3b-PG_MCA_CAP1_Cutoff_MH_2025_26__1_.pdf,5177,"Matoshri College of Engineering and Research Centre, Eklahare, Nashik",0517724110,2025-26,1,Maharashtra,GNTBH,GNTBH,HU,53.942159,percentile,GNTBH | 14020 | 53.942159 | Stage-I,93,Home University Seats Allotted to Home University Candidates,6f9787aff954b1940b5d70bd751a45bc0d096203bbafb812e2074894dea9a0ef
7026366bbc3b-PG_MCA_CAP1_Cutoff_MH_2025_26__1_.pdf,5177,"Matoshri College of Engineering and Research Centre, Eklahare, Nashik",0517724110,2025-26,1,Maharashtra,GOBCH,GOBCH,HU,46.3793819,percentile,GOBCH | 16300 | 46.3793819 | Stage-I,93,Home University Seats Allotted to Home University Candidates,65e59bff00dac675c51288db8ad3f8ce5643c2a5683b754805e61a8de97cdec1
7026366bbc3b-PG_MCA_CAP1_Cutoff_MH_2025_26__1_.pdf,5177,"Matoshri College of Engineering and Research Centre, Eklahare, Nashik",0517724110,2025-26,1,Maharashtra,GSEBCH,GSEBCH,HU,16.9789978,percentile,GSEBCH | 22777 | 16.9789978 | Stage-I,93,Home University Seats Allotted to Home University Candidates,b35d6259ad079e03ac2ce111cade040f913bec193eda1815e12f3699208c267a
7026366bbc3b-PG_MCA_CAP1_Cutoff_MH_2025_26__1_.pdf,5177,"Matoshri College of Engineering and Research Centre, Eklahare, Nashik",0517724110,2025-26,1,Maharashtra,GSCH,GSCH,HU,16.9789978,percentile,GSCH | 22775 | 16.9789978 | Stage-I,93,Home University Seats Allotted to Other Than Home University Candidates,a427c29119894b5a562f6d87f5dd1b80f5079c1cadbedf0cbdac803f7e219624
7026366bbc3b-PG_MCA_CAP1_Cutoff_MH_2025_26__1_.pdf,5177,"Matoshri College of Engineering and Research Centre, Eklahare, Nashik",0517724110,2025-26,1,Maharashtra,GNTAH,GNTAH,HU,25.4779232,percentile,GNTAH | 20883 | 25.4779232 | Stage-I,93,Home University Seats Allotted to Other Than Home University Candidates,eef7c05764f170ea56280e4afb8abddcd9677ab00002de4a93960129f8e2351a
7026366bbc3b-PG_MCA_CAP1_Cutoff_MH_2025_26__1_.pdf,5177,"Matoshri College of Engineering and Research Centre, Eklahare, Nashik",0517724110,2025-26,1,Maharashtra,GOPENO,GOPENO,HU,58.7911466,percentile,GOPENO | 13023 | 58.7911466 | Stage-I,93,Other Than Home University Seats Allotted to Other Than Home University Candidates,ce0750c2c236e2c4e584efea6bd6735670eeb75c1a0f7bd5d5f5a6cddcdfe494
7026366bbc3b-PG_MCA_CAP1_Cutoff_MH_2025_26__1_.pdf,5177,"Matoshri College of Engineering and Research Centre, Eklahare, Nashik",0517724110,2025-26,1,Maharashtra,GSCO,GSCO,HU,25.4779232,percentile,GSCO | 20898 | 25.4779232 | Stage-I,93,Other Than Home University Seats Allotted to Other Than Home University Candidates,2a4831cfd610e5409bec55debba21ad7569d8c4582f49b104900aa0fd5deb499
7026366bbc3b-PG_MCA_CAP1_Cutoff_MH_2025_26__1_.pdf,5177,"Matoshri College of Engineering and Research Centre, Eklahare, Nashik",0517724110,2025-26,1,Maharashtra,GSTO,GSTO,HU,46.3793819,percentile,GSTO | 16165 | 46.3793819 | Stage-I,93,Other Than Home University Seats Allotted to Other Than Home University Candidates,c103bad9f6a085e43bde40f54e975a61039941bd2477e451e5d2cdfe6f2fcc1f
7026366bbc3b-PG_MCA_CAP1_Cutoff_MH_2025_26__1_.pdf,5177,"Matoshri College of Engineering and Research Centre, Eklahare, Nashik",0517724110,2025-26,1,Maharashtra,GNTDO,GNTDO,HU,9.7430286,percentile,GNTDO | 24129 | 9.7430286 | Stage-I,93,Other Than Home University Seats Allotted to Other Than Home University Candidates,1c96c2d054612af1a1138e9a72120d43e9350e54af380b2e34b525725b95976d
7026366bbc3b-PG_MCA_CAP1_Cutoff_MH_2025_26__1_.pdf,5177,"Matoshri College of Engineering and Research Centre, Eklahare, Nashik",0517724110,2025-26,1,Maharashtra,GOBCO,GOBCO,HU,51.4093808,percentile,GOBCO | 14804 | 51.4093808 | Stage-I,93,Other Than Home University Seats Allotted to Other Than Home University Candidates,b4bc8addb0d43e6537155a61c6e3d1c102141091aa18a8906b9aef9b21a2738f
7026366bbc3b-PG_MCA_CAP1_Cutoff_MH_2025_26__1_.pdf,5177,"Matoshri College of Engineering and Research Centre, Eklahare, Nashik",0517724110,2025-26,1,Maharashtra,GNTBO,GNTBO,HU,36.496736,percentile,GNTBO | 18465 | 36.496736 | Stage-I,93,Other Than Home University Seats Allotted to Home University Candidates,bf449af4b5d96308a32ee6a13d86c8eee0cb52286f5e0325c96ee76905b51628
7026366bbc3b-PG_MCA_CAP1_Cutoff_MH_2025_26__1_.pdf,5177,"Matoshri College of Engineering and Research Centre, Eklahare, Nashik",0517724110,2025-26,1,Maharashtra,EWS,EWS,SL,5.9311489,percentile,EWS | 24506 | 5.9311489 | Stage-I,93,Other Than Home University Seats Allotted to Home University Candidates,daea9d17e36b8d35cd29a01fd7af277645b1522f6a79694a9b040360c20c08c6
7026366bbc3b-PG_MCA_CAP1_Cutoff_MH_2025_26__1_.pdf,5177,"Matoshri College of Engineering and Research Centre, Eklahare, Nashik",0517724110,2025-26,1,Maharashtra,TFWS,TFWS,SL,79.9969812,percentile,TFWS | 6766 | 79.9969812 | Stage-I,93,Other Than Home University Seats Allotted to Home University Candidates,8ca5cb9afedd772df53c9c681b6fcbad36262232957b09df9b5d30ae2cc88350
7026366bbc3b-PG_MCA_CAP1_Cutoff_MH_2025_26__1_.pdf,5181,"Gokhale Education Society's, R.H. Sapat College of Engineering, Management Studies and Research, Nashik",0518124110,2025-26,1,Maharashtra,GOPENH,GOPENH,HU,76.9216256,percentile,GOPENH | 7659 | 76.9216256 | Stage-I,94,Home University Seats Allotted to Home University Candidates,b67fa721ed32652d6b7748a5b1d819748a66eda2ed6f491618eb6c6b854341a1
7026366bbc3b-PG_MCA_CAP1_Cutoff_MH_2025_26__1_.pdf,5181,"Gokhale Education Society's, R.H. Sapat College of Engineering, Management Studies and Research, Nashik",0518124110,2025-26,1,Maharashtra,GSCH,GSCH,HU,31.6629561,percentile,GSCH | 19488 | 31.6629561 | Stage-I,94,Home University Seats Allotted to Home University Candidates,4b88e9e94baf9a34f9ab271d58cee707032a94faaf02bcd04c568a2660059898
7026366bbc3b-PG_MCA_CAP1_Cutoff_MH_2025_26__1_.pdf,5181,"Gokhale Education Society's, R.H. Sapat College of Engineering, Management Studies and Research, Nashik",0518124110,2025-26,1,Maharashtra,GSTH,GSTH,HU,21.0059952,percentile,GSTH | 22035 | 21.0059952 | Stage-I,94,Home University Seats Allotted to Home University Candidates,402c15973061aee97f548ff1608939fa464b89b1cbfae921425560fda8316bc9
7026366bbc3b-PG_MCA_CAP1_Cutoff_MH_2025_26__1_.pdf,5181,"Gokhale Education Society's, R.H. Sapat College of Engineering, Management Studies and Research, Nashik",0518124110,2025-26,1,Maharashtra,GNTAH,GNTAH,HU,36.496736,percentile,GNTAH | 18800 | 36.496736 | Stage-I,94,Home University Seats Allotted to Home University Candidates,6bd30594be86ac79801ea964852863a302ab71cfb62b8ec1c9294584fd2e97b7
7026366bbc3b-PG_MCA_CAP1_Cutoff_MH_2025_26__1_.pdf,5181,"Gokhale Education Society's, R.H. Sapat College of Engineering, Management Studies and Research, Nashik",0518124110,2025-26,1,Maharashtra,GNTDH,GNTDH,HU,73.5368477,percentile,GNTDH | 8628 | 73.5368477 | Stage-I,94,Home University Seats Allotted to Home University Candidates,cc7d88275516201c8938285539a66fa548716f49754dc683a1220d5aac2a524e
7026366bbc3b-PG_MCA_CAP1_Cutoff_MH_2025_26__1_.pdf,5181,"Gokhale Education Society's, R.H. Sapat College of Engineering, Management Studies and Research, Nashik",0518124110,2025-26,1,Maharashtra,GOBCH,GOBCH,HU,74.782248,percentile,GOBCH | 8407 | 74.782248 | Stage-I,94,Home University Seats Allotted to Home University Candidates,8fbafeac2de6b78234426f0427521e8d1d1067f3666ae1fbaae7311710967fb6
7026366bbc3b-PG_MCA_CAP1_Cutoff_MH_2025_26__1_.pdf,5181,"Gokhale Education Society's, R.H. Sapat College of Engineering, Management Studies and Research, Nashik",0518124110,2025-26,1,Maharashtra,GSEBCH,GSEBCH,HU,34.5198145,percentile,GSEBCH | 19042 | 34.5198145 | Stage-I,94,Home University Seats Allotted to Home University Candidates,26aff4f81235b12116076888304cb637b8e359bded6974f0d48f858b2389fec5
7026366bbc3b-PG_MCA_CAP1_Cutoff_MH_2025_26__1_.pdf,5181,"Gokhale Education Society's, R.H. Sapat College of Engineering, Management Studies and Research, Nashik",0518124110,2025-26,1,Maharashtra,GOPENO,GOPENO,HU,76.9216256,percentile,GOPENO | 7562 | 76.9216256 | Stage-I,94,Other Than Home University Seats Allotted to Other Than Home University Candidates,8da204b0e15a4c74f2b89ce98b0e6096729eb9123627a842981729377b210538
7026366bbc3b-PG_MCA_CAP1_Cutoff_MH_2025_26__1_.pdf,5181,"Gokhale Education Society's, R.H. Sapat College of Engineering, Management Studies and Research, Nashik",0518124110,2025-26,1,Maharashtra,GSCO,GSCO,HU,69.7143504,percentile,GSCO | 9720 | 69.7143504 | Stage-I,94,Other Than Home University Seats Allotted to Other Than Home University Candidates,db904d2fc7bd5e61620fbcb2083a0de2329d2235696ef60a48207b561a6cc652
7026366bbc3b-PG_MCA_CAP1_Cutoff_MH_2025_26__1_.pdf,5181,"Gokhale Education Society's, R.H. Sapat College of Engineering, Management Studies and Research, Nashik",0518124110,2025-26,1,Maharashtra,GSTO,GSTO,HU,46.3793819,percentile,GSTO | 15970 | 46.3793819 | Stage-I,94,Other Than Home University Seats Allotted to Other Than Home University Candidates,75a1bd27ec552ef80110e8f26e4f36abd5d1147d653618abdb0c5d1146241241
7026366bbc3b-PG_MCA_CAP1_Cutoff_MH_2025_26__1_.pdf,5181,"Gokhale Education Society's, R.H. Sapat College of Engineering, Management Studies and Research, Nashik",0518124110,2025-26,1,Maharashtra,GNTAO,GNTAO,HU,41.4550394,percentile,GNTAO | 17378 | 41.4550394 | Stage-I,94,Other Than Home University Seats Allotted to Other Than Home University Candidates,c376f6bf8ff5abcbcbad42afbbf33b85f114a7bb0bf466c580ba0ee79d778f42
7026366bbc3b-PG_MCA_CAP1_Cutoff_MH_2025_26__1_.pdf,5181,"Gokhale Education Society's, R.H. Sapat College of Engineering, Management Studies and Research, Nashik",0518124110,2025-26,1,Maharashtra,GNTCO,GNTCO,HU,21.0059952,percentile,GNTCO | 21689 | 21.0059952 | Stage-I,94,Other Than Home University Seats Allotted to Other Than Home University Candidates,69e2c5e23e0edc9b19c12d6e070be2d189c48cf6ebcca2ac866c5e056a0a11d0
7026366bbc3b-PG_MCA_CAP1_Cutoff_MH_2025_26__1_.pdf,5181,"Gokhale Education Society's, R.H. Sapat College of Engineering, Management Studies and Research, Nashik",0518124110,2025-26,1,Maharashtra,GOBCO,GOBCO,HU,74.782248,percentile,GOBCO | 8009 | 74.782248 | Stage-I,94,Other Than Home University Seats Allotted to Other Than Home University Candidates,76a917f93d8ed68964921ef3aa595e0f3065a42c684a3f44528ee5c3255c44d0
7026366bbc3b-PG_MCA_CAP1_Cutoff_MH_2025_26__1_.pdf,5181,"Gokhale Education Society's, R.H. Sapat College of Engineering, Management Studies and Research, Nashik",0518124110,2025-26,1,Maharashtra,GSEBCO,GSEBCO,HU,56.5488095,percentile,GSEBCO | 13611 | 56.5488095 | Stage-I,94,Other Than Home University Seats Allotted to Other Than Home University Candidates,69441713dcf3112972b25672f6f9a14e68ac71217b980d78db2c642f637de66f
7026366bbc3b-PG_MCA_CAP1_Cutoff_MH_2025_26__1_.pdf,5181,"Gokhale Education Society's, R.H. Sapat College of Engineering, Management Studies and Research, Nashik",0518124110,2025-26,1,Maharashtra,EWS,EWS,SL,36.496736,percentile,EWS | 18301 | 36.496736 | Stage-I,94,Other Than Home University Seats Allotted to Other Than Home University Candidates,ecc6b83fb0a801a997e36921147b97a55ff9636824d9698572585a27f68a8320
7026366bbc3b-PG_MCA_CAP1_Cutoff_MH_2025_26__1_.pdf,5181,"Gokhale Education Society's, R.H. Sapat College of Engineering, Management Studies and Research, Nashik",0518124110,2025-26,1,Maharashtra,TFWS,TFWS,SL,85.2118788,percentile,TFWS | 5044 | 85.2118788 | Stage-I,94,Other Than Home University Seats Allotted to Other Than Home University Candidates,b2f623b033d82199301d92233fec1bcfde50d5e67eb768153bbf9e965f158d28
7026366bbc3b-PG_MCA_CAP1_Cutoff_MH_2025_26__1_.pdf,5303,"Hon. Shri. Babanrao Pachpute Vichardhara Trust, Group of Institutions (Integrated Campus)-Parikrama, Kashti Shrigondha,",0530324110,2025-26,1,Maharashtra,GOPENH,GOPENH,HU,73.5368477,percentile,GOPENH | 8941 | 73.5368477 | Stage-I,95,Home University Seats Allotted to Home University Candidates,7512902b9a1212f67f10a5a469b84577a25c2f0566cd61691edc6a3437ca068c
7026366bbc3b-PG_MCA_CAP1_Cutoff_MH_2025_26__1_.pdf,5303,"Hon. Shri. Babanrao Pachpute Vichardhara Trust, Group of Institutions (Integrated Campus)-Parikrama, Kashti Shrigondha,",0530324110,2025-26,1,Maharashtra,GSCH,GSCH,HU,34.5198145,percentile,GSCH | 19041 | 34.5198145 | Stage-I,95,Home University Seats Allotted to Home University Candidates,b102c86142f7f8f1c5497cd130f1ceb7beadc0b9b59bec8877d152108c22d39e
7026366bbc3b-PG_MCA_CAP1_Cutoff_MH_2025_26__1_.pdf,5303,"Hon. Shri. Babanrao Pachpute Vichardhara Trust, Group of Institutions (Integrated Campus)-Parikrama, Kashti Shrigondha,",0530324110,2025-26,1,Maharashtra,GNTAH,GNTAH,HU,58.7911466,percentile,GNTAH | 13258 | 58.7911466 | Stage-I,95,Home University Seats Allotted to Home University Candidates,51d4444c388e1fd233356a49567c208b47b68339d2c2a0c59a9e8225edea50dd
7026366bbc3b-PG_MCA_CAP1_Cutoff_MH_2025_26__1_.pdf,5303,"Hon. Shri. Babanrao Pachpute Vichardhara Trust, Group of Institutions (Integrated Campus)-Parikrama, Kashti Shrigondha,",0530324110,2025-26,1,Maharashtra,GNTBH,GNTBH,HU,29.9046039,percentile,GNTBH | 20047 | 29.9046039 | Stage-I,95,Home University Seats Allotted to Home University Candidates,ed3d2b66ffc570320839435154fac8b09ef863b1a598c7b5dec32aa301e7559d
7026366bbc3b-PG_MCA_CAP1_Cutoff_MH_2025_26__1_.pdf,5303,"Hon. Shri. Babanrao Pachpute Vichardhara Trust, Group of Institutions (Integrated Campus)-Parikrama, Kashti Shrigondha,",0530324110,2025-26,1,Maharashtra,GNTCH,GNTCH,HU,53.942159,percentile,GNTCH | 14449 | 53.942159 | Stage-I,95,Home University Seats Allotted to Home University Candidates,ee19e4dbe9ec1fc3a570aa53a744e11d16d219e06b8fb7f9732ef98930276253
7026366bbc3b-PG_MCA_CAP1_Cutoff_MH_2025_26__1_.pdf,5303,"Hon. Shri. Babanrao Pachpute Vichardhara Trust, Group of Institutions (Integrated Campus)-Parikrama, Kashti Shrigondha,",0530324110,2025-26,1,Maharashtra,GNTDH,GNTDH,HU,13.5402134,percentile,GNTDH | 23177 | 13.5402134 | Stage-I,95,Home University Seats Allotted to Home University Candidates,735244f98be26e126b864d1f1bbf553afaa02175c466cca0f9301f367e2a4446
7026366bbc3b-PG_MCA_CAP1_Cutoff_MH_2025_26__1_.pdf,5303,"Hon. Shri. Babanrao Pachpute Vichardhara Trust, Group of Institutions (Integrated Campus)-Parikrama, Kashti Shrigondha,",0530324110,2025-26,1,Maharashtra,GOBCH,GOBCH,HU,61.2807064,percentile,GOBCH | 12480 | 61.2807064 | Stage-I,95,Home University Seats Allotted to Home University Candidates,4e71eb70b08456468162b921edd02c134092baa0a2b6a2b1f18cb7933de4cabe
7026366bbc3b-PG_MCA_CAP1_Cutoff_MH_2025_26__1_.pdf,5303,"Hon. Shri. Babanrao Pachpute Vichardhara Trust, Group of Institutions (Integrated Campus)-Parikrama, Kashti Shrigondha,",0530324110,2025-26,1,Maharashtra,GSEBCH,GSEBCH,HU,27.2744425,percentile,GSEBCH | 20386 | 27.2744425 | Stage-I,95,Home University Seats Allotted to Home University Candidates,1b7705e55012e046fa0ea24a6d628394926f1b91bea0f423ee88b7a662b32d3e
7026366bbc3b-PG_MCA_CAP1_Cutoff_MH_2025_26__1_.pdf,5303,"Hon. Shri. Babanrao Pachpute Vichardhara Trust, Group of Institutions (Integrated Campus)-Parikrama, Kashti Shrigondha,",0530324110,2025-26,1,Maharashtra,GOPENO,GOPENO,HU,51.4093808,percentile,GOPENO | 14919 | 51.4093808 | Stage-I,95,Other Than Home University Seats Allotted to Other Than Home University Candidates,af9d9486fc1b9f3cbadb77744d4572f7f3c44c8e1482e2900f6bb72e107b351f
7026366bbc3b-PG_MCA_CAP1_Cutoff_MH_2025_26__1_.pdf,5303,"Hon. Shri. Babanrao Pachpute Vichardhara Trust, Group of Institutions (Integrated Campus)-Parikrama, Kashti Shrigondha,",0530324110,2025-26,1,Maharashtra,GSCO,GSCO,HU,23.1010151,percentile,GSCO | 21364 | 23.1010151 | Stage-I,95,Other Than Home University Seats Allotted to Other Than Home University Candidates,70c73e3850c045b4a9faba02df2e232dc208ac36369a9ae7c16551f465daea9a
7026366bbc3b-PG_MCA_CAP1_Cutoff_MH_2025_26__1_.pdf,5303,"Hon. Shri. Babanrao Pachpute Vichardhara Trust, Group of Institutions (Integrated Campus)-Parikrama, Kashti Shrigondha,",0530324110,2025-26,1,Maharashtra,GOBCO,GOBCO,HU,2.8640429,percentile,GOBCO | 25147 | 2.8640429 | Stage-I,95,Other Than Home University Seats Allotted to Other Than Home University Candidates,1351e87bfa091f281107f5280e134f0742d826ff38a1cfba6d3572a3e58c332d
7026366bbc3b-PG_MCA_CAP1_Cutoff_MH_2025_26__1_.pdf,5303,"Hon. Shri. Babanrao Pachpute Vichardhara Trust, Group of Institutions (Integrated Campus)-Parikrama, Kashti Shrigondha,",0530324110,2025-26,1,Maharashtra,GSCO,GSCO,HU,23.1010151,percentile,GSCO | 21539 | 23.1010151 | Stage-I,95,Other Than Home University Seats Allotted to Home University Candidates,70c73e3850c045b4a9faba02df2e232dc208ac36369a9ae7c16551f465daea9a
7026366bbc3b-PG_MCA_CAP1_Cutoff_MH_2025_26__1_.pdf,5303,"Hon. Shri. Babanrao Pachpute Vichardhara Trust, Group of Institutions (Integrated Campus)-Parikrama, Kashti Shrigondha,",0530324110,2025-26,1,Maharashtra,GNTAO,GNTAO,HU,25.4779232,percentile,GNTAO | 20869 | 25.4779232 | Stage-I,95,Other Than Home University Seats Allotted to Home University Candidates,e1ecde3023b1713eb8e21680aa663be9a3a306517bf43d819ea01a3047554d41
7026366bbc3b-PG_MCA_CAP1_Cutoff_MH_2025_26__1_.pdf,5303,"Hon. Shri. Babanrao Pachpute Vichardhara Trust, Group of Institutions (Integrated Campus)-Parikrama, Kashti Shrigondha,",0530324110,2025-26,1,Maharashtra,GNTCO,GNTCO,HU,49.3533426,percentile,GNTCO | 15290 | 49.3533426 | Stage-I,95,Other Than Home University Seats Allotted to Home University Candidates,fb64fd8754d906d73358be7b65c41a82cc31e6f623bf813f2d79c14dec60d408
7026366bbc3b-PG_MCA_CAP1_Cutoff_MH_2025_26__1_.pdf,5303,"Hon. Shri. Babanrao Pachpute Vichardhara Trust, Group of Institutions (Integrated Campus)-Parikrama, Kashti Shrigondha,",0530324110,2025-26,1,Maharashtra,GSEBCO,GSEBCO,HU,27.2744425,percentile,GSEBCO | 20566 | 27.2744425 | Stage-I,95,Other Than Home University Seats Allotted to Home University Candidates,f16a75ab98a1ee7f3b7e5533aeba2b37a660f67238a3c5dc435d5cea5ec678ab
7026366bbc3b-PG_MCA_CAP1_Cutoff_MH_2025_26__1_.pdf,5303,"Hon. Shri. Babanrao Pachpute Vichardhara Trust, Group of Institutions (Integrated Campus)-Parikrama, Kashti Shrigondha,",0530324110,2025-26,1,Maharashtra,EWS,EWS,SL,25.4779232,percentile,EWS | 20804 | 25.4779232 | Stage-I,95,Other Than Home University Seats Allotted to Home University Candidates,f6f202bb2d1609eb187d09d330df4587d181fc1ea8681a74a7dfe5d9b8119d8e
7026366bbc3b-PG_MCA_CAP1_Cutoff_MH_2025_26__1_.pdf,5303,"Hon. Shri. Babanrao Pachpute Vichardhara Trust, Group of Institutions (Integrated Campus)-Parikrama, Kashti Shrigondha,",0530324110,2025-26,1,Maharashtra,TFWS,TFWS,SL,89.1966341,percentile,TFWS | 3312 | 89.1966341 | Stage-I,95,Other Than Home University Seats Allotted to Home University Candidates,2851c67a35e1929c99f519c5b8f3362091a1dd0b58e33f9dab2457380bdd50dd
7026366bbc3b-PG_MCA_CAP1_Cutoff_MH_2025_26__1_.pdf,5331,"Sandip Foundation's, Sandip Institute of Engineering & Management, Nashik",0533124110,2025-26,1,Maharashtra,GOPENH,GOPENH,HU,65.8578922,percentile,GOPENH | 10999 | 65.8578922 | Stage-I,96,Home University Seats Allotted to Home University Candidates,c1969fce4b33a86a3026cc0902fe5a33f87905c0d38ab42fc6d0e4003eddf5cd
7026366bbc3b-PG_MCA_CAP1_Cutoff_MH_2025_26__1_.pdf,5331,"Sandip Foundation's, Sandip Institute of Engineering & Management, Nashik",0533124110,2025-26,1,Maharashtra,GNTCH,GNTCH,HU,51.4093808,percentile,GNTCH | 14700 | 51.4093808 | Stage-I,96,Home University Seats Allotted to Home University Candidates,79361f1139b561db9bf6682092bf8fc6aa7d92e639dcc857e0b76528639fe7c3
7026366bbc3b-PG_MCA_CAP1_Cutoff_MH_2025_26__1_.pdf,5331,"Sandip Foundation's, Sandip Institute of Engineering & Management, Nashik",0533124110,2025-26,1,Maharashtra,GNTDH,GNTDH,HU,15.5994113,percentile,GNTDH | 22893 | 15.5994113 | Stage-I,96,Home University Seats Allotted to Home University Candidates,1a9f4c5e8b34917a489d614e3311147e9b6d130a9bffa6286029e75db9c85cb8
7026366bbc3b-PG_MCA_CAP1_Cutoff_MH_2025_26__1_.pdf,5331,"Sandip Foundation's, Sandip Institute of Engineering & Management, Nashik",0533124110,2025-26,1,Maharashtra,GOBCH,GOBCH,HU,61.2807064,percentile,GOBCH | 12148 | 61.2807064 | Stage-I,96,Home University Seats Allotted to Home University Candidates,391ffd0f513218062d883b3864c82948fde5462992b5ab83561af5556e839634
7026366bbc3b-PG_MCA_CAP1_Cutoff_MH_2025_26__1_.pdf,5331,"Sandip Foundation's, Sandip Institute of Engineering & Management, Nashik",0533124110,2025-26,1,Maharashtra,GSCH,GSCH,HU,19.1539942,percentile,GSCH | 22393 | 19.1539942 | Stage-I,96,Home University Seats Allotted to Other Than Home University Candidates,3cf01f22d1f8cf46ffc7f097d9f44e45a98ef403f9edaf98b8038cd855a677f2
7026366bbc3b-PG_MCA_CAP1_Cutoff_MH_2025_26__1_.pdf,5331,"Sandip Foundation's, Sandip Institute of Engineering & Management, Nashik",0533124110,2025-26,1,Maharashtra,GNTAH,GNTAH,HU,1.3622127,percentile,GNTAH | 25296 | 1.3622127 | Stage-I,96,Home University Seats Allotted to Other Than Home University Candidates,a785bf00500a1669b1b39c591b7f6acf24816876476a369805c53b0e0aa82513
7026366bbc3b-PG_MCA_CAP1_Cutoff_MH_2025_26__1_.pdf,5331,"Sandip Foundation's, Sandip Institute of Engineering & Management, Nashik",0533124110,2025-26,1,Maharashtra,GOPENO,GOPENO,HU,67.3579428,percentile,GOPENO | 10412 | 67.3579428 | Stage-I,96,Other Than Home University Seats Allotted to Other Than Home University Candidates,d3017c9afe2c97a785793d06a3e09d1ee15222f7069766b0885e62f2f7f12a70
7026366bbc3b-PG_MCA_CAP1_Cutoff_MH_2025_26__1_.pdf,5331,"Sandip Foundation's, Sandip Institute of Engineering & Management, Nashik",0533124110,2025-26,1,Maharashtra,GSCO,GSCO,HU,51.4093808,percentile,GSCO | 14830 | 51.4093808 | Stage-I,96,Other Than Home University Seats Allotted to Other Than Home University Candidates,3c7bd2fa4f2204cea1e1f01d85d0d7630b7026405bf22cc136022322afefcd24
7026366bbc3b-PG_MCA_CAP1_Cutoff_MH_2025_26__1_.pdf,5331,"Sandip Foundation's, Sandip Institute of Engineering & Management, Nashik",0533124110,2025-26,1,Maharashtra,GNTBO,GNTBO,HU,34.5198145,percentile,GNTBO | 18881 | 34.5198145 | Stage-I,96,Other Than Home University Seats Allotted to Other Than Home University Candidates,7d709c2477ace4c101830766024dbe3ce75710202b2bbba54b09922be6a9bdc8
7026366bbc3b-PG_MCA_CAP1_Cutoff_MH_2025_26__1_.pdf,5331,"Sandip Foundation's, Sandip Institute of Engineering & Management, Nashik",0533124110,2025-26,1,Maharashtra,GOBCO,GOBCO,HU,63.1574978,percentile,GOBCO | 11641 | 63.1574978 | Stage-I,96,Other Than Home University Seats Allotted to Other Than Home University Candidates,bc8cdba051b856fd8a08a103fa55b44da5f71c56c152039ba8924d0ad5d8b9dd
7026366bbc3b-PG_MCA_CAP1_Cutoff_MH_2025_26__1_.pdf,5331,"Sandip Foundation's, Sandip Institute of Engineering & Management, Nashik",0533124110,2025-26,1,Maharashtra,GSEBCO,GSEBCO,HU,27.2744425,percentile,GSEBCO | 20443 | 27.2744425 | Stage-I,96,Other Than Home University Seats Allotted to Other Than Home University Candidates,c4803c39cdcfab09114b54f7a666705c03bdd58f7a1d47c759738b4cec5e7583
7026366bbc3b-PG_MCA_CAP1_Cutoff_MH_2025_26__1_.pdf,5331,"Sandip Foundation's, Sandip Institute of Engineering & Management, Nashik",0533124110,2025-26,1,Maharashtra,EWS,EWS,SL,19.1539942,percentile,EWS | 22236 | 19.1539942 | Stage-I,96,Other Than Home University Seats Allotted to Other Than Home University Candidates,74ede9920b689acacf1df62aca1d1fe56f8ddb00fd195f990086825ce2fb262f
7026366bbc3b-PG_MCA_CAP1_Cutoff_MH_2025_26__1_.pdf,5331,"Sandip Foundation's, Sandip Institute of Engineering & Management, Nashik",0533124110,2025-26,1,Maharashtra,TFWS,TFWS,SL,80.5399495,percentile,TFWS | 6459 | 80.5399495 | Stage-I,96,Other Than Home University Seats Allotted to Other Than Home University Candidates,4560e6ff7852575052bc44712ace8fc4e1df564e29ac74b4b002b896897afec1
7026366bbc3b-PG_MCA_CAP1_Cutoff_MH_2025_26__1_.pdf,5380,"Adsul's Technical Campus, Chas Dist. Ahmednagar",0538024110,2025-26,1,Maharashtra,GOPENH,GOPENH,HU,77.8251197,percentile,GOPENH | 7038 | 77.8251197 | Stage-I,97,Home University Seats Allotted to Home University Candidates,0bc339143b6c99422ed54d0e6e6402765a46f75acd97d1f903ad959dec58fb23
7026366bbc3b-PG_MCA_CAP1_Cutoff_MH_2025_26__1_.pdf,5380,"Adsul's Technical Campus, Chas Dist. Ahmednagar",0538024110,2025-26,1,Maharashtra,GSCH,GSCH,HU,44.5345198,percentile,GSCH | 16684 | 44.5345198 | Stage-I,97,Home University Seats Allotted to Home University Candidates,3b7b8505f50c70b92e3a9e43ba3993f702ddfc41ce5cf2fea4eee9595a1ce42b
7026366bbc3b-PG_MCA_CAP1_Cutoff_MH_2025_26__1_.pdf,5380,"Adsul's Technical Campus, Chas Dist. Ahmednagar",0538024110,2025-26,1,Maharashtra,GSTH,GSTH,HU,63.1574978,percentile,GSTH | 11873 | 63.1574978 | Stage-I,97,Home University Seats Allotted to Home University Candidates,ff4db706c896a279fdea81b5d42ea0b94744fe703435c4768050eb507d74761e
7026366bbc3b-PG_MCA_CAP1_Cutoff_MH_2025_26__1_.pdf,5380,"Adsul's Technical Campus, Chas Dist. Ahmednagar",0538024110,2025-26,1,Maharashtra,GNTAH,GNTAH,HU,51.4093808,percentile,GNTAH | 14699 | 51.4093808 | Stage-I,97,Home University Seats Allotted to Home University Candidates,3cdef2dc840fb786f07531ffa4bfbc7ed168e52648d5e88af5326233a9b2a394
7026366bbc3b-PG_MCA_CAP1_Cutoff_MH_2025_26__1_.pdf,5380,"Adsul's Technical Campus, Chas Dist. Ahmednagar",0538024110,2025-26,1,Maharashtra,GNTBH,GNTBH,HU,46.3793819,percentile,GNTBH | 16115 | 46.3793819 | Stage-I,97,Home University Seats Allotted to Home University Candidates,951c10e22b303914b302147376274ace3b5fffaebc25e1bb9d33e5e9a7437129
7026366bbc3b-PG_MCA_CAP1_Cutoff_MH_2025_26__1_.pdf,5380,"Adsul's Technical Campus, Chas Dist. Ahmednagar",0538024110,2025-26,1,Maharashtra,GNTCH,GNTCH,HU,49.3533426,percentile,GNTCH | 15743 | 49.3533426 | Stage-I,97,Home University Seats Allotted to Home University Candidates,855b619ab48c521db6338f07f982daed8ded435b315926a977bea359fa928638
7026366bbc3b-PG_MCA_CAP1_Cutoff_MH_2025_26__1_.pdf,5380,"Adsul's Technical Campus, Chas Dist. Ahmednagar",0538024110,2025-26,1,Maharashtra,GNTDH,GNTDH,HU,77.8251197,percentile,GNTDH | 7117 | 77.8251197 | Stage-I,97,Home University Seats Allotted to Home University Candidates,9ccd15731b26e75be5f25b9135fd2c3d868c8ba627b0e64b67dfd28402c205ac
7026366bbc3b-PG_MCA_CAP1_Cutoff_MH_2025_26__1_.pdf,5380,"Adsul's Technical Campus, Chas Dist. Ahmednagar",0538024110,2025-26,1,Maharashtra,GOBCH,GOBCH,HU,67.3579428,percentile,GOBCH | 10258 | 67.3579428 | Stage-I,97,Home University Seats Allotted to Home University Candidates,9b7ebdd5b6ed1d0166e7de6c0376033d058c3e58a37427e377db57f64d7e0a22
7026366bbc3b-PG_MCA_CAP1_Cutoff_MH_2025_26__1_.pdf,5380,"Adsul's Technical Campus, Chas Dist. Ahmednagar",0538024110,2025-26,1,Maharashtra,GSEBCH,GSEBCH,HU,36.496736,percentile,GSEBCH | 18562 | 36.496736 | Stage-I,97,Home University Seats Allotted to Home University Candidates,e742c258bc09c8599960d9b0462a6aa91c831779f6fc8d861b9f3c357c90fa82
7026366bbc3b-PG_MCA_CAP1_Cutoff_MH_2025_26__1_.pdf,5380,"Adsul's Technical Campus, Chas Dist. Ahmednagar",0538024110,2025-26,1,Maharashtra,GOPENO,GOPENO,HU,29.9046039,percentile,GOPENO | 20060 | 29.9046039 | Stage-I,97,Other Than Home University Seats Allotted to Other Than Home University Candidates,64b4b65c871931f2d0f5549c597224ce537c2a85c89d558cb41dfe716c7d18c4
7026366bbc3b-PG_MCA_CAP1_Cutoff_MH_2025_26__1_.pdf,5380,"Adsul's Technical Campus, Chas Dist. Ahmednagar",0538024110,2025-26,1,Maharashtra,GSCO,GSCO,HU,23.1010151,percentile,GSCO | 21423 | 23.1010151 | Stage-I,97,Other Than Home University Seats Allotted to Other Than Home University Candidates,f0c5aaf5e741ae4fa17c1e75f6ccd894565bfde48087d4e43b5c124098105124
7026366bbc3b-PG_MCA_CAP1_Cutoff_MH_2025_26__1_.pdf,5380,"Adsul's Technical Campus, Chas Dist. Ahmednagar",0538024110,2025-26,1,Maharashtra,GOBCO,GOBCO,HU,9.7430286,percentile,GOBCO | 24050 | 9.7430286 | Stage-I,97,Other Than Home University Seats Allotted to Other Than Home University Candidates,75c6a00474d7d082f75f85dda85272741463a38c0a7293a54862e7e968348e7e
7026366bbc3b-PG_MCA_CAP1_Cutoff_MH_2025_26__1_.pdf,5380,"Adsul's Technical Campus, Chas Dist. Ahmednagar",0538024110,2025-26,1,Maharashtra,GSEBCO,GSEBCO,HU,4.302251,percentile,GSEBCO | 24809 | 4.302251 | Stage-I,97,Other Than Home University Seats Allotted to Other Than Home University Candidates,63f2950dcc69bda40d62e6b63012b8ac9f3918fb7c0feacd74d2d8924f074193
7026366bbc3b-PG_MCA_CAP1_Cutoff_MH_2025_26__1_.pdf,5380,"Adsul's Technical Campus, Chas Dist. Ahmednagar",0538024110,2025-26,1,Maharashtra,GSCO,GSCO,HU,25.4779232,percentile,GSCO | 20943 | 25.4779232 | Stage-I,97,Other Than Home University Seats Allotted to Home University Candidates,e5924383c5393212062353b1580725f7e51f676e610d1131f01ec3e873f48245
7026366bbc3b-PG_MCA_CAP1_Cutoff_MH_2025_26__1_.pdf,5380,"Adsul's Technical Campus, Chas Dist. Ahmednagar",0538024110,2025-26,1,Maharashtra,GNTAO,GNTAO,HU,25.4779232,percentile,GNTAO | 20815 | 25.4779232 | Stage-I,97,Other Than Home University Seats Allotted to Home University Candidates,27f2ff6f83837889acf9426271e109f7c510683264a21f2457cbad5cf24ecba9
7026366bbc3b-PG_MCA_CAP1_Cutoff_MH_2025_26__1_.pdf,5380,"Adsul's Technical Campus, Chas Dist. Ahmednagar",0538024110,2025-26,1,Maharashtra,GNTCO,GNTCO,HU,46.3793819,percentile,GNTCO | 16021 | 46.3793819 | Stage-I,97,Other Than Home University Seats Allotted to Home University Candidates,6f2574cb207cf8ec87070cdbfce1176e754c85ebe2e2c072dc4bb7eadd19d935
7026366bbc3b-PG_MCA_CAP1_Cutoff_MH_2025_26__1_.pdf,5380,"Adsul's Technical Campus, Chas Dist. Ahmednagar",0538024110,2025-26,1,Maharashtra,GNTDO,GNTDO,HU,71.1549338,percentile,GNTDO | 9321 | 71.1549338 | Stage-I,97,Other Than Home University Seats Allotted to Home University Candidates,b544468140624e561f712e729f85c2f5c02dabe893ea7a3857d43c8c6a12c824
7026366bbc3b-PG_MCA_CAP1_Cutoff_MH_2025_26__1_.pdf,5380,"Adsul's Technical Campus, Chas Dist. Ahmednagar",0538024110,2025-26,1,Maharashtra,GOBCO,GOBCO,HU,63.1574978,percentile,GOBCO | 11579 | 63.1574978 | Stage-I,97,Other Than Home University Seats Allotted to Home University Candidates,831dcb33321e5fd0383ce9ae3f633b96412e023ecc4684853a025c60bbde124e
7026366bbc3b-PG_MCA_CAP1_Cutoff_MH_2025_26__1_.pdf,5380,"Adsul's Technical Campus, Chas Dist. Ahmednagar",0538024110,2025-26,1,Maharashtra,GSEBCO,GSEBCO,HU,29.9046039,percentile,GSEBCO | 20213 | 29.9046039 | Stage-I,97,Other Than Home University Seats Allotted to Home University Candidates,016f4659974fe092e6c53d9b6a014e73b30976730afc7aa76b3d94115588c340
7026366bbc3b-PG_MCA_CAP1_Cutoff_MH_2025_26__1_.pdf,5380,"Adsul's Technical Campus, Chas Dist. Ahmednagar",0538024110,2025-26,1,Maharashtra,EWS,EWS,SL,5.5960152,percentile,EWS | 24727 | 5.5960152 | Stage-I,97,Other Than Home University Seats Allotted to Home University Candidates,c8b3c9d35d6640a29c6d6536e874eec3b6b81011b19bda450dd563350126471d
7026366bbc3b-PG_MCA_CAP1_Cutoff_MH_2025_26__1_.pdf,5380,"Adsul's Technical Campus, Chas Dist. Ahmednagar",0538024110,2025-26,1,Maharashtra,TFWS,TFWS,SL,89.1966341,percentile,TFWS | 3429 | 89.1966341 | Stage-I,97,Other Than Home University Seats Allotted to Home University Candidates,03570af464f7d36f1ab88df426078ca6a5fbe1ffa75a2354b026bff293ba1fa5
7026366bbc3b-PG_MCA_CAP1_Cutoff_MH_2025_26__1_.pdf,5381,"Shri. Jaykumar Rawal Institute of Technology, Dondaicha.",0538124110,2025-26,1,Maharashtra,GOPENH,GOPENH,HU,69.7143504,percentile,GOPENH | 9678 | 69.7143504 | Stage-I,98,Home University Seats Allotted to Home University Candidates,018d38efe58153dc0ea46e786ffc21b0f95c61243c5a4f52bba02fc148f2432a
7026366bbc3b-PG_MCA_CAP1_Cutoff_MH_2025_26__1_.pdf,5381,"Shri. Jaykumar Rawal Institute of Technology, Dondaicha.",0538124110,2025-26,1,Maharashtra,GSCH,GSCH,HU,29.9046039,percentile,GSCH | 20190 | 29.9046039 | Stage-I,98,Home University Seats Allotted to Home University Candidates,728c77589ecc9ec81a01589ec2f435c6fb20cd0cc502a567af243a7ddb2e36b7
7026366bbc3b-PG_MCA_CAP1_Cutoff_MH_2025_26__1_.pdf,5381,"Shri. Jaykumar Rawal Institute of Technology, Dondaicha.",0538124110,2025-26,1,Maharashtra,GSTH,GSTH,HU,29.9046039,percentile,GSTH | 20029 | 29.9046039 | Stage-I,98,Home University Seats Allotted to Home University Candidates,efcbeada25252a9456db19a58400c8870c9ac058497692bc63098844c0c919cf
7026366bbc3b-PG_MCA_CAP1_Cutoff_MH_2025_26__1_.pdf,5381,"Shri. Jaykumar Rawal Institute of Technology, Dondaicha.",0538124110,2025-26,1,Maharashtra,GNTBH,GNTBH,HU,67.3579428,percentile,GNTBH | 10701 | 67.3579428 | Stage-I,98,Home University Seats Allotted to Home University Candidates,1b2999702975d00838608cea91b237b9919919ce06896bb599411cddde4d6f7b
7026366bbc3b-PG_MCA_CAP1_Cutoff_MH_2025_26__1_.pdf,5381,"Shri. Jaykumar Rawal Institute of Technology, Dondaicha.",0538124110,2025-26,1,Maharashtra,GNTCH,GNTCH,HU,67.3579428,percentile,GNTCH | 10242 | 67.3579428 | Stage-I,98,Home University Seats Allotted to Home University Candidates,2415150b71c0cce276a74195c5e97c6c640d1abb5e7d0a52ac70594e54bb98f1
7026366bbc3b-PG_MCA_CAP1_Cutoff_MH_2025_26__1_.pdf,5381,"Shri. Jaykumar Rawal Institute of Technology, Dondaicha.",0538124110,2025-26,1,Maharashtra,GOBCH,GOBCH,HU,61.2807064,percentile,GOBCH | 12221 | 61.2807064 | Stage-I,98,Home University Seats Allotted to Home University Candidates,80cd6083f0eb5d5eeb4f1ffa561f640155a43dc59c94e8915f91603535b82fe9
7026366bbc3b-PG_MCA_CAP1_Cutoff_MH_2025_26__1_.pdf,5381,"Shri. Jaykumar Rawal Institute of Technology, Dondaicha.",0538124110,2025-26,1,Maharashtra,GSEBCH,GSEBCH,HU,3.0466423,percentile,GSEBCH | 25033 | 3.0466423 | Stage-I,98,Home University Seats Allotted to Home University Candidates,af0fded5f39b130ba2e4b3ea5060f1f1196bcf0f9cde11c0375b18d073978d13
7026366bbc3b-PG_MCA_CAP1_Cutoff_MH_2025_26__1_.pdf,5381,"Shri. Jaykumar Rawal Institute of Technology, Dondaicha.",0538124110,2025-26,1,Maharashtra,GOPENO,GOPENO,HU,23.1010151,percentile,GOPENO | 21260 | 23.1010151 | Stage-I,98,Other Than Home University Seats Allotted to Other Than Home University Candidates,8c6a75e0ad88ad5a429ed1aa06de9efc098c72f7ec522c7561e756fbf73151c4
7026366bbc3b-PG_MCA_CAP1_Cutoff_MH_2025_26__1_.pdf,5381,"Shri. Jaykumar Rawal Institute of Technology, Dondaicha.",0538124110,2025-26,1,Maharashtra,GSEBCO,GSEBCO,HU,9.7430286,percentile,GSEBCO | 23958 | 9.7430286 | Stage-I,98,Other Than Home University Seats Allotted to Other Than Home University Candidates,77f799ed6b9c860118487abfb018d56a13a26776b167970fbe86c2bdbe358e3d
7026366bbc3b-PG_MCA_CAP1_Cutoff_MH_2025_26__1_.pdf,5381,"Shri. Jaykumar Rawal Institute of Technology, Dondaicha.",0538124110,2025-26,1,Maharashtra,GOBCO,GOBCO,HU,56.5488095,percentile,GOBCO | 13719 | 56.5488095 | Stage-I,98,Other Than Home University Seats Allotted to Home University Candidates,01807a6d4be80ba4151b86f7c20ac55faa2a91030750e2932406864d3688123e
7026366bbc3b-PG_MCA_CAP1_Cutoff_MH_2025_26__1_.pdf,5381,"Shri. Jaykumar Rawal Institute of Technology, Dondaicha.",0538124110,2025-26,1,Maharashtra,EWS,EWS,SL,31.6629561,percentile,EWS | 19375 | 31.6629561 | Stage-I,98,Other Than Home University Seats Allotted to Home University Candidates,c215e5c8eff262ab3f2caeda7e42e8e2581216078bc4469781b4a17e3cb74efb
7026366bbc3b-PG_MCA_CAP1_Cutoff_MH_2025_26__1_.pdf,5381,"Shri. Jaykumar Rawal Institute of Technology, Dondaicha.",0538124110,2025-26,1,Maharashtra,TFWS,TFWS,SL,82.8308366,percentile,TFWS | 5714 | 82.8308366 | Stage-I,98,Other Than Home University Seats Allotted to Home University Candidates,dc094a75d2d347da7001de9b4a4aec0b50dc5bb773680eedd2eda60955ce6bdc
7026366bbc3b-PG_MCA_CAP1_Cutoff_MH_2025_26__1_.pdf,5385,"Akole Taluka Education Society,s Agasti Institute of Management, Computer Application & Research, Akole, Ahmednagar",0538524110,2025-26,1,Maharashtra,GOPENH,GOPENH,HU,46.3793819,percentile,GOPENH | 15984 | 46.3793819 | Stage-I,99,Home University Seats Allotted to Home University Candidates,b6795ddad729e9fe299905f7120a5baae493ad203f6d75c8aee3a0043958f16c
7026366bbc3b-PG_MCA_CAP1_Cutoff_MH_2025_26__1_.pdf,5385,"Akole Taluka Education Society,s Agasti Institute of Management, Computer Application & Research, Akole, Ahmednagar",0538524110,2025-26,1,Maharashtra,GSCH,GSCH,HU,7.4072677,percentile,GSCH | 24441 | 7.4072677 | Stage-I,99,Home University Seats Allotted to Home University Candidates,1e393840e9e0e74cb3cc88a491a9b163c6ba80bec628446f355b93d636ab892b
7026366bbc3b-PG_MCA_CAP1_Cutoff_MH_2025_26__1_.pdf,5385,"Akole Taluka Education Society,s Agasti Institute of Management, Computer Application & Research, Akole, Ahmednagar",0538524110,2025-26,1,Maharashtra,GSTH,GSTH,HU,16.9789978,percentile,GSTH | 22768 | 16.9789978 | Stage-I,99,Home University Seats Allotted to Home University Candidates,b5170bd7d1d62fa95ef741b7d1e9456fced786d24d7331875f5155dc0ed838f7
7026366bbc3b-PG_MCA_CAP1_Cutoff_MH_2025_26__1_.pdf,5385,"Akole Taluka Education Society,s Agasti Institute of Management, Computer Application & Research, Akole, Ahmednagar",0538524110,2025-26,1,Maharashtra,GNTCH,GNTCH,HU,0.2564006,percentile,GNTCH | 25455 | 0.2564006 | Stage-I,99,Home University Seats Allotted to Home University Candidates,d79e67f43eed4e1dfe69ea6183f462fee3a7f7d49500458ac14ecb3242b42444
7026366bbc3b-PG_MCA_CAP1_Cutoff_MH_2025_26__1_.pdf,5385,"Akole Taluka Education Society,s Agasti Institute of Management, Computer Application & Research, Akole, Ahmednagar",0538524110,2025-26,1,Maharashtra,GNTDH,GNTDH,HU,13.5402134,percentile,GNTDH | 23257 | 13.5402134 | Stage-I,99,Home University Seats Allotted to Home University Candidates,5960e025350f3d87a9f843cefe5f4ee8bd6a43ec21dc6f466e6757459436dc8d
7026366bbc3b-PG_MCA_CAP1_Cutoff_MH_2025_26__1_.pdf,5385,"Akole Taluka Education Society,s Agasti Institute of Management, Computer Application & Research, Akole, Ahmednagar",0538524110,2025-26,1,Maharashtra,GOBCH,GOBCH,HU,34.5198145,percentile,GOBCH | 19305 | 34.5198145 | Stage-I,99,Home University Seats Allotted to Home University Candidates,56cc27caef4ef24843900f3072cdc26d392e69db284ed773ce314483240e5606
7026366bbc3b-PG_MCA_CAP1_Cutoff_MH_2025_26__1_.pdf,5385,"Akole Taluka Education Society,s Agasti Institute of Management, Computer Application & Research, Akole, Ahmednagar",0538524110,2025-26,1,Maharashtra,PWDOPENH,PWDOPENH,HU,34.5198145,percentile,PWDOPENH | 19114 | 34.5198145 | Stage-I,99,Home University Seats Allotted to Home University Candidates,c3929a3d0bf83a3fd4fa587eb24d69a7121f41814179829c8f4f2a463c628142
7026366bbc3b-PG_MCA_CAP1_Cutoff_MH_2025_26__1_.pdf,5385,"Akole Taluka Education Society,s Agasti Institute of Management, Computer Application & Research, Akole, Ahmednagar",0538524110,2025-26,1,Maharashtra,GOPENO,GOPENO,HU,4.067771,percentile,GOPENO | 24886 | 4.067771 | Stage-I,99,Other Than Home University Seats Allotted to Other Than Home University Candidates,a266ccd83f1e6e21f3dc8155b5591d7f82b5d4298fddf0d3e31aa28ba3e2d5e7
7026366bbc3b-PG_MCA_CAP1_Cutoff_MH_2025_26__1_.pdf,5385,"Akole Taluka Education Society,s Agasti Institute of Management, Computer Application & Research, Akole, Ahmednagar",0538524110,2025-26,1,Maharashtra,GOPENO,GOPENO,HU,46.3793819,percentile,GOPENO | 15993 | 46.3793819 | Stage-I,99,Other Than Home University Seats Allotted to Home University Candidates,7f6820647abdb5d25a7e2ad9676fb605e87b5bdee4f907672c05c001629925ff
7026366bbc3b-PG_MCA_CAP1_Cutoff_MH_2025_26__1_.pdf,5385,"Akole Taluka Education Society,s Agasti Institute of Management, Computer Application & Research, Akole, Ahmednagar",0538524110,2025-26,1,Maharashtra,GNTDO,GNTDO,HU,0.5735633,percentile,GNTDO | 25426 | 0.5735633 | Stage-I,99,Other Than Home University Seats Allotted to Home University Candidates,f883f39727b6f2d9a3c7252bf4b95db3cba602e7d8a5b8d3b02d77f3f20e412a
7026366bbc3b-PG_MCA_CAP1_Cutoff_MH_2025_26__1_.pdf,5385,"Akole Taluka Education Society,s Agasti Institute of Management, Computer Application & Research, Akole, Ahmednagar",0538524110,2025-26,1,Maharashtra,GOBCO,GOBCO,HU,27.2744425,percentile,GOBCO | 20664 | 27.2744425 | Stage-I,99,Other Than Home University Seats Allotted to Home University Candidates,f401ef45b222bac39ee6f4eb11f7892be9fe195e8895f9d2c48fb5c324a53a9d
7026366bbc3b-PG_MCA_CAP1_Cutoff_MH_2025_26__1_.pdf,5385,"Akole Taluka Education Society,s Agasti Institute of Management, Computer Application & Research, Akole, Ahmednagar",0538524110,2025-26,1,Maharashtra,TFWS,TFWS,SL,56.5488095,percentile,TFWS | 13982 | 56.5488095 | Stage-I,99,Other Than Home University Seats Allotted to Home University Candidates,0963e83fdb3516532be529e3d18fc452baabc97c703bc88743a6ef39d409596e
7026366bbc3b-PG_MCA_CAP1_Cutoff_MH_2025_26__1_.pdf,5386,"Dr. B.V. Hiray College of Management & Research Centre, Malegaon.",0538624110,2025-26,1,Maharashtra,GOPENH,GOPENH,HU,74.782248,percentile,GOPENH | 8057 | 74.782248 | Stage-I,100,Home University Seats Allotted to Home University Candidates,5b5cc3fdb45df519f7363592035a2bd6261a75c16eb5f422fa933108978f1886
7026366bbc3b-PG_MCA_CAP1_Cutoff_MH_2025_26__1_.pdf,5386,"Dr. B.V. Hiray College of Management & Research Centre, Malegaon.",0538624110,2025-26,1,Maharashtra,GSCH,GSCH,HU,15.5994113,percentile,GSCH | 22868 | 15.5994113 | Stage-I,100,Home University Seats Allotted to Home University Candidates,cf447f02cfcce7924a2b2d9759ab7c217ff4f255590a2a3b49a612c9ff0d12ce
7026366bbc3b-PG_MCA_CAP1_Cutoff_MH_2025_26__1_.pdf,5386,"Dr. B.V. Hiray College of Management & Research Centre, Malegaon.",0538624110,2025-26,1,Maharashtra,GNTDH,GNTDH,HU,71.1549338,percentile,GNTDH | 9264 | 71.1549338 | Stage-I,100,Home University Seats Allotted to Home University Candidates,e247fbe9875418714289525bf640128c861c811d1df38a704c99f0e66b1261ba
7026366bbc3b-PG_MCA_CAP1_Cutoff_MH_2025_26__1_.pdf,5386,"Dr. B.V. Hiray College of Management & Research Centre, Malegaon.",0538624110,2025-26,1,Maharashtra,GOBCH,GOBCH,HU,67.3579428,percentile,GOBCH | 10640 | 67.3579428 | Stage-I,100,Home University Seats Allotted to Home University Candidates,152945195074b99f12635ffe79899f211a2949646eef2184a692cceb18fa9632
7026366bbc3b-PG_MCA_CAP1_Cutoff_MH_2025_26__1_.pdf,5386,"Dr. B.V. Hiray College of Management & Research Centre, Malegaon.",0538624110,2025-26,1,Maharashtra,PWDOPENH,PWDOPENH,HU,58.7911466,percentile,PWDOPENH | 12976 | 58.7911466 | Stage-I,100,Home University Seats Allotted to Home University Candidates,3d85fa26937179b38d7f907ac8d6498ccab9198cb405fc3bd77301c25ea7cba4
7026366bbc3b-PG_MCA_CAP1_Cutoff_MH_2025_26__1_.pdf,5386,"Dr. B.V. Hiray College of Management & Research Centre, Malegaon.",0538624110,2025-26,1,Maharashtra,GNTAH,GNTAH,HU,12.4750009,percentile,GNTAH | 23521 | 12.4750009 | Stage-I,100,Home University Seats Allotted to Other Than Home University Candidates,3e1d7ee5e2a159ce47434b8477fda1b97a92079a5ef1b5afe6edb3f64bb690f3
7026366bbc3b-PG_MCA_CAP1_Cutoff_MH_2025_26__1_.pdf,5386,"Dr. B.V. Hiray College of Management & Research Centre, Malegaon.",0538624110,2025-26,1,Maharashtra,GOPENO,GOPENO,HU,73.5368477,percentile,GOPENO | 8989 | 73.5368477 | Stage-I,100,Other Than Home University Seats Allotted to Other Than Home University Candidates,92971aff2dc037bcc8f298bbb1a47c982a4c24c5fb5eda588419eda20cd0e65f
7026366bbc3b-PG_MCA_CAP1_Cutoff_MH_2025_26__1_.pdf,5386,"Dr. B.V. Hiray College of Management & Research Centre, Malegaon.",0538624110,2025-26,1,Maharashtra,GNTCO,GNTCO,HU,19.1539942,percentile,GNTCO | 22255 | 19.1539942 | Stage-I,100,Other Than Home University Seats Allotted to Other Than Home University Candidates,7625d9a9d4f70a785b01a794b5bb79bef6a12bb69bbec43d69382aca7105ead4
7026366bbc3b-PG_MCA_CAP1_Cutoff_MH_2025_26__1_.pdf,5386,"Dr. B.V. Hiray College of Management & Research Centre, Malegaon.",0538624110,2025-26,1,Maharashtra,GOBCO,GOBCO,HU,51.4093808,percentile,GOBCO | 14981 | 51.4093808 | Stage-I,100,Other Than Home University Seats Allotted to Other Than Home University Candidates,96871172ef40e7e3380108f05ad219dbaccbc876c245bbba1de92a9018f9c099
7026366bbc3b-PG_MCA_CAP1_Cutoff_MH_2025_26__1_.pdf,5386,"Dr. B.V. Hiray College of Management & Research Centre, Malegaon.",0538624110,2025-26,1,Maharashtra,GSEBCO,GSEBCO,HU,44.5345198,percentile,GSEBCO | 16940 | 44.5345198 | Stage-I,100,Other Than Home University Seats Allotted to Other Than Home University Candidates,bf7d15b9452b0f34bd66f7cb3974d7d19a6a6111f29da084a4d79bfcdeb12714
7026366bbc3b-PG_MCA_CAP1_Cutoff_MH_2025_26__1_.pdf,5386,"Dr. B.V. Hiray College of Management & Research Centre, Malegaon.",0538624110,2025-26,1,Maharashtra,EWS,EWS,SL,39.3989669,percentile,EWS | 17842 | 39.3989669 | Stage-I,100,Other Than Home University Seats Allotted to Other Than Home University Candidates,acd3925845491a6d35b94ef9bd2a952f91f71333c105592fbd4764f48418491d
7026366bbc3b-PG_MCA_CAP1_Cutoff_MH_2025_26__1_.pdf,5386,"Dr. B.V. Hiray College of Management & Research Centre, Malegaon.",0538624110,2025-26,1,Maharashtra,TFWS,TFWS,SL,90.7733494,percentile,TFWS | 3175 | 90.7733494 | Stage-I,100,Other Than Home University Seats Allotted to Other Than Home University Candidates,125aef9b03b04bca2ee04ec9f98b840095e69f5dd4015fc135e8a367d68538f8
7026366bbc3b-PG_MCA_CAP1_Cutoff_MH_2025_26__1_.pdf,5509,"Shri Swami Samarth Institute of Management and Technology, Malwadi-Bota",0550924110,2025-26,1,Maharashtra,GOPENH,GOPENH,HU,51.4093808,percentile,GOPENH | 14839 | 51.4093808 | Stage-I,101,Home University Seats Allotted to Home University Candidates,cd1c3ca50ddf761fd4037eab92b5ccb9467f1edafad9cad03b39001422fda09f
7026366bbc3b-PG_MCA_CAP1_Cutoff_MH_2025_26__1_.pdf,5509,"Shri Swami Samarth Institute of Management and Technology, Malwadi-Bota",0550924110,2025-26,1,Maharashtra,GSCH,GSCH,HU,4.067771,percentile,GSCH | 24946 | 4.067771 | Stage-I,101,Home University Seats Allotted to Home University Candidates,129a0bc953fdc2e7d4a3255d42c484fbbb7d4a9ba341f1d01e05eb08509a1715
7026366bbc3b-PG_MCA_CAP1_Cutoff_MH_2025_26__1_.pdf,5509,"Shri Swami Samarth Institute of Management and Technology, Malwadi-Bota",0550924110,2025-26,1,Maharashtra,GNTAH,GNTAH,HU,10.5199653,percentile,GNTAH | 23728 | 10.5199653 | Stage-I,101,Home University Seats Allotted to Home University Candidates,93e050cb4b10e9e3e100a901a5f5aa602f9bd5d26fc1072ba171f4cf2163ada6
7026366bbc3b-PG_MCA_CAP1_Cutoff_MH_2025_26__1_.pdf,5509,"Shri Swami Samarth Institute of Management and Technology, Malwadi-Bota",0550924110,2025-26,1,Maharashtra,GNTCH,GNTCH,HU,13.5402134,percentile,GNTCH | 23401 | 13.5402134 | Stage-I,101,Home University Seats Allotted to Home University Candidates,e3a76e1f958c1498aa723a8219aff541fd93032d5d4b00945ce8c31e33138fbe
7026366bbc3b-PG_MCA_CAP1_Cutoff_MH_2025_26__1_.pdf,5509,"Shri Swami Samarth Institute of Management and Technology, Malwadi-Bota",0550924110,2025-26,1,Maharashtra,GNTDH,GNTDH,HU,34.5198145,percentile,GNTDH | 19023 | 34.5198145 | Stage-I,101,Home University Seats Allotted to Home University Candidates,62fa992bd0a5eeabd06a0aa886d205f4574bc39ec3c20260964b0e27b3d3f531
7026366bbc3b-PG_MCA_CAP1_Cutoff_MH_2025_26__1_.pdf,5509,"Shri Swami Samarth Institute of Management and Technology, Malwadi-Bota",0550924110,2025-26,1,Maharashtra,GOBCH,GOBCH,HU,31.6629561,percentile,GOBCH | 19390 | 31.6629561 | Stage-I,101,Home University Seats Allotted to Home University Candidates,7a2548524f700ce256c915e72e06ce8aa6c27c14292c3e844d06bfd3127b639d
7026366bbc3b-PG_MCA_CAP1_Cutoff_MH_2025_26__1_.pdf,5509,"Shri Swami Samarth Institute of Management and Technology, Malwadi-Bota",0550924110,2025-26,1,Maharashtra,GSEBCH,GSEBCH,HU,21.0059952,percentile,GSEBCH | 21974 | 21.0059952 | Stage-I,101,Home University Seats Allotted to Home University Candidates,2d8e077c7318a56223cf7a869ce81788a61cee2649915cd0d3a7fc473869b5d9
7026366bbc3b-PG_MCA_CAP1_Cutoff_MH_2025_26__1_.pdf,5509,"Shri Swami Samarth Institute of Management and Technology, Malwadi-Bota",0550924110,2025-26,1,Maharashtra,GOPENO,GOPENO,HU,49.3533426,percentile,GOPENO | 15531 | 49.3533426 | Stage-I,101,Other Than Home University Seats Allotted to Other Than Home University Candidates,7f19093d593a58bcf471907ad397df0171225ea1e4406f463817dadfb7d78f46
7026366bbc3b-PG_MCA_CAP1_Cutoff_MH_2025_26__1_.pdf,5509,"Shri Swami Samarth Institute of Management and Technology, Malwadi-Bota",0550924110,2025-26,1,Maharashtra,GSCO,GSCO,HU,31.6629561,percentile,GSCO | 19543 | 31.6629561 | Stage-I,101,Other Than Home University Seats Allotted to Other Than Home University Candidates,9253df1829f41beb196601b1ee200620b3c88b8489f5e032834c7d632d8eb030
7026366bbc3b-PG_MCA_CAP1_Cutoff_MH_2025_26__1_.pdf,5509,"Shri Swami Samarth Institute of Management and Technology, Malwadi-Bota",0550924110,2025-26,1,Maharashtra,GOBCO,GOBCO,HU,13.5402134,percentile,GOBCO | 23372 | 13.5402134 | Stage-I,101,Other Than Home University Seats Allotted to Other Than Home University Candidates,f565a71f19fc441185b4ba0a93d6db63c17ee364acda369013c6fce96a6a3d90
7026366bbc3b-PG_MCA_CAP1_Cutoff_MH_2025_26__1_.pdf,5509,"Shri Swami Samarth Institute of Management and Technology, Malwadi-Bota",0550924110,2025-26,1,Maharashtra,GSEBCO,GSEBCO,HU,29.9046039,percentile,GSEBCO | 19858 | 29.9046039 | Stage-I,101,Other Than Home University Seats Allotted to Other Than Home University Candidates,b07ff81933d76da10eb85c1a8c44b80683d3923d506ab96e0cbccc72a12a0fd5
7026366bbc3b-PG_MCA_CAP1_Cutoff_MH_2025_26__1_.pdf,5509,"Shri Swami Samarth Institute of Management and Technology, Malwadi-Bota",0550924110,2025-26,1,Maharashtra,GNTCO,GNTCO,HU,2.0301121,percentile,GNTCO | 25280 | 2.0301121 | Stage-I,101,Other Than Home University Seats Allotted to Home University Candidates,d211df79b604802b9cb3b151e2e462773d1edb2bc2fb01892155e2dca5d96557
7026366bbc3b-PG_MCA_CAP1_Cutoff_MH_2025_26__1_.pdf,5509,"Shri Swami Samarth Institute of Management and Technology, Malwadi-Bota",0550924110,2025-26,1,Maharashtra,GNTDO,GNTDO,HU,27.2744425,percentile,GNTDO | 20759 | 27.2744425 | Stage-I,101,Other Than Home University Seats Allotted to Home University Candidates,4f9117980a0c3b6da6b200be89692a7487c17ab59de2e3706027587906bc36cc
7026366bbc3b-PG_MCA_CAP1_Cutoff_MH_2025_26__1_.pdf,5509,"Shri Swami Samarth Institute of Management and Technology, Malwadi-Bota",0550924110,2025-26,1,Maharashtra,EWS,EWS,SL,0.5995249,percentile,EWS | 25419 | 0.5995249 | Stage-I,101,Other Than Home University Seats Allotted to Home University Candidates,80e4d498342e72ee32ec89c7786a3ed687d145ab06e965120cc1d9aee2091177
7026366bbc3b-PG_MCA_CAP1_Cutoff_MH_2025_26__1_.pdf,5509,"Shri Swami Samarth Institute of Management and Technology, Malwadi-Bota",0550924110,2025-26,1,Maharashtra,TFWS,TFWS,SL,44.5345198,percentile,TFWS | 16605 | 44.5345198 | Stage-I,101,Other Than Home University Seats Allotted to Home University Candidates,038909f3f0b129e7f2fd0ed871ff357799b43d875601a152975f69c877e2fc46
7026366bbc3b-PG_MCA_CAP1_Cutoff_MH_2025_26__1_.pdf,5550,BHUSAWAL ARTS SCIENCE AND P O NAHATA COMMERCE COLLEGE BHUSAWAL,0550924110,2025-26,1,Maharashtra,GOPENH,GOPENH,HU,58.7911466,percentile,GOPENH | 13071 | 58.7911466 | Stage-I,102,Home University Seats Allotted to Home University Candidates,4a25ab2b169f8f47361d65dced576f4e90b2d05ff89c0b4c08565758c4777153
7026366bbc3b-PG_MCA_CAP1_Cutoff_MH_2025_26__1_.pdf,5550,BHUSAWAL ARTS SCIENCE AND P O NAHATA COMMERCE COLLEGE BHUSAWAL,0550924110,2025-26,1,Maharashtra,GSCH,GSCH,HU,5.5960152,percentile,GSCH | 24725 | 5.5960152 | Stage-I,102,Home University Seats Allotted to Home University Candidates,955a5b0b936ff4c2b4dc1e28159131a8d7b035151780936514d181612dd72ad0
7026366bbc3b-PG_MCA_CAP1_Cutoff_MH_2025_26__1_.pdf,5550,BHUSAWAL ARTS SCIENCE AND P O NAHATA COMMERCE COLLEGE BHUSAWAL,0550924110,2025-26,1,Maharashtra,GNTBH,GNTBH,HU,5.9311489,percentile,GNTBH | 24605 | 5.9311489 | Stage-I,102,Home University Seats Allotted to Home University Candidates,e68702c7bfde45999ce0d11b486de872b82ed7522f81d6bf320475d06df6e88d
7026366bbc3b-PG_MCA_CAP1_Cutoff_MH_2025_26__1_.pdf,5550,BHUSAWAL ARTS SCIENCE AND P O NAHATA COMMERCE COLLEGE BHUSAWAL,0550924110,2025-26,1,Maharashtra,GOBCH,GOBCH,HU,36.496736,percentile,GOBCH | 18505 | 36.496736 | Stage-I,102,Home University Seats Allotted to Home University Candidates,b7dcf20c757df6294fce35b932b5d083655213c6206063be9159c5b9383bd759
7026366bbc3b-PG_MCA_CAP1_Cutoff_MH_2025_26__1_.pdf,5550,BHUSAWAL ARTS SCIENCE AND P O NAHATA COMMERCE COLLEGE BHUSAWAL,0550924110,2025-26,1,Maharashtra,GOPENO,GOPENO,HU,29.9046039,percentile,GOPENO | 19950 | 29.9046039 | Stage-I,102,Other Than Home University Seats Allotted to Other Than Home University Candidates,80c74d88a80b4c6dfaf760edef92174ae5d428e4200d60c357f74ab0fe1088f6
7026366bbc3b-PG_MCA_CAP1_Cutoff_MH_2025_26__1_.pdf,5550,BHUSAWAL ARTS SCIENCE AND P O NAHATA COMMERCE COLLEGE BHUSAWAL,0550924110,2025-26,1,Maharashtra,GOPENO,GOPENO,HU,34.5198145,percentile,GOPENO | 19076 | 34.5198145 | Stage-I,102,Other Than Home University Seats Allotted to Home University Candidates,0e3744916feec295aa27985431996bbf408f629ac0dc7b5a1ea6098e1f1d4dec
7026366bbc3b-PG_MCA_CAP1_Cutoff_MH_2025_26__1_.pdf,5550,BHUSAWAL ARTS SCIENCE AND P O NAHATA COMMERCE COLLEGE BHUSAWAL,0550924110,2025-26,1,Maharashtra,GOBCO,GOBCO,HU,31.6629561,percentile,GOBCO | 19647 | 31.6629561 | Stage-I,102,Other Than Home University Seats Allotted to Home University Candidates,fc5c78fdda7bafec69e8602c55c849fa6f03f6872b28e29714cdad1fd13ab951
7026366bbc3b-PG_MCA_CAP1_Cutoff_MH_2025_26__1_.pdf,5550,BHUSAWAL ARTS SCIENCE AND P O NAHATA COMMERCE COLLEGE BHUSAWAL,0550924110,2025-26,1,Maharashtra,EWS,EWS,SL,19.1539942,percentile,EWS | 22434 | 19.1539942 | Stage-I,102,Other Than Home University Seats Allotted to Home University Candidates,ed7cc3472e6a19faedd14f2ab0e7c82f717b6eec173cd3d7ec70bdf10f6ba05b
7026366bbc3b-PG_MCA_CAP1_Cutoff_MH_2025_26__1_.pdf,5550,BHUSAWAL ARTS SCIENCE AND P O NAHATA COMMERCE COLLEGE BHUSAWAL,0550924110,2025-26,1,Maharashtra,TFWS,TFWS,SL,56.5488095,percentile,TFWS | 13789 | 56.5488095 | Stage-I,102,Other Than Home University Seats Allotted to Home University Candidates,28fec0dd1f7752ed99d07ca36e00f5ea910f719db95833d63681b4c23d0fafb8
7026366bbc3b-PG_MCA_CAP1_Cutoff_MH_2025_26__1_.pdf,5556,DADASAHEB DR.SURESH G.PATIL COLLEGE CHOPDA,0550924110,2025-26,1,Maharashtra,GOPENH,GOPENH,HU,53.942159,percentile,GOPENH | 14305 | 53.942159 | Stage-I,103,Home University Seats Allotted to Home University Candidates,ec0bfdb009b8e1c8a0194a4cbf762d976abb8515c943a0642e35d0a486c4b4da
7026366bbc3b-PG_MCA_CAP1_Cutoff_MH_2025_26__1_.pdf,5556,DADASAHEB DR.SURESH G.PATIL COLLEGE CHOPDA,0550924110,2025-26,1,Maharashtra,GSCH,GSCH,HU,29.9046039,percentile,GSCH | 19962 | 29.9046039 | Stage-I,103,Home University Seats Allotted to Home University Candidates,871ad7499975a7266bd3114847bf674fa1fad4f7b755621b8fe57fc4a6dfcc27
7026366bbc3b-PG_MCA_CAP1_Cutoff_MH_2025_26__1_.pdf,5556,DADASAHEB DR.SURESH G.PATIL COLLEGE CHOPDA,0550924110,2025-26,1,Maharashtra,GNTAH,GNTAH,HU,10.5199653,percentile,GNTAH | 23805 | 10.5199653 | Stage-I,103,Home University Seats Allotted to Home University Candidates,968a0a7e0fdd4c13bb4e74bcfae281ecbdb86d15cc16898f54c75a625c59bb84
7026366bbc3b-PG_MCA_CAP1_Cutoff_MH_2025_26__1_.pdf,5556,DADASAHEB DR.SURESH G.PATIL COLLEGE CHOPDA,0550924110,2025-26,1,Maharashtra,GNTBH,GNTBH,HU,15.5994113,percentile,GNTBH | 22834 | 15.5994113 | Stage-I,103,Home University Seats Allotted to Home University Candidates,00b963dab949adf9d6eebf367656e37196ec828fa6d04e53d4fd37bd29c30c63
7026366bbc3b-PG_MCA_CAP1_Cutoff_MH_2025_26__1_.pdf,5556,DADASAHEB DR.SURESH G.PATIL COLLEGE CHOPDA,0550924110,2025-26,1,Maharashtra,GNTCH,GNTCH,HU,7.9446476,percentile,GNTCH | 24197 | 7.9446476 | Stage-I,103,Home University Seats Allotted to Home University Candidates,fdcaa60e0fc582bc41e99edf74f1713e4a425ef4ccd0c98264976943d47f551c
7026366bbc3b-PG_MCA_CAP1_Cutoff_MH_2025_26__1_.pdf,5556,DADASAHEB DR.SURESH G.PATIL COLLEGE CHOPDA,0550924110,2025-26,1,Maharashtra,GOBCH,GOBCH,HU,49.3533426,percentile,GOBCH | 15446 | 49.3533426 | Stage-I,103,Home University Seats Allotted to Home University Candidates,3671bec94103c1b20aa97b7d780a0ac4a344f1d65b057c51483df9a10c7e767e
7026366bbc3b-PG_MCA_CAP1_Cutoff_MH_2025_26__1_.pdf,5556,DADASAHEB DR.SURESH G.PATIL COLLEGE CHOPDA,0550924110,2025-26,1,Maharashtra,GOPENO,GOPENO,HU,5.5960152,percentile,GOPENO | 24731 | 5.5960152 | Stage-I,103,Other Than Home University Seats Allotted to Other Than Home University Candidates,69cff3c9c6e996a97ad469078bec31482d189167e9ace55372ef9703b61f6917
7026366bbc3b-PG_MCA_CAP1_Cutoff_MH_2025_26__1_.pdf,5556,DADASAHEB DR.SURESH G.PATIL COLLEGE CHOPDA,0550924110,2025-26,1,Maharashtra,GOPENO,GOPENO,HU,36.496736,percentile,GOPENO | 18414 | 36.496736 | Stage-I,103,Other Than Home University Seats Allotted to Home University Candidates,06978fbff788cb5e65f31db0f04af881a9aed61fb55c51b1dd432936c29a5bac
7026366bbc3b-PG_MCA_CAP1_Cutoff_MH_2025_26__1_.pdf,5556,DADASAHEB DR.SURESH G.PATIL COLLEGE CHOPDA,0550924110,2025-26,1,Maharashtra,GOBCO,GOBCO,HU,34.5198145,percentile,GOBCO | 18879 | 34.5198145 | Stage-I,103,Other Than Home University Seats Allotted to Home University Candidates,06ac582efa27505da7f1ed4bfa8f68b12dc861c0770e9c9c0a96e6ee34bf9a41
7026366bbc3b-PG_MCA_CAP1_Cutoff_MH_2025_26__1_.pdf,5556,DADASAHEB DR.SURESH G.PATIL COLLEGE CHOPDA,0550924110,2025-26,1,Maharashtra,EWS,EWS,SL,29.9046039,percentile,EWS | 19959 | 29.9046039 | Stage-I,103,Other Than Home University Seats Allotted to Home University Candidates,8eb2b4a04ec2a05dc1e799326c20907644fd35824bf3a05194cca2aeca68d950
7026366bbc3b-PG_MCA_CAP1_Cutoff_MH_2025_26__1_.pdf,5556,DADASAHEB DR.SURESH G.PATIL COLLEGE CHOPDA,0550924110,2025-26,1,Maharashtra,TFWS,TFWS,SL,56.5488095,percentile,TFWS | 13451 | 56.5488095 | Stage-I,103,Other Than Home University Seats Allotted to Home University Candidates,cb2d56abb4a68dafe474f3ac602b27f64d5f216de8d74fe86be5ecacc7f3eb8f
7026366bbc3b-PG_MCA_CAP1_Cutoff_MH_2025_26__1_.pdf,5569,SHRI SHIVAJI VIDYA PRASARAK SANSTHA L.K.DR.P.R.GHOGREY SCIENCE COLLEGE DHULE,0550924110,2025-26,1,Maharashtra,GOPENH,GOPENH,HU,46.3793819,percentile,GOPENH | 16054 | 46.3793819 | Stage-I,104,Home University Seats Allotted to Home University Candidates,648e9cb0f7fcd83f4ab01620d7fa4bc3a50a04f889cdd3e3f6bf61a92b16db35
7026366bbc3b-PG_MCA_CAP1_Cutoff_MH_2025_26__1_.pdf,5569,SHRI SHIVAJI VIDYA PRASARAK SANSTHA L.K.DR.P.R.GHOGREY SCIENCE COLLEGE DHULE,0550924110,2025-26,1,Maharashtra,GSCH,GSCH,HU,2.0301121,percentile,GSCH | 25268 | 2.0301121 | Stage-I,104,Home University Seats Allotted to Home University Candidates,ae4a42b3721b19326d7559c0bbad39b2dd1957789a3a19aa072604659af0c712
7026366bbc3b-PG_MCA_CAP1_Cutoff_MH_2025_26__1_.pdf,5569,SHRI SHIVAJI VIDYA PRASARAK SANSTHA L.K.DR.P.R.GHOGREY SCIENCE COLLEGE DHULE,0550924110,2025-26,1,Maharashtra,GSTH,GSTH,HU,23.1010151,percentile,GSTH | 21302 | 23.1010151 | Stage-I,104,Home University Seats Allotted to Home University Candidates,3949274b9d4a3437b248b538f222cbb318b74cd6852b7894992123d0c0118905
7026366bbc3b-PG_MCA_CAP1_Cutoff_MH_2025_26__1_.pdf,5569,SHRI SHIVAJI VIDYA PRASARAK SANSTHA L.K.DR.P.R.GHOGREY SCIENCE COLLEGE DHULE,0550924110,2025-26,1,Maharashtra,GNTBH,GNTBH,HU,31.6629561,percentile,GNTBH | 19503 | 31.6629561 | Stage-I,104,Home University Seats Allotted to Home University Candidates,5ff10ca730be3a0a19c0db9966a6a0b9ca673b16b36ff3a58f49604d2866091b
7026366bbc3b-PG_MCA_CAP1_Cutoff_MH_2025_26__1_.pdf,5569,SHRI SHIVAJI VIDYA PRASARAK SANSTHA L.K.DR.P.R.GHOGREY SCIENCE COLLEGE DHULE,0550924110,2025-26,1,Maharashtra,GNTCH,GNTCH,HU,10.5199653,percentile,GNTCH | 23731 | 10.5199653 | Stage-I,104,Home University Seats Allotted to Home University Candidates,dec33f24100ec7457f731833ef308172f0a71d5a6bd5d93bf6cbccf7d8ebeaa3
7026366bbc3b-PG_MCA_CAP1_Cutoff_MH_2025_26__1_.pdf,5569,SHRI SHIVAJI VIDYA PRASARAK SANSTHA L.K.DR.P.R.GHOGREY SCIENCE COLLEGE DHULE,0550924110,2025-26,1,Maharashtra,GOBCH,GOBCH,HU,36.496736,percentile,GOBCH | 18404 | 36.496736 | Stage-I,104,Home University Seats Allotted to Home University Candidates,3146b609acf68c2d61748b2f193a0ac74eb0d06d9974c49a0adf5d2b948f6337
7026366bbc3b-PG_MCA_CAP1_Cutoff_MH_2025_26__1_.pdf,5569,SHRI SHIVAJI VIDYA PRASARAK SANSTHA L.K.DR.P.R.GHOGREY SCIENCE COLLEGE DHULE,0550924110,2025-26,1,Maharashtra,PWDOPENH,PWDOPENH,HU,9.7430286,percentile,PWDOPENH | 23935 | 9.7430286 | Stage-I,104,Home University Seats Allotted to Home University Candidates,db95ed3a6ff5d8ed6b876ebc97543d6591a58aa0fb7737fa1f0f1ba846df7e50
7026366bbc3b-PG_MCA_CAP1_Cutoff_MH_2025_26__1_.pdf,5569,SHRI SHIVAJI VIDYA PRASARAK SANSTHA L.K.DR.P.R.GHOGREY SCIENCE COLLEGE DHULE,0550924110,2025-26,1,Maharashtra,GOPENO,GOPENO,HU,29.9046039,percentile,GOPENO | 20224 | 29.9046039 | Stage-I,104,Other Than Home University Seats Allotted to Other Than Home University Candidates,7f6d31a2f5655f706417fed252cab2ef9c23362a617f411846b291566794491d
7026366bbc3b-PG_MCA_CAP1_Cutoff_MH_2025_26__1_.pdf,5569,SHRI SHIVAJI VIDYA PRASARAK SANSTHA L.K.DR.P.R.GHOGREY SCIENCE COLLEGE DHULE,0550924110,2025-26,1,Maharashtra,GOPENO,GOPENO,HU,39.3989669,percentile,GOPENO | 18005 | 39.3989669 | Stage-I,104,Other Than Home University Seats Allotted to Home University Candidates,19dbd690e9ede7035719fcb593162b0e825bdfac5a5c432d251124fe60ce0d37
7026366bbc3b-PG_MCA_CAP1_Cutoff_MH_2025_26__1_.pdf,5569,SHRI SHIVAJI VIDYA PRASARAK SANSTHA L.K.DR.P.R.GHOGREY SCIENCE COLLEGE DHULE,0550924110,2025-26,1,Maharashtra,GOBCO,GOBCO,HU,36.496736,percentile,GOBCO | 18491 | 36.496736 | Stage-I,104,Other Than Home University Seats Allotted to Home University Candidates,8ee7dfeb2b02c8c4932d8ec59a130d731b2ef256fcdc42798173a5915e64de6f
7026366bbc3b-PG_MCA_CAP1_Cutoff_MH_2025_26__1_.pdf,5569,SHRI SHIVAJI VIDYA PRASARAK SANSTHA L.K.DR.P.R.GHOGREY SCIENCE COLLEGE DHULE,0550924110,2025-26,1,Maharashtra,EWS,EWS,SL,4.302251,percentile,EWS | 24816 | 4.302251 | Stage-I,104,Other Than Home University Seats Allotted to Home University Candidates,b7fe762fc8411a2553a83e3311c9635297443b9a943911f5d6d0d205c6e35912
7026366bbc3b-PG_MCA_CAP1_Cutoff_MH_2025_26__1_.pdf,5569,SHRI SHIVAJI VIDYA PRASARAK SANSTHA L.K.DR.P.R.GHOGREY SCIENCE COLLEGE DHULE,0550924110,2025-26,1,Maharashtra,TFWS,TFWS,SL,61.2807064,percentile,TFWS | 12460 | 61.2807064 | Stage-I,104,Other Than Home University Seats Allotted to Home University Candidates,469eec1c9f38237f453813e5287ae3bf14677fe7741e2a6559fed7c5f111c343
7026366bbc3b-PG_MCA_CAP1_Cutoff_MH_2025_26__1_.pdf,5597,VAMANRAO ITHAPE COLLEGE OF ENGINEERING AND MANAGEMENT,0559724110,2025-26,1,Maharashtra,GOPENH,GOPENH,HU,39.3989669,percentile,GOPENH | 18227 | 39.3989669 | Stage-I,105,Home University Seats Allotted to Home University Candidates,4d2238283c33284976c5c1882eb99a8aa096711e5e998d6f775e9031847a4b35
7026366bbc3b-PG_MCA_CAP1_Cutoff_MH_2025_26__1_.pdf,5597,VAMANRAO ITHAPE COLLEGE OF ENGINEERING AND MANAGEMENT,0559724110,2025-26,1,Maharashtra,GSCH,GSCH,HU,3.0466423,percentile,GSCH | 25042 | 3.0466423 | Stage-I,105,Home University Seats Allotted to Home University Candidates,49cc7c8c382cd11d3abad9eb41f1c92f99fe82af2a8b4cec6da75f37e194ecd0
7026366bbc3b-PG_MCA_CAP1_Cutoff_MH_2025_26__1_.pdf,5597,VAMANRAO ITHAPE COLLEGE OF ENGINEERING AND MANAGEMENT,0559724110,2025-26,1,Maharashtra,GSTH,GSTH,HU,36.496736,percentile,GSTH | 18472 | 36.496736 | Stage-I,105,Home University Seats Allotted to Home University Candidates,ab5f780073719bb6fa793daea9500b8346fc4e0905c26710235614f5c078d52f
7026366bbc3b-PG_MCA_CAP1_Cutoff_MH_2025_26__1_.pdf,5597,VAMANRAO ITHAPE COLLEGE OF ENGINEERING AND MANAGEMENT,0559724110,2025-26,1,Maharashtra,GNTCH,GNTCH,HU,12.4750009,percentile,GNTCH | 23535 | 12.4750009 | Stage-I,105,Home University Seats Allotted to Home University Candidates,1cb0adbc028ec513f07a5b0049abcf72bafbb122c0c91878ed7b35aae6ea8e23
7026366bbc3b-PG_MCA_CAP1_Cutoff_MH_2025_26__1_.pdf,5597,VAMANRAO ITHAPE COLLEGE OF ENGINEERING AND MANAGEMENT,0559724110,2025-26,1,Maharashtra,GNTDH,GNTDH,HU,7.4072677,percentile,GNTDH | 24373 | 7.4072677 | Stage-I,105,Home University Seats Allotted to Home University Candidates,5f3db5114e8a61d126817d0da98168a2dbf0fcb3202c6d4f88d767291a98af0d
7026366bbc3b-PG_MCA_CAP1_Cutoff_MH_2025_26__1_.pdf,5597,VAMANRAO ITHAPE COLLEGE OF ENGINEERING AND MANAGEMENT,0559724110,2025-26,1,Maharashtra,GOBCH,GOBCH,HU,19.1539942,percentile,GOBCH | 22376 | 19.1539942 | Stage-I,105,Home University Seats Allotted to Home University Candidates,1f3808c21cd859122d06a8904866ae52ca867cb7f51004081e494b72da0bee32
7026366bbc3b-PG_MCA_CAP1_Cutoff_MH_2025_26__1_.pdf,5597,VAMANRAO ITHAPE COLLEGE OF ENGINEERING AND MANAGEMENT,0559724110,2025-26,1,Maharashtra,GOPENO,GOPENO,HU,4.302251,percentile,GOPENO | 24788 | 4.302251 | Stage-I,105,Other Than Home University Seats Allotted to Other Than Home University Candidates,ed39997e20dd140d49612364e0c1a5fca92f0c0689e2361dcf020fc456b60272
7026366bbc3b-PG_MCA_CAP1_Cutoff_MH_2025_26__1_.pdf,5597,VAMANRAO ITHAPE COLLEGE OF ENGINEERING AND MANAGEMENT,0559724110,2025-26,1,Maharashtra,GOPENO,GOPENO,HU,19.1539942,percentile,GOPENO | 22438 | 19.1539942 | Stage-I,105,Other Than Home University Seats Allotted to Home University Candidates,f024f901012cd576c090c6ecd2207f43267b3aeca7f5e38d8aecd62e8a75eea5
7026366bbc3b-PG_MCA_CAP1_Cutoff_MH_2025_26__1_.pdf,5597,VAMANRAO ITHAPE COLLEGE OF ENGINEERING AND MANAGEMENT,0559724110,2025-26,1,Maharashtra,GNTDO,GNTDO,HU,5.5960152,percentile,GNTDO | 24662 | 5.5960152 | Stage-I,105,Other Than Home University Seats Allotted to Home University Candidates,56ab0342eb60a12ca3956d4ba31875f6f00ab21bd23a733c2026ebe5ed9ab508
7026366bbc3b-PG_MCA_CAP1_Cutoff_MH_2025_26__1_.pdf,5597,VAMANRAO ITHAPE COLLEGE OF ENGINEERING AND MANAGEMENT,0559724110,2025-26,1,Maharashtra,GOBCO,GOBCO,HU,10.5199653,percentile,GOBCO | 23742 | 10.5199653 | Stage-I,105,Other Than Home University Seats Allotted to Home University Candidates,172cfa754f3d4e37c51a757baf251a1e2f3530edd1baa3da81e437de74253dd8
7026366bbc3b-PG_MCA_CAP1_Cutoff_MH_2025_26__1_.pdf,5597,VAMANRAO ITHAPE COLLEGE OF ENGINEERING AND MANAGEMENT,0559724110,2025-26,1,Maharashtra,TFWS,TFWS,SL,4.302251,percentile,TFWS | 24801 | 4.302251 | Stage-I,105,Other Than Home University Seats Allotted to Home University Candidates,3e552116cf16e273e7dd0cde0373e340157a7ff9bb72f1a84c6957581a286314
7026366bbc3b-PG_MCA_CAP1_Cutoff_MH_2025_26__1_.pdf,5619,COMMERCE MANAGEMENT AND COMPUTER SCIENCE COLLEGE,0561924110,2025-26,1,Maharashtra,GOPENH,GOPENH,HU,49.3533426,percentile,GOPENH | 15463 | 49.3533426 | Stage-I,106,Home University Seats Allotted to Home University Candidates,2b65923cc0e2d33675619902a2be17ff27ba0b391851f22f8a80aecadacb8d42
7026366bbc3b-PG_MCA_CAP1_Cutoff_MH_2025_26__1_.pdf,5619,COMMERCE MANAGEMENT AND COMPUTER SCIENCE COLLEGE,0561924110,2025-26,1,Maharashtra,GSTH,GSTH,HU,49.3533426,percentile,GSTH | 15681 | 49.3533426 | Stage-I,106,Home University Seats Allotted to Home University Candidates,c0dde76385f6930c779a718f5a897254e3db686a1ad78717ea53fa456c957df2
7026366bbc3b-PG_MCA_CAP1_Cutoff_MH_2025_26__1_.pdf,5619,COMMERCE MANAGEMENT AND COMPUTER SCIENCE COLLEGE,0561924110,2025-26,1,Maharashtra,GNTAH,GNTAH,HU,13.5402134,percentile,GNTAH | 23276 | 13.5402134 | Stage-I,106,Home University Seats Allotted to Home University Candidates,c405f68f59b56a43b469e6835f806458f816d35e18bf5d0203fb9ca3dc895ee7
7026366bbc3b-PG_MCA_CAP1_Cutoff_MH_2025_26__1_.pdf,5619,COMMERCE MANAGEMENT AND COMPUTER SCIENCE COLLEGE,0561924110,2025-26,1,Maharashtra,GNTCH,GNTCH,HU,44.5345198,percentile,GNTCH | 16848 | 44.5345198 | Stage-I,106,Home University Seats Allotted to Home University Candidates,f53781fbcb797785e1a7d4f9920009e228a485ad616713a4ef743c683b82d8d1
7026366bbc3b-PG_MCA_CAP1_Cutoff_MH_2025_26__1_.pdf,5619,COMMERCE MANAGEMENT AND COMPUTER SCIENCE COLLEGE,0561924110,2025-26,1,Maharashtra,GOBCH,GOBCH,HU,44.5345198,percentile,GOBCH | 16762 | 44.5345198 | Stage-I,106,Home University Seats Allotted to Home University Candidates,06669fa714208a32abe237ddcc95100858d24b111396ee9b055388e31a0207a5
7026366bbc3b-PG_MCA_CAP1_Cutoff_MH_2025_26__1_.pdf,5619,COMMERCE MANAGEMENT AND COMPUTER SCIENCE COLLEGE,0561924110,2025-26,1,Maharashtra,GOPENO,GOPENO,HU,27.2744425,percentile,GOPENO | 20508 | 27.2744425 | Stage-I,106,Other Than Home University Seats Allotted to Other Than Home University Candidates,d689cfa157f5017b5eb661151ab032002b3701c194311d034cf974b570ae9dce
7026366bbc3b-PG_MCA_CAP1_Cutoff_MH_2025_26__1_.pdf,5619,COMMERCE MANAGEMENT AND COMPUTER SCIENCE COLLEGE,0561924110,2025-26,1,Maharashtra,GSCO,GSCO,HU,19.1539942,percentile,GSCO | 22085 | 19.1539942 | Stage-I,106,Other Than Home University Seats Allotted to Other Than Home University Candidates,c45f64d01f393a06d1b800951801e7b4c1baa3f2a34af3e75963790c33da56ad
7026366bbc3b-PG_MCA_CAP1_Cutoff_MH_2025_26__1_.pdf,5619,COMMERCE MANAGEMENT AND COMPUTER SCIENCE COLLEGE,0561924110,2025-26,1,Maharashtra,GOBCO,GOBCO,HU,19.1539942,percentile,GOBCO | 22168 | 19.1539942 | Stage-I,106,Other Than Home University Seats Allotted to Other Than Home University Candidates,93434c4d383d600fff8932fb2dd52ac89cea2f5a8b5a0b993e62a28fc771926e
7026366bbc3b-PG_MCA_CAP1_Cutoff_MH_2025_26__1_.pdf,5619,COMMERCE MANAGEMENT AND COMPUTER SCIENCE COLLEGE,0561924110,2025-26,1,Maharashtra,TFWS,TFWS,SL,39.3989669,percentile,TFWS | 17989 | 39.3989669 | Stage-I,106,Other Than Home University Seats Allotted to Other Than Home University Candidates,01c07fc87e629d7d9c0dd246f1c1269b720a3f4bfa22ce4df238d201b3df3dc2
7026366bbc3b-PG_MCA_CAP1_Cutoff_MH_2025_26__1_.pdf,5665,Vidya Niketan Institute of Management And Computer Applications,0566524210,2025-26,1,Maharashtra,GOPENH,GOPENH,HU,56.5488095,percentile,GOPENH | 13879 | 56.5488095 | Stage-I,107,Home University Seats Allotted to Home University Candidates,2511fb01b88cb1f0b912687d89f5b33fbcc5578cdbd784d23e428bb10f2d7b9a
7026366bbc3b-PG_MCA_CAP1_Cutoff_MH_2025_26__1_.pdf,5665,Vidya Niketan Institute of Management And Computer Applications,0566524210,2025-26,1,Maharashtra,GNTDH,GNTDH,HU,9.7430286,percentile,GNTDH | 24031 | 9.7430286 | Stage-I,107,Home University Seats Allotted to Home University Candidates,0892cb9a25e94953a097599ddeec7955eb30fb38ee63f4d6ca20f4894c03664c
7026366bbc3b-PG_MCA_CAP1_Cutoff_MH_2025_26__1_.pdf,5665,Vidya Niketan Institute of Management And Computer Applications,0566524210,2025-26,1,Maharashtra,GOBCH,GOBCH,HU,29.9046039,percentile,GOBCH | 20311 | 29.9046039 | Stage-I,107,Home University Seats Allotted to Home University Candidates,e6c32c6be9b442e83c8f90a26ca955c819ece581c36bfdb847e3bfbd738cfb21
7026366bbc3b-PG_MCA_CAP1_Cutoff_MH_2025_26__1_.pdf,5665,Vidya Niketan Institute of Management And Computer Applications,0566524210,2025-26,1,Maharashtra,GOPENO,GOPENO,HU,41.4550394,percentile,GOPENO | 17563 | 41.4550394 | Stage-I,107,Other Than Home University Seats Allotted to Other Than Home University Candidates,c4531a2636540c74c48e877af9abfe4fffe41d65bdcf25ebea83314f0582f929
7026366bbc3b-PG_MCA_CAP1_Cutoff_MH_2025_26__1_.pdf,5665,Vidya Niketan Institute of Management And Computer Applications,0566524210,2025-26,1,Maharashtra,GOBCO,GOBCO,HU,13.5402134,percentile,GOBCO | 23287 | 13.5402134 | Stage-I,107,Other Than Home University Seats Allotted to Other Than Home University Candidates,1e03b0499d3903bb5009e00b4d003bb736fc01830691bd1e91df70fda7fdf294
7026366bbc3b-PG_MCA_CAP1_Cutoff_MH_2025_26__1_.pdf,5665,Vidya Niketan Institute of Management And Computer Applications,0566524210,2025-26,1,Maharashtra,GOBCO,GOBCO,HU,23.1010151,percentile,GOBCO | 21570 | 23.1010151 | Stage-I,107,Other Than Home University Seats Allotted to Home University Candidates,70d7713923058c830874557ade2c8c59574488b1fc34585b45eab7d554a4a740
7026366bbc3b-PG_MCA_CAP1_Cutoff_MH_2025_26__1_.pdf,5665,Vidya Niketan Institute of Management And Computer Applications,0566524210,2025-26,1,Maharashtra,EWS,EWS,SL,3.0466423,percentile,EWS | 25056 | 3.0466423 | Stage-I,107,Other Than Home University Seats Allotted to Home University Candidates,3bda5cf4b300fe7af435f9b54b68c344501f7fd7a1b02cb765e24018a3f1c0f1
7026366bbc3b-PG_MCA_CAP1_Cutoff_MH_2025_26__1_.pdf,5665,Vidya Niketan Institute of Management And Computer Applications,0566524210,2025-26,1,Maharashtra,TFWS,TFWS,SL,74.782248,percentile,TFWS | 8316 | 74.782248 | Stage-I,107,Other Than Home University Seats Allotted to Home University Candidates,29606b913048a4fa6c88164dbe556c54cf11a7a5f9b45ac366c5928233164852
7026366bbc3b-PG_MCA_CAP1_Cutoff_MH_2025_26__1_.pdf,5674,"Khandesh Education Society's Institute of Management and Technology, Amalner",0567424110,2025-26,1,Maharashtra,GOPENH,GOPENH,HU,69.7143504,percentile,GOPENH | 9756 | 69.7143504 | Stage-I,108,Home University Seats Allotted to Home University Candidates,d037c36f54369564c07e276d603b4abc8000089a1b1c08c707cdeeb348e2ac2b
7026366bbc3b-PG_MCA_CAP1_Cutoff_MH_2025_26__1_.pdf,5674,"Khandesh Education Society's Institute of Management and Technology, Amalner",0567424110,2025-26,1,Maharashtra,GSCH,GSCH,HU,23.1010151,percentile,GSCH | 21371 | 23.1010151 | Stage-I,108,Home University Seats Allotted to Home University Candidates,fb16d07f5197aa8bb7382b343d67eaf4abcbf2602f28e3a0d17cdf97f9335d93
7026366bbc3b-PG_MCA_CAP1_Cutoff_MH_2025_26__1_.pdf,5674,"Khandesh Education Society's Institute of Management and Technology, Amalner",0567424110,2025-26,1,Maharashtra,GNTBH,GNTBH,HU,51.4093808,percentile,GNTBH | 15046 | 51.4093808 | Stage-I,108,Home University Seats Allotted to Home University Candidates,70a7ae03f97f8790a2af3d09d7d6a3570844f4414578cd41917e56d467ba6b80
7026366bbc3b-PG_MCA_CAP1_Cutoff_MH_2025_26__1_.pdf,5674,"Khandesh Education Society's Institute of Management and Technology, Amalner",0567424110,2025-26,1,Maharashtra,GOBCH,GOBCH,HU,44.5345198,percentile,GOBCH | 16578 | 44.5345198 | Stage-I,108,Home University Seats Allotted to Home University Candidates,78e0c34f44de72238be4137dc840f8f586fa92a19ad4f9d0de288ca9302d6004
7026366bbc3b-PG_MCA_CAP1_Cutoff_MH_2025_26__1_.pdf,5674,"Khandesh Education Society's Institute of Management and Technology, Amalner",0567424110,2025-26,1,Maharashtra,GOPENO,GOPENO,HU,4.302251,percentile,GOPENO | 24859 | 4.302251 | Stage-I,108,Other Than Home University Seats Allotted to Other Than Home University Candidates,d5dce1209598de302fe33e131d5cd3fb99b0a4d59752dfe33216c50adae76f35
7026366bbc3b-PG_MCA_CAP1_Cutoff_MH_2025_26__1_.pdf,5674,"Khandesh Education Society's Institute of Management and Technology, Amalner",0567424110,2025-26,1,Maharashtra,GOPENO,GOPENO,HU,58.7911466,percentile,GOPENO | 12809 | 58.7911466 | Stage-I,108,Other Than Home University Seats Allotted to Home University Candidates,c610bb37fc9977a819eb70309b126dbb9d63df7917454a4873f0e4dacfe9d15f
7026366bbc3b-PG_MCA_CAP1_Cutoff_MH_2025_26__1_.pdf,5674,"Khandesh Education Society's Institute of Management and Technology, Amalner",0567424110,2025-26,1,Maharashtra,GOBCO,GOBCO,HU,39.3989669,percentile,GOBCO | 17852 | 39.3989669 | Stage-I,108,Other Than Home University Seats Allotted to Home University Candidates,8f6071de42eb1bfba9b561ca8ea6d08005584aa1d8b05ef897b512927879fc30
7026366bbc3b-PG_MCA_CAP1_Cutoff_MH_2025_26__1_.pdf,5674,"Khandesh Education Society's Institute of Management and Technology, Amalner",0567424110,2025-26,1,Maharashtra,EWS,EWS,SL,13.5402134,percentile,EWS | 23110 | 13.5402134 | Stage-I,108,Other Than Home University Seats Allotted to Home University Candidates,20bac3bf5052b768f374ac6e67ab50d00e1bd657d57bd1559284bc8bc71084c8
7026366bbc3b-PG_MCA_CAP1_Cutoff_MH_2025_26__1_.pdf,5674,"Khandesh Education Society's Institute of Management and Technology, Amalner",0567424110,2025-26,1,Maharashtra,TFWS,TFWS,SL,41.4550394,percentile,TFWS | 17134 | 41.4550394 | Stage-I,108,Other Than Home University Seats Allotted to Home University Candidates,cce71e09205c78b15b7af7ab0e6230c3e1a6346c267ce1b015776361feb782bb
7026366bbc3b-PG_MCA_CAP1_Cutoff_MH_2025_26__1_.pdf,6005,"Government College of Engineering, Karad",0600524110,2025-26,1,Maharashtra,GOPENH,GOPENH,HU,97.0718086,percentile,GOPENH | 831 | 97.0718086 | Stage-I,109,Home University Seats Allotted to Home University Candidates,b999b4423a5b8bf369546b282f59a28c37fb5bc8e477288765fe113a80d6f82f
7026366bbc3b-PG_MCA_CAP1_Cutoff_MH_2025_26__1_.pdf,6005,"Government College of Engineering, Karad",0600524110,2025-26,1,Maharashtra,GSCH,GSCH,HU,89.1331398,percentile,GSCH | 3808 | 89.1331398 | Stage-I,109,Home University Seats Allotted to Home University Candidates,52b488f79129921055f592639688bf8fda62d2da7f8561275e58c81318c86d22
7026366bbc3b-PG_MCA_CAP1_Cutoff_MH_2025_26__1_.pdf,6005,"Government College of Engineering, Karad",0600524110,2025-26,1,Maharashtra,GSTH,GSTH,HU,27.2744425,percentile,GSTH | 20509 | 27.2744425 | Stage-I,109,Home University Seats Allotted to Home University Candidates,322bcf59e3b8ed9e38f05ef834ef503ed7f5a6728090aff460e1088c6e2b892b
7026366bbc3b-PG_MCA_CAP1_Cutoff_MH_2025_26__1_.pdf,6005,"Government College of Engineering, Karad",0600524110,2025-26,1,Maharashtra,GNTAH,GNTAH,HU,90.9663786,percentile,GNTAH | 2921 | 90.9663786 | Stage-I,109,Home University Seats Allotted to Home University Candidates,23b8bf36144878c5ef56d7f9f3106493a908e796c166a01d8db6b9272a036f03
7026366bbc3b-PG_MCA_CAP1_Cutoff_MH_2025_26__1_.pdf,6005,"Government College of Engineering, Karad",0600524110,2025-26,1,Maharashtra,GNTCH,GNTCH,HU,90.9663786,percentile,GNTCH | 2953 | 90.9663786 | Stage-I,109,Home University Seats Allotted to Home University Candidates,6a54be12220edd9edb7c7bc8ca8d6afa31ff1fbf2f4981934a641612d6bc981b
7026366bbc3b-PG_MCA_CAP1_Cutoff_MH_2025_26__1_.pdf,6005,"Government College of Engineering, Karad",0600524110,2025-26,1,Maharashtra,GOBCH,GOBCH,HU,95.2942951,percentile,GOBCH | 1465 | 95.2942951 | Stage-I,109,Home University Seats Allotted to Home University Candidates,1c028808c1227964f1f6d532c5dbdf0527e042a56e4d7e9066f2b5493aad069e
7026366bbc3b-PG_MCA_CAP1_Cutoff_MH_2025_26__1_.pdf,6005,"Government College of Engineering, Karad",0600524110,2025-26,1,Maharashtra,GSEBCH,GSEBCH,HU,95.2942951,percentile,GSEBCH | 1393 | 95.2942951 | Stage-I,109,Home University Seats Allotted to Home University Candidates,320a9acf99c1fcbba1627b00afd0255305358d4e4a1ab4957ec69272549097d2
7026366bbc3b-PG_MCA_CAP1_Cutoff_MH_2025_26__1_.pdf,6005,"Government College of Engineering, Karad",0600524110,2025-26,1,Maharashtra,PWDOPENH,PWDOPENH,HU,87.3496474,percentile,PWDOPENH | 4050 | 87.3496474 | Stage-I,109,Home University Seats Allotted to Home University Candidates,7bd3e79561656e19e02ddf304db111c8da463f4c1a91f5afaee0e2b732f8a64f
7026366bbc3b-PG_MCA_CAP1_Cutoff_MH_2025_26__1_.pdf,6005,"Government College of Engineering, Karad",0600524110,2025-26,1,Maharashtra,GOPENO,GOPENO,HU,97.0718086,percentile,GOPENO | 794 | 97.0718086 | Stage-I,109,Other Than Home University Seats Allotted to Other Than Home University Candidates,e62fae49e5056d7a75bf89a24652dd3443891bcf5fb121c695217e2547e2ae8c
7026366bbc3b-PG_MCA_CAP1_Cutoff_MH_2025_26__1_.pdf,6005,"Government College of Engineering, Karad",0600524110,2025-26,1,Maharashtra,GSCO,GSCO,HU,96.828928,percentile,GSCO | 948 | 96.828928 | Stage-I,109,Other Than Home University Seats Allotted to Other Than Home University Candidates,e5d09600f8f140c1850683ae58c03284f5909292c05b6b0fa528f844c2f3878b
7026366bbc3b-PG_MCA_CAP1_Cutoff_MH_2025_26__1_.pdf,6005,"Government College of Engineering, Karad",0600524110,2025-26,1,Maharashtra,GOBCO,GOBCO,HU,95.2942951,percentile,GOBCO | 1362 | 95.2942951 | Stage-I,109,Other Than Home University Seats Allotted to Other Than Home University Candidates,7a0b187e94dec2abc67ca1037528ad1e5eab1467c42b621084d46e62e19d6f6a
7026366bbc3b-PG_MCA_CAP1_Cutoff_MH_2025_26__1_.pdf,6005,"Government College of Engineering, Karad",0600524110,2025-26,1,Maharashtra,GSEBCO,GSEBCO,HU,93.405226,percentile,GSEBCO | 2019 | 93.405226 | Stage-I,109,Other Than Home University Seats Allotted to Other Than Home University Candidates,24830bf34b14b21796064eb0075ea05ea2eb274f5a6d2d6f8b406e2a02a3cbe2
7026366bbc3b-PG_MCA_CAP1_Cutoff_MH_2025_26__1_.pdf,6005,"Government College of Engineering, Karad",0600524110,2025-26,1,Maharashtra,EWS,EWS,SL,94.4270578,percentile,EWS | 1703 | 94.4270578 | Stage-I,109,Other Than Home University Seats Allotted to Other Than Home University Candidates,e7929043307c46be053a1302a72007a7030580258d7bc6e80df28e30489504e0
7026366bbc3b-PG_MCA_CAP1_Cutoff_MH_2025_26__1_.pdf,6005,"Government College of Engineering, Karad",0600524110,2025-26,1,Maharashtra,TFWS,TFWS,SL,97.8055126,percentile,TFWS | 589 | 97.8055126 | Stage-I,109,Other Than Home University Seats Allotted to Other Than Home University Candidates,806cf092ce85df97fe8f64a7e3f025eb1cc9fb6ca3acb1ae70443ce4d23da3d1
7026366bbc3b-PG_MCA_CAP1_Cutoff_MH_2025_26__1_.pdf,6029,"Yashwantrao Chavan School of Rural Development, Kolhapur",0602924110,2025-26,1,Maharashtra,GOPENH,GOPENH,HU,80.5399495,percentile,GOPENH | 6468 | 80.5399495 | Stage-I,110,Home University Seats Allotted to Home University Candidates,9053fbdaec0e079cf7748a0ac32c84e3d91bc1305993566213a671214ae6b5b4
7026366bbc3b-PG_MCA_CAP1_Cutoff_MH_2025_26__1_.pdf,6029,"Yashwantrao Chavan School of Rural Development, Kolhapur",0602924110,2025-26,1,Maharashtra,GSCH,GSCH,HU,23.1010151,percentile,GSCH | 21594 | 23.1010151 | Stage-I,110,Home University Seats Allotted to Home University Candidates,9199afcb21fcf74fc269c09d11c31ee668c5ed236f59501dd5f881e54ce5cff1
7026366bbc3b-PG_MCA_CAP1_Cutoff_MH_2025_26__1_.pdf,6029,"Yashwantrao Chavan School of Rural Development, Kolhapur",0602924110,2025-26,1,Maharashtra,GNTBH,GNTBH,HU,31.6629561,percentile,GNTBH | 19406 | 31.6629561 | Stage-I,110,Home University Seats Allotted to Home University Candidates,47dddd887f978197f8b843d3a6ea931925ac90b9c9d84ff5da585d76f9258591
7026366bbc3b-PG_MCA_CAP1_Cutoff_MH_2025_26__1_.pdf,6029,"Yashwantrao Chavan School of Rural Development, Kolhapur",0602924110,2025-26,1,Maharashtra,GNTCH,GNTCH,HU,36.496736,percentile,GNTCH | 18489 | 36.496736 | Stage-I,110,Home University Seats Allotted to Home University Candidates,e09b7ce789cfc17ea225fd47c0d030fbc6f6abe06d91a55d5e272687876ecbb8
7026366bbc3b-PG_MCA_CAP1_Cutoff_MH_2025_26__1_.pdf,6029,"Yashwantrao Chavan School of Rural Development, Kolhapur",0602924110,2025-26,1,Maharashtra,GNTDH,GNTDH,HU,71.1549338,percentile,GNTDH | 9279 | 71.1549338 | Stage-I,110,Home University Seats Allotted to Home University Candidates,fabc1fb545ac8f2b3704db5f2780fe1ccf65838169ee0248147ed8d296d632c9
7026366bbc3b-PG_MCA_CAP1_Cutoff_MH_2025_26__1_.pdf,6029,"Yashwantrao Chavan School of Rural Development, Kolhapur",0602924110,2025-26,1,Maharashtra,GOBCH,GOBCH,HU,46.3793819,percentile,GOBCH | 16147 | 46.3793819 | Stage-I,110,Home University Seats Allotted to Home University Candidates,d820d622cd51ffc74dbda0f67307f7970b613be91f729c949126756908c5d339
7026366bbc3b-PG_MCA_CAP1_Cutoff_MH_2025_26__1_.pdf,6029,"Yashwantrao Chavan School of Rural Development, Kolhapur",0602924110,2025-26,1,Maharashtra,GSEBCH,GSEBCH,HU,73.5368477,percentile,GSEBCH | 8931 | 73.5368477 | Stage-I,110,Home University Seats Allotted to Home University Candidates,2c88e201a76d80629419370c98bc45cd6a8c56320321167304916a2dde5ed8e9
7026366bbc3b-PG_MCA_CAP1_Cutoff_MH_2025_26__1_.pdf,6029,"Yashwantrao Chavan School of Rural Development, Kolhapur",0602924110,2025-26,1,Maharashtra,GOPENO,GOPENO,HU,87.2080299,percentile,GOPENO | 4266 | 87.2080299 | Stage-I,110,Other Than Home University Seats Allotted to Other Than Home University Candidates,218bfc361b2d475325778123726d64a5105e999627fa4d25ed89252fb47e458b
7026366bbc3b-PG_MCA_CAP1_Cutoff_MH_2025_26__1_.pdf,6029,"Yashwantrao Chavan School of Rural Development, Kolhapur",0602924110,2025-26,1,Maharashtra,GSCO,GSCO,HU,71.1549338,percentile,GSCO | 9248 | 71.1549338 | Stage-I,110,Other Than Home University Seats Allotted to Other Than Home University Candidates,25810d7337af4152b13dbb732f4d44dbf24516c9aaeffc88b06e91d765564c66
7026366bbc3b-PG_MCA_CAP1_Cutoff_MH_2025_26__1_.pdf,6029,"Yashwantrao Chavan School of Rural Development, Kolhapur",0602924110,2025-26,1,Maharashtra,GOBCO,GOBCO,HU,76.9216256,percentile,GOBCO | 7881 | 76.9216256 | Stage-I,110,Other Than Home University Seats Allotted to Other Than Home University Candidates,96dce9468e3b9d11661c7b6e263dd5685795bd435277cc30ef9f621725735d8d
7026366bbc3b-PG_MCA_CAP1_Cutoff_MH_2025_26__1_.pdf,6029,"Yashwantrao Chavan School of Rural Development, Kolhapur",0602924110,2025-26,1,Maharashtra,GSEBCO,GSEBCO,HU,82.8308366,percentile,GSEBCO | 5716 | 82.8308366 | Stage-I,110,Other Than Home University Seats Allotted to Other Than Home University Candidates,aac8410dc3653be862556048526c5e417290af0ade4e7de04b3aa4e25656cf8b
7026366bbc3b-PG_MCA_CAP1_Cutoff_MH_2025_26__1_.pdf,6029,"Yashwantrao Chavan School of Rural Development, Kolhapur",0602924110,2025-26,1,Maharashtra,GNTCO,GNTCO,HU,16.9789978,percentile,GNTCO | 22589 | 16.9789978 | Stage-I,110,Other Than Home University Seats Allotted to Home University Candidates,063031856734a30ba99aad90c432f20f698ba087b4a4c5ed37fcb60ceca8d227
7026366bbc3b-PG_MCA_CAP1_Cutoff_MH_2025_26__1_.pdf,6029,"Yashwantrao Chavan School of Rural Development, Kolhapur",0602924110,2025-26,1,Maharashtra,EWS,EWS,SL,49.3533426,percentile,EWS | 15498 | 49.3533426 | Stage-I,110,Other Than Home University Seats Allotted to Home University Candidates,499f12c180a346e2fefde78a59f936a0c9570de87ff75547652d42de6233aa20
7026366bbc3b-PG_MCA_CAP1_Cutoff_MH_2025_26__1_.pdf,6029,"Yashwantrao Chavan School of Rural Development, Kolhapur",0602924110,2025-26,1,Maharashtra,TFWS,TFWS,SL,90.7733494,percentile,TFWS | 3063 | 90.7733494 | Stage-I,110,Other Than Home University Seats Allotted to Home University Candidates,82654f935e89efd0d4414d23f474a50951f98efae53f6612d83a15d9cf07954b
7026366bbc3b-PG_MCA_CAP1_Cutoff_MH_2025_26__1_.pdf,6031,"Punyashlok Ahilyadevi Holkar Solapur University, Solapur",0603124110,2025-26,1,Maharashtra,GOPENO,GOPENO,HU,34.5198145,percentile,GOPENO | 19251 | 34.5198145 | Stage-I,111,Other Than Home University Seats Allotted to Other Than Home University Candidates,b1160299645f0fcad34ef76702166a12a7b0653bbb52421e1ebe63efe33c52f0
7026366bbc3b-PG_MCA_CAP1_Cutoff_MH_2025_26__1_.pdf,6031,"Punyashlok Ahilyadevi Holkar Solapur University, Solapur",0603124110,2025-26,1,Maharashtra,GSCO,GSCO,HU,2.0662871,percentile,GSCO | 25190 | 2.0662871 | Stage-I,111,Other Than Home University Seats Allotted to Other Than Home University Candidates,61109b4dc597ad00814c26b5ee15459d361074828b28c19556afe7c7813d7467
7026366bbc3b-PG_MCA_CAP1_Cutoff_MH_2025_26__1_.pdf,6031,"Punyashlok Ahilyadevi Holkar Solapur University, Solapur",0603124110,2025-26,1,Maharashtra,GNTBO,GNTBO,HU,21.0059952,percentile,GNTBO | 21995 | 21.0059952 | Stage-I,111,Other Than Home University Seats Allotted to Other Than Home University Candidates,e1be536053998eef34118d570af26604d3334bca72b7db525e61dd03dc254043
7026366bbc3b-PG_MCA_CAP1_Cutoff_MH_2025_26__1_.pdf,6031,"Punyashlok Ahilyadevi Holkar Solapur University, Solapur",0603124110,2025-26,1,Maharashtra,GNTCO,GNTCO,HU,16.9789978,percentile,GNTCO | 22472 | 16.9789978 | Stage-I,111,Other Than Home University Seats Allotted to Other Than Home University Candidates,d3b7966dcac27577d35a622c5f0302f5d81e7743a4de4534f33b4d90a71651e6
7026366bbc3b-PG_MCA_CAP1_Cutoff_MH_2025_26__1_.pdf,6031,"Punyashlok Ahilyadevi Holkar Solapur University, Solapur",0603124110,2025-26,1,Maharashtra,GOBCO,GOBCO,HU,21.0059952,percentile,GOBCO | 22077 | 21.0059952 | Stage-I,111,Other Than Home University Seats Allotted to Other Than Home University Candidates,53528c38f84407c0c79588781e5ed09b378b06663b0f25817160f3fa0d2696fe
7026366bbc3b-PG_MCA_CAP1_Cutoff_MH_2025_26__1_.pdf,6031,"Punyashlok Ahilyadevi Holkar Solapur University, Solapur",0603124110,2025-26,1,Maharashtra,GSCO,GSCO,HU,74.782248,percentile,GSCO | 8401 | 74.782248 | Stage-I,111,Other Than Home University Seats Allotted to Home University Candidates,fdd89408ff7e5a1d9db70aec85d612edc902d54d4aadbd43ac10d0922a8924b4
7026366bbc3b-PG_MCA_CAP1_Cutoff_MH_2025_26__1_.pdf,6031,"Punyashlok Ahilyadevi Holkar Solapur University, Solapur",0603124110,2025-26,1,Maharashtra,GNTAO,GNTAO,HU,46.3793819,percentile,GNTAO | 16096 | 46.3793819 | Stage-I,111,Other Than Home University Seats Allotted to Home University Candidates,6a79a19865c9076a4c1774f4337bd9832103648f9581d4b3f4efd65116bd1f34
7026366bbc3b-PG_MCA_CAP1_Cutoff_MH_2025_26__1_.pdf,6031,"Punyashlok Ahilyadevi Holkar Solapur University, Solapur",0603124110,2025-26,1,Maharashtra,GNTCO,GNTCO,HU,90.7733494,percentile,GNTCO | 3124 | 90.7733494 | Stage-I,111,Other Than Home University Seats Allotted to Home University Candidates,7110de4f381d8057fddfbe7edf557e75551a6cc2cbf4410bfe0c2ef2b4dba71c
7026366bbc3b-PG_MCA_CAP1_Cutoff_MH_2025_26__1_.pdf,6031,"Punyashlok Ahilyadevi Holkar Solapur University, Solapur",0603124110,2025-26,1,Maharashtra,GOBCO,GOBCO,HU,69.7143504,percentile,GOBCO | 10161 | 69.7143504 | Stage-I,111,Other Than Home University Seats Allotted to Home University Candidates,42f07174ed3ab90d3d2e6cd95170296685c0f09e44cebc1b66dd154728ee2a5c
7026366bbc3b-PG_MCA_CAP1_Cutoff_MH_2025_26__1_.pdf,6031,"Punyashlok Ahilyadevi Holkar Solapur University, Solapur",0603124110,2025-26,1,Maharashtra,GSEBCO,GSEBCO,HU,39.3989669,percentile,GSEBCO | 17788 | 39.3989669 | Stage-I,111,Other Than Home University Seats Allotted to Home University Candidates,03153f42e3b31b016364deeeedbe427d4f7f70b784c334d1092d98156ac7daf2
7026366bbc3b-PG_MCA_CAP1_Cutoff_MH_2025_26__1_.pdf,6031,"Punyashlok Ahilyadevi Holkar Solapur University, Solapur",0603124110,2025-26,1,Maharashtra,EWS,EWS,SL,61.2807064,percentile,EWS | 12141 | 61.2807064 | Stage-I,111,Other Than Home University Seats Allotted to Home University Candidates,97a6a1f0bd9d26453a6d46bdf080d4e4ff792a0f692a4f02b9f876b285740ed6
7026366bbc3b-PG_MCA_CAP1_Cutoff_MH_2025_26__1_.pdf,6031,"Punyashlok Ahilyadevi Holkar Solapur University, Solapur",0603124110,2025-26,1,Maharashtra,TFWS,TFWS,SL,85.2118788,percentile,TFWS | 4876 | 85.2118788 | Stage-I,111,Other Than Home University Seats Allotted to Home University Candidates,d80de1ecfaf65c7eef88ac5cc4fd83ab6742e7ea0742786a4e2ea09a7a4663ef
7026366bbc3b-PG_MCA_CAP1_Cutoff_MH_2025_26__1_.pdf,6033,"Department of Computer Science, Savitribai Phule Pune University, Pune",0603324110,2025-26,1,Maharashtra,GOPENH,GOPENH,HU,99.113241,percentile,GOPENH | 214 | 99.113241 | Stage-I,112,Home University Seats Allotted to Home University Candidates,21dbb500238f2b8a06f2371414d36d9432ae948d977e26af23fec4eca0bed642
7026366bbc3b-PG_MCA_CAP1_Cutoff_MH_2025_26__1_.pdf,6033,"Department of Computer Science, Savitribai Phule Pune University, Pune",0603324110,2025-26,1,Maharashtra,GSCH,GSCH,HU,97.0718086,percentile,GSCH | 840 | 97.0718086 | Stage-I,112,Home University Seats Allotted to Home University Candidates,bb45a8e8bae0534e5fc695b584dedbe5d32aa1b85baaff248955de64dbfa4ca6
7026366bbc3b-PG_MCA_CAP1_Cutoff_MH_2025_26__1_.pdf,6033,"Department of Computer Science, Savitribai Phule Pune University, Pune",0603324110,2025-26,1,Maharashtra,GSTH,GSTH,HU,96.1125146,percentile,GSTH | 1207 | 96.1125146 | Stage-I,112,Home University Seats Allotted to Home University Candidates,ffc6156aa8bce0ece712ca836fecce27eadad8e93b7b085ec78221d493e50300
7026366bbc3b-PG_MCA_CAP1_Cutoff_MH_2025_26__1_.pdf,6033,"Department of Computer Science, Savitribai Phule Pune University, Pune",0603324110,2025-26,1,Maharashtra,GNTAH,GNTAH,HU,93.405226,percentile,GNTAH | 2065 | 93.405226 | Stage-I,112,Home University Seats Allotted to Home University Candidates,1f7413121f6539e584a04458c5cbbcad185a820d68351a9b21c228df4cae3f9f
7026366bbc3b-PG_MCA_CAP1_Cutoff_MH_2025_26__1_.pdf,6033,"Department of Computer Science, Savitribai Phule Pune University, Pune",0603324110,2025-26,1,Maharashtra,GNTCH,GNTCH,HU,98.9283423,percentile,GNTCH | 253 | 98.9283423 | Stage-I,112,Home University Seats Allotted to Home University Candidates,093b3d56f8a76733420414f685cd819a92e00b6ece7c8b5c15a55bd0b06fccc2
7026366bbc3b-PG_MCA_CAP1_Cutoff_MH_2025_26__1_.pdf,6033,"Department of Computer Science, Savitribai Phule Pune University, Pune",0603324110,2025-26,1,Maharashtra,GOBCH,GOBCH,HU,98.5181554,percentile,GOBCH | 361 | 98.5181554 | Stage-I,112,Home University Seats Allotted to Home University Candidates,79ea39a18375ec6f7f449e3a83fc5d8e58b9edb4da6d41003add58284ee76585
7026366bbc3b-PG_MCA_CAP1_Cutoff_MH_2025_26__1_.pdf,6033,"Department of Computer Science, Savitribai Phule Pune University, Pune",0603324110,2025-26,1,Maharashtra,GSEBCH,GSEBCH,HU,98.3811932,percentile,GSEBCH | 413 | 98.3811932 | Stage-I,112,Home University Seats Allotted to Home University Candidates,fe9a4c5d4b45ce52baf405b6ad3133acd376a177289ae3f07573b76335085039
7026366bbc3b-PG_MCA_CAP1_Cutoff_MH_2025_26__1_.pdf,6033,"Department of Computer Science, Savitribai Phule Pune University, Pune",0603324110,2025-26,1,Maharashtra,PWDOPENH,PWDOPENH,HU,82.8308366,percentile,PWDOPENH | 5989 | 82.8308366 | Stage-I,112,Home University Seats Allotted to Home University Candidates,0a4d1dad8ccbfc18c146e0158ff6da552366664199b6e4b2f1f0d5d334020bf4
7026366bbc3b-PG_MCA_CAP1_Cutoff_MH_2025_26__1_.pdf,6033,"Department of Computer Science, Savitribai Phule Pune University, Pune",0603324110,2025-26,1,Maharashtra,PWDROBCH,PWDROBCH,HU,49.3533426,percentile,PWDROBCH | 15631 | 49.3533426 | Stage-I,112,Home University Seats Allotted to Home University Candidates,12d874524db0f3201e3eba72ce9220af9092e5dfacfb73951185fd17d1d947cb
7026366bbc3b-PG_MCA_CAP1_Cutoff_MH_2025_26__1_.pdf,6033,"Department of Computer Science, Savitribai Phule Pune University, Pune",0603324110,2025-26,1,Maharashtra,GOPENO,GOPENO,HU,99.6830308,percentile,GOPENO | 83 | 99.6830308 | Stage-I,112,Other Than Home University Seats Allotted to Other Than Home University Candidates,7366ac83d1426599fbd71f91afdf113999b3f7b5631cf93f3511f6007d98612e
7026366bbc3b-PG_MCA_CAP1_Cutoff_MH_2025_26__1_.pdf,6033,"Department of Computer Science, Savitribai Phule Pune University, Pune",0603324110,2025-26,1,Maharashtra,GSTO,GSTO,HU,90.9663786,percentile,GSTO | 2901 | 90.9663786 | Stage-I,112,Other Than Home University Seats Allotted to Other Than Home University Candidates,00633360a41e2f3b7441bf1352de9ae057f47f9edaa81949d0c0544aa0573cb3
7026366bbc3b-PG_MCA_CAP1_Cutoff_MH_2025_26__1_.pdf,6033,"Department of Computer Science, Savitribai Phule Pune University, Pune",0603324110,2025-26,1,Maharashtra,GOBCO,GOBCO,HU,99.113241,percentile,GOBCO | 197 | 99.113241 | Stage-I,112,Other Than Home University Seats Allotted to Other Than Home University Candidates,3f827e1509576b135eb866ed3080ca0e8a48c25038aeeeeeb22411ffcdabcf2a
7026366bbc3b-PG_MCA_CAP1_Cutoff_MH_2025_26__1_.pdf,6033,"Department of Computer Science, Savitribai Phule Pune University, Pune",0603324110,2025-26,1,Maharashtra,GSEBCO,GSEBCO,HU,99.2830459,percentile,GSEBCO | 165 | 99.2830459 | Stage-I,112,Other Than Home University Seats Allotted to Other Than Home University Candidates,99cce014177983855387ca6948160de5ceb72799fa14d6cb213fe0dcc1d5b5be
7026366bbc3b-PG_MCA_CAP1_Cutoff_MH_2025_26__1_.pdf,6033,"Department of Computer Science, Savitribai Phule Pune University, Pune",0603324110,2025-26,1,Maharashtra,EWS,EWS,SL,98.3811932,percentile,EWS | 405 | 98.3811932 | Stage-I,112,Other Than Home University Seats Allotted to Other Than Home University Candidates,bbbd12d6cb074f97d8702b8d32b4d8a8de4ccb758c98bc3d7af1af536e00f598
7026366bbc3b-PG_MCA_CAP1_Cutoff_MH_2025_26__1_.pdf,6033,"Department of Computer Science, Savitribai Phule Pune University, Pune",0603324110,2025-26,1,Maharashtra,TFWS,TFWS,SL,99.74737,percentile,TFWS | 44 | 99.74737 | Stage-I,112,Other Than Home University Seats Allotted to Other Than Home University Candidates,95d1a6e3bf4c456ba96235db0f82037ba5c601c8d3daa7a239171856a095c12f
7026366bbc3b-PG_MCA_CAP1_Cutoff_MH_2025_26__1_.pdf,6120,"Shri. Khanderai Pratishthans Dnyansagar Institute of Management and Research, Balewadi, Pune",0612024110,2025-26,1,Maharashtra,GOPENH,GOPENH,HU,69.7143504,percentile,GOPENH | 9918 | 69.7143504 | Stage-I,113,Home University Seats Allotted to Home University Candidates,4a895f1abb757f0e0c6004e5419bfa3bc2e380bc28a79d3c6a271aeeac74fdc8
7026366bbc3b-PG_MCA_CAP1_Cutoff_MH_2025_26__1_.pdf,6120,"Shri. Khanderai Pratishthans Dnyansagar Institute of Management and Research, Balewadi, Pune",0612024110,2025-26,1,Maharashtra,GSCH,GSCH,HU,7.4072677,percentile,GSCH | 24417 | 7.4072677 | Stage-I,113,Home University Seats Allotted to Home University Candidates,344e3a41cb49d440e893232e28ef270dde07a21dc5e4dc40ac82d358b1a9e835
7026366bbc3b-PG_MCA_CAP1_Cutoff_MH_2025_26__1_.pdf,6120,"Shri. Khanderai Pratishthans Dnyansagar Institute of Management and Research, Balewadi, Pune",0612024110,2025-26,1,Maharashtra,GSTH,GSTH,HU,9.7430286,percentile,GSTH | 24076 | 9.7430286 | Stage-I,113,Home University Seats Allotted to Home University Candidates,dab388abfba8002cc83f7bf98b48b30e907627368137d8d8a1d0939f10e5a8b6
7026366bbc3b-PG_MCA_CAP1_Cutoff_MH_2025_26__1_.pdf,6120,"Shri. Khanderai Pratishthans Dnyansagar Institute of Management and Research, Balewadi, Pune",0612024110,2025-26,1,Maharashtra,GNTAH,GNTAH,HU,34.5198145,percentile,GNTAH | 19321 | 34.5198145 | Stage-I,113,Home University Seats Allotted to Home University Candidates,1e6bb19c87ad1761d896c177078a1a76682e5a1dbf3c44b2a5f9d31bebcfdc09
7026366bbc3b-PG_MCA_CAP1_Cutoff_MH_2025_26__1_.pdf,6120,"Shri. Khanderai Pratishthans Dnyansagar Institute of Management and Research, Balewadi, Pune",0612024110,2025-26,1,Maharashtra,GNTBH,GNTBH,HU,44.5345198,percentile,GNTBH | 16967 | 44.5345198 | Stage-I,113,Home University Seats Allotted to Home University Candidates,5acc34ccf6d1e969747c67fd16a899546164dc634d85f17b6119a88e7bf1e0b4
7026366bbc3b-PG_MCA_CAP1_Cutoff_MH_2025_26__1_.pdf,6120,"Shri. Khanderai Pratishthans Dnyansagar Institute of Management and Research, Balewadi, Pune",0612024110,2025-26,1,Maharashtra,GNTCH,GNTCH,HU,46.3793819,percentile,GNTCH | 16365 | 46.3793819 | Stage-I,113,Home University Seats Allotted to Home University Candidates,3293921a050b116a6d024b70fb36d4c83b3dee91f340a49f5323804c0fb2d4b1
7026366bbc3b-PG_MCA_CAP1_Cutoff_MH_2025_26__1_.pdf,6120,"Shri. Khanderai Pratishthans Dnyansagar Institute of Management and Research, Balewadi, Pune",0612024110,2025-26,1,Maharashtra,GNTDH,GNTDH,HU,9.7430286,percentile,GNTDH | 24033 | 9.7430286 | Stage-I,113,Home University Seats Allotted to Home University Candidates,ad5eb0a3c4c48cf2d420d213e68207d124538f7fab83d0884fb95a5450bea474
7026366bbc3b-PG_MCA_CAP1_Cutoff_MH_2025_26__1_.pdf,6120,"Shri. Khanderai Pratishthans Dnyansagar Institute of Management and Research, Balewadi, Pune",0612024110,2025-26,1,Maharashtra,GOBCH,GOBCH,HU,53.942159,percentile,GOBCH | 14218 | 53.942159 | Stage-I,113,Home University Seats Allotted to Home University Candidates,898f04ecd4522e3e602da7411c57fd808dcae297154e1a96493025fd5fc3bdc8
7026366bbc3b-PG_MCA_CAP1_Cutoff_MH_2025_26__1_.pdf,6120,"Shri. Khanderai Pratishthans Dnyansagar Institute of Management and Research, Balewadi, Pune",0612024110,2025-26,1,Maharashtra,GSEBCH,GSEBCH,HU,31.6629561,percentile,GSEBCH | 19668 | 31.6629561 | Stage-I,113,Home University Seats Allotted to Home University Candidates,38bc49390fe974f80661a378658bf5be9f2a37aaf13a51c381fe9e527d621a25
7026366bbc3b-PG_MCA_CAP1_Cutoff_MH_2025_26__1_.pdf,6120,"Shri. Khanderai Pratishthans Dnyansagar Institute of Management and Research, Balewadi, Pune",0612024110,2025-26,1,Maharashtra,GNTAH,GNTAH,HU,21.0059952,percentile,GNTAH | 21766 | 21.0059952 | Stage-I,113,Home University Seats Allotted to Other Than Home University Candidates,04c5a26082add45ebe875298060480cc0f42feb62b4f8bb11fe40ffee1e068c7
7026366bbc3b-PG_MCA_CAP1_Cutoff_MH_2025_26__1_.pdf,6120,"Shri. Khanderai Pratishthans Dnyansagar Institute of Management and Research, Balewadi, Pune",0612024110,2025-26,1,Maharashtra,GNTDH,GNTDH,HU,69.7143504,percentile,GNTDH | 9907 | 69.7143504 | Stage-I,113,Home University Seats Allotted to Other Than Home University Candidates,5841e65f21dd56ecc67f2fa2795028086539712e9e7ef79723ac368a4147f276
7026366bbc3b-PG_MCA_CAP1_Cutoff_MH_2025_26__1_.pdf,6120,"Shri. Khanderai Pratishthans Dnyansagar Institute of Management and Research, Balewadi, Pune",0612024110,2025-26,1,Maharashtra,GSEBCH,GSEBCH,HU,69.7143504,percentile,GSEBCH | 10114 | 69.7143504 | Stage-I,113,Home University Seats Allotted to Other Than Home University Candidates,0764179c6e116e13aedda8d64fefdce32585ab26f062e8c9158f1a6acfba218a
7026366bbc3b-PG_MCA_CAP1_Cutoff_MH_2025_26__1_.pdf,6120,"Shri. Khanderai Pratishthans Dnyansagar Institute of Management and Research, Balewadi, Pune",0612024110,2025-26,1,Maharashtra,PWDOPENH,PWDOPENH,HU,31.6629561,percentile,PWDOPENH | 19515 | 31.6629561 | Stage-I,113,Home University Seats Allotted to Other Than Home University Candidates,c89f42fbe83b6cb3e707d756affcca1a73c2913a01d0b9042938805c1a6426f3
7026366bbc3b-PG_MCA_CAP1_Cutoff_MH_2025_26__1_.pdf,6120,"Shri. Khanderai Pratishthans Dnyansagar Institute of Management and Research, Balewadi, Pune",0612024110,2025-26,1,Maharashtra,GOPENO,GOPENO,HU,80.5399495,percentile,GOPENO | 6205 | 80.5399495 | Stage-I,113,Other Than Home University Seats Allotted to Other Than Home University Candidates,6a01af09f3a91aa0ea771e450609dc441c403478edd2d18c7a45c205548a7686
7026366bbc3b-PG_MCA_CAP1_Cutoff_MH_2025_26__1_.pdf,6120,"Shri. Khanderai Pratishthans Dnyansagar Institute of Management and Research, Balewadi, Pune",0612024110,2025-26,1,Maharashtra,GSCO,GSCO,HU,65.8578922,percentile,GSCO | 10897 | 65.8578922 | Stage-I,113,Other Than Home University Seats Allotted to Other Than Home University Candidates,33b7b1d864ecf427e3b037f000403349474ebe7afc66a237893cbeae61a857d3
7026366bbc3b-PG_MCA_CAP1_Cutoff_MH_2025_26__1_.pdf,6120,"Shri. Khanderai Pratishthans Dnyansagar Institute of Management and Research, Balewadi, Pune",0612024110,2025-26,1,Maharashtra,GNTAO,GNTAO,HU,58.7911466,percentile,GNTAO | 13342 | 58.7911466 | Stage-I,113,Other Than Home University Seats Allotted to Other Than Home University Candidates,a72e013f9d163f9c47b8881bcc33f1e70439a48d73f653caa5538e19858a65aa
7026366bbc3b-PG_MCA_CAP1_Cutoff_MH_2025_26__1_.pdf,6120,"Shri. Khanderai Pratishthans Dnyansagar Institute of Management and Research, Balewadi, Pune",0612024110,2025-26,1,Maharashtra,GNTBO,GNTBO,HU,44.5345198,percentile,GNTBO | 16566 | 44.5345198 | Stage-I,113,Other Than Home University Seats Allotted to Other Than Home University Candidates,6dc6556e055d9a168cad62552c10b7378d53030a192aee3cd508b7b128f2e2dd
7026366bbc3b-PG_MCA_CAP1_Cutoff_MH_2025_26__1_.pdf,6120,"Shri. Khanderai Pratishthans Dnyansagar Institute of Management and Research, Balewadi, Pune",0612024110,2025-26,1,Maharashtra,GNTCO,GNTCO,HU,61.2807064,percentile,GNTCO | 12230 | 61.2807064 | Stage-I,113,Other Than Home University Seats Allotted to Other Than Home University Candidates,c8b1247dfdd3d7623498a6a75f5c5c677483d40413b8144364707409670b26ad
7026366bbc3b-PG_MCA_CAP1_Cutoff_MH_2025_26__1_.pdf,6120,"Shri. Khanderai Pratishthans Dnyansagar Institute of Management and Research, Balewadi, Pune",0612024110,2025-26,1,Maharashtra,GNTDO,GNTDO,HU,73.5368477,percentile,GNTDO | 8743 | 73.5368477 | Stage-I,113,Other Than Home University Seats Allotted to Other Than Home University Candidates,ee09d465d51890deaed559331dc2b92a6bcde6ff23ebab138aa9ed6149b67ef9
7026366bbc3b-PG_MCA_CAP1_Cutoff_MH_2025_26__1_.pdf,6120,"Shri. Khanderai Pratishthans Dnyansagar Institute of Management and Research, Balewadi, Pune",0612024110,2025-26,1,Maharashtra,GOBCO,GOBCO,HU,76.9216256,percentile,GOBCO | 7665 | 76.9216256 | Stage-I,113,Other Than Home University Seats Allotted to Other Than Home University Candidates,c842fc440477adc0823535c85dc63d23571bb2a7b5393707549822e5541960e6
7026366bbc3b-PG_MCA_CAP1_Cutoff_MH_2025_26__1_.pdf,6120,"Shri. Khanderai Pratishthans Dnyansagar Institute of Management and Research, Balewadi, Pune",0612024110,2025-26,1,Maharashtra,GSEBCO,GSEBCO,HU,73.5368477,percentile,GSEBCO | 8552 | 73.5368477 | Stage-I,113,Other Than Home University Seats Allotted to Other Than Home University Candidates,1f524b574151fa8ec96f34796e72bb6d9fdfdfdd0ecfa1790cdca1ffd3fe38e7
7026366bbc3b-PG_MCA_CAP1_Cutoff_MH_2025_26__1_.pdf,6120,"Shri. Khanderai Pratishthans Dnyansagar Institute of Management and Research, Balewadi, Pune",0612024110,2025-26,1,Maharashtra,EWS,EWS,SL,13.5402134,percentile,EWS | 23382 | 13.5402134 | Stage-I,113,Other Than Home University Seats Allotted to Other Than Home University Candidates,f9a2ca1bb64a7fc445acc3549c9f90af29df482dc433bb6a766e3e60fdcd7a48
7026366bbc3b-PG_MCA_CAP1_Cutoff_MH_2025_26__1_.pdf,6120,"Shri. Khanderai Pratishthans Dnyansagar Institute of Management and Research, Balewadi, Pune",0612024110,2025-26,1,Maharashtra,TFWS,TFWS,SL,77.8251197,percentile,TFWS | 7065 | 77.8251197 | Stage-I,113,Other Than Home University Seats Allotted to Other Than Home University Candidates,e76b809db55bd4281496b5a25eaf27f641c62e8f720287a6adc7aac2cbbe19d5
7026366bbc3b-PG_MCA_CAP1_Cutoff_MH_2025_26__1_.pdf,6129,"Jayawant Shikshan Prasarak Mandal's Jayawant Institute of Management Studies, Tathawade Pune-411033",0612924110,2025-26,1,Maharashtra,GOPENH,GOPENH,HU,93.5511867,percentile,GOPENH | 1935 | 93.5511867 | Stage-I,114,Home University Seats Allotted to Home University Candidates,7afdf115fdb31843581381699e876d0603a56b76e49d6d41669847cde1b8b591
7026366bbc3b-PG_MCA_CAP1_Cutoff_MH_2025_26__1_.pdf,6129,"Jayawant Shikshan Prasarak Mandal's Jayawant Institute of Management Studies, Tathawade Pune-411033",0612924110,2025-26,1,Maharashtra,GSCH,GSCH,HU,76.9216256,percentile,GSCH | 7440 | 76.9216256 | Stage-I,114,Home University Seats Allotted to Home University Candidates,80417690065b8c9fe892fff49c8067637ce6ef571851fff0071627257c768cd6
7026366bbc3b-PG_MCA_CAP1_Cutoff_MH_2025_26__1_.pdf,6129,"Jayawant Shikshan Prasarak Mandal's Jayawant Institute of Management Studies, Tathawade Pune-411033",0612924110,2025-26,1,Maharashtra,GSTH,GSTH,HU,53.942159,percentile,GSTH | 14423 | 53.942159 | Stage-I,114,Home University Seats Allotted to Home University Candidates,c0465588de27678e71ec878cff7794de06b9d82d9d4c7065657b8007f2d5a671
7026366bbc3b-PG_MCA_CAP1_Cutoff_MH_2025_26__1_.pdf,6129,"Jayawant Shikshan Prasarak Mandal's Jayawant Institute of Management Studies, Tathawade Pune-411033",0612924110,2025-26,1,Maharashtra,GNTAH,GNTAH,HU,46.3793819,percentile,GNTAH | 16059 | 46.3793819 | Stage-I,114,Home University Seats Allotted to Home University Candidates,324eefa0cc6cee827008755463c72db7315082bb15dc0dcb840c596e57641a55
7026366bbc3b-PG_MCA_CAP1_Cutoff_MH_2025_26__1_.pdf,6129,"Jayawant Shikshan Prasarak Mandal's Jayawant Institute of Management Studies, Tathawade Pune-411033",0612924110,2025-26,1,Maharashtra,GNTBH,GNTBH,HU,82.9644433,percentile,GNTBH | 5337 | 82.9644433 | Stage-I,114,Home University Seats Allotted to Home University Candidates,546714469d430325356ce91a7d4175a8160efe3a9408444597770be513a6a6f2
7026366bbc3b-PG_MCA_CAP1_Cutoff_MH_2025_26__1_.pdf,6129,"Jayawant Shikshan Prasarak Mandal's Jayawant Institute of Management Studies, Tathawade Pune-411033",0612924110,2025-26,1,Maharashtra,GNTCH,GNTCH,HU,92.1797821,percentile,GNTCH | 2506 | 92.1797821 | Stage-I,114,Home University Seats Allotted to Home University Candidates,e1e1e1925a7bb9b4eedb8a6df403e82e495b035bd945c5e7aa6a17f2c025e3ab
7026366bbc3b-PG_MCA_CAP1_Cutoff_MH_2025_26__1_.pdf,6129,"Jayawant Shikshan Prasarak Mandal's Jayawant Institute of Management Studies, Tathawade Pune-411033",0612924110,2025-26,1,Maharashtra,GNTDH,GNTDH,HU,85.3851665,percentile,GNTDH | 4776 | 85.3851665 | Stage-I,114,Home University Seats Allotted to Home University Candidates,dbfebbe6c9984fa96ea1e373ad7c3c6143bd830a16f904094303f7820bae06b9
7026366bbc3b-PG_MCA_CAP1_Cutoff_MH_2025_26__1_.pdf,6129,"Jayawant Shikshan Prasarak Mandal's Jayawant Institute of Management Studies, Tathawade Pune-411033",0612924110,2025-26,1,Maharashtra,GOBCH,GOBCH,HU,92.3361383,percentile,GOBCH | 2239 | 92.3361383 | Stage-I,114,Home University Seats Allotted to Home University Candidates,ecb9db8305b9a6e9c50f099cb402fdb1e0d14ef62e6bd8c651742a6ac8167dd4
7026366bbc3b-PG_MCA_CAP1_Cutoff_MH_2025_26__1_.pdf,6129,"Jayawant Shikshan Prasarak Mandal's Jayawant Institute of Management Studies, Tathawade Pune-411033",0612924110,2025-26,1,Maharashtra,GSEBCH,GSEBCH,HU,90.7733494,percentile,GSEBCH | 3180 | 90.7733494 | Stage-I,114,Home University Seats Allotted to Home University Candidates,cfd7a1b181b69e5abd90d0041d017413dc67dd3b82556379394eb6cff58c4012
7026366bbc3b-PG_MCA_CAP1_Cutoff_MH_2025_26__1_.pdf,6129,"Jayawant Shikshan Prasarak Mandal's Jayawant Institute of Management Studies, Tathawade Pune-411033",0612924110,2025-26,1,Maharashtra,GOPENO,GOPENO,HU,95.5548847,percentile,GOPENO | 1252 | 95.5548847 | Stage-I,114,Other Than Home University Seats Allotted to Other Than Home University Candidates,970fee116d26de053feaf1c38cc53d848222acd8760c039215619f19eadf0e10
7026366bbc3b-PG_MCA_CAP1_Cutoff_MH_2025_26__1_.pdf,6129,"Jayawant Shikshan Prasarak Mandal's Jayawant Institute of Management Studies, Tathawade Pune-411033",0612924110,2025-26,1,Maharashtra,GSCO,GSCO,HU,93.5511867,percentile,GSCO | 1986 | 93.5511867 | Stage-I,114,Other Than Home University Seats Allotted to Other Than Home University Candidates,ccc6e3ce07bfb550a6e1b523b4f84b4d2e0a69a43421c343763070e52c283b9a
7026366bbc3b-PG_MCA_CAP1_Cutoff_MH_2025_26__1_.pdf,6129,"Jayawant Shikshan Prasarak Mandal's Jayawant Institute of Management Studies, Tathawade Pune-411033",0612924110,2025-26,1,Maharashtra,GNTAO,GNTAO,HU,89.1966341,percentile,GNTAO | 3251 | 89.1966341 | Stage-I,114,Other Than Home University Seats Allotted to Other Than Home University Candidates,89a42e52562a088175109c6887d6e658daa16a14146393d9c94d6b59093e37ea
7026366bbc3b-PG_MCA_CAP1_Cutoff_MH_2025_26__1_.pdf,6129,"Jayawant Shikshan Prasarak Mandal's Jayawant Institute of Management Studies, Tathawade Pune-411033",0612924110,2025-26,1,Maharashtra,GNTCO,GNTCO,HU,94.4270578,percentile,GNTCO | 1791 | 94.4270578 | Stage-I,114,Other Than Home University Seats Allotted to Other Than Home University Candidates,18a88697c8900e9cf61c14b810cddf812f14792d77845a40dfc70b650291a67d
7026366bbc3b-PG_MCA_CAP1_Cutoff_MH_2025_26__1_.pdf,6129,"Jayawant Shikshan Prasarak Mandal's Jayawant Institute of Management Studies, Tathawade Pune-411033",0612924110,2025-26,1,Maharashtra,GOBCO,GOBCO,HU,95.5548847,percentile,GOBCO | 1273 | 95.5548847 | Stage-I,114,Other Than Home University Seats Allotted to Other Than Home University Candidates,8d619b783f0f481113ad0357d4ab1c0f85fd89e0208586943444604246ec6112
7026366bbc3b-PG_MCA_CAP1_Cutoff_MH_2025_26__1_.pdf,6129,"Jayawant Shikshan Prasarak Mandal's Jayawant Institute of Management Studies, Tathawade Pune-411033",0612924110,2025-26,1,Maharashtra,GSEBCO,GSEBCO,HU,95.5548847,percentile,GSEBCO | 1306 | 95.5548847 | Stage-I,114,Other Than Home University Seats Allotted to Other Than Home University Candidates,f5bd50a907a10fafe59314a411b08d5ff1e539840ae28ddd7245d92390e9aca2
7026366bbc3b-PG_MCA_CAP1_Cutoff_MH_2025_26__1_.pdf,6129,"Jayawant Shikshan Prasarak Mandal's Jayawant Institute of Management Studies, Tathawade Pune-411033",0612924110,2025-26,1,Maharashtra,EWS,EWS,SL,90.9663786,percentile,EWS | 2905 | 90.9663786 | Stage-I,114,Other Than Home University Seats Allotted to Other Than Home University Candidates,9092c30c2b5d74c7b6cbaabd9023bb0bd5ea4d0838958dae9bdccbd7ebb8dd11
7026366bbc3b-PG_MCA_CAP1_Cutoff_MH_2025_26__1_.pdf,6129,"Jayawant Shikshan Prasarak Mandal's Jayawant Institute of Management Studies, Tathawade Pune-411033",0612924110,2025-26,1,Maharashtra,TFWS,TFWS,SL,97.390747,percentile,TFWS | 772 | 97.390747 | Stage-I,114,Other Than Home University Seats Allotted to Other Than Home University Candidates,d815c777239a970eac7e14bcb474d4ec73da5f95f6d5b237898f7f13f3d83f26
7026366bbc3b-PG_MCA_CAP1_Cutoff_MH_2025_26__1_.pdf,6137,"Vidya Pratishthan Institute of Information Technology, Baramati, Pune",0613724110,2025-26,1,Maharashtra,GOPENH,GOPENH,HU,85.3851665,percentile,GOPENH | 4435 | 85.3851665 | Stage-I,115,Home University Seats Allotted to Home University Candidates,2e31e0a4a680743f84ea35cccc77caa6c30e9aca2900a6422c77c41e7d33015c
7026366bbc3b-PG_MCA_CAP1_Cutoff_MH_2025_26__1_.pdf,6137,"Vidya Pratishthan Institute of Information Technology, Baramati, Pune",0613724110,2025-26,1,Maharashtra,GSCH,GSCH,HU,53.942159,percentile,GSCH | 14500 | 53.942159 | Stage-I,115,Home University Seats Allotted to Home University Candidates,fed157f9564852277514d93fbbe0fefdd598bd9963325685e661e0ba5d9adf2e
7026366bbc3b-PG_MCA_CAP1_Cutoff_MH_2025_26__1_.pdf,6137,"Vidya Pratishthan Institute of Information Technology, Baramati, Pune",0613724110,2025-26,1,Maharashtra,GNTAH,GNTAH,HU,80.5399495,percentile,GNTAH | 6393 | 80.5399495 | Stage-I,115,Home University Seats Allotted to Home University Candidates,843eaa94c8166b61ccfbc7d53d5fde03655c2a40d1f4c84461d6b3d964b9c787
7026366bbc3b-PG_MCA_CAP1_Cutoff_MH_2025_26__1_.pdf,6137,"Vidya Pratishthan Institute of Information Technology, Baramati, Pune",0613724110,2025-26,1,Maharashtra,GNTCH,GNTCH,HU,79.9969812,percentile,GNTCH | 6557 | 79.9969812 | Stage-I,115,Home University Seats Allotted to Home University Candidates,e3bd9ae68b031653955ca117b9af3576263af0eb57735aecd72f0337aad15915
7026366bbc3b-PG_MCA_CAP1_Cutoff_MH_2025_26__1_.pdf,6137,"Vidya Pratishthan Institute of Information Technology, Baramati, Pune",0613724110,2025-26,1,Maharashtra,GOBCH,GOBCH,HU,80.5399495,percentile,GOBCH | 6430 | 80.5399495 | Stage-I,115,Home University Seats Allotted to Home University Candidates,6136c75e43146b55e3b48030044686f4e7721c0fa8ea557711e7f60d122bf452
7026366bbc3b-PG_MCA_CAP1_Cutoff_MH_2025_26__1_.pdf,6137,"Vidya Pratishthan Institute of Information Technology, Baramati, Pune",0613724110,2025-26,1,Maharashtra,GSEBCH,GSEBCH,HU,71.1549338,percentile,GSEBCH | 9246 | 71.1549338 | Stage-I,115,Home University Seats Allotted to Home University Candidates,7f8b886e9e1aeb54c2c04ad658f8621f3dcb666b646e656b73700c5500b5d29b
7026366bbc3b-PG_MCA_CAP1_Cutoff_MH_2025_26__1_.pdf,6137,"Vidya Pratishthan Institute of Information Technology, Baramati, Pune",0613724110,2025-26,1,Maharashtra,GOPENO,GOPENO,HU,93.405226,percentile,GOPENO | 2149 | 93.405226 | Stage-I,115,Other Than Home University Seats Allotted to Other Than Home University Candidates,64875aea467402cb046ff315686c126cf43b130386a726c67ba8bf69f5ed6437
7026366bbc3b-PG_MCA_CAP1_Cutoff_MH_2025_26__1_.pdf,6137,"Vidya Pratishthan Institute of Information Technology, Baramati, Pune",0613724110,2025-26,1,Maharashtra,GSCO,GSCO,HU,85.2118788,percentile,GSCO | 5084 | 85.2118788 | Stage-I,115,Other Than Home University Seats Allotted to Other Than Home University Candidates,b6f9bfff7c8b651810eca8ac020ec56417e2f560b00b3dbb1e62c0649d158921
7026366bbc3b-PG_MCA_CAP1_Cutoff_MH_2025_26__1_.pdf,6137,"Vidya Pratishthan Institute of Information Technology, Baramati, Pune",0613724110,2025-26,1,Maharashtra,GNTBO,GNTBO,HU,85.2118788,percentile,GNTBO | 5207 | 85.2118788 | Stage-I,115,Other Than Home University Seats Allotted to Other Than Home University Candidates,34f35e0b6cf8ecf494827bf4a476f2d0e3d98141d80f001ffdfe15ee4bc48fc8
7026366bbc3b-PG_MCA_CAP1_Cutoff_MH_2025_26__1_.pdf,6137,"Vidya Pratishthan Institute of Information Technology, Baramati, Pune",0613724110,2025-26,1,Maharashtra,GOBCO,GOBCO,HU,89.1966341,percentile,GOBCO | 3537 | 89.1966341 | Stage-I,115,Other Than Home University Seats Allotted to Other Than Home University Candidates,7cfcf492f5f9c989ee8e68e7ec0c085a5f147646b1c1627ddb178f0eaae69eb2
7026366bbc3b-PG_MCA_CAP1_Cutoff_MH_2025_26__1_.pdf,6137,"Vidya Pratishthan Institute of Information Technology, Baramati, Pune",0613724110,2025-26,1,Maharashtra,GSEBCO,GSEBCO,HU,90.9663786,percentile,GSEBCO | 2783 | 90.9663786 | Stage-I,115,Other Than Home University Seats Allotted to Other Than Home University Candidates,2858a9d305b2c4595b8ed1fa6871f560083d38cc6a44948b0c6c0128d9606df1
7026366bbc3b-PG_MCA_CAP1_Cutoff_MH_2025_26__1_.pdf,6137,"Vidya Pratishthan Institute of Information Technology, Baramati, Pune",0613724110,2025-26,1,Maharashtra,EWS,EWS,SL,61.2807064,percentile,EWS | 12534 | 61.2807064 | Stage-I,115,Other Than Home University Seats Allotted to Other Than Home University Candidates,759c0ca9d724ca06e5c66ea8fc42a0e978fd97daf626799768dde247457edf0a
7026366bbc3b-PG_MCA_CAP1_Cutoff_MH_2025_26__1_.pdf,6137,"Vidya Pratishthan Institute of Information Technology, Baramati, Pune",0613724110,2025-26,1,Maharashtra,TFWS,TFWS,SL,92.1797821,percentile,TFWS | 2661 | 92.1797821 | Stage-I,115,Other Than Home University Seats Allotted to Other Than Home University Candidates,a109611f75092553f4a3368d02333191cc78d8150591e709623948b345489631
7026366bbc3b-PG_MCA_CAP1_Cutoff_MH_2025_26__1_.pdf,6138,"Genba Sopanrao Moze Trust Parvatibai Genba Moze College of Engineering,Wagholi, Pune",0613824110,2025-26,1,Maharashtra,GOPENH,GOPENH,HU,82.9644433,percentile,GOPENH | 5380 | 82.9644433 | Stage-I,116,Home University Seats Allotted to Home University Candidates,1df1736c4289d8f2fbbf362e7f400282e3c058d832d8d1a4f11ccb8cdd63bf09
7026366bbc3b-PG_MCA_CAP1_Cutoff_MH_2025_26__1_.pdf,6138,"Genba Sopanrao Moze Trust Parvatibai Genba Moze College of Engineering,Wagholi, Pune",0613824110,2025-26,1,Maharashtra,GSCH,GSCH,HU,53.942159,percentile,GSCH | 14376 | 53.942159 | Stage-I,116,Home University Seats Allotted to Home University Candidates,ed0d360ffcd83e9e87c27a012e25146f9d62eb75d4f142427e65609b3c6f5260
7026366bbc3b-PG_MCA_CAP1_Cutoff_MH_2025_26__1_.pdf,6138,"Genba Sopanrao Moze Trust Parvatibai Genba Moze College of Engineering,Wagholi, Pune",0613824110,2025-26,1,Maharashtra,GNTBH,GNTBH,HU,25.4779232,percentile,GNTBH | 21192 | 25.4779232 | Stage-I,116,Home University Seats Allotted to Home University Candidates,ef69077b184ccf523b9b9d6c6e7623945fed30b8f5e7d2160e8f52c5ecf19152
7026366bbc3b-PG_MCA_CAP1_Cutoff_MH_2025_26__1_.pdf,6138,"Genba Sopanrao Moze Trust Parvatibai Genba Moze College of Engineering,Wagholi, Pune",0613824110,2025-26,1,Maharashtra,GNTCH,GNTCH,HU,41.4550394,percentile,GNTCH | 17456 | 41.4550394 | Stage-I,116,Home University Seats Allotted to Home University Candidates,049cfff51b2f60903f95a1064c9f57df110efc32fb33cca6715c13d5d02d87b3
7026366bbc3b-PG_MCA_CAP1_Cutoff_MH_2025_26__1_.pdf,6138,"Genba Sopanrao Moze Trust Parvatibai Genba Moze College of Engineering,Wagholi, Pune",0613824110,2025-26,1,Maharashtra,GNTDH,GNTDH,HU,56.5488095,percentile,GNTDH | 13808 | 56.5488095 | Stage-I,116,Home University Seats Allotted to Home University Candidates,b5ad4d8a10b50b23df2fffb701a4045610b3490e8100942de44708e1cfd2c58d
7026366bbc3b-PG_MCA_CAP1_Cutoff_MH_2025_26__1_.pdf,6138,"Genba Sopanrao Moze Trust Parvatibai Genba Moze College of Engineering,Wagholi, Pune",0613824110,2025-26,1,Maharashtra,GOBCH,GOBCH,HU,74.782248,percentile,GOBCH | 8246 | 74.782248 | Stage-I,116,Home University Seats Allotted to Home University Candidates,f56c408a2b8418e2e281756d7c624b9bc1dd1f50f48065d5d98ae3f24e747ee1
7026366bbc3b-PG_MCA_CAP1_Cutoff_MH_2025_26__1_.pdf,6138,"Genba Sopanrao Moze Trust Parvatibai Genba Moze College of Engineering,Wagholi, Pune",0613824110,2025-26,1,Maharashtra,GSEBCH,GSEBCH,HU,49.3533426,percentile,GSEBCH | 15549 | 49.3533426 | Stage-I,116,Home University Seats Allotted to Home University Candidates,3890078aeb331d8327489193b5e1b36346685940bbe670e07966982b9db49dba
7026366bbc3b-PG_MCA_CAP1_Cutoff_MH_2025_26__1_.pdf,6138,"Genba Sopanrao Moze Trust Parvatibai Genba Moze College of Engineering,Wagholi, Pune",0613824110,2025-26,1,Maharashtra,GNTAH,GNTAH,HU,74.782248,percentile,GNTAH | 8481 | 74.782248 | Stage-I,116,Home University Seats Allotted to Other Than Home University Candidates,c0e867ad8a278b0905d73c01121c559dcf42345d505128a1e9c44d887307d13c
7026366bbc3b-PG_MCA_CAP1_Cutoff_MH_2025_26__1_.pdf,6138,"Genba Sopanrao Moze Trust Parvatibai Genba Moze College of Engineering,Wagholi, Pune",0613824110,2025-26,1,Maharashtra,GOPENO,GOPENO,HU,85.2118788,percentile,GOPENO | 5037 | 85.2118788 | Stage-I,116,Other Than Home University Seats Allotted to Other Than Home University Candidates,1841268c3e73958d446a1f99a9307568d269b8c7972b0832dae84e8063a3533b
7026366bbc3b-PG_MCA_CAP1_Cutoff_MH_2025_26__1_.pdf,6138,"Genba Sopanrao Moze Trust Parvatibai Genba Moze College of Engineering,Wagholi, Pune",0613824110,2025-26,1,Maharashtra,GSCO,GSCO,HU,71.1549338,percentile,GSCO | 9415 | 71.1549338 | Stage-I,116,Other Than Home University Seats Allotted to Other Than Home University Candidates,ec4b650d7d2fb6d1c0e08896d9d9bb6920299009ef6506e50cbf27fa52141a40
7026366bbc3b-PG_MCA_CAP1_Cutoff_MH_2025_26__1_.pdf,6138,"Genba Sopanrao Moze Trust Parvatibai Genba Moze College of Engineering,Wagholi, Pune",0613824110,2025-26,1,Maharashtra,GNTCO,GNTCO,HU,77.8251197,percentile,GNTCO | 7044 | 77.8251197 | Stage-I,116,Other Than Home University Seats Allotted to Other Than Home University Candidates,70fd4333e37860b78d5e9a10b8d2438dd6af768e59cb8b31a8e14bd51e726879
7026366bbc3b-PG_MCA_CAP1_Cutoff_MH_2025_26__1_.pdf,6138,"Genba Sopanrao Moze Trust Parvatibai Genba Moze College of Engineering,Wagholi, Pune",0613824110,2025-26,1,Maharashtra,GOBCO,GOBCO,HU,82.8308366,percentile,GOBCO | 5856 | 82.8308366 | Stage-I,116,Other Than Home University Seats Allotted to Other Than Home University Candidates,ace3820df9759d64876c5d0bd393f7c0db7ae92dae557e736a085ff180b28e1b
7026366bbc3b-PG_MCA_CAP1_Cutoff_MH_2025_26__1_.pdf,6138,"Genba Sopanrao Moze Trust Parvatibai Genba Moze College of Engineering,Wagholi, Pune",0613824110,2025-26,1,Maharashtra,GSEBCO,GSEBCO,HU,79.9969812,percentile,GSEBCO | 6800 | 79.9969812 | Stage-I,116,Other Than Home University Seats Allotted to Other Than Home University Candidates,0cb0bf5e7832921569bb993ab0f61d168a8f0e4b5a6dde040c6bcbbc267b5eda
7026366bbc3b-PG_MCA_CAP1_Cutoff_MH_2025_26__1_.pdf,6138,"Genba Sopanrao Moze Trust Parvatibai Genba Moze College of Engineering,Wagholi, Pune",0613824110,2025-26,1,Maharashtra,EWS,EWS,SL,21.0059952,percentile,EWS | 21690 | 21.0059952 | Stage-I,116,Other Than Home University Seats Allotted to Other Than Home University Candidates,7c83011ca05924bb3b788e12c5d253e90673e931497c0a5cce51e0ba54894041
7026366bbc3b-PG_MCA_CAP1_Cutoff_MH_2025_26__1_.pdf,6138,"Genba Sopanrao Moze Trust Parvatibai Genba Moze College of Engineering,Wagholi, Pune",0613824110,2025-26,1,Maharashtra,TFWS,TFWS,SL,89.1966341,percentile,TFWS | 3444 | 89.1966341 | Stage-I,116,Other Than Home University Seats Allotted to Other Than Home University Candidates,bc8ff464c6bd9592e55c8199b2c3f764d7b6a4684457c03f5bed26579ef4166c
7026366bbc3b-PG_MCA_CAP1_Cutoff_MH_2025_26__1_.pdf,6139,"Progressive Education Society's Modern College of Engineering, Pune",0613924110,2025-26,1,Maharashtra,GOPENH,GOPENH,HU,95.5548847,percentile,GOPENH | 1232 | 95.5548847 | Stage-I,117,Home University Seats Allotted to Home University Candidates,08ba2bbbb7c7bc916b5345a6b6923b44ebe4af24dd49ab6f5466d343d27ee7c3
7026366bbc3b-PG_MCA_CAP1_Cutoff_MH_2025_26__1_.pdf,6139,"Progressive Education Society's Modern College of Engineering, Pune",0613924110,2025-26,1,Maharashtra,GSCH,GSCH,HU,89.1331398,percentile,GSCH | 3629 | 89.1331398 | Stage-I,117,Home University Seats Allotted to Home University Candidates,640cc35649b0774b32abc8bb42ec51482cb9ae9746683ba50950dd07c55992cc
7026366bbc3b-PG_MCA_CAP1_Cutoff_MH_2025_26__1_.pdf,6139,"Progressive Education Society's Modern College of Engineering, Pune",0613924110,2025-26,1,Maharashtra,GSTH,GSTH,HU,61.2807064,percentile,GSTH | 12675 | 61.2807064 | Stage-I,117,Home University Seats Allotted to Home University Candidates,62f5e0ec3df2218cae3cdf89ecd9c21bf03ca316ecf2377041dd4b1beca4dbfd
7026366bbc3b-PG_MCA_CAP1_Cutoff_MH_2025_26__1_.pdf,6139,"Progressive Education Society's Modern College of Engineering, Pune",0613924110,2025-26,1,Maharashtra,GNTAH,GNTAH,HU,93.405226,percentile,GNTAH | 2106 | 93.405226 | Stage-I,117,Home University Seats Allotted to Home University Candidates,3a252ea4df25d687a9510aeb29ad18734714a1053cd8043c01aaa53e3f483224
7026366bbc3b-PG_MCA_CAP1_Cutoff_MH_2025_26__1_.pdf,6139,"Progressive Education Society's Modern College of Engineering, Pune",0613924110,2025-26,1,Maharashtra,GNTBH,GNTBH,HU,89.1966341,percentile,GNTBH | 3432 | 89.1966341 | Stage-I,117,Home University Seats Allotted to Home University Candidates,8ccafb7041d3d5ccd5e54db51e5d42b7ee6c30fd214cefaff207ee7257694afc
7026366bbc3b-PG_MCA_CAP1_Cutoff_MH_2025_26__1_.pdf,6139,"Progressive Education Society's Modern College of Engineering, Pune",0613924110,2025-26,1,Maharashtra,GNTCH,GNTCH,HU,92.3361383,percentile,GNTCH | 2391 | 92.3361383 | Stage-I,117,Home University Seats Allotted to Home University Candidates,a4469c9fe641f626e2c53aefad0bc320388a54fad93e7f93e5040c27ab987f7b
7026366bbc3b-PG_MCA_CAP1_Cutoff_MH_2025_26__1_.pdf,6139,"Progressive Education Society's Modern College of Engineering, Pune",0613924110,2025-26,1,Maharashtra,GNTDH,GNTDH,HU,94.4270578,percentile,GNTDH | 1674 | 94.4270578 | Stage-I,117,Home University Seats Allotted to Home University Candidates,c6e59513f9f659b0b4885c0465dbcfd478b053da6a14fc8819e4405c1fe485c5
7026366bbc3b-PG_MCA_CAP1_Cutoff_MH_2025_26__1_.pdf,6139,"Progressive Education Society's Modern College of Engineering, Pune",0613924110,2025-26,1,Maharashtra,GOBCH,GOBCH,HU,94.4270578,percentile,GOBCH | 1821 | 94.4270578 | Stage-I,117,Home University Seats Allotted to Home University Candidates,9b6cec6f77762b6a37ff7a573819b1dc7e3713838298b24ecb679da75d25948e
7026366bbc3b-PG_MCA_CAP1_Cutoff_MH_2025_26__1_.pdf,6139,"Progressive Education Society's Modern College of Engineering, Pune",0613924110,2025-26,1,Maharashtra,GSEBCH,GSEBCH,HU,92.3361383,percentile,GSEBCH | 2257 | 92.3361383 | Stage-I,117,Home University Seats Allotted to Home University Candidates,9ea86d908c0d20246965c1495fd0db260e4564dd89cf49807f19d5cfbfa8ad82
7026366bbc3b-PG_MCA_CAP1_Cutoff_MH_2025_26__1_.pdf,6139,"Progressive Education Society's Modern College of Engineering, Pune",0613924110,2025-26,1,Maharashtra,PWDOPENH,PWDOPENH,HU,36.496736,percentile,PWDOPENH | 18484 | 36.496736 | Stage-I,117,Home University Seats Allotted to Home University Candidates,d0e85a27b116254adc0bb46f59177380359148d18df914b110ee007905d0d194
7026366bbc3b-PG_MCA_CAP1_Cutoff_MH_2025_26__1_.pdf,6139,"Progressive Education Society's Modern College of Engineering, Pune",0613924110,2025-26,1,Maharashtra,GOPENO,GOPENO,HU,97.390747,percentile,GOPENO | 730 | 97.390747 | Stage-I,117,Other Than Home University Seats Allotted to Other Than Home University Candidates,13a4766b0e5eb7617ddc38438f22acce7e5bb4a32d6e698243a169ef9c01c0c5
7026366bbc3b-PG_MCA_CAP1_Cutoff_MH_2025_26__1_.pdf,6139,"Progressive Education Society's Modern College of Engineering, Pune",0613924110,2025-26,1,Maharashtra,GSCO,GSCO,HU,96.828928,percentile,GSCO | 953 | 96.828928 | Stage-I,117,Other Than Home University Seats Allotted to Other Than Home University Candidates,b0153f327cd2096e86ac026273a935ddfcd4914c88db0c52780f2591085420e7
7026366bbc3b-PG_MCA_CAP1_Cutoff_MH_2025_26__1_.pdf,6139,"Progressive Education Society's Modern College of Engineering, Pune",0613924110,2025-26,1,Maharashtra,GSTO,GSTO,HU,74.782248,percentile,GSTO | 8274 | 74.782248 | Stage-I,117,Other Than Home University Seats Allotted to Other Than Home University Candidates,d98b8607903ec8a8acfda727558f42869f34597803001b7c6a0d9c2d0747c0be
7026366bbc3b-PG_MCA_CAP1_Cutoff_MH_2025_26__1_.pdf,6139,"Progressive Education Society's Modern College of Engineering, Pune",0613924110,2025-26,1,Maharashtra,GNTAO,GNTAO,HU,96.1125146,percentile,GNTAO | 1190 | 96.1125146 | Stage-I,117,Other Than Home University Seats Allotted to Other Than Home University Candidates,a11748690f9d9a18a606be5e826df5f223ffa6c0886d91fa3654b15da167c9a8
7026366bbc3b-PG_MCA_CAP1_Cutoff_MH_2025_26__1_.pdf,6139,"Progressive Education Society's Modern College of Engineering, Pune",0613924110,2025-26,1,Maharashtra,GNTCO,GNTCO,HU,95.5548847,percentile,GNTCO | 1263 | 95.5548847 | Stage-I,117,Other Than Home University Seats Allotted to Other Than Home University Candidates,e22305cbe72648eae6170e42578928769205190dc7932f52d457b686d4b0e070
7026366bbc3b-PG_MCA_CAP1_Cutoff_MH_2025_26__1_.pdf,6139,"Progressive Education Society's Modern College of Engineering, Pune",0613924110,2025-26,1,Maharashtra,GNTDO,GNTDO,HU,95.2942951,percentile,GNTDO | 1382 | 95.2942951 | Stage-I,117,Other Than Home University Seats Allotted to Other Than Home University Candidates,d90ec72e6b9284cdcad2eff274faf2ab6fecf41839f7b29137d9c669ff53fde7
7026366bbc3b-PG_MCA_CAP1_Cutoff_MH_2025_26__1_.pdf,6139,"Progressive Education Society's Modern College of Engineering, Pune",0613924110,2025-26,1,Maharashtra,GOBCO,GOBCO,HU,96.1125146,percentile,GOBCO | 1216 | 96.1125146 | Stage-I,117,Other Than Home University Seats Allotted to Other Than Home University Candidates,6e3f5d04764c14ae085fcfb62ae5391feed376b2bbb302b695f57d94b77fb330
7026366bbc3b-PG_MCA_CAP1_Cutoff_MH_2025_26__1_.pdf,6139,"Progressive Education Society's Modern College of Engineering, Pune",0613924110,2025-26,1,Maharashtra,GSEBCO,GSEBCO,HU,96.392589,percentile,GSEBCO | 1048 | 96.392589 | Stage-I,117,Other Than Home University Seats Allotted to Other Than Home University Candidates,5b5bf214ebe3d2382c45994d784d1edd7755ec38088376e517eb53247e582c9e
7026366bbc3b-PG_MCA_CAP1_Cutoff_MH_2025_26__1_.pdf,6139,"Progressive Education Society's Modern College of Engineering, Pune",0613924110,2025-26,1,Maharashtra,EWS,EWS,SL,92.1797821,percentile,EWS | 2463 | 92.1797821 | Stage-I,117,Other Than Home University Seats Allotted to Other Than Home University Candidates,df391bdfd9fb0c1a789cc3d5fdd0305c1c28ec122b25eace7200316c06ed060d
7026366bbc3b-PG_MCA_CAP1_Cutoff_MH_2025_26__1_.pdf,6139,"Progressive Education Society's Modern College of Engineering, Pune",0613924110,2025-26,1,Maharashtra,TFWS,TFWS,SL,98.2089665,percentile,TFWS | 460 | 98.2089665 | Stage-I,117,Other Than Home University Seats Allotted to Other Than Home University Candidates,b70519ab39b8db28d001c4b9fc05fd5ce7f66cc3a562c39e1d359ac260d7f8dc
7026366bbc3b-PG_MCA_CAP1_Cutoff_MH_2025_26__1_.pdf,6140,"Dnyan Kala Krida & Krishi Prathishtan's Maharashtra Institute of Management, Kalamb, Pune",0614024110,2025-26,1,Maharashtra,GOPENH,GOPENH,HU,58.7911466,percentile,GOPENH | 13245 | 58.7911466 | Stage-I,118,Home University Seats Allotted to Home University Candidates,e6beb7a347349fc5264646cb21d7cc9a9fb7e730d68d495a0c5e3827016136db
7026366bbc3b-PG_MCA_CAP1_Cutoff_MH_2025_26__1_.pdf,6140,"Dnyan Kala Krida & Krishi Prathishtan's Maharashtra Institute of Management, Kalamb, Pune",0614024110,2025-26,1,Maharashtra,GSCH,GSCH,HU,0.5995249,percentile,GSCH | 25412 | 0.5995249 | Stage-I,118,Home University Seats Allotted to Home University Candidates,b3a48cc6850577c621624e26eaf03d9f9f096dc65e415a80950715d0b837d1d7
7026366bbc3b-PG_MCA_CAP1_Cutoff_MH_2025_26__1_.pdf,6140,"Dnyan Kala Krida & Krishi Prathishtan's Maharashtra Institute of Management, Kalamb, Pune",0614024110,2025-26,1,Maharashtra,GNTCH,GNTCH,HU,39.3989669,percentile,GNTCH | 18171 | 39.3989669 | Stage-I,118,Home University Seats Allotted to Home University Candidates,748dd9a29870cc6b81c1b3d69af13af87c4d077c607cf234783cc41bd0b7eb86
7026366bbc3b-PG_MCA_CAP1_Cutoff_MH_2025_26__1_.pdf,6140,"Dnyan Kala Krida & Krishi Prathishtan's Maharashtra Institute of Management, Kalamb, Pune",0614024110,2025-26,1,Maharashtra,GOBCH,GOBCH,HU,16.9789978,percentile,GOBCH | 22609 | 16.9789978 | Stage-I,118,Home University Seats Allotted to Home University Candidates,36bdfa2f4968abb79dffc7b5149141bfd52729efb7af152d7e1f3b380aa9a43e
7026366bbc3b-PG_MCA_CAP1_Cutoff_MH_2025_26__1_.pdf,6140,"Dnyan Kala Krida & Krishi Prathishtan's Maharashtra Institute of Management, Kalamb, Pune",0614024110,2025-26,1,Maharashtra,GSCH,GSCH,HU,29.9046039,percentile,GSCH | 20113 | 29.9046039 | Stage-I,118,Home University Seats Allotted to Other Than Home University Candidates,0874185f2c7d1ec194b9c50ab783be969faad242655a8858f0d0b36c46edeeb2
7026366bbc3b-PG_MCA_CAP1_Cutoff_MH_2025_26__1_.pdf,6140,"Dnyan Kala Krida & Krishi Prathishtan's Maharashtra Institute of Management, Kalamb, Pune",0614024110,2025-26,1,Maharashtra,GNTAH,GNTAH,HU,23.1010151,percentile,GNTAH | 21501 | 23.1010151 | Stage-I,118,Home University Seats Allotted to Other Than Home University Candidates,d5bd102919aa7873390c61184be8f8ec30838ea72760539e89d18c980042cf8e
7026366bbc3b-PG_MCA_CAP1_Cutoff_MH_2025_26__1_.pdf,6140,"Dnyan Kala Krida & Krishi Prathishtan's Maharashtra Institute of Management, Kalamb, Pune",0614024110,2025-26,1,Maharashtra,GSEBCH,GSEBCH,HU,44.5345198,percentile,GSEBCH | 16912 | 44.5345198 | Stage-I,118,Home University Seats Allotted to Other Than Home University Candidates,598fc9de68ea2c46b4e3fa67ff476650323b0ba2087ea425d053a0c58d4ee189
7026366bbc3b-PG_MCA_CAP1_Cutoff_MH_2025_26__1_.pdf,6140,"Dnyan Kala Krida & Krishi Prathishtan's Maharashtra Institute of Management, Kalamb, Pune",0614024110,2025-26,1,Maharashtra,GOPENO,GOPENO,HU,67.3579428,percentile,GOPENO | 10440 | 67.3579428 | Stage-I,118,Other Than Home University Seats Allotted to Other Than Home University Candidates,598ae7a87d27fa4eb89d470bd587c01d1b8dcef542ed46411410470c1e4b71de
7026366bbc3b-PG_MCA_CAP1_Cutoff_MH_2025_26__1_.pdf,6140,"Dnyan Kala Krida & Krishi Prathishtan's Maharashtra Institute of Management, Kalamb, Pune",0614024110,2025-26,1,Maharashtra,GSCO,GSCO,HU,41.4550394,percentile,GSCO | 17183 | 41.4550394 | Stage-I,118,Other Than Home University Seats Allotted to Other Than Home University Candidates,a0851dc7495b5bbd836bc53d96d6f8c6ece6920fc351281de4c82e776db8570d
7026366bbc3b-PG_MCA_CAP1_Cutoff_MH_2025_26__1_.pdf,6140,"Dnyan Kala Krida & Krishi Prathishtan's Maharashtra Institute of Management, Kalamb, Pune",0614024110,2025-26,1,Maharashtra,GOBCO,GOBCO,HU,67.3579428,percentile,GOBCO | 10612 | 67.3579428 | Stage-I,118,Other Than Home University Seats Allotted to Other Than Home University Candidates,6066365175acb039f693515310cc9b00fa32568ccd8cabbe01be82f647e1adb3
7026366bbc3b-PG_MCA_CAP1_Cutoff_MH_2025_26__1_.pdf,6140,"Dnyan Kala Krida & Krishi Prathishtan's Maharashtra Institute of Management, Kalamb, Pune",0614024110,2025-26,1,Maharashtra,GSEBCO,GSEBCO,HU,65.8578922,percentile,GSEBCO | 11245 | 65.8578922 | Stage-I,118,Other Than Home University Seats Allotted to Other Than Home University Candidates,0b654965ea8b64357971106ead1aaf1f3f6e250a50a7c68acbff3599bbcf465f
7026366bbc3b-PG_MCA_CAP1_Cutoff_MH_2025_26__1_.pdf,6140,"Dnyan Kala Krida & Krishi Prathishtan's Maharashtra Institute of Management, Kalamb, Pune",0614024110,2025-26,1,Maharashtra,TFWS,TFWS,SL,76.9216256,percentile,TFWS | 7627 | 76.9216256 | Stage-I,118,Other Than Home University Seats Allotted to Other Than Home University Candidates,e460987952a716461c4ddc59937e303897c9cf31d5ac7ad193139416c923cd67
7026366bbc3b-PG_MCA_CAP1_Cutoff_MH_2025_26__1_.pdf,6141,"Jaywant Shikshan Prasarak Mandal's,Rajarshi Shahu College of Engineering, Tathawade, Pune",0614124110,2025-26,1,Maharashtra,GOPENH,GOPENH,HU,95.5548847,percentile,GOPENH | 1307 | 95.5548847 | Stage-I,119,Home University Seats Allotted to Home University Candidates,a62091c119c875909c0a827db228be383b10f08b99e0cae7b1e0a2a3c13392cb
7026366bbc3b-PG_MCA_CAP1_Cutoff_MH_2025_26__1_.pdf,6141,"Jaywant Shikshan Prasarak Mandal's,Rajarshi Shahu College of Engineering, Tathawade, Pune",0614124110,2025-26,1,Maharashtra,GSCH,GSCH,HU,85.3851665,percentile,GSCH | 4639 | 85.3851665 | Stage-I,119,Home University Seats Allotted to Home University Candidates,2c478b6209fdabdb5483c524ff2752893fe7927aa811f628e654036792807dab
7026366bbc3b-PG_MCA_CAP1_Cutoff_MH_2025_26__1_.pdf,6141,"Jaywant Shikshan Prasarak Mandal's,Rajarshi Shahu College of Engineering, Tathawade, Pune",0614124110,2025-26,1,Maharashtra,GSTH,GSTH,HU,92.1797821,percentile,GSTH | 2450 | 92.1797821 | Stage-I,119,Home University Seats Allotted to Home University Candidates,c6258879c9df2594773e33599b7a75fddfcbc689a5c892d4428c44437641eb66
7026366bbc3b-PG_MCA_CAP1_Cutoff_MH_2025_26__1_.pdf,6141,"Jaywant Shikshan Prasarak Mandal's,Rajarshi Shahu College of Engineering, Tathawade, Pune",0614124110,2025-26,1,Maharashtra,GNTAH,GNTAH,HU,80.5399495,percentile,GNTAH | 6372 | 80.5399495 | Stage-I,119,Home University Seats Allotted to Home University Candidates,aa2dfe1f55b35bf0c89d19f65e8e651f04822287931fe5facba2265f09c0f2bd
7026366bbc3b-PG_MCA_CAP1_Cutoff_MH_2025_26__1_.pdf,6141,"Jaywant Shikshan Prasarak Mandal's,Rajarshi Shahu College of Engineering, Tathawade, Pune",0614124110,2025-26,1,Maharashtra,GNTBH,GNTBH,HU,87.2080299,percentile,GNTBH | 4148 | 87.2080299 | Stage-I,119,Home University Seats Allotted to Home University Candidates,6090f0ff5f826644ce2b7e5e75cd070a08471e6409b4cb50744dc0c71f34bd32
7026366bbc3b-PG_MCA_CAP1_Cutoff_MH_2025_26__1_.pdf,6141,"Jaywant Shikshan Prasarak Mandal's,Rajarshi Shahu College of Engineering, Tathawade, Pune",0614124110,2025-26,1,Maharashtra,GNTCH,GNTCH,HU,94.6454851,percentile,GNTCH | 1488 | 94.6454851 | Stage-I,119,Home University Seats Allotted to Home University Candidates,b6d66e73fea7a1a627f8ee2541f60e48265ffb2bff246fb7248b49bfdcf75c89
7026366bbc3b-PG_MCA_CAP1_Cutoff_MH_2025_26__1_.pdf,6141,"Jaywant Shikshan Prasarak Mandal's,Rajarshi Shahu College of Engineering, Tathawade, Pune",0614124110,2025-26,1,Maharashtra,GNTDH,GNTDH,HU,85.3851665,percentile,GNTDH | 4542 | 85.3851665 | Stage-I,119,Home University Seats Allotted to Home University Candidates,919519afe54c8e03fe0b1a2fb1c678005dc35bf083d17952716ca815bac1a4c2
7026366bbc3b-PG_MCA_CAP1_Cutoff_MH_2025_26__1_.pdf,6141,"Jaywant Shikshan Prasarak Mandal's,Rajarshi Shahu College of Engineering, Tathawade, Pune",0614124110,2025-26,1,Maharashtra,GOBCH,GOBCH,HU,94.6454851,percentile,GOBCH | 1524 | 94.6454851 | Stage-I,119,Home University Seats Allotted to Home University Candidates,d9c097768b0ee397890fbd4d01a7b9312da74c30abfdbfaef857217a2e2aa2b5
7026366bbc3b-PG_MCA_CAP1_Cutoff_MH_2025_26__1_.pdf,6141,"Jaywant Shikshan Prasarak Mandal's,Rajarshi Shahu College of Engineering, Tathawade, Pune",0614124110,2025-26,1,Maharashtra,GSEBCH,GSEBCH,HU,90.7733494,percentile,GSEBCH | 3115 | 90.7733494 | Stage-I,119,Home University Seats Allotted to Home University Candidates,738c10d94b935fec7deb5cd7efb77b613379de5b8d5a40278e0e2a0abec07508
7026366bbc3b-PG_MCA_CAP1_Cutoff_MH_2025_26__1_.pdf,6141,"Jaywant Shikshan Prasarak Mandal's,Rajarshi Shahu College of Engineering, Tathawade, Pune",0614124110,2025-26,1,Maharashtra,PWDOPENH,PWDOPENH,HU,56.5488095,percentile,PWDOPENH | 13608 | 56.5488095 | Stage-I,119,Home University Seats Allotted to Home University Candidates,25d85e0610e6c99134648711e8393c722ef99f808fb0a4349a34895325ef24a9
7026366bbc3b-PG_MCA_CAP1_Cutoff_MH_2025_26__1_.pdf,6141,"Jaywant Shikshan Prasarak Mandal's,Rajarshi Shahu College of Engineering, Tathawade, Pune",0614124110,2025-26,1,Maharashtra,GOPENO,GOPENO,HU,98.2089665,percentile,GOPENO | 470 | 98.2089665 | Stage-I,119,Other Than Home University Seats Allotted to Other Than Home University Candidates,c43596e9d25606ec89da88b4639516c659e7712bc872063922d0f7128ad1d9fe
7026366bbc3b-PG_MCA_CAP1_Cutoff_MH_2025_26__1_.pdf,6141,"Jaywant Shikshan Prasarak Mandal's,Rajarshi Shahu College of Engineering, Tathawade, Pune",0614124110,2025-26,1,Maharashtra,GSCO,GSCO,HU,95.5548847,percentile,GSCO | 1246 | 95.5548847 | Stage-I,119,Other Than Home University Seats Allotted to Other Than Home University Candidates,d867b7f98312e2a9c91fe0ad0786336cfab22235ecc50ff998abe8a2c6e3fb29
7026366bbc3b-PG_MCA_CAP1_Cutoff_MH_2025_26__1_.pdf,6141,"Jaywant Shikshan Prasarak Mandal's,Rajarshi Shahu College of Engineering, Tathawade, Pune",0614124110,2025-26,1,Maharashtra,GSTO,GSTO,HU,90.9663786,percentile,GSTO | 2773 | 90.9663786 | Stage-I,119,Other Than Home University Seats Allotted to Other Than Home University Candidates,7189c7b8ece0502217aa52875136cd9d669bef059037e3d7b1056a0d596f3445
7026366bbc3b-PG_MCA_CAP1_Cutoff_MH_2025_26__1_.pdf,6141,"Jaywant Shikshan Prasarak Mandal's,Rajarshi Shahu College of Engineering, Tathawade, Pune",0614124110,2025-26,1,Maharashtra,GNTAO,GNTAO,HU,90.9663786,percentile,GNTAO | 2902 | 90.9663786 | Stage-I,119,Other Than Home University Seats Allotted to Other Than Home University Candidates,b1c1605062b89ce5fd49f03519300ec1e196e4dc63a20b272b9b8c9bef8a9998
7026366bbc3b-PG_MCA_CAP1_Cutoff_MH_2025_26__1_.pdf,6141,"Jaywant Shikshan Prasarak Mandal's,Rajarshi Shahu College of Engineering, Tathawade, Pune",0614124110,2025-26,1,Maharashtra,GNTCO,GNTCO,HU,97.6265047,percentile,GNTCO | 617 | 97.6265047 | Stage-I,119,Other Than Home University Seats Allotted to Other Than Home University Candidates,755d286e712e91425b6941d0e519e595fd859bebcad99a89f6c6812880fa2509
7026366bbc3b-PG_MCA_CAP1_Cutoff_MH_2025_26__1_.pdf,6141,"Jaywant Shikshan Prasarak Mandal's,Rajarshi Shahu College of Engineering, Tathawade, Pune",0614124110,2025-26,1,Maharashtra,GOBCO,GOBCO,HU,97.390747,percentile,GOBCO | 727 | 97.390747 | Stage-I,119,Other Than Home University Seats Allotted to Other Than Home University Candidates,ea969d7eb6c7da8d5e7c7f721b0d0b47249c0d991ab965dc42ccd75073c7cba8
7026366bbc3b-PG_MCA_CAP1_Cutoff_MH_2025_26__1_.pdf,6141,"Jaywant Shikshan Prasarak Mandal's,Rajarshi Shahu College of Engineering, Tathawade, Pune",0614124110,2025-26,1,Maharashtra,GSEBCO,GSEBCO,HU,97.390747,percentile,GSEBCO | 719 | 97.390747 | Stage-I,119,Other Than Home University Seats Allotted to Other Than Home University Candidates,eda664598748e9709d46787f28787dc6044d4cc87b9c39c2192f3338e76ab376
7026366bbc3b-PG_MCA_CAP1_Cutoff_MH_2025_26__1_.pdf,6141,"Jaywant Shikshan Prasarak Mandal's,Rajarshi Shahu College of Engineering, Tathawade, Pune",0614124110,2025-26,1,Maharashtra,EWS,EWS,SL,92.3361383,percentile,EWS | 2247 | 92.3361383 | Stage-I,119,Other Than Home University Seats Allotted to Other Than Home University Candidates,fa3e0799788cce0928d03681beb027690a45c4bf1ca76173e60f000fbb76f90a
7026366bbc3b-PG_MCA_CAP1_Cutoff_MH_2025_26__1_.pdf,6141,"Jaywant Shikshan Prasarak Mandal's,Rajarshi Shahu College of Engineering, Tathawade, Pune",0614124110,2025-26,1,Maharashtra,TFWS,TFWS,SL,98.6717482,percentile,TFWS | 331 | 98.6717482 | Stage-I,119,Other Than Home University Seats Allotted to Other Than Home University Candidates,6083fcc328223ba5985aa2dbbcec909e29765fbed10d622c73ab3468e6b55e22
7026366bbc3b-PG_MCA_CAP1_Cutoff_MH_2025_26__1_.pdf,6144,"Genba Sopanrao Moze College of Engineering, Baner-Balewadi, Pune",0614424110,2025-26,1,Maharashtra,GOPENH,GOPENH,HU,82.8308366,percentile,GOPENH | 6087 | 82.8308366 | Stage-I,120,Home University Seats Allotted to Home University Candidates,658f685e3eb32afc7f680138d3467bd6d2d995a18cf012a698c1329c28b1eba4
7026366bbc3b-PG_MCA_CAP1_Cutoff_MH_2025_26__1_.pdf,6144,"Genba Sopanrao Moze College of Engineering, Baner-Balewadi, Pune",0614424110,2025-26,1,Maharashtra,GSCH,GSCH,HU,58.7911466,percentile,GSCH | 12788 | 58.7911466 | Stage-I,120,Home University Seats Allotted to Home University Candidates,0ddbd992544b0cd6357038af85c41f5ca18db39aed621a03f4fc3e12315363de
7026366bbc3b-PG_MCA_CAP1_Cutoff_MH_2025_26__1_.pdf,6144,"Genba Sopanrao Moze College of Engineering, Baner-Balewadi, Pune",0614424110,2025-26,1,Maharashtra,GNTBH,GNTBH,HU,21.0059952,percentile,GNTBH | 21796 | 21.0059952 | Stage-I,120,Home University Seats Allotted to Home University Candidates,f5cfaf92f6935912711a61437ac02d85e6a861f1434cd8d3d07ec617350fc0b4
7026366bbc3b-PG_MCA_CAP1_Cutoff_MH_2025_26__1_.pdf,6144,"Genba Sopanrao Moze College of Engineering, Baner-Balewadi, Pune",0614424110,2025-26,1,Maharashtra,GNTCH,GNTCH,HU,61.2807064,percentile,GNTCH | 12323 | 61.2807064 | Stage-I,120,Home University Seats Allotted to Home University Candidates,b8e8e89e422099c93fbc2395891dcfc70e02b00990c18acc29c7d3dac519c59d
7026366bbc3b-PG_MCA_CAP1_Cutoff_MH_2025_26__1_.pdf,6144,"Genba Sopanrao Moze College of Engineering, Baner-Balewadi, Pune",0614424110,2025-26,1,Maharashtra,GNTDH,GNTDH,HU,46.3793819,percentile,GNTDH | 16307 | 46.3793819 | Stage-I,120,Home University Seats Allotted to Home University Candidates,da42761530c869402aaf87cae1e107093a586d745cae02f54643aa2f925ff5a0
7026366bbc3b-PG_MCA_CAP1_Cutoff_MH_2025_26__1_.pdf,6144,"Genba Sopanrao Moze College of Engineering, Baner-Balewadi, Pune",0614424110,2025-26,1,Maharashtra,GOBCH,GOBCH,HU,67.3579428,percentile,GOBCH | 10198 | 67.3579428 | Stage-I,120,Home University Seats Allotted to Home University Candidates,e03faed4ccf070d4d278da4648813e129b74dff5be5a0b2d27cb1d4a4118bdb2
7026366bbc3b-PG_MCA_CAP1_Cutoff_MH_2025_26__1_.pdf,6144,"Genba Sopanrao Moze College of Engineering, Baner-Balewadi, Pune",0614424110,2025-26,1,Maharashtra,GSEBCH,GSEBCH,HU,44.5345198,percentile,GSEBCH | 16800 | 44.5345198 | Stage-I,120,Home University Seats Allotted to Home University Candidates,9e75a386de1dcec00e06df33bc65728a5cb612541bfa2d4fd0d8f9338154b841
7026366bbc3b-PG_MCA_CAP1_Cutoff_MH_2025_26__1_.pdf,6144,"Genba Sopanrao Moze College of Engineering, Baner-Balewadi, Pune",0614424110,2025-26,1,Maharashtra,GSEBCH,GSEBCH,HU,79.9969812,percentile,GSEBCH | 6549 | 79.9969812 | Stage-I,120,Home University Seats Allotted to Other Than Home University Candidates,b9da6b7c7d1960c2ef86ced96b226043a9d6b07e51e06534f7c89d1701c6b4e0
7026366bbc3b-PG_MCA_CAP1_Cutoff_MH_2025_26__1_.pdf,6144,"Genba Sopanrao Moze College of Engineering, Baner-Balewadi, Pune",0614424110,2025-26,1,Maharashtra,GOPENO,GOPENO,HU,92.3361383,percentile,GOPENO | 2335 | 92.3361383 | Stage-I,120,Other Than Home University Seats Allotted to Other Than Home University Candidates,2aa54f3c517dacda102b9a7e15d82caf34c0ccb6781f667cfe93609a3f73f57f
7026366bbc3b-PG_MCA_CAP1_Cutoff_MH_2025_26__1_.pdf,6144,"Genba Sopanrao Moze College of Engineering, Baner-Balewadi, Pune",0614424110,2025-26,1,Maharashtra,GSCO,GSCO,HU,73.5368477,percentile,GSCO | 8675 | 73.5368477 | Stage-I,120,Other Than Home University Seats Allotted to Other Than Home University Candidates,29006385924f543815df6a93c66a95523be348394a2043d1a165982d6032ef8c
7026366bbc3b-PG_MCA_CAP1_Cutoff_MH_2025_26__1_.pdf,6144,"Genba Sopanrao Moze College of Engineering, Baner-Balewadi, Pune",0614424110,2025-26,1,Maharashtra,GNTBO,GNTBO,HU,56.5488095,percentile,GNTBO | 13935 | 56.5488095 | Stage-I,120,Other Than Home University Seats Allotted to Other Than Home University Candidates,296f70b491899def924c1d3c49b26df30feec85040d5702c94126a165fe7c849
7026366bbc3b-PG_MCA_CAP1_Cutoff_MH_2025_26__1_.pdf,6144,"Genba Sopanrao Moze College of Engineering, Baner-Balewadi, Pune",0614424110,2025-26,1,Maharashtra,GOBCO,GOBCO,HU,85.3851665,percentile,GOBCO | 4472 | 85.3851665 | Stage-I,120,Other Than Home University Seats Allotted to Other Than Home University Candidates,bbbdfd5396bb70d091ef744409f9d68e681b761b00f0b0ba5b877ff56f77d614
7026366bbc3b-PG_MCA_CAP1_Cutoff_MH_2025_26__1_.pdf,6144,"Genba Sopanrao Moze College of Engineering, Baner-Balewadi, Pune",0614424110,2025-26,1,Maharashtra,GSEBCO,GSEBCO,HU,80.5399495,percentile,GSEBCO | 6125 | 80.5399495 | Stage-I,120,Other Than Home University Seats Allotted to Other Than Home University Candidates,4c61889627d0946e05cb94de722572c649a73be79a71ec5157931fc417219dd4
7026366bbc3b-PG_MCA_CAP1_Cutoff_MH_2025_26__1_.pdf,6144,"Genba Sopanrao Moze College of Engineering, Baner-Balewadi, Pune",0614424110,2025-26,1,Maharashtra,EWS,EWS,SL,39.3989669,percentile,EWS | 17861 | 39.3989669 | Stage-I,120,Other Than Home University Seats Allotted to Other Than Home University Candidates,d6ddeb9ce8d647fc39a7fbd5debd9eeb5875e5a0b11babfc63be2d63ba5fcc6f
7026366bbc3b-PG_MCA_CAP1_Cutoff_MH_2025_26__1_.pdf,6144,"Genba Sopanrao Moze College of Engineering, Baner-Balewadi, Pune",0614424110,2025-26,1,Maharashtra,TFWS,TFWS,SL,93.405226,percentile,TFWS | 2169 | 93.405226 | Stage-I,120,Other Than Home University Seats Allotted to Other Than Home University Candidates,b3fd3b90ce80a8f110a0145746edb54fe18c95779b51674773fe78607495630c
7026366bbc3b-PG_MCA_CAP1_Cutoff_MH_2025_26__1_.pdf,6145,"JSPM'S Jaywantrao Sawant College of Engineering,Pune",0614524110,2025-26,1,Maharashtra,GOPENH,GOPENH,HU,93.5511867,percentile,GOPENH | 1849 | 93.5511867 | Stage-I,121,Home University Seats Allotted to Home University Candidates,5d3f8e07aa79b9dce53206851ed800badea74f5fab5d898f45a6fea47c2da2c6
7026366bbc3b-PG_MCA_CAP1_Cutoff_MH_2025_26__1_.pdf,6145,"JSPM'S Jaywantrao Sawant College of Engineering,Pune",0614524110,2025-26,1,Maharashtra,GSCH,GSCH,HU,82.8308366,percentile,GSCH | 5661 | 82.8308366 | Stage-I,121,Home University Seats Allotted to Home University Candidates,9d16dc8d4ea945847d772dd3e9214c7a8b8329d8ad26250155b8da22a880c441
7026366bbc3b-PG_MCA_CAP1_Cutoff_MH_2025_26__1_.pdf,6145,"JSPM'S Jaywantrao Sawant College of Engineering,Pune",0614524110,2025-26,1,Maharashtra,GNTAH,GNTAH,HU,85.2118788,percentile,GNTAH | 5022 | 85.2118788 | Stage-I,121,Home University Seats Allotted to Home University Candidates,16f63b5eb087be10fd7359fc340c8af77b42864d02c497781c59ddbdc67cdb83
7026366bbc3b-PG_MCA_CAP1_Cutoff_MH_2025_26__1_.pdf,6145,"JSPM'S Jaywantrao Sawant College of Engineering,Pune",0614524110,2025-26,1,Maharashtra,GNTBH,GNTBH,HU,80.5399495,percentile,GNTBH | 6214 | 80.5399495 | Stage-I,121,Home University Seats Allotted to Home University Candidates,9acdba254bf639d01e78c0af8d0625ddc4c90268ebd71d479ed34c9cb749c679
7026366bbc3b-PG_MCA_CAP1_Cutoff_MH_2025_26__1_.pdf,6145,"JSPM'S Jaywantrao Sawant College of Engineering,Pune",0614524110,2025-26,1,Maharashtra,GNTCH,GNTCH,HU,89.1966341,percentile,GNTCH | 3269 | 89.1966341 | Stage-I,121,Home University Seats Allotted to Home University Candidates,980c79ecba4dd5ccf579411af1fd4002bfb4647bd95b774db7ce29aa9703ebf6
7026366bbc3b-PG_MCA_CAP1_Cutoff_MH_2025_26__1_.pdf,6145,"JSPM'S Jaywantrao Sawant College of Engineering,Pune",0614524110,2025-26,1,Maharashtra,GOBCH,GOBCH,HU,92.3361383,percentile,GOBCH | 2407 | 92.3361383 | Stage-I,121,Home University Seats Allotted to Home University Candidates,a67c6d963bbbe5da9fcf7c4d0702f7195c0e4fd4382691f553b2fd08c83679fc
7026366bbc3b-PG_MCA_CAP1_Cutoff_MH_2025_26__1_.pdf,6145,"JSPM'S Jaywantrao Sawant College of Engineering,Pune",0614524110,2025-26,1,Maharashtra,GSEBCH,GSEBCH,HU,85.3851665,percentile,GSEBCH | 4782 | 85.3851665 | Stage-I,121,Home University Seats Allotted to Home University Candidates,e419dfee5514f91155e1e80cb12bc97179ae37278eb0ebedc70187be694e04e1
7026366bbc3b-PG_MCA_CAP1_Cutoff_MH_2025_26__1_.pdf,6145,"JSPM'S Jaywantrao Sawant College of Engineering,Pune",0614524110,2025-26,1,Maharashtra,GOPENO,GOPENO,HU,94.6454851,percentile,GOPENO | 1539 | 94.6454851 | Stage-I,121,Other Than Home University Seats Allotted to Other Than Home University Candidates,cb22210196b2b3340826246f4bcf573675b79379a8d788428260054de1d873f1
7026366bbc3b-PG_MCA_CAP1_Cutoff_MH_2025_26__1_.pdf,6145,"JSPM'S Jaywantrao Sawant College of Engineering,Pune",0614524110,2025-26,1,Maharashtra,GSCO,GSCO,HU,92.3361383,percentile,GSCO | 2358 | 92.3361383 | Stage-I,121,Other Than Home University Seats Allotted to Other Than Home University Candidates,bec369633377067cdc5816c59757b770011dfa2c8ef78b17b8da5b0a222bacd4
7026366bbc3b-PG_MCA_CAP1_Cutoff_MH_2025_26__1_.pdf,6145,"JSPM'S Jaywantrao Sawant College of Engineering,Pune",0614524110,2025-26,1,Maharashtra,GSTO,GSTO,HU,44.5345198,percentile,GSTO | 16554 | 44.5345198 | Stage-I,121,Other Than Home University Seats Allotted to Other Than Home University Candidates,7868b49eafe97686aedfb6f1d0926961e6cc3c1445b0f87ef9a1e518c955fa72
7026366bbc3b-PG_MCA_CAP1_Cutoff_MH_2025_26__1_.pdf,6145,"JSPM'S Jaywantrao Sawant College of Engineering,Pune",0614524110,2025-26,1,Maharashtra,GNTCO,GNTCO,HU,90.9663786,percentile,GNTCO | 2674 | 90.9663786 | Stage-I,121,Other Than Home University Seats Allotted to Other Than Home University Candidates,d18b21c3cfecf04e1acc8f8abc497f580df7715f5dfa692348be0d864a5577b3
7026366bbc3b-PG_MCA_CAP1_Cutoff_MH_2025_26__1_.pdf,6145,"JSPM'S Jaywantrao Sawant College of Engineering,Pune",0614524110,2025-26,1,Maharashtra,GOBCO,GOBCO,HU,94.4270578,percentile,GOBCO | 1695 | 94.4270578 | Stage-I,121,Other Than Home University Seats Allotted to Other Than Home University Candidates,281a5a7d505447966eb2560acf50d95994907d1bd8a1dc4922105c33e9e7e527
7026366bbc3b-PG_MCA_CAP1_Cutoff_MH_2025_26__1_.pdf,6145,"JSPM'S Jaywantrao Sawant College of Engineering,Pune",0614524110,2025-26,1,Maharashtra,GSEBCO,GSEBCO,HU,93.5511867,percentile,GSEBCO | 1910 | 93.5511867 | Stage-I,121,Other Than Home University Seats Allotted to Other Than Home University Candidates,906121769a17d4f76b3dfddc7632bf25352c256d52a7d039db31f64abafd19aa
7026366bbc3b-PG_MCA_CAP1_Cutoff_MH_2025_26__1_.pdf,6145,"JSPM'S Jaywantrao Sawant College of Engineering,Pune",0614524110,2025-26,1,Maharashtra,EWS,EWS,SL,89.1331398,percentile,EWS | 3831 | 89.1331398 | Stage-I,121,Other Than Home University Seats Allotted to Other Than Home University Candidates,b9b092f963147e6775e94c5b96357ed1018cdeb9479faef3d455aa0a2b15fa85
7026366bbc3b-PG_MCA_CAP1_Cutoff_MH_2025_26__1_.pdf,6145,"JSPM'S Jaywantrao Sawant College of Engineering,Pune",0614524110,2025-26,1,Maharashtra,TFWS,TFWS,SL,96.828928,percentile,TFWS | 940 | 96.828928 | Stage-I,121,Other Than Home University Seats Allotted to Other Than Home University Candidates,9c1d499747e86fc59ba11e5d24ec7212160153c363e4334bc996cf93923dfb65
7026366bbc3b-PG_MCA_CAP1_Cutoff_MH_2025_26__1_.pdf,6152,"Zeal Education Society's Zeal Institute of Business Administration, Computer Application and Research, Pune",0615224110,2025-26,1,Maharashtra,GOPENH,GOPENH,HU,79.9969812,percentile,GOPENH | 6545 | 79.9969812 | Stage-I,122,Home University Seats Allotted to Home University Candidates,6123ab06e5cca162cf1882f1b3f852c30797aba601c8eb68e98203ca8e6d53d2
7026366bbc3b-PG_MCA_CAP1_Cutoff_MH_2025_26__1_.pdf,6152,"Zeal Education Society's Zeal Institute of Business Administration, Computer Application and Research, Pune",0615224110,2025-26,1,Maharashtra,GSCH,GSCH,HU,44.5345198,percentile,GSCH | 17032 | 44.5345198 | Stage-I,122,Home University Seats Allotted to Home University Candidates,0a06d60f4589c21bc8c032521524162d2079753c7828f38023db6d218e1e8765
7026366bbc3b-PG_MCA_CAP1_Cutoff_MH_2025_26__1_.pdf,6152,"Zeal Education Society's Zeal Institute of Business Administration, Computer Application and Research, Pune",0615224110,2025-26,1,Maharashtra,GNTAH,GNTAH,HU,7.4072677,percentile,GNTAH | 24351 | 7.4072677 | Stage-I,122,Home University Seats Allotted to Home University Candidates,0529af6b6024e838821b2979c43a900ddf7c1b6bf6c34f545fd9b77110e53747
7026366bbc3b-PG_MCA_CAP1_Cutoff_MH_2025_26__1_.pdf,6152,"Zeal Education Society's Zeal Institute of Business Administration, Computer Application and Research, Pune",0615224110,2025-26,1,Maharashtra,GNTBH,GNTBH,HU,49.3533426,percentile,GNTBH | 15678 | 49.3533426 | Stage-I,122,Home University Seats Allotted to Home University Candidates,0db42cc00e159cf901c8f1bd6c0011b232998fb1e0e1877e07b7983036bca259
7026366bbc3b-PG_MCA_CAP1_Cutoff_MH_2025_26__1_.pdf,6152,"Zeal Education Society's Zeal Institute of Business Administration, Computer Application and Research, Pune",0615224110,2025-26,1,Maharashtra,GNTCH,GNTCH,HU,51.4093808,percentile,GNTCH | 14810 | 51.4093808 | Stage-I,122,Home University Seats Allotted to Home University Candidates,90a462da482334adbe651cc3b8e2eb40dcfeb70f99595344dc49304ae4392467
7026366bbc3b-PG_MCA_CAP1_Cutoff_MH_2025_26__1_.pdf,6152,"Zeal Education Society's Zeal Institute of Business Administration, Computer Application and Research, Pune",0615224110,2025-26,1,Maharashtra,GNTDH,GNTDH,HU,51.4093808,percentile,GNTDH | 14836 | 51.4093808 | Stage-I,122,Home University Seats Allotted to Home University Candidates,549759b8d6bcab1d071e7c1c9ef3e68dd3fd91c10f25625d9f7aa9bd946c56dc
7026366bbc3b-PG_MCA_CAP1_Cutoff_MH_2025_26__1_.pdf,6152,"Zeal Education Society's Zeal Institute of Business Administration, Computer Application and Research, Pune",0615224110,2025-26,1,Maharashtra,GOBCH,GOBCH,HU,71.1549338,percentile,GOBCH | 9205 | 71.1549338 | Stage-I,122,Home University Seats Allotted to Home University Candidates,1fd60a4ca79872f3853664141dcd11ba8670a05a906230bf259d4f01b98146a8
7026366bbc3b-PG_MCA_CAP1_Cutoff_MH_2025_26__1_.pdf,6152,"Zeal Education Society's Zeal Institute of Business Administration, Computer Application and Research, Pune",0615224110,2025-26,1,Maharashtra,GSEBCH,GSEBCH,HU,51.4093808,percentile,GSEBCH | 14759 | 51.4093808 | Stage-I,122,Home University Seats Allotted to Home University Candidates,5d4b81c702fae3731fa7b644fe96606ce00d9952b78bc65ea965ff634d07690a
7026366bbc3b-PG_MCA_CAP1_Cutoff_MH_2025_26__1_.pdf,6152,"Zeal Education Society's Zeal Institute of Business Administration, Computer Application and Research, Pune",0615224110,2025-26,1,Maharashtra,GNTAH,GNTAH,HU,39.3989669,percentile,GNTAH | 17690 | 39.3989669 | Stage-I,122,Home University Seats Allotted to Other Than Home University Candidates,a906152083efd5d11ff41e939875382a02b96e6bda5029a09384f86fea7d722f
7026366bbc3b-PG_MCA_CAP1_Cutoff_MH_2025_26__1_.pdf,6152,"Zeal Education Society's Zeal Institute of Business Administration, Computer Application and Research, Pune",0615224110,2025-26,1,Maharashtra,PWDOPENH,PWDOPENH,HU,39.3989669,percentile,PWDOPENH | 18121 | 39.3989669 | Stage-I,122,Home University Seats Allotted to Other Than Home University Candidates,c4e1caa50c786d9555ab41755e1dd0789daa2131d00d5d7ff683447cfb60ee5f
7026366bbc3b-PG_MCA_CAP1_Cutoff_MH_2025_26__1_.pdf,6152,"Zeal Education Society's Zeal Institute of Business Administration, Computer Application and Research, Pune",0615224110,2025-26,1,Maharashtra,GOPENO,GOPENO,HU,87.2080299,percentile,GOPENO | 4170 | 87.2080299 | Stage-I,122,Other Than Home University Seats Allotted to Other Than Home University Candidates,eee680869e8bf7e530ce0290996d25d726dfc540edd2b700f36fa30ba881f707
7026366bbc3b-PG_MCA_CAP1_Cutoff_MH_2025_26__1_.pdf,6152,"Zeal Education Society's Zeal Institute of Business Administration, Computer Application and Research, Pune",0615224110,2025-26,1,Maharashtra,GSCO,GSCO,HU,74.782248,percentile,GSCO | 8025 | 74.782248 | Stage-I,122,Other Than Home University Seats Allotted to Other Than Home University Candidates,637d7f140a5cba96a807595af85b0b29bf3757f348c35c6086a9a7fd65f2dc5e
7026366bbc3b-PG_MCA_CAP1_Cutoff_MH_2025_26__1_.pdf,6152,"Zeal Education Society's Zeal Institute of Business Administration, Computer Application and Research, Pune",0615224110,2025-26,1,Maharashtra,GNTAO,GNTAO,HU,63.1574978,percentile,GNTAO | 11504 | 63.1574978 | Stage-I,122,Other Than Home University Seats Allotted to Other Than Home University Candidates,b0fc1ba05f0d612408e33dcd9d1c93d85d83c1139ec12ea3531b438264fcb234
7026366bbc3b-PG_MCA_CAP1_Cutoff_MH_2025_26__1_.pdf,6152,"Zeal Education Society's Zeal Institute of Business Administration, Computer Application and Research, Pune",0615224110,2025-26,1,Maharashtra,GNTBO,GNTBO,HU,80.5399495,percentile,GNTBO | 6389 | 80.5399495 | Stage-I,122,Other Than Home University Seats Allotted to Other Than Home University Candidates,3d1255a949ff60309af71aa7966b2d4c050fa8172574af3b9c2568475c92d1a1
7026366bbc3b-PG_MCA_CAP1_Cutoff_MH_2025_26__1_.pdf,6152,"Zeal Education Society's Zeal Institute of Business Administration, Computer Application and Research, Pune",0615224110,2025-26,1,Maharashtra,GNTCO,GNTCO,HU,82.8308366,percentile,GNTCO | 5820 | 82.8308366 | Stage-I,122,Other Than Home University Seats Allotted to Other Than Home University Candidates,3c736b83be3970dea1b3b693a58d68c5324686ce4e0d662576af16f8710cb174
7026366bbc3b-PG_MCA_CAP1_Cutoff_MH_2025_26__1_.pdf,6152,"Zeal Education Society's Zeal Institute of Business Administration, Computer Application and Research, Pune",0615224110,2025-26,1,Maharashtra,GNTDO,GNTDO,HU,82.8308366,percentile,GNTDO | 5986 | 82.8308366 | Stage-I,122,Other Than Home University Seats Allotted to Other Than Home University Candidates,8cc82e165afae516076ef7a803c3c6f54d12cf7e4ce9a0342e8c21b6e6d5b69c
7026366bbc3b-PG_MCA_CAP1_Cutoff_MH_2025_26__1_.pdf,6152,"Zeal Education Society's Zeal Institute of Business Administration, Computer Application and Research, Pune",0615224110,2025-26,1,Maharashtra,GOBCO,GOBCO,HU,82.9644433,percentile,GOBCO | 5434 | 82.9644433 | Stage-I,122,Other Than Home University Seats Allotted to Other Than Home University Candidates,00a5952320572f75801530ea12f68bd651bd5a9ae608b73700680fc1dca1169d
7026366bbc3b-PG_MCA_CAP1_Cutoff_MH_2025_26__1_.pdf,6152,"Zeal Education Society's Zeal Institute of Business Administration, Computer Application and Research, Pune",0615224110,2025-26,1,Maharashtra,GSEBCO,GSEBCO,HU,82.9644433,percentile,GSEBCO | 5219 | 82.9644433 | Stage-I,122,Other Than Home University Seats Allotted to Other Than Home University Candidates,8d92c7ef4e6edc9a8873ff7941f2ab0f0ebd48b297602f11dad7058f7d5cf4ca
7026366bbc3b-PG_MCA_CAP1_Cutoff_MH_2025_26__1_.pdf,6152,"Zeal Education Society's Zeal Institute of Business Administration, Computer Application and Research, Pune",0615224110,2025-26,1,Maharashtra,EWS,EWS,SL,34.5198145,percentile,EWS | 18963 | 34.5198145 | Stage-I,122,Other Than Home University Seats Allotted to Other Than Home University Candidates,62109d5d1f98128cc23c43c7232747e4df743707c2bb9d9fa00ae757e472ac8f
7026366bbc3b-PG_MCA_CAP1_Cutoff_MH_2025_26__1_.pdf,6152,"Zeal Education Society's Zeal Institute of Business Administration, Computer Application and Research, Pune",0615224110,2025-26,1,Maharashtra,TFWS,TFWS,SL,90.7733494,percentile,TFWS | 3004 | 90.7733494 | Stage-I,122,Other Than Home University Seats Allotted to Other Than Home University Candidates,16e673ded210b83a366012cf1b070439fd52de927290d2e19d061d6ad8d60dca
7026366bbc3b-PG_MCA_CAP1_Cutoff_MH_2025_26__1_.pdf,6154,"Institute of Industrial & Computer Management & Research, Nigdi, Pune",0615424110,2025-26,1,Maharashtra,GOPENH,GOPENH,HU,90.7733494,percentile,GOPENH | 3007 | 90.7733494 | Stage-I,123,Home University Seats Allotted to Home University Candidates,433e65032d9f68998dd0f0bead1b9a42cce26baf666e63eef11b282f6dba7654
7026366bbc3b-PG_MCA_CAP1_Cutoff_MH_2025_26__1_.pdf,6154,"Institute of Industrial & Computer Management & Research, Nigdi, Pune",0615424110,2025-26,1,Maharashtra,GOPENO,GOPENO,HU,93.5511867,percentile,GOPENO | 1845 | 93.5511867 | Stage-I,123,Other Than Home University Seats Allotted to Other Than Home University Candidates,bc50ff91c8597e3745be2b28e77391b7f631b7dcec87929fb25766db130e05f7
7026366bbc3b-PG_MCA_CAP1_Cutoff_MH_2025_26__1_.pdf,6154,"Institute of Industrial & Computer Management & Research, Nigdi, Pune",0615424110,2025-26,1,Maharashtra,TFWS,TFWS,SL,96.392589,percentile,TFWS | 1078 | 96.392589 | Stage-I,123,Other Than Home University Seats Allotted to Other Than Home University Candidates,8c3d60f763b1cd341918762ae6b175a9f417a5d0484738a82a4fbb1716905c17
7026366bbc3b-PG_MCA_CAP1_Cutoff_MH_2025_26__1_.pdf,6155,"G.H.Raisoni College of Engineering & Management, Wagholi, Pune",0615524110,2025-26,1,Maharashtra,GOPENH,GOPENH,HU,85.3851665,percentile,GOPENH | 4468 | 85.3851665 | Stage-I,124,Home University Seats Allotted to Home University Candidates,84cd0e27eae9596bd2ff8fa8da713d5385fdb2b187de22d467a1ee6c16431eba
7026366bbc3b-PG_MCA_CAP1_Cutoff_MH_2025_26__1_.pdf,6155,"G.H.Raisoni College of Engineering & Management, Wagholi, Pune",0615524110,2025-26,1,Maharashtra,GOPENO,GOPENO,HU,90.9663786,percentile,GOPENO | 2837 | 90.9663786 | Stage-I,124,Other Than Home University Seats Allotted to Other Than Home University Candidates,e3b27986133ec32c16511d6a0ea2f2faf3a371a32d7fa81a5dcb6dc987c53e66
7026366bbc3b-PG_MCA_CAP1_Cutoff_MH_2025_26__1_.pdf,6155,"G.H.Raisoni College of Engineering & Management, Wagholi, Pune",0615524110,2025-26,1,Maharashtra,TFWS,TFWS,SL,93.405226,percentile,TFWS | 2078 | 93.405226 | Stage-I,124,Other Than Home University Seats Allotted to Other Than Home University Candidates,3abc195c7287da9effdc26950938b82bcea0adef6670b63a5d31cbd9c005f81e
7026366bbc3b-PG_MCA_CAP1_Cutoff_MH_2025_26__1_.pdf,6158,"Rajmata Jijau Shikshan Prasarak Mandal's Institute of Computer and Management Research, Dudulgaon, Pune",0615824110,2025-26,1,Maharashtra,GOPENH,GOPENH,HU,74.782248,percentile,GOPENH | 7951 | 74.782248 | Stage-I,125,Home University Seats Allotted to Home University Candidates,bd5b258d74150cd787cef3f71b0ae5140986db863abbce84a9f8cc2717cf95dc
7026366bbc3b-PG_MCA_CAP1_Cutoff_MH_2025_26__1_.pdf,6158,"Rajmata Jijau Shikshan Prasarak Mandal's Institute of Computer and Management Research, Dudulgaon, Pune",0615824110,2025-26,1,Maharashtra,GSCH,GSCH,HU,31.6629561,percentile,GSCH | 19545 | 31.6629561 | Stage-I,125,Home University Seats Allotted to Home University Candidates,d236bea4ecfe38e253f6534550429a9ee6e3882e82cff90261e497b6c5ca3611
7026366bbc3b-PG_MCA_CAP1_Cutoff_MH_2025_26__1_.pdf,6158,"Rajmata Jijau Shikshan Prasarak Mandal's Institute of Computer and Management Research, Dudulgaon, Pune",0615824110,2025-26,1,Maharashtra,GNTAH,GNTAH,HU,39.3989669,percentile,GNTAH | 17994 | 39.3989669 | Stage-I,125,Home University Seats Allotted to Home University Candidates,f7b95ab56a0d884a9b5bed4c555db5eba43b787d45dabb5cad7fc0944896a258
7026366bbc3b-PG_MCA_CAP1_Cutoff_MH_2025_26__1_.pdf,6158,"Rajmata Jijau Shikshan Prasarak Mandal's Institute of Computer and Management Research, Dudulgaon, Pune",0615824110,2025-26,1,Maharashtra,GNTBH,GNTBH,HU,46.3793819,percentile,GNTBH | 16306 | 46.3793819 | Stage-I,125,Home University Seats Allotted to Home University Candidates,ddffcde63c79d16a644b5d3feda827fa2dbc469d4315956624240d03e6708a90
7026366bbc3b-PG_MCA_CAP1_Cutoff_MH_2025_26__1_.pdf,6158,"Rajmata Jijau Shikshan Prasarak Mandal's Institute of Computer and Management Research, Dudulgaon, Pune",0615824110,2025-26,1,Maharashtra,GNTCH,GNTCH,HU,56.5488095,percentile,GNTCH | 13698 | 56.5488095 | Stage-I,125,Home University Seats Allotted to Home University Candidates,a184e3cd43b632c12bcc6978c95e22c68dffa8b6786f58ca15ed8766e8f2ab6b
7026366bbc3b-PG_MCA_CAP1_Cutoff_MH_2025_26__1_.pdf,6158,"Rajmata Jijau Shikshan Prasarak Mandal's Institute of Computer and Management Research, Dudulgaon, Pune",0615824110,2025-26,1,Maharashtra,GOBCH,GOBCH,HU,58.7911466,percentile,GOBCH | 13151 | 58.7911466 | Stage-I,125,Home University Seats Allotted to Home University Candidates,dea204b875e0d20705577d7ad274ed73a3de11ce3fc72dd24cc06200e8627000
7026366bbc3b-PG_MCA_CAP1_Cutoff_MH_2025_26__1_.pdf,6158,"Rajmata Jijau Shikshan Prasarak Mandal's Institute of Computer and Management Research, Dudulgaon, Pune",0615824110,2025-26,1,Maharashtra,GSEBCH,GSEBCH,HU,25.4779232,percentile,GSEBCH | 21189 | 25.4779232 | Stage-I,125,Home University Seats Allotted to Home University Candidates,bd336d36c50bf082012c755e6ed9ed0e8b0664b5b308e73950ed1a74525d943e
7026366bbc3b-PG_MCA_CAP1_Cutoff_MH_2025_26__1_.pdf,6158,"Rajmata Jijau Shikshan Prasarak Mandal's Institute of Computer and Management Research, Dudulgaon, Pune",0615824110,2025-26,1,Maharashtra,GSEBCH,GSEBCH,HU,67.3579428,percentile,GSEBCH | 10559 | 67.3579428 | Stage-I,125,Home University Seats Allotted to Other Than Home University Candidates,e9ff2188b152115c4aede1d3ba3a36127a1b1f1b7840de4c5cf084a5aba5d88f
7026366bbc3b-PG_MCA_CAP1_Cutoff_MH_2025_26__1_.pdf,6158,"Rajmata Jijau Shikshan Prasarak Mandal's Institute of Computer and Management Research, Dudulgaon, Pune",0615824110,2025-26,1,Maharashtra,GOPENO,GOPENO,HU,82.8308366,percentile,GOPENO | 5676 | 82.8308366 | Stage-I,125,Other Than Home University Seats Allotted to Other Than Home University Candidates,7ab96ce3a8c98496de2fd0230643839f855f407078c397af0eb8012f10bbf584
7026366bbc3b-PG_MCA_CAP1_Cutoff_MH_2025_26__1_.pdf,6158,"Rajmata Jijau Shikshan Prasarak Mandal's Institute of Computer and Management Research, Dudulgaon, Pune",0615824110,2025-26,1,Maharashtra,GSCO,GSCO,HU,76.9216256,percentile,GSCO | 7516 | 76.9216256 | Stage-I,125,Other Than Home University Seats Allotted to Other Than Home University Candidates,b35f99380c0e046ad56fc0a75417343036941c6bf8c0d563dabf686be559b3ba
7026366bbc3b-PG_MCA_CAP1_Cutoff_MH_2025_26__1_.pdf,6158,"Rajmata Jijau Shikshan Prasarak Mandal's Institute of Computer and Management Research, Dudulgaon, Pune",0615824110,2025-26,1,Maharashtra,GSTO,GSTO,HU,82.8308366,percentile,GSTO | 5923 | 82.8308366 | Stage-I,125,Other Than Home University Seats Allotted to Other Than Home University Candidates,18652e6dc7cce48fa3f0319623067dcec22e30ef9665fa519e0a8e27fefc1112
7026366bbc3b-PG_MCA_CAP1_Cutoff_MH_2025_26__1_.pdf,6158,"Rajmata Jijau Shikshan Prasarak Mandal's Institute of Computer and Management Research, Dudulgaon, Pune",0615824110,2025-26,1,Maharashtra,GNTAO,GNTAO,HU,74.782248,percentile,GNTAO | 8289 | 74.782248 | Stage-I,125,Other Than Home University Seats Allotted to Other Than Home University Candidates,af0b667816dc9ede0ab16aaba2b870bcb90317bf268e3114c7423cac33477861
7026366bbc3b-PG_MCA_CAP1_Cutoff_MH_2025_26__1_.pdf,6158,"Rajmata Jijau Shikshan Prasarak Mandal's Institute of Computer and Management Research, Dudulgaon, Pune",0615824110,2025-26,1,Maharashtra,GOBCO,GOBCO,HU,76.9216256,percentile,GOBCO | 7668 | 76.9216256 | Stage-I,125,Other Than Home University Seats Allotted to Other Than Home University Candidates,7202970236dbb6a6c6080f50e65932dff5d701e536a81966064c9317baff4c72
7026366bbc3b-PG_MCA_CAP1_Cutoff_MH_2025_26__1_.pdf,6158,"Rajmata Jijau Shikshan Prasarak Mandal's Institute of Computer and Management Research, Dudulgaon, Pune",0615824110,2025-26,1,Maharashtra,GSEBCO,GSEBCO,HU,74.782248,percentile,GSEBCO | 8173 | 74.782248 | Stage-I,125,Other Than Home University Seats Allotted to Other Than Home University Candidates,aa34343814112769595c4711020dad2f00cbc13e5374ec5fcd5ea18ee8eab147
7026366bbc3b-PG_MCA_CAP1_Cutoff_MH_2025_26__1_.pdf,6158,"Rajmata Jijau Shikshan Prasarak Mandal's Institute of Computer and Management Research, Dudulgaon, Pune",0615824110,2025-26,1,Maharashtra,GNTDO,GNTDO,HU,49.3533426,percentile,GNTDO | 15785 | 49.3533426 | Stage-I,125,Other Than Home University Seats Allotted to Home University Candidates,033c1d15d9fe67e5b2a73b16f3e683c61f07286a4e61a25064c4da5eed497680
7026366bbc3b-PG_MCA_CAP1_Cutoff_MH_2025_26__1_.pdf,6158,"Rajmata Jijau Shikshan Prasarak Mandal's Institute of Computer and Management Research, Dudulgaon, Pune",0615824110,2025-26,1,Maharashtra,EWS,EWS,SL,58.7911466,percentile,EWS | 13058 | 58.7911466 | Stage-I,125,Other Than Home University Seats Allotted to Home University Candidates,22a9c9f536972b8fdba52a799c2ad9340ac209662d1db1f3c7e8c6c37cf4175f
7026366bbc3b-PG_MCA_CAP1_Cutoff_MH_2025_26__1_.pdf,6158,"Rajmata Jijau Shikshan Prasarak Mandal's Institute of Computer and Management Research, Dudulgaon, Pune",0615824110,2025-26,1,Maharashtra,TFWS,TFWS,SL,93.5511867,percentile,TFWS | 1954 | 93.5511867 | Stage-I,125,Other Than Home University Seats Allotted to Home University Candidates,7a6a54aa0e7a0b806dab76b721cd0f686b7967b19c2c97cb773c8f24241e1559
7026366bbc3b-PG_MCA_CAP1_Cutoff_MH_2025_26__1_.pdf,6164,"Psd Shastri Educational Foundation's Asma Institute Of Management, Pune",0616424110,2025-26,1,Maharashtra,GOPENH,GOPENH,HU,80.5399495,percentile,GOPENH | 6106 | 80.5399495 | Stage-I,126,Home University Seats Allotted to Home University Candidates,83b7af4d5476c13ec96fa4ab7ce3162b49c80fb654b792918d4ae71c51b28ea2
7026366bbc3b-PG_MCA_CAP1_Cutoff_MH_2025_26__1_.pdf,6164,"Psd Shastri Educational Foundation's Asma Institute Of Management, Pune",0616424110,2025-26,1,Maharashtra,GOPENO,GOPENO,HU,89.1331398,percentile,GOPENO | 3821 | 89.1331398 | Stage-I,126,Other Than Home University Seats Allotted to Other Than Home University Candidates,56ec60a0834c081fff79557739824067f9e6ec8058527df68c8fd36bbcc35fe0
7026366bbc3b-PG_MCA_CAP1_Cutoff_MH_2025_26__1_.pdf,6164,"Psd Shastri Educational Foundation's Asma Institute Of Management, Pune",0616424110,2025-26,1,Maharashtra,TFWS,TFWS,SL,87.3496474,percentile,TFWS | 3856 | 87.3496474 | Stage-I,126,Other Than Home University Seats Allotted to Other Than Home University Candidates,d4337f53f5a298d54c82f5a6628e6035574f6bb931b92c4a42bd78ff09a869d2
7026366bbc3b-PG_MCA_CAP1_Cutoff_MH_2025_26__1_.pdf,6167,"Kamla Education Society's Pratibha Institute of Business Management, Chinchwad, Pune",0616724110,2025-26,1,Maharashtra,GOPENH,GOPENH,HU,90.7733494,percentile,GOPENH | 3218 | 90.7733494 | Stage-I,127,Home University Seats Allotted to Home University Candidates,447b03054dbfe61967d779d47eceabdccf89b1f7190d570529f7603c09ab138f
7026366bbc3b-PG_MCA_CAP1_Cutoff_MH_2025_26__1_.pdf,6167,"Kamla Education Society's Pratibha Institute of Business Management, Chinchwad, Pune",0616724110,2025-26,1,Maharashtra,GSCH,GSCH,HU,69.7143504,percentile,GSCH | 9911 | 69.7143504 | Stage-I,127,Home University Seats Allotted to Home University Candidates,2f42568a5a5215e4ca84f441ea727e6edbf10906a674440fc61acc872022d7a9
7026366bbc3b-PG_MCA_CAP1_Cutoff_MH_2025_26__1_.pdf,6167,"Kamla Education Society's Pratibha Institute of Business Management, Chinchwad, Pune",0616724110,2025-26,1,Maharashtra,GSTH,GSTH,HU,82.9644433,percentile,GSTH | 5451 | 82.9644433 | Stage-I,127,Home University Seats Allotted to Home University Candidates,855813713ee5bfbfed13767125e0129e470b09aa10b25c3ebd396dd9dbc7762e
7026366bbc3b-PG_MCA_CAP1_Cutoff_MH_2025_26__1_.pdf,6167,"Kamla Education Society's Pratibha Institute of Business Management, Chinchwad, Pune",0616724110,2025-26,1,Maharashtra,GNTAH,GNTAH,HU,63.1574978,percentile,GNTAH | 11898 | 63.1574978 | Stage-I,127,Home University Seats Allotted to Home University Candidates,f56ad2dfb5334a19804e31e54d2f372cf31d0a30a8e201fe16eb613b18e9119e
7026366bbc3b-PG_MCA_CAP1_Cutoff_MH_2025_26__1_.pdf,6167,"Kamla Education Society's Pratibha Institute of Business Management, Chinchwad, Pune",0616724110,2025-26,1,Maharashtra,GNTBH,GNTBH,HU,65.8578922,percentile,GNTBH | 10801 | 65.8578922 | Stage-I,127,Home University Seats Allotted to Home University Candidates,d907ee93fb138571d2d48b7875e2ad3ab9fb14bd573f37e0b5cca2fcde9fd1cd
7026366bbc3b-PG_MCA_CAP1_Cutoff_MH_2025_26__1_.pdf,6167,"Kamla Education Society's Pratibha Institute of Business Management, Chinchwad, Pune",0616724110,2025-26,1,Maharashtra,GNTCH,GNTCH,HU,73.5368477,percentile,GNTCH | 8951 | 73.5368477 | Stage-I,127,Home University Seats Allotted to Home University Candidates,f619b338afaf953a4bb1c9ba9c6bd88a2171e2ccecbcdd0bf1d6482a76ce874b
7026366bbc3b-PG_MCA_CAP1_Cutoff_MH_2025_26__1_.pdf,6167,"Kamla Education Society's Pratibha Institute of Business Management, Chinchwad, Pune",0616724110,2025-26,1,Maharashtra,GNTDH,GNTDH,HU,85.2118788,percentile,GNTDH | 5025 | 85.2118788 | Stage-I,127,Home University Seats Allotted to Home University Candidates,6292e35f438010fa65fe36334c37a2e86bd20e591d7beb85fef52be130f35df2
7026366bbc3b-PG_MCA_CAP1_Cutoff_MH_2025_26__1_.pdf,6167,"Kamla Education Society's Pratibha Institute of Business Management, Chinchwad, Pune",0616724110,2025-26,1,Maharashtra,GOBCH,GOBCH,HU,82.9644433,percentile,GOBCH | 5420 | 82.9644433 | Stage-I,127,Home University Seats Allotted to Home University Candidates,2ad95d9d0ea424372d3fe5607652cff6d1e5967ca9329125dc23c9fa55d2e5a5
7026366bbc3b-PG_MCA_CAP1_Cutoff_MH_2025_26__1_.pdf,6167,"Kamla Education Society's Pratibha Institute of Business Management, Chinchwad, Pune",0616724110,2025-26,1,Maharashtra,GSEBCH,GSEBCH,HU,79.9969812,percentile,GSEBCH | 6709 | 79.9969812 | Stage-I,127,Home University Seats Allotted to Home University Candidates,bff816386fc7600299ac1bc082669beadd4bd86e89f1454d3250a0795634dad6
7026366bbc3b-PG_MCA_CAP1_Cutoff_MH_2025_26__1_.pdf,6167,"Kamla Education Society's Pratibha Institute of Business Management, Chinchwad, Pune",0616724110,2025-26,1,Maharashtra,GOPENO,GOPENO,HU,89.1331398,percentile,GOPENO | 3689 | 89.1331398 | Stage-I,127,Other Than Home University Seats Allotted to Other Than Home University Candidates,a9bc5ae9a1a8de67db58eaf8945e3f730e78eed64dd5eb303552194e61b5ced1
7026366bbc3b-PG_MCA_CAP1_Cutoff_MH_2025_26__1_.pdf,6167,"Kamla Education Society's Pratibha Institute of Business Management, Chinchwad, Pune",0616724110,2025-26,1,Maharashtra,GSCO,GSCO,HU,76.9216256,percentile,GSCO | 7805 | 76.9216256 | Stage-I,127,Other Than Home University Seats Allotted to Other Than Home University Candidates,dbec8de4fa4c0772c7e51eec56a15b99b7c32e4a269f40f0cde64cf408cba6b3
7026366bbc3b-PG_MCA_CAP1_Cutoff_MH_2025_26__1_.pdf,6167,"Kamla Education Society's Pratibha Institute of Business Management, Chinchwad, Pune",0616724110,2025-26,1,Maharashtra,GNTAO,GNTAO,HU,77.8251197,percentile,GNTAO | 7221 | 77.8251197 | Stage-I,127,Other Than Home University Seats Allotted to Other Than Home University Candidates,1863be4b3443c7f49a332660cf51447bb8f53bef02f0090a2bbc3aa2467056a3
7026366bbc3b-PG_MCA_CAP1_Cutoff_MH_2025_26__1_.pdf,6167,"Kamla Education Society's Pratibha Institute of Business Management, Chinchwad, Pune",0616724110,2025-26,1,Maharashtra,GNTCO,GNTCO,HU,82.9644433,percentile,GNTCO | 5238 | 82.9644433 | Stage-I,127,Other Than Home University Seats Allotted to Other Than Home University Candidates,8d2df20892690418bf04f8ebb40aa5c3c1f2c049df06d9b38086b7a2c704e32e
7026366bbc3b-PG_MCA_CAP1_Cutoff_MH_2025_26__1_.pdf,6167,"Kamla Education Society's Pratibha Institute of Business Management, Chinchwad, Pune",0616724110,2025-26,1,Maharashtra,GOBCO,GOBCO,HU,85.2118788,percentile,GOBCO | 5115 | 85.2118788 | Stage-I,127,Other Than Home University Seats Allotted to Other Than Home University Candidates,d1763d0d5e67e657539e720a003ae580988436181991378e63952e376a199aa6
7026366bbc3b-PG_MCA_CAP1_Cutoff_MH_2025_26__1_.pdf,6167,"Kamla Education Society's Pratibha Institute of Business Management, Chinchwad, Pune",0616724110,2025-26,1,Maharashtra,GSEBCO,GSEBCO,HU,87.2080299,percentile,GSEBCO | 4423 | 87.2080299 | Stage-I,127,Other Than Home University Seats Allotted to Other Than Home University Candidates,bbf1780f3dc24ed85f1a6f44bfd84a626d0c5a42ac2b521118125606aa745d2a
7026366bbc3b-PG_MCA_CAP1_Cutoff_MH_2025_26__1_.pdf,6167,"Kamla Education Society's Pratibha Institute of Business Management, Chinchwad, Pune",0616724110,2025-26,1,Maharashtra,EWS,EWS,SL,61.2807064,percentile,EWS | 12228 | 61.2807064 | Stage-I,127,Other Than Home University Seats Allotted to Other Than Home University Candidates,9467c3f6cdbbe451cd1446bcaf1361b3f52c9d083ac0da1f9c3a69aa9e2f2e0e
7026366bbc3b-PG_MCA_CAP1_Cutoff_MH_2025_26__1_.pdf,6167,"Kamla Education Society's Pratibha Institute of Business Management, Chinchwad, Pune",0616724110,2025-26,1,Maharashtra,TFWS,TFWS,SL,94.6454851,percentile,TFWS | 1588 | 94.6454851 | Stage-I,127,Other Than Home University Seats Allotted to Other Than Home University Candidates,7bb280027c235af1564c1f02d98f1a323c04956f6ad93cbaaf6bf1cb9a49bd59
7026366bbc3b-PG_MCA_CAP1_Cutoff_MH_2025_26__1_.pdf,6168,"Shikshan Maharshi Dr. D.Y. Patil Centre for Management & Research, Chikhali , Pune",0616824110,2025-26,1,Maharashtra,GOPENH,GOPENH,HU,80.5399495,percentile,GOPENH | 6465 | 80.5399495 | Stage-I,128,Home University Seats Allotted to Home University Candidates,e7a6659075cd3ee39c53b5a24fbf465c4114034b8d7bf624299363bcd9a55253
7026366bbc3b-PG_MCA_CAP1_Cutoff_MH_2025_26__1_.pdf,6168,"Shikshan Maharshi Dr. D.Y. Patil Centre for Management & Research, Chikhali , Pune",0616824110,2025-26,1,Maharashtra,GSCH,GSCH,HU,51.4093808,percentile,GSCH | 14702 | 51.4093808 | Stage-I,128,Home University Seats Allotted to Home University Candidates,922512d24e787fdf106e516b2bdbfb579ae60ab5018a1245f0aacdc3d62d9d17
7026366bbc3b-PG_MCA_CAP1_Cutoff_MH_2025_26__1_.pdf,6168,"Shikshan Maharshi Dr. D.Y. Patil Centre for Management & Research, Chikhali , Pune",0616824110,2025-26,1,Maharashtra,GNTAH,GNTAH,HU,56.5488095,percentile,GNTAH | 13701 | 56.5488095 | Stage-I,128,Home University Seats Allotted to Home University Candidates,06ba5668a06f98db298b37a598af981f629fb6e344ef7104739f4029ab2a3443
7026366bbc3b-PG_MCA_CAP1_Cutoff_MH_2025_26__1_.pdf,6168,"Shikshan Maharshi Dr. D.Y. Patil Centre for Management & Research, Chikhali , Pune",0616824110,2025-26,1,Maharashtra,GNTCH,GNTCH,HU,67.3579428,percentile,GNTCH | 10683 | 67.3579428 | Stage-I,128,Home University Seats Allotted to Home University Candidates,867baee882e3c4599574cf8a587f49039a79209d91fe6e01a5123144f96d337d
7026366bbc3b-PG_MCA_CAP1_Cutoff_MH_2025_26__1_.pdf,6168,"Shikshan Maharshi Dr. D.Y. Patil Centre for Management & Research, Chikhali , Pune",0616824110,2025-26,1,Maharashtra,GOBCH,GOBCH,HU,69.7143504,percentile,GOBCH | 9795 | 69.7143504 | Stage-I,128,Home University Seats Allotted to Home University Candidates,9fc1e26a40784d18e1480ea98a47e60d2b46e6d34fd97c34e4668b56eec43898
7026366bbc3b-PG_MCA_CAP1_Cutoff_MH_2025_26__1_.pdf,6168,"Shikshan Maharshi Dr. D.Y. Patil Centre for Management & Research, Chikhali , Pune",0616824110,2025-26,1,Maharashtra,GSEBCH,GSEBCH,HU,44.5345198,percentile,GSEBCH | 16465 | 44.5345198 | Stage-I,128,Home University Seats Allotted to Home University Candidates,d56e2b74fa00f9c617446c8771fb9e33c74e2fd2e9f223321545bce3ad208831
7026366bbc3b-PG_MCA_CAP1_Cutoff_MH_2025_26__1_.pdf,6168,"Shikshan Maharshi Dr. D.Y. Patil Centre for Management & Research, Chikhali , Pune",0616824110,2025-26,1,Maharashtra,GNTAH,GNTAH,HU,79.9969812,percentile,GNTAH | 6756 | 79.9969812 | Stage-I,128,Home University Seats Allotted to Other Than Home University Candidates,e84a413111dde952ee6eb3ffd8fccb46d20f0d59dda7796eb75ec2c89820a10b
7026366bbc3b-PG_MCA_CAP1_Cutoff_MH_2025_26__1_.pdf,6168,"Shikshan Maharshi Dr. D.Y. Patil Centre for Management & Research, Chikhali , Pune",0616824110,2025-26,1,Maharashtra,GNTBH,GNTBH,HU,61.2807064,percentile,GNTBH | 12419 | 61.2807064 | Stage-I,128,Home University Seats Allotted to Other Than Home University Candidates,2c7fdf722c185598d8b4f31b6ae41f6efe3760b2b04303f9493e743566a35ac7
7026366bbc3b-PG_MCA_CAP1_Cutoff_MH_2025_26__1_.pdf,6168,"Shikshan Maharshi Dr. D.Y. Patil Centre for Management & Research, Chikhali , Pune",0616824110,2025-26,1,Maharashtra,GNTDH,GNTDH,HU,63.1574978,percentile,GNTDH | 11533 | 63.1574978 | Stage-I,128,Home University Seats Allotted to Other Than Home University Candidates,45e041b4c5b3264c3ba823c7edcacc9338b8920ad587840c4b3770b6d4e00a5b
7026366bbc3b-PG_MCA_CAP1_Cutoff_MH_2025_26__1_.pdf,6168,"Shikshan Maharshi Dr. D.Y. Patil Centre for Management & Research, Chikhali , Pune",0616824110,2025-26,1,Maharashtra,GOPENO,GOPENO,HU,85.2118788,percentile,GOPENO | 4934 | 85.2118788 | Stage-I,128,Other Than Home University Seats Allotted to Other Than Home University Candidates,6338beafb2824f64d8d575bcdcfc88c76bf96e9786711075513ae0d95a62d41d
7026366bbc3b-PG_MCA_CAP1_Cutoff_MH_2025_26__1_.pdf,6168,"Shikshan Maharshi Dr. D.Y. Patil Centre for Management & Research, Chikhali , Pune",0616824110,2025-26,1,Maharashtra,GSCO,GSCO,HU,76.9216256,percentile,GSCO | 7536 | 76.9216256 | Stage-I,128,Other Than Home University Seats Allotted to Other Than Home University Candidates,ee0036755bf6e98f5fa5aeee7163b5e0d7c36356d17d646aae43a960f563dc10
7026366bbc3b-PG_MCA_CAP1_Cutoff_MH_2025_26__1_.pdf,6168,"Shikshan Maharshi Dr. D.Y. Patil Centre for Management & Research, Chikhali , Pune",0616824110,2025-26,1,Maharashtra,GSTO,GSTO,HU,67.3579428,percentile,GSTO | 10530 | 67.3579428 | Stage-I,128,Other Than Home University Seats Allotted to Other Than Home University Candidates,ce14a922aaa9f0ab203b083bbbcb08cf30eefa2afcb47bd01672daa05c6e0244
7026366bbc3b-PG_MCA_CAP1_Cutoff_MH_2025_26__1_.pdf,6168,"Shikshan Maharshi Dr. D.Y. Patil Centre for Management & Research, Chikhali , Pune",0616824110,2025-26,1,Maharashtra,GNTBO,GNTBO,HU,69.7143504,percentile,GNTBO | 9823 | 69.7143504 | Stage-I,128,Other Than Home University Seats Allotted to Other Than Home University Candidates,4c2dea5421bc6ef048e2ebe1d56be3b3090ee500e081d71675ea1c8233623c5f
7026366bbc3b-PG_MCA_CAP1_Cutoff_MH_2025_26__1_.pdf,6168,"Shikshan Maharshi Dr. D.Y. Patil Centre for Management & Research, Chikhali , Pune",0616824110,2025-26,1,Maharashtra,GNTCO,GNTCO,HU,79.9969812,percentile,GNTCO | 6923 | 79.9969812 | Stage-I,128,Other Than Home University Seats Allotted to Other Than Home University Candidates,1070c940ef9c125ffd25f6143701ae3bdc5be927408a903aa9a2a8652e58e936
7026366bbc3b-PG_MCA_CAP1_Cutoff_MH_2025_26__1_.pdf,6168,"Shikshan Maharshi Dr. D.Y. Patil Centre for Management & Research, Chikhali , Pune",0616824110,2025-26,1,Maharashtra,GNTDO,GNTDO,HU,80.5399495,percentile,GNTDO | 6342 | 80.5399495 | Stage-I,128,Other Than Home University Seats Allotted to Other Than Home University Candidates,4422ee8fde82334eda677be79c37802f7cce8e303d41048fe6d9ef2c7b3fb020
7026366bbc3b-PG_MCA_CAP1_Cutoff_MH_2025_26__1_.pdf,6168,"Shikshan Maharshi Dr. D.Y. Patil Centre for Management & Research, Chikhali , Pune",0616824110,2025-26,1,Maharashtra,GOBCO,GOBCO,HU,79.9969812,percentile,GOBCO | 6661 | 79.9969812 | Stage-I,128,Other Than Home University Seats Allotted to Other Than Home University Candidates,280fc410fc79d84d27fa72fe8f6801831ea6ca5bf9d018cc21197f906c05ed1f
7026366bbc3b-PG_MCA_CAP1_Cutoff_MH_2025_26__1_.pdf,6168,"Shikshan Maharshi Dr. D.Y. Patil Centre for Management & Research, Chikhali , Pune",0616824110,2025-26,1,Maharashtra,GSEBCO,GSEBCO,HU,80.5399495,percentile,GSEBCO | 6433 | 80.5399495 | Stage-I,128,Other Than Home University Seats Allotted to Other Than Home University Candidates,212b8c0db9e0fb3c3f081668228e87609d704c1af79742e15da261bbe998f90c
7026366bbc3b-PG_MCA_CAP1_Cutoff_MH_2025_26__1_.pdf,6168,"Shikshan Maharshi Dr. D.Y. Patil Centre for Management & Research, Chikhali , Pune",0616824110,2025-26,1,Maharashtra,EWS,EWS,SL,31.6629561,percentile,EWS | 19738 | 31.6629561 | Stage-I,128,Other Than Home University Seats Allotted to Other Than Home University Candidates,2e7c985afea8b3e1bc4ea61cf50493529910adc9b806348e35dd67a3b1dd496a
7026366bbc3b-PG_MCA_CAP1_Cutoff_MH_2025_26__1_.pdf,6168,"Shikshan Maharshi Dr. D.Y. Patil Centre for Management & Research, Chikhali , Pune",0616824110,2025-26,1,Maharashtra,TFWS,TFWS,SL,92.3361383,percentile,TFWS | 2362 | 92.3361383 | Stage-I,128,Other Than Home University Seats Allotted to Other Than Home University Candidates,835b241c39009a9f7d7dc1217f6c0e254a9c268adc82ff3a203ca3f8f2a1d564
7026366bbc3b-PG_MCA_CAP1_Cutoff_MH_2025_26__1_.pdf,6170,"Abhinav Education Society's Institute of Management and Research, Haveli, Pune",0617024110,2025-26,1,Maharashtra,GOPENH,GOPENH,HU,79.9969812,percentile,GOPENH | 6575 | 79.9969812 | Stage-I,129,Home University Seats Allotted to Home University Candidates,f1e2b95a7bc71644eab0c37556c3ab7aef2df5b779c9e53b20fa46e5e627e14b
7026366bbc3b-PG_MCA_CAP1_Cutoff_MH_2025_26__1_.pdf,6170,"Abhinav Education Society's Institute of Management and Research, Haveli, Pune",0617024110,2025-26,1,Maharashtra,GSCH,GSCH,HU,44.5345198,percentile,GSCH | 16955 | 44.5345198 | Stage-I,129,Home University Seats Allotted to Home University Candidates,7511be071eb1c0f3a9d9e208697272dadf40503b549faa5a38a1967595643147
7026366bbc3b-PG_MCA_CAP1_Cutoff_MH_2025_26__1_.pdf,6170,"Abhinav Education Society's Institute of Management and Research, Haveli, Pune",0617024110,2025-26,1,Maharashtra,GNTBH,GNTBH,HU,15.5994113,percentile,GNTBH | 23090 | 15.5994113 | Stage-I,129,Home University Seats Allotted to Home University Candidates,69f0d2c064c9558052bde792e1a7a41e147f0297e2dce5fe1b7cd4bdc3242223
7026366bbc3b-PG_MCA_CAP1_Cutoff_MH_2025_26__1_.pdf,6170,"Abhinav Education Society's Institute of Management and Research, Haveli, Pune",0617024110,2025-26,1,Maharashtra,GNTCH,GNTCH,HU,76.9216256,percentile,GNTCH | 7481 | 76.9216256 | Stage-I,129,Home University Seats Allotted to Home University Candidates,0c4f1c511b9517bf395ccf9c3ac1c05c091864dff7906c2f738282d91733a046
7026366bbc3b-PG_MCA_CAP1_Cutoff_MH_2025_26__1_.pdf,6170,"Abhinav Education Society's Institute of Management and Research, Haveli, Pune",0617024110,2025-26,1,Maharashtra,GNTDH,GNTDH,HU,53.942159,percentile,GNTDH | 14503 | 53.942159 | Stage-I,129,Home University Seats Allotted to Home University Candidates,44cfb686f9dbb5024e9ab2215602f1bf9be2b0242346d2986b2d3fe2e3ecaa9e
7026366bbc3b-PG_MCA_CAP1_Cutoff_MH_2025_26__1_.pdf,6170,"Abhinav Education Society's Institute of Management and Research, Haveli, Pune",0617024110,2025-26,1,Maharashtra,GOBCH,GOBCH,HU,69.7143504,percentile,GOBCH | 10140 | 69.7143504 | Stage-I,129,Home University Seats Allotted to Home University Candidates,684a48faf7f091e56dc536d79f91481ee0b93b1b4bfec6aea66713e9724b8cab
7026366bbc3b-PG_MCA_CAP1_Cutoff_MH_2025_26__1_.pdf,6170,"Abhinav Education Society's Institute of Management and Research, Haveli, Pune",0617024110,2025-26,1,Maharashtra,GSEBCH,GSEBCH,HU,61.2807064,percentile,GSEBCH | 12392 | 61.2807064 | Stage-I,129,Home University Seats Allotted to Home University Candidates,24af088a040ca2a06164ebf0b3d82e7146b2e12336b3e2babfa1bafd781382cf
7026366bbc3b-PG_MCA_CAP1_Cutoff_MH_2025_26__1_.pdf,6170,"Abhinav Education Society's Institute of Management and Research, Haveli, Pune",0617024110,2025-26,1,Maharashtra,GNTAH,GNTAH,HU,46.3793819,percentile,GNTAH | 16391 | 46.3793819 | Stage-I,129,Home University Seats Allotted to Other Than Home University Candidates,10322c79774c49e56417e2ec2a24f31cca00d207d54d48685b6d04a9dc9c0038
7026366bbc3b-PG_MCA_CAP1_Cutoff_MH_2025_26__1_.pdf,6170,"Abhinav Education Society's Institute of Management and Research, Haveli, Pune",0617024110,2025-26,1,Maharashtra,GOPENO,GOPENO,HU,85.3851665,percentile,GOPENO | 4703 | 85.3851665 | Stage-I,129,Other Than Home University Seats Allotted to Other Than Home University Candidates,852aef3c9f590d45c44758b8669aaad922e287cb9728489da85308c777bfce81
7026366bbc3b-PG_MCA_CAP1_Cutoff_MH_2025_26__1_.pdf,6170,"Abhinav Education Society's Institute of Management and Research, Haveli, Pune",0617024110,2025-26,1,Maharashtra,GSCO,GSCO,HU,67.3579428,percentile,GSCO | 10476 | 67.3579428 | Stage-I,129,Other Than Home University Seats Allotted to Other Than Home University Candidates,236f09ca9185689cac1c4ed8436f26e4c07fddf87a5c0687d60e88d6da0cb8cf
7026366bbc3b-PG_MCA_CAP1_Cutoff_MH_2025_26__1_.pdf,6170,"Abhinav Education Society's Institute of Management and Research, Haveli, Pune",0617024110,2025-26,1,Maharashtra,GNTAO,GNTAO,HU,58.7911466,percentile,GNTAO | 12923 | 58.7911466 | Stage-I,129,Other Than Home University Seats Allotted to Other Than Home University Candidates,05fb0f271a5475bcac4f5c60612145765c0c28f9438bd07898323e9ff5418038
7026366bbc3b-PG_MCA_CAP1_Cutoff_MH_2025_26__1_.pdf,6170,"Abhinav Education Society's Institute of Management and Research, Haveli, Pune",0617024110,2025-26,1,Maharashtra,GOBCO,GOBCO,HU,79.9969812,percentile,GOBCO | 6510 | 79.9969812 | Stage-I,129,Other Than Home University Seats Allotted to Other Than Home University Candidates,66eb446082b4b76927ab260619e6ad46e44aa24b1c59be27e6985a7b9e829057
7026366bbc3b-PG_MCA_CAP1_Cutoff_MH_2025_26__1_.pdf,6170,"Abhinav Education Society's Institute of Management and Research, Haveli, Pune",0617024110,2025-26,1,Maharashtra,GSEBCO,GSEBCO,HU,82.8308366,percentile,GSEBCO | 6085 | 82.8308366 | Stage-I,129,Other Than Home University Seats Allotted to Other Than Home University Candidates,6e8253a8d2a696afdd97aab010e72491e19bdb775c6e0e428fa469c9911fa2e4
7026366bbc3b-PG_MCA_CAP1_Cutoff_MH_2025_26__1_.pdf,6170,"Abhinav Education Society's Institute of Management and Research, Haveli, Pune",0617024110,2025-26,1,Maharashtra,EWS,EWS,SL,41.4550394,percentile,EWS | 17480 | 41.4550394 | Stage-I,129,Other Than Home University Seats Allotted to Other Than Home University Candidates,1ec1bbd2a014ada93474dfd406823f8221615a7b55d91456eee364b54a7f9f32
7026366bbc3b-PG_MCA_CAP1_Cutoff_MH_2025_26__1_.pdf,6170,"Abhinav Education Society's Institute of Management and Research, Haveli, Pune",0617024110,2025-26,1,Maharashtra,TFWS,TFWS,SL,93.405226,percentile,TFWS | 2073 | 93.405226 | Stage-I,129,Other Than Home University Seats Allotted to Other Than Home University Candidates,2c514542d688cf6eed419b160150128161f2c1b38c74c0e8cdb94d23ec446856
7026366bbc3b-PG_MCA_CAP1_Cutoff_MH_2025_26__1_.pdf,6175,"Pimpri Chinchwad Education Trust, Pimpri Chinchwad College of Engineering, Pune",0617524110,2025-26,1,Maharashtra,GOPENH,GOPENH,HU,99.2830459,percentile,GOPENH | 160 | 99.2830459 | Stage-I,130,Home University Seats Allotted to Home University Candidates,9b925b4e4032538a962c0edd2906d1d226e85e283259712fe7b210d44dc16f7f
7026366bbc3b-PG_MCA_CAP1_Cutoff_MH_2025_26__1_.pdf,6175,"Pimpri Chinchwad Education Trust, Pimpri Chinchwad College of Engineering, Pune",0617524110,2025-26,1,Maharashtra,GSCH,GSCH,HU,97.6265047,percentile,GSCH | 682 | 97.6265047 | Stage-I,130,Home University Seats Allotted to Home University Candidates,706a3155b204977dfcbb27aba02232020b7cd8a9aa9c702487c8f89093752671
7026366bbc3b-PG_MCA_CAP1_Cutoff_MH_2025_26__1_.pdf,6175,"Pimpri Chinchwad Education Trust, Pimpri Chinchwad College of Engineering, Pune",0617524110,2025-26,1,Maharashtra,GSTH,GSTH,HU,93.5511867,percentile,GSTH | 1949 | 93.5511867 | Stage-I,130,Home University Seats Allotted to Home University Candidates,5574caecd074ffec41878c59d261048b5801c38079af41d233701391c9b6b16d
7026366bbc3b-PG_MCA_CAP1_Cutoff_MH_2025_26__1_.pdf,6175,"Pimpri Chinchwad Education Trust, Pimpri Chinchwad College of Engineering, Pune",0617524110,2025-26,1,Maharashtra,GNTAH,GNTAH,HU,98.9283423,percentile,GNTAH | 269 | 98.9283423 | Stage-I,130,Home University Seats Allotted to Home University Candidates,3c92572e4474521f4168e82ba714ebcdac8fff9e645c660286404991fa7a015a
7026366bbc3b-PG_MCA_CAP1_Cutoff_MH_2025_26__1_.pdf,6175,"Pimpri Chinchwad Education Trust, Pimpri Chinchwad College of Engineering, Pune",0617524110,2025-26,1,Maharashtra,GNTCH,GNTCH,HU,97.8055126,percentile,GNTCH | 582 | 97.8055126 | Stage-I,130,Home University Seats Allotted to Home University Candidates,d7205add48cdcdea58aefe064df44f5bc201d7761ff23319a8be8b45a86506ea
7026366bbc3b-PG_MCA_CAP1_Cutoff_MH_2025_26__1_.pdf,6175,"Pimpri Chinchwad Education Trust, Pimpri Chinchwad College of Engineering, Pune",0617524110,2025-26,1,Maharashtra,GOBCH,GOBCH,HU,98.5181554,percentile,GOBCH | 385 | 98.5181554 | Stage-I,130,Home University Seats Allotted to Home University Candidates,c9b5d42e34f90514e396ce983b59173581479d0e5bd4ed986606b0d7fb570d51
7026366bbc3b-PG_MCA_CAP1_Cutoff_MH_2025_26__1_.pdf,6175,"Pimpri Chinchwad Education Trust, Pimpri Chinchwad College of Engineering, Pune",0617524110,2025-26,1,Maharashtra,GSEBCH,GSEBCH,HU,99.113241,percentile,GSEBCH | 199 | 99.113241 | Stage-I,130,Home University Seats Allotted to Home University Candidates,a94ee4c3cfe27ac66a7edaadd47bf66b004bf3d63e5c20cc50f8c20f418197c7
7026366bbc3b-PG_MCA_CAP1_Cutoff_MH_2025_26__1_.pdf,6175,"Pimpri Chinchwad Education Trust, Pimpri Chinchwad College of Engineering, Pune",0617524110,2025-26,1,Maharashtra,PWDOPENH,PWDOPENH,HU,96.1125146,percentile,PWDOPENH | 1193 | 96.1125146 | Stage-I,130,Home University Seats Allotted to Home University Candidates,84607e3a33c2f343aac78b50b404981fdf9dd85a56b51cbcfa916a5ccc5966a5
7026366bbc3b-PG_MCA_CAP1_Cutoff_MH_2025_26__1_.pdf,6175,"Pimpri Chinchwad Education Trust, Pimpri Chinchwad College of Engineering, Pune",0617524110,2025-26,1,Maharashtra,PWDROBCH,PWDROBCH,HU,5.5960152,percentile,PWDROBCH | 24637 | 5.5960152 | Stage-I,130,Home University Seats Allotted to Other Than Home University Candidates,b1010235f8a831bf803cb1c477469630e720183a1b5dae0cab9b789fce754497
7026366bbc3b-PG_MCA_CAP1_Cutoff_MH_2025_26__1_.pdf,6175,"Pimpri Chinchwad Education Trust, Pimpri Chinchwad College of Engineering, Pune",0617524110,2025-26,1,Maharashtra,GOPENO,GOPENO,HU,99.5434135,percentile,GOPENO | 101 | 99.5434135 | Stage-I,130,Other Than Home University Seats Allotted to Other Than Home University Candidates,bd0ed7f4e98c395aa141f54bd7b7b656f7eb699bc04a51fe187e8eacdb7cf39f
7026366bbc3b-PG_MCA_CAP1_Cutoff_MH_2025_26__1_.pdf,6175,"Pimpri Chinchwad Education Trust, Pimpri Chinchwad College of Engineering, Pune",0617524110,2025-26,1,Maharashtra,GSCO,GSCO,HU,97.6265047,percentile,GSCO | 630 | 97.6265047 | Stage-I,130,Other Than Home University Seats Allotted to Other Than Home University Candidates,72da911a5fb7eadc6d683eceead3cff45e38548ad921dab5e54bd62066cb176e
7026366bbc3b-PG_MCA_CAP1_Cutoff_MH_2025_26__1_.pdf,6175,"Pimpri Chinchwad Education Trust, Pimpri Chinchwad College of Engineering, Pune",0617524110,2025-26,1,Maharashtra,GNTBO,GNTBO,HU,99.3736085,percentile,GNTBO | 154 | 99.3736085 | Stage-I,130,Other Than Home University Seats Allotted to Other Than Home University Candidates,a32ce2fed74b52a3ecb587bd9261cbc011ce82b7bbc6bba0b0ca994f1b94b5ce
7026366bbc3b-PG_MCA_CAP1_Cutoff_MH_2025_26__1_.pdf,6175,"Pimpri Chinchwad Education Trust, Pimpri Chinchwad College of Engineering, Pune",0617524110,2025-26,1,Maharashtra,GNTCO,GNTCO,HU,99.2830459,percentile,GNTCO | 162 | 99.2830459 | Stage-I,130,Other Than Home University Seats Allotted to Other Than Home University Candidates,14d3e26ed907ff9aef729f57fdf7736c582b5b24b4687ece61e95e4a97c272b8
7026366bbc3b-PG_MCA_CAP1_Cutoff_MH_2025_26__1_.pdf,6175,"Pimpri Chinchwad Education Trust, Pimpri Chinchwad College of Engineering, Pune",0617524110,2025-26,1,Maharashtra,GOBCO,GOBCO,HU,99.113241,percentile,GOBCO | 200 | 99.113241 | Stage-I,130,Other Than Home University Seats Allotted to Other Than Home University Candidates,754f032f329f8bdc8b0e5967b92977c5c5d4f5530cdbdf03b2398c7840c34c7b
7026366bbc3b-PG_MCA_CAP1_Cutoff_MH_2025_26__1_.pdf,6175,"Pimpri Chinchwad Education Trust, Pimpri Chinchwad College of Engineering, Pune",0617524110,2025-26,1,Maharashtra,GSEBCO,GSEBCO,HU,99.113241,percentile,GSEBCO | 210 | 99.113241 | Stage-I,130,Other Than Home University Seats Allotted to Other Than Home University Candidates,0eeef7d66f1fc9f66f9ed4c5adcf65548ec3f7003fd39a906aacea7046b218a2
7026366bbc3b-PG_MCA_CAP1_Cutoff_MH_2025_26__1_.pdf,6175,"Pimpri Chinchwad Education Trust, Pimpri Chinchwad College of Engineering, Pune",0617524110,2025-26,1,Maharashtra,EWS,EWS,SL,98.9283423,percentile,EWS | 278 | 98.9283423 | Stage-I,130,Other Than Home University Seats Allotted to Other Than Home University Candidates,e0523a541d58e088bb693d5a06ab67e82336fccb51244220a766e4d9b586cb03
7026366bbc3b-PG_MCA_CAP1_Cutoff_MH_2025_26__1_.pdf,6175,"Pimpri Chinchwad Education Trust, Pimpri Chinchwad College of Engineering, Pune",0617524110,2025-26,1,Maharashtra,TFWS,TFWS,SL,99.6830308,percentile,TFWS | 76 | 99.6830308 | Stage-I,130,Other Than Home University Seats Allotted to Other Than Home University Candidates,82258fffdb5bdcd30df379ec864abd3d4eb0be89e1ffd473e4ad3d1cbc5cfc5e
7026366bbc3b-PG_MCA_CAP1_Cutoff_MH_2025_26__1_.pdf,6179,"Indira College of Engineering & Management, Pune",0617924110,2025-26,1,Maharashtra,GOPENH,GOPENH,HU,97.8055126,percentile,GOPENH | 604 | 97.8055126 | Stage-I,131,Home University Seats Allotted to Home University Candidates,6962bb5cbbfa1fb498e0a687f3804573eb30f40f4aa940ab474dea9816bb1192
7026366bbc3b-PG_MCA_CAP1_Cutoff_MH_2025_26__1_.pdf,6179,"Indira College of Engineering & Management, Pune",0617924110,2025-26,1,Maharashtra,GSCH,GSCH,HU,96.1125146,percentile,GSCH | 1219 | 96.1125146 | Stage-I,131,Home University Seats Allotted to Home University Candidates,33c19097e27b013474c3ad462b5a8120b2428e2536f637583cc70284b5fae9c0
7026366bbc3b-PG_MCA_CAP1_Cutoff_MH_2025_26__1_.pdf,6179,"Indira College of Engineering & Management, Pune",0617924110,2025-26,1,Maharashtra,GSTH,GSTH,HU,76.9216256,percentile,GSTH | 7829 | 76.9216256 | Stage-I,131,Home University Seats Allotted to Home University Candidates,2f29fff17d8f9f69a25d324031fdf133e5e4dc5aab5d22b389471e7109ade9f9
7026366bbc3b-PG_MCA_CAP1_Cutoff_MH_2025_26__1_.pdf,6179,"Indira College of Engineering & Management, Pune",0617924110,2025-26,1,Maharashtra,GNTAH,GNTAH,HU,92.1797821,percentile,GNTAH | 2439 | 92.1797821 | Stage-I,131,Home University Seats Allotted to Home University Candidates,2ad55cfeaf173312d965b4071e6a8930a7b19297eba889dfa7e5711cd7beaba4
7026366bbc3b-PG_MCA_CAP1_Cutoff_MH_2025_26__1_.pdf,6179,"Indira College of Engineering & Management, Pune",0617924110,2025-26,1,Maharashtra,GNTBH,GNTBH,HU,90.9663786,percentile,GNTBH | 2853 | 90.9663786 | Stage-I,131,Home University Seats Allotted to Home University Candidates,2ad503f8ee6446527890f15d606f9bde366a0edcf9b1c57b7e0a8bca1ac9ef52
7026366bbc3b-PG_MCA_CAP1_Cutoff_MH_2025_26__1_.pdf,6179,"Indira College of Engineering & Management, Pune",0617924110,2025-26,1,Maharashtra,GNTCH,GNTCH,HU,96.1125146,percentile,GNTCH | 1166 | 96.1125146 | Stage-I,131,Home University Seats Allotted to Home University Candidates,8ed9fd0513a4b6d06abc480fa137b535dfd05d3175f4c9b608fea34c2bae40b4
7026366bbc3b-PG_MCA_CAP1_Cutoff_MH_2025_26__1_.pdf,6179,"Indira College of Engineering & Management, Pune",0617924110,2025-26,1,Maharashtra,GNTDH,GNTDH,HU,89.1331398,percentile,GNTDH | 3587 | 89.1331398 | Stage-I,131,Home University Seats Allotted to Home University Candidates,a70b831ae143c9025bfaef8e37f99666391560ace43953bf7ed00900b5390c5a
7026366bbc3b-PG_MCA_CAP1_Cutoff_MH_2025_26__1_.pdf,6179,"Indira College of Engineering & Management, Pune",0617924110,2025-26,1,Maharashtra,GOBCH,GOBCH,HU,97.0718086,percentile,GOBCH | 835 | 97.0718086 | Stage-I,131,Home University Seats Allotted to Home University Candidates,66c16a97c90c4586382c0087951261f28c00813ff20aa22cafaedcd52f520bc4
7026366bbc3b-PG_MCA_CAP1_Cutoff_MH_2025_26__1_.pdf,6179,"Indira College of Engineering & Management, Pune",0617924110,2025-26,1,Maharashtra,GSEBCH,GSEBCH,HU,96.1125146,percentile,GSEBCH | 1177 | 96.1125146 | Stage-I,131,Home University Seats Allotted to Home University Candidates,4db0006d0e83761588d65f65f343f5f487057ab3b57bbe4ec67b931f92657458
7026366bbc3b-PG_MCA_CAP1_Cutoff_MH_2025_26__1_.pdf,6179,"Indira College of Engineering & Management, Pune",0617924110,2025-26,1,Maharashtra,PWDOPENH,PWDOPENH,HU,46.3793819,percentile,PWDOPENH | 16380 | 46.3793819 | Stage-I,131,Home University Seats Allotted to Home University Candidates,57a0638f2195770b3ad10a75ee9844a1880764ad51c28a1e4f72773e5f74f94a
7026366bbc3b-PG_MCA_CAP1_Cutoff_MH_2025_26__1_.pdf,6179,"Indira College of Engineering & Management, Pune",0617924110,2025-26,1,Maharashtra,PWDROBCH,PWDROBCH,HU,41.4550394,percentile,PWDROBCH | 17117 | 41.4550394 | Stage-I,131,Home University Seats Allotted to Other Than Home University Candidates,d17e156dd5824a7e3256debe6e1aa295167f48986522d842e1770287407b06fc
7026366bbc3b-PG_MCA_CAP1_Cutoff_MH_2025_26__1_.pdf,6179,"Indira College of Engineering & Management, Pune",0617924110,2025-26,1,Maharashtra,GOPENO,GOPENO,HU,98.7632442,percentile,GOPENO | 308 | 98.7632442 | Stage-I,131,Other Than Home University Seats Allotted to Other Than Home University Candidates,d9275af547f0f704e85482e71a25c16d9cb10bdaed3c241ce0b64790a86fd208
7026366bbc3b-PG_MCA_CAP1_Cutoff_MH_2025_26__1_.pdf,6179,"Indira College of Engineering & Management, Pune",0617924110,2025-26,1,Maharashtra,GSCO,GSCO,HU,96.828928,percentile,GSCO | 890 | 96.828928 | Stage-I,131,Other Than Home University Seats Allotted to Other Than Home University Candidates,869a0a5ddbccfd8af8422b49f3bdd7285aef6e218d477531a49003f7175a1d0b
7026366bbc3b-PG_MCA_CAP1_Cutoff_MH_2025_26__1_.pdf,6179,"Indira College of Engineering & Management, Pune",0617924110,2025-26,1,Maharashtra,GSTO,GSTO,HU,92.3361383,percentile,GSTO | 2253 | 92.3361383 | Stage-I,131,Other Than Home University Seats Allotted to Other Than Home University Candidates,888dac93c024a871f01f43954c513d0d7d18aca7cbc012a9fab90f6a22944c0c
7026366bbc3b-PG_MCA_CAP1_Cutoff_MH_2025_26__1_.pdf,6179,"Indira College of Engineering & Management, Pune",0617924110,2025-26,1,Maharashtra,GNTDO,GNTDO,HU,90.7733494,percentile,GNTDO | 3027 | 90.7733494 | Stage-I,131,Other Than Home University Seats Allotted to Other Than Home University Candidates,8d3a1192e81e89cbb71ad3b8ef7d5f334a2a3c01f81cbc6289f52b9af80428fc
7026366bbc3b-PG_MCA_CAP1_Cutoff_MH_2025_26__1_.pdf,6179,"Indira College of Engineering & Management, Pune",0617924110,2025-26,1,Maharashtra,GOBCO,GOBCO,HU,98.5181554,percentile,GOBCO | 383 | 98.5181554 | Stage-I,131,Other Than Home University Seats Allotted to Other Than Home University Candidates,6d35a1e3bcb187ee99d87181f1e61b13b2782949eaaa1c84641a7e4dec17786d
7026366bbc3b-PG_MCA_CAP1_Cutoff_MH_2025_26__1_.pdf,6179,"Indira College of Engineering & Management, Pune",0617924110,2025-26,1,Maharashtra,GSEBCO,GSEBCO,HU,98.5181554,percentile,GSEBCO | 370 | 98.5181554 | Stage-I,131,Other Than Home University Seats Allotted to Other Than Home University Candidates,f6a09898648825cc39344eb95cd9454e8424e64fb6ec8b76f1a38daeb1437d7a
7026366bbc3b-PG_MCA_CAP1_Cutoff_MH_2025_26__1_.pdf,6179,"Indira College of Engineering & Management, Pune",0617924110,2025-26,1,Maharashtra,EWS,EWS,SL,94.4270578,percentile,EWS | 1805 | 94.4270578 | Stage-I,131,Other Than Home University Seats Allotted to Other Than Home University Candidates,65feddecdeb017bf9cfc5a2155369a462a0ce4e4700430da606770deae650467
7026366bbc3b-PG_MCA_CAP1_Cutoff_MH_2025_26__1_.pdf,6179,"Indira College of Engineering & Management, Pune",0617924110,2025-26,1,Maharashtra,TFWS,TFWS,SL,99.008333,percentile,TFWS | 225 | 99.008333 | Stage-I,131,Other Than Home University Seats Allotted to Other Than Home University Candidates,5230717233c03c3cbea4c4a56c59bd3e03f56e61eb646b0f9cb89e3239ff1494
7026366bbc3b-PG_MCA_CAP1_Cutoff_MH_2025_26__1_.pdf,6201,"Dr. D. Y. Patil School Of MCA, Lohegaon,Pune",0620124110,2025-26,1,Maharashtra,GOPENH,GOPENH,HU,89.1331398,percentile,GOPENH | 3608 | 89.1331398 | Stage-I,132,Home University Seats Allotted to Home University Candidates,f35acb3c5581070d5e02d7735a69a7597e78d61f506de968c4afbf21a06f5225
7026366bbc3b-PG_MCA_CAP1_Cutoff_MH_2025_26__1_.pdf,6201,"Dr. D. Y. Patil School Of MCA, Lohegaon,Pune",0620124110,2025-26,1,Maharashtra,GSCH,GSCH,HU,71.1549338,percentile,GSCH | 9559 | 71.1549338 | Stage-I,132,Home University Seats Allotted to Home University Candidates,3b6c1238c42f032509a03185c0a0cb5ec3be65f1b3d2701913733456af10430d
7026366bbc3b-PG_MCA_CAP1_Cutoff_MH_2025_26__1_.pdf,6201,"Dr. D. Y. Patil School Of MCA, Lohegaon,Pune",0620124110,2025-26,1,Maharashtra,GSTH,GSTH,HU,63.1574978,percentile,GSTH | 11998 | 63.1574978 | Stage-I,132,Home University Seats Allotted to Home University Candidates,43c3bebe5810e6ae72f0464a598fe293ff51b7959a35590715adcbe65805343b
7026366bbc3b-PG_MCA_CAP1_Cutoff_MH_2025_26__1_.pdf,6201,"Dr. D. Y. Patil School Of MCA, Lohegaon,Pune",0620124110,2025-26,1,Maharashtra,GNTAH,GNTAH,HU,63.1574978,percentile,GNTAH | 11851 | 63.1574978 | Stage-I,132,Home University Seats Allotted to Home University Candidates,cfe8a311deeee8a0c068ed8355e16b4d6f312fc838e2344696bb8a597084ac80
7026366bbc3b-PG_MCA_CAP1_Cutoff_MH_2025_26__1_.pdf,6201,"Dr. D. Y. Patil School Of MCA, Lohegaon,Pune",0620124110,2025-26,1,Maharashtra,GNTBH,GNTBH,HU,67.3579428,percentile,GNTBH | 10246 | 67.3579428 | Stage-I,132,Home University Seats Allotted to Home University Candidates,0c82be32991f16e2b02f47bc2bd46032f78ce013a3ed287aae6ba322c25043c3
7026366bbc3b-PG_MCA_CAP1_Cutoff_MH_2025_26__1_.pdf,6201,"Dr. D. Y. Patil School Of MCA, Lohegaon,Pune",0620124110,2025-26,1,Maharashtra,GNTCH,GNTCH,HU,87.3496474,percentile,GNTCH | 4118 | 87.3496474 | Stage-I,132,Home University Seats Allotted to Home University Candidates,512c7900c4460427c278d9809505c485ec0d4b17cfbbd02d14c55f271b121cca
7026366bbc3b-PG_MCA_CAP1_Cutoff_MH_2025_26__1_.pdf,6201,"Dr. D. Y. Patil School Of MCA, Lohegaon,Pune",0620124110,2025-26,1,Maharashtra,GNTDH,GNTDH,HU,69.7143504,percentile,GNTDH | 9870 | 69.7143504 | Stage-I,132,Home University Seats Allotted to Home University Candidates,30a850f78f28e546e5e36a4f5f0fa80c0abf8204891c1b17d5db34e2f2e8ba80
7026366bbc3b-PG_MCA_CAP1_Cutoff_MH_2025_26__1_.pdf,6201,"Dr. D. Y. Patil School Of MCA, Lohegaon,Pune",0620124110,2025-26,1,Maharashtra,GOBCH,GOBCH,HU,82.9644433,percentile,GOBCH | 5374 | 82.9644433 | Stage-I,132,Home University Seats Allotted to Home University Candidates,915af40022050577b506953f824887f77199c38071c248713ffb7e5fbdf6b31f
7026366bbc3b-PG_MCA_CAP1_Cutoff_MH_2025_26__1_.pdf,6201,"Dr. D. Y. Patil School Of MCA, Lohegaon,Pune",0620124110,2025-26,1,Maharashtra,GSEBCH,GSEBCH,HU,74.782248,percentile,GSEBCH | 8072 | 74.782248 | Stage-I,132,Home University Seats Allotted to Home University Candidates,1bd5dcccdbfa7213bd2375648a02c967b8aafc0f3a2680d2e6c34f01b02f31ee
7026366bbc3b-PG_MCA_CAP1_Cutoff_MH_2025_26__1_.pdf,6201,"Dr. D. Y. Patil School Of MCA, Lohegaon,Pune",0620124110,2025-26,1,Maharashtra,PWDOPENH,PWDOPENH,HU,87.2080299,percentile,PWDOPENH | 4368 | 87.2080299 | Stage-I,132,Home University Seats Allotted to Other Than Home University Candidates,0a84d55fd4ed78383df96f363b561dff818296c3e0f6ed54bd2ce797d30ef261
7026366bbc3b-PG_MCA_CAP1_Cutoff_MH_2025_26__1_.pdf,6201,"Dr. D. Y. Patil School Of MCA, Lohegaon,Pune",0620124110,2025-26,1,Maharashtra,GOPENO,GOPENO,HU,92.1797821,percentile,GOPENO | 2430 | 92.1797821 | Stage-I,132,Other Than Home University Seats Allotted to Other Than Home University Candidates,b341a8cc5f34d6d3d34adb917e180f2275ec218099a6dc594dc92ec8c9db5f99
7026366bbc3b-PG_MCA_CAP1_Cutoff_MH_2025_26__1_.pdf,6201,"Dr. D. Y. Patil School Of MCA, Lohegaon,Pune",0620124110,2025-26,1,Maharashtra,GSCO,GSCO,HU,89.1966341,percentile,GSCO | 3505 | 89.1966341 | Stage-I,132,Other Than Home University Seats Allotted to Other Than Home University Candidates,f1c74d0b05bab72870630ad58e2e43b4c44e8b7385709059a4280f562a98f267
7026366bbc3b-PG_MCA_CAP1_Cutoff_MH_2025_26__1_.pdf,6201,"Dr. D. Y. Patil School Of MCA, Lohegaon,Pune",0620124110,2025-26,1,Maharashtra,GSTO,GSTO,HU,12.4750009,percentile,GSTO | 23487 | 12.4750009 | Stage-I,132,Other Than Home University Seats Allotted to Other Than Home University Candidates,ae48bbef79c0291a41c4ce26f60cc50817c1d99491561a8d5b6f63f44e14e9de
7026366bbc3b-PG_MCA_CAP1_Cutoff_MH_2025_26__1_.pdf,6201,"Dr. D. Y. Patil School Of MCA, Lohegaon,Pune",0620124110,2025-26,1,Maharashtra,GNTAO,GNTAO,HU,87.2080299,percentile,GNTAO | 4389 | 87.2080299 | Stage-I,132,Other Than Home University Seats Allotted to Other Than Home University Candidates,fbb1a64099c7dc8b44a2f079f7db266e016b8ed950c088689222528cbfbfc8d4
7026366bbc3b-PG_MCA_CAP1_Cutoff_MH_2025_26__1_.pdf,6201,"Dr. D. Y. Patil School Of MCA, Lohegaon,Pune",0620124110,2025-26,1,Maharashtra,GNTBO,GNTBO,HU,85.2118788,percentile,GNTBO | 4879 | 85.2118788 | Stage-I,132,Other Than Home University Seats Allotted to Other Than Home University Candidates,e499dfb1002a98f0db1ef9dc7659d9a1467c062ec94987082833ef6325786f55
7026366bbc3b-PG_MCA_CAP1_Cutoff_MH_2025_26__1_.pdf,6201,"Dr. D. Y. Patil School Of MCA, Lohegaon,Pune",0620124110,2025-26,1,Maharashtra,GNTCO,GNTCO,HU,87.2080299,percentile,GNTCO | 4221 | 87.2080299 | Stage-I,132,Other Than Home University Seats Allotted to Other Than Home University Candidates,533e33744f1c049aebfe9aa51787c9191d94c9c267a5d7564de17747276387de
7026366bbc3b-PG_MCA_CAP1_Cutoff_MH_2025_26__1_.pdf,6201,"Dr. D. Y. Patil School Of MCA, Lohegaon,Pune",0620124110,2025-26,1,Maharashtra,GOBCO,GOBCO,HU,90.7733494,percentile,GOBCO | 3043 | 90.7733494 | Stage-I,132,Other Than Home University Seats Allotted to Other Than Home University Candidates,841f0956bce4f8b1f2d34d3940aff6fe7ef5f4dcdce6a2e23c846820d350f765
7026366bbc3b-PG_MCA_CAP1_Cutoff_MH_2025_26__1_.pdf,6201,"Dr. D. Y. Patil School Of MCA, Lohegaon,Pune",0620124110,2025-26,1,Maharashtra,GSEBCO,GSEBCO,HU,90.7733494,percentile,GSEBCO | 3089 | 90.7733494 | Stage-I,132,Other Than Home University Seats Allotted to Other Than Home University Candidates,274f8169439a1f6ba0948a219db7258e6def680d684fd027f23043fabedde0eb
7026366bbc3b-PG_MCA_CAP1_Cutoff_MH_2025_26__1_.pdf,6201,"Dr. D. Y. Patil School Of MCA, Lohegaon,Pune",0620124110,2025-26,1,Maharashtra,EWS,EWS,SL,77.8251197,percentile,EWS | 7309 | 77.8251197 | Stage-I,132,Other Than Home University Seats Allotted to Other Than Home University Candidates,d15752d44c7f7192989c4a36883881f0eb5c132ac5678d0f8ec91925092bb1e0
7026366bbc3b-PG_MCA_CAP1_Cutoff_MH_2025_26__1_.pdf,6201,"Dr. D. Y. Patil School Of MCA, Lohegaon,Pune",0620124110,2025-26,1,Maharashtra,TFWS,TFWS,SL,94.4270578,percentile,TFWS | 1775 | 94.4270578 | Stage-I,132,Other Than Home University Seats Allotted to Other Than Home University Candidates,91d591d004bc8fe6bca938005b25f9e5051a4a5aeb05212607f14dd9cd19b570
7026366bbc3b-PG_MCA_CAP1_Cutoff_MH_2025_26__1_.pdf,6206,"Pune District Education Association's College of Engineering, Manjari(Bk), Hadapsar, Pune",0620624110,2025-26,1,Maharashtra,GOPENH,GOPENH,HU,85.2118788,percentile,GOPENH | 5212 | 85.2118788 | Stage-I,133,Home University Seats Allotted to Home University Candidates,f2389a5d9da97b9ad3f18eb296da03dbd2e6847a7cb5711e2ab463a1a4b98bac
7026366bbc3b-PG_MCA_CAP1_Cutoff_MH_2025_26__1_.pdf,6206,"Pune District Education Association's College of Engineering, Manjari(Bk), Hadapsar, Pune",0620624110,2025-26,1,Maharashtra,GSCH,GSCH,HU,65.8578922,percentile,GSCH | 10824 | 65.8578922 | Stage-I,133,Home University Seats Allotted to Home University Candidates,47e5ce7be6901555ce2d0378303fb536a31e0aea2099fd48dc602c70559f0126
7026366bbc3b-PG_MCA_CAP1_Cutoff_MH_2025_26__1_.pdf,6206,"Pune District Education Association's College of Engineering, Manjari(Bk), Hadapsar, Pune",0620624110,2025-26,1,Maharashtra,GSTH,GSTH,HU,44.5345198,percentile,GSTH | 17048 | 44.5345198 | Stage-I,133,Home University Seats Allotted to Home University Candidates,170da9cd9a0d765c9e4366661199c731ef101f998adf6ec74f782eecbb1140dc
7026366bbc3b-PG_MCA_CAP1_Cutoff_MH_2025_26__1_.pdf,6206,"Pune District Education Association's College of Engineering, Manjari(Bk), Hadapsar, Pune",0620624110,2025-26,1,Maharashtra,GNTCH,GNTCH,HU,39.3989669,percentile,GNTCH | 18069 | 39.3989669 | Stage-I,133,Home University Seats Allotted to Home University Candidates,6931859a73e5d4a035e461a1424d7f8530e716fc53c9c947dea8a6a5ca170e27
7026366bbc3b-PG_MCA_CAP1_Cutoff_MH_2025_26__1_.pdf,6206,"Pune District Education Association's College of Engineering, Manjari(Bk), Hadapsar, Pune",0620624110,2025-26,1,Maharashtra,GOBCH,GOBCH,HU,67.3579428,percentile,GOBCH | 10601 | 67.3579428 | Stage-I,133,Home University Seats Allotted to Home University Candidates,a68b8aa47a01576711916b9fdefd3e8a4e249d043290136d7f246b2533155fd2
7026366bbc3b-PG_MCA_CAP1_Cutoff_MH_2025_26__1_.pdf,6206,"Pune District Education Association's College of Engineering, Manjari(Bk), Hadapsar, Pune",0620624110,2025-26,1,Maharashtra,GSEBCH,GSEBCH,HU,65.8578922,percentile,GSEBCH | 10958 | 65.8578922 | Stage-I,133,Home University Seats Allotted to Home University Candidates,812fb165c8fba9f0e98b75b10c4beb31a0eb775dbc59a23146cd0fd2135ff2a1
7026366bbc3b-PG_MCA_CAP1_Cutoff_MH_2025_26__1_.pdf,6206,"Pune District Education Association's College of Engineering, Manjari(Bk), Hadapsar, Pune",0620624110,2025-26,1,Maharashtra,GNTAH,GNTAH,HU,36.496736,percentile,GNTAH | 18546 | 36.496736 | Stage-I,133,Home University Seats Allotted to Other Than Home University Candidates,51c79167436d543f0222c1c02648fb364aa9417b01a319cbf1c19c5e827fcc35
7026366bbc3b-PG_MCA_CAP1_Cutoff_MH_2025_26__1_.pdf,6206,"Pune District Education Association's College of Engineering, Manjari(Bk), Hadapsar, Pune",0620624110,2025-26,1,Maharashtra,GOPENO,GOPENO,HU,85.2118788,percentile,GOPENO | 4929 | 85.2118788 | Stage-I,133,Other Than Home University Seats Allotted to Other Than Home University Candidates,dc0a00d9c623f49dd10a2b0588468b985567e4f206ff4af0e963b7a4d969c80f
7026366bbc3b-PG_MCA_CAP1_Cutoff_MH_2025_26__1_.pdf,6206,"Pune District Education Association's College of Engineering, Manjari(Bk), Hadapsar, Pune",0620624110,2025-26,1,Maharashtra,GSCO,GSCO,HU,69.7143504,percentile,GSCO | 9872 | 69.7143504 | Stage-I,133,Other Than Home University Seats Allotted to Other Than Home University Candidates,cc1fd040ab91d42fe51850f8abfa07b54a96f9d430504cb32983d474bab19d7c
7026366bbc3b-PG_MCA_CAP1_Cutoff_MH_2025_26__1_.pdf,6206,"Pune District Education Association's College of Engineering, Manjari(Bk), Hadapsar, Pune",0620624110,2025-26,1,Maharashtra,GNTBO,GNTBO,HU,82.9644433,percentile,GNTBO | 5606 | 82.9644433 | Stage-I,133,Other Than Home University Seats Allotted to Other Than Home University Candidates,e65c433ebb17820292706f6eddc03527349f1fd613d05c7db2df677860d0b292
7026366bbc3b-PG_MCA_CAP1_Cutoff_MH_2025_26__1_.pdf,6206,"Pune District Education Association's College of Engineering, Manjari(Bk), Hadapsar, Pune",0620624110,2025-26,1,Maharashtra,GOBCO,GOBCO,HU,80.5399495,percentile,GOBCO | 6427 | 80.5399495 | Stage-I,133,Other Than Home University Seats Allotted to Other Than Home University Candidates,a4ddebee2839a4807039e446a02f7bc023159c3b4786a4dbb10911dbfa1ad5b1
7026366bbc3b-PG_MCA_CAP1_Cutoff_MH_2025_26__1_.pdf,6206,"Pune District Education Association's College of Engineering, Manjari(Bk), Hadapsar, Pune",0620624110,2025-26,1,Maharashtra,GSEBCO,GSEBCO,HU,82.8308366,percentile,GSEBCO | 5741 | 82.8308366 | Stage-I,133,Other Than Home University Seats Allotted to Other Than Home University Candidates,f22debc93fe30100444028f114bce9f07d0469b72b0c420e225903721e89ce5b
7026366bbc3b-PG_MCA_CAP1_Cutoff_MH_2025_26__1_.pdf,6206,"Pune District Education Association's College of Engineering, Manjari(Bk), Hadapsar, Pune",0620624110,2025-26,1,Maharashtra,GSTO,GSTO,HU,27.2744425,percentile,GSTO | 20682 | 27.2744425 | Stage-I,133,Other Than Home University Seats Allotted to Home University Candidates,b30426c20745a7d3feb198b783add560f133389f28b9c441ea5c89cc8b303425
7026366bbc3b-PG_MCA_CAP1_Cutoff_MH_2025_26__1_.pdf,6206,"Pune District Education Association's College of Engineering, Manjari(Bk), Hadapsar, Pune",0620624110,2025-26,1,Maharashtra,EWS,EWS,SL,41.4550394,percentile,EWS | 17085 | 41.4550394 | Stage-I,133,Other Than Home University Seats Allotted to Home University Candidates,50e954bfb134c63ec03f187535eda47a548de0e37c2b4eddcd797906b23ee2da
7026366bbc3b-PG_MCA_CAP1_Cutoff_MH_2025_26__1_.pdf,6206,"Pune District Education Association's College of Engineering, Manjari(Bk), Hadapsar, Pune",0620624110,2025-26,1,Maharashtra,TFWS,TFWS,SL,93.405226,percentile,TFWS | 2132 | 93.405226 | Stage-I,133,Other Than Home University Seats Allotted to Home University Candidates,88a931d9647b924a37f7f94d6166013ec367d12d45a5ba42d1f37cbc52c5cdbf
7026366bbc3b-PG_MCA_CAP1_Cutoff_MH_2025_26__1_.pdf,6208,"Deccan Education Society's Chintamanrao Institute of Management Development & Research, Sangli",0620824110,2025-26,1,Maharashtra,GOPENH,GOPENH,HU,71.1549338,percentile,GOPENH | 9296 | 71.1549338 | Stage-I,134,Home University Seats Allotted to Home University Candidates,58a00fcd2ef69780ac59a036b95dedc3e3af258a39774518b4556813d8175a88
7026366bbc3b-PG_MCA_CAP1_Cutoff_MH_2025_26__1_.pdf,6208,"Deccan Education Society's Chintamanrao Institute of Management Development & Research, Sangli",0620824110,2025-26,1,Maharashtra,GSCH,GSCH,HU,25.4779232,percentile,GSCH | 21185 | 25.4779232 | Stage-I,134,Home University Seats Allotted to Home University Candidates,5dc6c505c1605e586afd3344596374ed6a4c5b2a9924c7668adff47b8079a627
7026366bbc3b-PG_MCA_CAP1_Cutoff_MH_2025_26__1_.pdf,6208,"Deccan Education Society's Chintamanrao Institute of Management Development & Research, Sangli",0620824110,2025-26,1,Maharashtra,GNTAH,GNTAH,HU,27.2744425,percentile,GNTAH | 20679 | 27.2744425 | Stage-I,134,Home University Seats Allotted to Home University Candidates,85f2d23e9b299c897ca8f0e2087b91a99ae16bd6d2e2f22d9a5e513421982b2c
7026366bbc3b-PG_MCA_CAP1_Cutoff_MH_2025_26__1_.pdf,6208,"Deccan Education Society's Chintamanrao Institute of Management Development & Research, Sangli",0620824110,2025-26,1,Maharashtra,GNTBH,GNTBH,HU,23.1010151,percentile,GNTBH | 21577 | 23.1010151 | Stage-I,134,Home University Seats Allotted to Home University Candidates,712cf5f7eba5237a62a7412c30af42a991e8e85b247f5f78a84aa83fcaf5304f
7026366bbc3b-PG_MCA_CAP1_Cutoff_MH_2025_26__1_.pdf,6208,"Deccan Education Society's Chintamanrao Institute of Management Development & Research, Sangli",0620824110,2025-26,1,Maharashtra,GNTCH,GNTCH,HU,51.4093808,percentile,GNTCH | 15044 | 51.4093808 | Stage-I,134,Home University Seats Allotted to Home University Candidates,ba32afcb604012ba38cf3e50cf75d0e97e67ae8f9e0464ecec9cb7cc75589493
7026366bbc3b-PG_MCA_CAP1_Cutoff_MH_2025_26__1_.pdf,6208,"Deccan Education Society's Chintamanrao Institute of Management Development & Research, Sangli",0620824110,2025-26,1,Maharashtra,GOBCH,GOBCH,HU,4.067771,percentile,GOBCH | 24955 | 4.067771 | Stage-I,134,Home University Seats Allotted to Home University Candidates,22c9858f2f9d6803afd92bca5a1f40b8605566ef704be99f075d92c57e367db5
7026366bbc3b-PG_MCA_CAP1_Cutoff_MH_2025_26__1_.pdf,6208,"Deccan Education Society's Chintamanrao Institute of Management Development & Research, Sangli",0620824110,2025-26,1,Maharashtra,GSEBCH,GSEBCH,HU,58.7911466,percentile,GSEBCH | 13127 | 58.7911466 | Stage-I,134,Home University Seats Allotted to Home University Candidates,cf52f78b97f2f45e7f2b687434b9fc485ff4298fa9a6e66a941f46d4dc6d1c68
7026366bbc3b-PG_MCA_CAP1_Cutoff_MH_2025_26__1_.pdf,6208,"Deccan Education Society's Chintamanrao Institute of Management Development & Research, Sangli",0620824110,2025-26,1,Maharashtra,PWDOPENH,PWDOPENH,HU,76.9216256,percentile,PWDOPENH | 7503 | 76.9216256 | Stage-I,134,Home University Seats Allotted to Home University Candidates,13e240b47d2ffc8b839c1a61d6e4a5f8563082634ab4d50366d844b755c5a278
7026366bbc3b-PG_MCA_CAP1_Cutoff_MH_2025_26__1_.pdf,6208,"Deccan Education Society's Chintamanrao Institute of Management Development & Research, Sangli",0620824110,2025-26,1,Maharashtra,GOPENO,GOPENO,HU,51.4093808,percentile,GOPENO | 14855 | 51.4093808 | Stage-I,134,Other Than Home University Seats Allotted to Other Than Home University Candidates,0752f27a8044ae41d74caa6c6d130eba6abe81fdb34e4db9b2f0ba7cece49992
7026366bbc3b-PG_MCA_CAP1_Cutoff_MH_2025_26__1_.pdf,6208,"Deccan Education Society's Chintamanrao Institute of Management Development & Research, Sangli",0620824110,2025-26,1,Maharashtra,GSCO,GSCO,HU,1.3622127,percentile,GSCO | 25333 | 1.3622127 | Stage-I,134,Other Than Home University Seats Allotted to Other Than Home University Candidates,40211d7142445745a82c1249a8aad03bc48cfad61d58028fb5e8d1afd6923545
7026366bbc3b-PG_MCA_CAP1_Cutoff_MH_2025_26__1_.pdf,6208,"Deccan Education Society's Chintamanrao Institute of Management Development & Research, Sangli",0620824110,2025-26,1,Maharashtra,GSCO,GSCO,HU,25.4779232,percentile,GSCO | 21245 | 25.4779232 | Stage-I,134,Other Than Home University Seats Allotted to Home University Candidates,4d40c9a454b97477ea3143eed6cb1b67eeb900f7c0abf6823e5f5aba188e2339
7026366bbc3b-PG_MCA_CAP1_Cutoff_MH_2025_26__1_.pdf,6208,"Deccan Education Society's Chintamanrao Institute of Management Development & Research, Sangli",0620824110,2025-26,1,Maharashtra,GNTBO,GNTBO,HU,4.302251,percentile,GNTBO | 24870 | 4.302251 | Stage-I,134,Other Than Home University Seats Allotted to Home University Candidates,2fb589598896e1aab6c5d5f1fbe68b66823be4f1e1b5abbe6d405b5f0047025b
7026366bbc3b-PG_MCA_CAP1_Cutoff_MH_2025_26__1_.pdf,6208,"Deccan Education Society's Chintamanrao Institute of Management Development & Research, Sangli",0620824110,2025-26,1,Maharashtra,GSEBCO,GSEBCO,HU,51.4093808,percentile,GSEBCO | 15023 | 51.4093808 | Stage-I,134,Other Than Home University Seats Allotted to Home University Candidates,6812009e390a0ba40504b202f1648aaa07daec7d2faadb2ceeea223bec93ee7d
7026366bbc3b-PG_MCA_CAP1_Cutoff_MH_2025_26__1_.pdf,6208,"Deccan Education Society's Chintamanrao Institute of Management Development & Research, Sangli",0620824110,2025-26,1,Maharashtra,EWS,EWS,SL,21.0059952,percentile,EWS | 22080 | 21.0059952 | Stage-I,134,Other Than Home University Seats Allotted to Home University Candidates,47f2f8db3f36f93fe83367736f720966d953e9f14e52dbf3c3b487942bed450d
7026366bbc3b-PG_MCA_CAP1_Cutoff_MH_2025_26__1_.pdf,6208,"Deccan Education Society's Chintamanrao Institute of Management Development & Research, Sangli",0620824110,2025-26,1,Maharashtra,TFWS,TFWS,SL,69.7143504,percentile,TFWS | 9990 | 69.7143504 | Stage-I,134,Other Than Home University Seats Allotted to Home University Candidates,0287099431113a2d3a081d7639beb4d5d01289e8830adbc4ef62aebd3aacf9df
7026366bbc3b-PG_MCA_CAP1_Cutoff_MH_2025_26__1_.pdf,6212,"KIT's Institute of Management Education & Research, Kolhapur",0621224110,2025-26,1,Maharashtra,GOPENH,GOPENH,HU,93.405226,percentile,GOPENH | 2194 | 93.405226 | Stage-I,135,Home University Seats Allotted to Home University Candidates,79862890bf47d303efb349d8d779371ebd8e50cbcd9b927d658b9f99c57a537c
7026366bbc3b-PG_MCA_CAP1_Cutoff_MH_2025_26__1_.pdf,6212,"KIT's Institute of Management Education & Research, Kolhapur",0621224110,2025-26,1,Maharashtra,GSCH,GSCH,HU,73.5368477,percentile,GSCH | 8900 | 73.5368477 | Stage-I,135,Home University Seats Allotted to Home University Candidates,bb2e5fd0bec97a7f8403e73964209781da0ea787e86c4c1f805c40adc0f3de56
7026366bbc3b-PG_MCA_CAP1_Cutoff_MH_2025_26__1_.pdf,6212,"KIT's Institute of Management Education & Research, Kolhapur",0621224110,2025-26,1,Maharashtra,GNTBH,GNTBH,HU,51.4093808,percentile,GNTBH | 14739 | 51.4093808 | Stage-I,135,Home University Seats Allotted to Home University Candidates,3f78b6b382ddd3858e526c2b4199521e4bec5e86a9bd6e1103672309c2471e3d
7026366bbc3b-PG_MCA_CAP1_Cutoff_MH_2025_26__1_.pdf,6212,"KIT's Institute of Management Education & Research, Kolhapur",0621224110,2025-26,1,Maharashtra,GNTCH,GNTCH,HU,89.1966341,percentile,GNTCH | 3273 | 89.1966341 | Stage-I,135,Home University Seats Allotted to Home University Candidates,79d89f1bea24c1bc102b335972a034d8ebdc297edf786828a68266a4fff74c1d
7026366bbc3b-PG_MCA_CAP1_Cutoff_MH_2025_26__1_.pdf,6212,"KIT's Institute of Management Education & Research, Kolhapur",0621224110,2025-26,1,Maharashtra,GOBCH,GOBCH,HU,85.2118788,percentile,GOBCH | 4990 | 85.2118788 | Stage-I,135,Home University Seats Allotted to Home University Candidates,f237b4533ef760aa4ea3c98d392a18cc5e2c1495d952cf150acd363edd5b0f9a
7026366bbc3b-PG_MCA_CAP1_Cutoff_MH_2025_26__1_.pdf,6212,"KIT's Institute of Management Education & Research, Kolhapur",0621224110,2025-26,1,Maharashtra,GSEBCH,GSEBCH,HU,90.9663786,percentile,GSEBCH | 2774 | 90.9663786 | Stage-I,135,Home University Seats Allotted to Home University Candidates,c024ff7705336a9d84bcaa842ff361dd3fb714dbc41d72ec7efbd84143bd2484
7026366bbc3b-PG_MCA_CAP1_Cutoff_MH_2025_26__1_.pdf,6212,"KIT's Institute of Management Education & Research, Kolhapur",0621224110,2025-26,1,Maharashtra,PWDOPENH,PWDOPENH,HU,34.5198145,percentile,PWDOPENH | 19326 | 34.5198145 | Stage-I,135,Home University Seats Allotted to Home University Candidates,57fe5321f187eac37e187749d2417f90911bf8e541a692ba0b39c7a0c7c977f9
7026366bbc3b-PG_MCA_CAP1_Cutoff_MH_2025_26__1_.pdf,6212,"KIT's Institute of Management Education & Research, Kolhapur",0621224110,2025-26,1,Maharashtra,GOPENO,GOPENO,HU,80.5399495,percentile,GOPENO | 6347 | 80.5399495 | Stage-I,135,Other Than Home University Seats Allotted to Other Than Home University Candidates,450807ec956af424624e21fdb821bc53d1dbf0890449ebbd1cc09c24ec566b22
7026366bbc3b-PG_MCA_CAP1_Cutoff_MH_2025_26__1_.pdf,6212,"KIT's Institute of Management Education & Research, Kolhapur",0621224110,2025-26,1,Maharashtra,GSCO,GSCO,HU,46.3793819,percentile,GSCO | 16389 | 46.3793819 | Stage-I,135,Other Than Home University Seats Allotted to Other Than Home University Candidates,f12387998c7e22a82914a71967af5882fba2c3b2dc0faae9c523842f528b24f2
7026366bbc3b-PG_MCA_CAP1_Cutoff_MH_2025_26__1_.pdf,6212,"KIT's Institute of Management Education & Research, Kolhapur",0621224110,2025-26,1,Maharashtra,GNTAO,GNTAO,HU,19.1539942,percentile,GNTAO | 22261 | 19.1539942 | Stage-I,135,Other Than Home University Seats Allotted to Other Than Home University Candidates,b45d2ef40df29cc69cef628d2c942d862274571bbb3d34b1fbd131562e43f9b6
7026366bbc3b-PG_MCA_CAP1_Cutoff_MH_2025_26__1_.pdf,6212,"KIT's Institute of Management Education & Research, Kolhapur",0621224110,2025-26,1,Maharashtra,GNTCO,GNTCO,HU,74.782248,percentile,GNTCO | 8296 | 74.782248 | Stage-I,135,Other Than Home University Seats Allotted to Other Than Home University Candidates,6c5ee4fcb387035005c88f3473f55f4a54eedd763bf73d3b9ea5ed967824d0e5
7026366bbc3b-PG_MCA_CAP1_Cutoff_MH_2025_26__1_.pdf,6212,"KIT's Institute of Management Education & Research, Kolhapur",0621224110,2025-26,1,Maharashtra,GOBCO,GOBCO,HU,69.7143504,percentile,GOBCO | 10133 | 69.7143504 | Stage-I,135,Other Than Home University Seats Allotted to Other Than Home University Candidates,71bd43cb3718e0bf7ebc94e74bf4f2147602e1db50dedc2b054802bc15884768
7026366bbc3b-PG_MCA_CAP1_Cutoff_MH_2025_26__1_.pdf,6212,"KIT's Institute of Management Education & Research, Kolhapur",0621224110,2025-26,1,Maharashtra,GSEBCO,GSEBCO,HU,73.5368477,percentile,GSEBCO | 8557 | 73.5368477 | Stage-I,135,Other Than Home University Seats Allotted to Other Than Home University Candidates,b5cffa384a75e8456fe4dfd8c7e45678e07f9ed1117f9e7484f0c5263c179ab3
7026366bbc3b-PG_MCA_CAP1_Cutoff_MH_2025_26__1_.pdf,6212,"KIT's Institute of Management Education & Research, Kolhapur",0621224110,2025-26,1,Maharashtra,EWS,EWS,SL,76.9216256,percentile,EWS | 7513 | 76.9216256 | Stage-I,135,Other Than Home University Seats Allotted to Other Than Home University Candidates,2b2d4462b04035c350291d164f85c66a1509d430d21f691a5b78a3e39eb4dc4f
7026366bbc3b-PG_MCA_CAP1_Cutoff_MH_2025_26__1_.pdf,6212,"KIT's Institute of Management Education & Research, Kolhapur",0621224110,2025-26,1,Maharashtra,TFWS,TFWS,SL,94.6454851,percentile,TFWS | 1619 | 94.6454851 | Stage-I,135,Other Than Home University Seats Allotted to Other Than Home University Candidates,f04f615e239a540171b4ad8119e37e22933885f5c36164ba532804df661cc39d
7026366bbc3b-PG_MCA_CAP1_Cutoff_MH_2025_26__1_.pdf,6213,"Chh. Shahu Institute Of Business Edu And Res Vasantraodada Patil Institute Of Management Studies & Research, Sangli",0621324110,2025-26,1,Maharashtra,GOPENH,GOPENH,HU,71.1549338,percentile,GOPENH | 9466 | 71.1549338 | Stage-I,136,Home University Seats Allotted to Home University Candidates,c56b53dcbc945d44b1d4d97a79fc5a0885258d63c25c1c9936e522e0a227f39e
7026366bbc3b-PG_MCA_CAP1_Cutoff_MH_2025_26__1_.pdf,6213,"Chh. Shahu Institute Of Business Edu And Res Vasantraodada Patil Institute Of Management Studies & Research, Sangli",0621324110,2025-26,1,Maharashtra,GSCH,GSCH,HU,12.4750009,percentile,GSCH | 23606 | 12.4750009 | Stage-I,136,Home University Seats Allotted to Home University Candidates,73ff03f4ff48ec2af992ad790d72a48657ab2ef505e5b3b2fe5778f9c3882a30
7026366bbc3b-PG_MCA_CAP1_Cutoff_MH_2025_26__1_.pdf,6213,"Chh. Shahu Institute Of Business Edu And Res Vasantraodada Patil Institute Of Management Studies & Research, Sangli",0621324110,2025-26,1,Maharashtra,GNTAH,GNTAH,HU,7.4072677,percentile,GNTAH | 24382 | 7.4072677 | Stage-I,136,Home University Seats Allotted to Home University Candidates,fa294e86a6f23c4839441549d93475570b4f371c2be00c3dc8f08f1e4a00d373
7026366bbc3b-PG_MCA_CAP1_Cutoff_MH_2025_26__1_.pdf,6213,"Chh. Shahu Institute Of Business Edu And Res Vasantraodada Patil Institute Of Management Studies & Research, Sangli",0621324110,2025-26,1,Maharashtra,GNTBH,GNTBH,HU,39.3989669,percentile,GNTBH | 18228 | 39.3989669 | Stage-I,136,Home University Seats Allotted to Home University Candidates,db8fea1f4bb1920a27bec251b334cd78bd5668e533cb99ccfde54411e2d1b19f
7026366bbc3b-PG_MCA_CAP1_Cutoff_MH_2025_26__1_.pdf,6213,"Chh. Shahu Institute Of Business Edu And Res Vasantraodada Patil Institute Of Management Studies & Research, Sangli",0621324110,2025-26,1,Maharashtra,GNTCH,GNTCH,HU,53.942159,percentile,GNTCH | 14486 | 53.942159 | Stage-I,136,Home University Seats Allotted to Home University Candidates,e0ab40e805d40412928a1bc2f9fef11fe93fba5ae33118e10f39eec7f3dc67a9
7026366bbc3b-PG_MCA_CAP1_Cutoff_MH_2025_26__1_.pdf,6213,"Chh. Shahu Institute Of Business Edu And Res Vasantraodada Patil Institute Of Management Studies & Research, Sangli",0621324110,2025-26,1,Maharashtra,GOBCH,GOBCH,HU,27.2744425,percentile,GOBCH | 20548 | 27.2744425 | Stage-I,136,Home University Seats Allotted to Home University Candidates,fc68b34e6d8456313a3e31b52da5c9653bcab477aa8790a4878505d9834b988a
7026366bbc3b-PG_MCA_CAP1_Cutoff_MH_2025_26__1_.pdf,6213,"Chh. Shahu Institute Of Business Edu And Res Vasantraodada Patil Institute Of Management Studies & Research, Sangli",0621324110,2025-26,1,Maharashtra,GSEBCH,GSEBCH,HU,56.5488095,percentile,GSEBCH | 13708 | 56.5488095 | Stage-I,136,Home University Seats Allotted to Home University Candidates,dc5dc0cc664a0f1652e40ed3954d34ed4f79000dfbbd2aa585a8e8375e0bc214
7026366bbc3b-PG_MCA_CAP1_Cutoff_MH_2025_26__1_.pdf,6213,"Chh. Shahu Institute Of Business Edu And Res Vasantraodada Patil Institute Of Management Studies & Research, Sangli",0621324110,2025-26,1,Maharashtra,GOPENO,GOPENO,HU,19.1539942,percentile,GOPENO | 22364 | 19.1539942 | Stage-I,136,Other Than Home University Seats Allotted to Other Than Home University Candidates,ae054c3410b64736f7d5f7ad752e8c289a96cff7566acc665a3bc1c62a09bda7
7026366bbc3b-PG_MCA_CAP1_Cutoff_MH_2025_26__1_.pdf,6213,"Chh. Shahu Institute Of Business Edu And Res Vasantraodada Patil Institute Of Management Studies & Research, Sangli",0621324110,2025-26,1,Maharashtra,GOPENO,GOPENO,HU,67.3579428,percentile,GOPENO | 10315 | 67.3579428 | Stage-I,136,Other Than Home University Seats Allotted to Home University Candidates,d760cec7decb973b3c6e3b149929bf74315c70e859de2e94cb75c8a25e1f3874
7026366bbc3b-PG_MCA_CAP1_Cutoff_MH_2025_26__1_.pdf,6213,"Chh. Shahu Institute Of Business Edu And Res Vasantraodada Patil Institute Of Management Studies & Research, Sangli",0621324110,2025-26,1,Maharashtra,GNTBO,GNTBO,HU,29.9046039,percentile,GNTBO | 19908 | 29.9046039 | Stage-I,136,Other Than Home University Seats Allotted to Home University Candidates,8c7129e9e89399920115355b55df70a4a3aae5e50853bdf781a618a0ca1f93b6
7026366bbc3b-PG_MCA_CAP1_Cutoff_MH_2025_26__1_.pdf,6213,"Chh. Shahu Institute Of Business Edu And Res Vasantraodada Patil Institute Of Management Studies & Research, Sangli",0621324110,2025-26,1,Maharashtra,GNTCO,GNTCO,HU,53.942159,percentile,GNTCO | 14495 | 53.942159 | Stage-I,136,Other Than Home University Seats Allotted to Home University Candidates,81b51fc71c63d6a442fe2098ded37ee81031e51edef8ff089567cd622f44b0b5
7026366bbc3b-PG_MCA_CAP1_Cutoff_MH_2025_26__1_.pdf,6213,"Chh. Shahu Institute Of Business Edu And Res Vasantraodada Patil Institute Of Management Studies & Research, Sangli",0621324110,2025-26,1,Maharashtra,GOBCO,GOBCO,HU,15.5994113,percentile,GOBCO | 23092 | 15.5994113 | Stage-I,136,Other Than Home University Seats Allotted to Home University Candidates,9b833e5899b944de15262428586c518bac15c70206ac25682934aa02d0c84254
7026366bbc3b-PG_MCA_CAP1_Cutoff_MH_2025_26__1_.pdf,6213,"Chh. Shahu Institute Of Business Edu And Res Vasantraodada Patil Institute Of Management Studies & Research, Sangli",0621324110,2025-26,1,Maharashtra,GSEBCO,GSEBCO,HU,53.942159,percentile,GSEBCO | 14360 | 53.942159 | Stage-I,136,Other Than Home University Seats Allotted to Home University Candidates,ce3f181d6fbf9a793a42d8c04df38a306c41ac076f3fc189ed2d0c6acec8f9c2
7026366bbc3b-PG_MCA_CAP1_Cutoff_MH_2025_26__1_.pdf,6213,"Chh. Shahu Institute Of Business Edu And Res Vasantraodada Patil Institute Of Management Studies & Research, Sangli",0621324110,2025-26,1,Maharashtra,EWS,EWS,SL,2.0662871,percentile,EWS | 25195 | 2.0662871 | Stage-I,136,Other Than Home University Seats Allotted to Home University Candidates,895dc7273f84a2cb26aa7abe2893c02c41813501318da4c7eaa05d3b19cdc422
7026366bbc3b-PG_MCA_CAP1_Cutoff_MH_2025_26__1_.pdf,6213,"Chh. Shahu Institute Of Business Edu And Res Vasantraodada Patil Institute Of Management Studies & Research, Sangli",0621324110,2025-26,1,Maharashtra,TFWS,TFWS,SL,82.9644433,percentile,TFWS | 5494 | 82.9644433 | Stage-I,136,Other Than Home University Seats Allotted to Home University Candidates,8cc3f05a49786dd25147419214097283db9ff67d750acc6d8ee18b3e3d0d4547
7026366bbc3b-PG_MCA_CAP1_Cutoff_MH_2025_26__1_.pdf,6214,"K. E. Society's Rajarambapu Institute of Technology, Walwa, Sangli",0621424110,2025-26,1,Maharashtra,GOPENH,GOPENH,HU,87.2080299,percentile,GOPENH | 4150 | 87.2080299 | Stage-I,137,Home University Seats Allotted to Home University Candidates,13c42b153541f3e4c15c71052d36006b45659accff7429bbd4f4306b057a5065
7026366bbc3b-PG_MCA_CAP1_Cutoff_MH_2025_26__1_.pdf,6214,"K. E. Society's Rajarambapu Institute of Technology, Walwa, Sangli",0621424110,2025-26,1,Maharashtra,GSCH,GSCH,HU,36.496736,percentile,GSCH | 18584 | 36.496736 | Stage-I,137,Home University Seats Allotted to Home University Candidates,40d133fd244cbe2d7133a86520c9133023e9983e43b0e9e82d2bcfa580905af3
7026366bbc3b-PG_MCA_CAP1_Cutoff_MH_2025_26__1_.pdf,6214,"K. E. Society's Rajarambapu Institute of Technology, Walwa, Sangli",0621424110,2025-26,1,Maharashtra,GNTAH,GNTAH,HU,53.942159,percentile,GNTAH | 14494 | 53.942159 | Stage-I,137,Home University Seats Allotted to Home University Candidates,3474236b537795d2344b8f353abdc628ec55a4ed0f869a534a980bfbd6b1f51d
7026366bbc3b-PG_MCA_CAP1_Cutoff_MH_2025_26__1_.pdf,6214,"K. E. Society's Rajarambapu Institute of Technology, Walwa, Sangli",0621424110,2025-26,1,Maharashtra,GNTBH,GNTBH,HU,76.9216256,percentile,GNTBH | 7722 | 76.9216256 | Stage-I,137,Home University Seats Allotted to Home University Candidates,00cf4081639cce161196fd7f90661aabc6122eea7a5863c9597e2a09f5808443
7026366bbc3b-PG_MCA_CAP1_Cutoff_MH_2025_26__1_.pdf,6214,"K. E. Society's Rajarambapu Institute of Technology, Walwa, Sangli",0621424110,2025-26,1,Maharashtra,GNTCH,GNTCH,HU,74.782248,percentile,GNTCH | 8397 | 74.782248 | Stage-I,137,Home University Seats Allotted to Home University Candidates,bdfde5e620764ca707afe7d8c89a09059c55965bcd5bf4307850f1d581691657
7026366bbc3b-PG_MCA_CAP1_Cutoff_MH_2025_26__1_.pdf,6214,"K. E. Society's Rajarambapu Institute of Technology, Walwa, Sangli",0621424110,2025-26,1,Maharashtra,GOBCH,GOBCH,HU,63.1574978,percentile,GOBCH | 11692 | 63.1574978 | Stage-I,137,Home University Seats Allotted to Home University Candidates,97827fa0f4a7f41370924aab888fae56d6ac9c8b2d105804d249ac65a4e8a59c
7026366bbc3b-PG_MCA_CAP1_Cutoff_MH_2025_26__1_.pdf,6214,"K. E. Society's Rajarambapu Institute of Technology, Walwa, Sangli",0621424110,2025-26,1,Maharashtra,GSEBCH,GSEBCH,HU,82.9644433,percentile,GSEBCH | 5421 | 82.9644433 | Stage-I,137,Home University Seats Allotted to Home University Candidates,0c1f0f82bff13351dc8e6a53f392e9341167cffba54ed0071c89dcb1edee1b01
7026366bbc3b-PG_MCA_CAP1_Cutoff_MH_2025_26__1_.pdf,6214,"K. E. Society's Rajarambapu Institute of Technology, Walwa, Sangli",0621424110,2025-26,1,Maharashtra,PWDOPENH,PWDOPENH,HU,16.9789978,percentile,PWDOPENH | 22727 | 16.9789978 | Stage-I,137,Home University Seats Allotted to Home University Candidates,5aaddbb97e57b7eb45ad52ac0a0048c7b420ef13fd84dca2c76044f0d52e417a
7026366bbc3b-PG_MCA_CAP1_Cutoff_MH_2025_26__1_.pdf,6214,"K. E. Society's Rajarambapu Institute of Technology, Walwa, Sangli",0621424110,2025-26,1,Maharashtra,GOPENO,GOPENO,HU,41.4550394,percentile,GOPENO | 17588 | 41.4550394 | Stage-I,137,Other Than Home University Seats Allotted to Other Than Home University Candidates,cc5ed3604581fa265e0fd3fe90d7f31ab81e56caf5dfc1b0dacc86cbe10a9cc8
7026366bbc3b-PG_MCA_CAP1_Cutoff_MH_2025_26__1_.pdf,6214,"K. E. Society's Rajarambapu Institute of Technology, Walwa, Sangli",0621424110,2025-26,1,Maharashtra,GOPENO,GOPENO,HU,85.3851665,percentile,GOPENO | 4647 | 85.3851665 | Stage-I,137,Other Than Home University Seats Allotted to Home University Candidates,2569bb106f0491af06801ef6270d92be3529f9262c684ec09a2cf9776585c6e2
7026366bbc3b-PG_MCA_CAP1_Cutoff_MH_2025_26__1_.pdf,6214,"K. E. Society's Rajarambapu Institute of Technology, Walwa, Sangli",0621424110,2025-26,1,Maharashtra,GSCO,GSCO,HU,23.1010151,percentile,GSCO | 21287 | 23.1010151 | Stage-I,137,Other Than Home University Seats Allotted to Home University Candidates,870ea3155826f37767fe064e4ccfa301d6478ca27e865c5d40b5ebf449e19adc
7026366bbc3b-PG_MCA_CAP1_Cutoff_MH_2025_26__1_.pdf,6214,"K. E. Society's Rajarambapu Institute of Technology, Walwa, Sangli",0621424110,2025-26,1,Maharashtra,GNTBO,GNTBO,HU,56.5488095,percentile,GNTBO | 13929 | 56.5488095 | Stage-I,137,Other Than Home University Seats Allotted to Home University Candidates,b60a114a54d0c0352df168b2684021734d4d1bf68288de407580dc75ff1a143d
7026366bbc3b-PG_MCA_CAP1_Cutoff_MH_2025_26__1_.pdf,6214,"K. E. Society's Rajarambapu Institute of Technology, Walwa, Sangli",0621424110,2025-26,1,Maharashtra,GNTCO,GNTCO,HU,39.3989669,percentile,GNTCO | 18117 | 39.3989669 | Stage-I,137,Other Than Home University Seats Allotted to Home University Candidates,cefe3c794dabeb39a1c6471b67fbe1c01c1c36c1fe095e61cb796871908ab4e2
7026366bbc3b-PG_MCA_CAP1_Cutoff_MH_2025_26__1_.pdf,6214,"K. E. Society's Rajarambapu Institute of Technology, Walwa, Sangli",0621424110,2025-26,1,Maharashtra,GOBCO,GOBCO,HU,58.7911466,percentile,GOBCO | 13082 | 58.7911466 | Stage-I,137,Other Than Home University Seats Allotted to Home University Candidates,2f959bdf97f196eb211c6402944b3e200cc96fda39b981db8c45bcd120da6ba3
7026366bbc3b-PG_MCA_CAP1_Cutoff_MH_2025_26__1_.pdf,6214,"K. E. Society's Rajarambapu Institute of Technology, Walwa, Sangli",0621424110,2025-26,1,Maharashtra,GSEBCO,GSEBCO,HU,80.5399495,percentile,GSEBCO | 6350 | 80.5399495 | Stage-I,137,Other Than Home University Seats Allotted to Home University Candidates,1e9ca7e3489e760d7c84939dcf01b6630b39963b0cd31b4a07631eb8a29ee78d
7026366bbc3b-PG_MCA_CAP1_Cutoff_MH_2025_26__1_.pdf,6214,"K. E. Society's Rajarambapu Institute of Technology, Walwa, Sangli",0621424110,2025-26,1,Maharashtra,EWS,EWS,SL,49.3533426,percentile,EWS | 15548 | 49.3533426 | Stage-I,137,Other Than Home University Seats Allotted to Home University Candidates,8f2e764366c4b69a5f20ebba25efb21a21daacdfd9fe4cad5c2bc42280c73e32
7026366bbc3b-PG_MCA_CAP1_Cutoff_MH_2025_26__1_.pdf,6214,"K. E. Society's Rajarambapu Institute of Technology, Walwa, Sangli",0621424110,2025-26,1,Maharashtra,TFWS,TFWS,SL,94.6454851,percentile,TFWS | 1521 | 94.6454851 | Stage-I,137,Other Than Home University Seats Allotted to Home University Candidates,4ab0f0591ba65c1b450174e41cd424e7f0a2f3d59faac0efb76b60744b1e6ffd
7026366bbc3b-PG_MCA_CAP1_Cutoff_MH_2025_26__1_.pdf,6219,"KSGBS's Bharat- Ratna Indira Gandhi College of Engineering, Kegaon, Solapur",0621924110,2025-26,1,Maharashtra,GOPENH,GOPENH,HU,85.2118788,percentile,GOPENH | 5076 | 85.2118788 | Stage-I,138,Home University Seats Allotted to Home University Candidates,3daf385be6029c9780e33a851a0845761a9b36653ed22fd209647c777bcfdc3e
7026366bbc3b-PG_MCA_CAP1_Cutoff_MH_2025_26__1_.pdf,6219,"KSGBS's Bharat- Ratna Indira Gandhi College of Engineering, Kegaon, Solapur",0621924110,2025-26,1,Maharashtra,GSCH,GSCH,HU,15.5994113,percentile,GSCH | 22957 | 15.5994113 | Stage-I,138,Home University Seats Allotted to Home University Candidates,41bcff43a0ae1a039f224cda14abdc4157b2a2e5e8f3b1018ee75f39e7f4b88e
7026366bbc3b-PG_MCA_CAP1_Cutoff_MH_2025_26__1_.pdf,6219,"KSGBS's Bharat- Ratna Indira Gandhi College of Engineering, Kegaon, Solapur",0621924110,2025-26,1,Maharashtra,GNTBH,GNTBH,HU,49.3533426,percentile,GNTBH | 15395 | 49.3533426 | Stage-I,138,Home University Seats Allotted to Home University Candidates,69918b0ce17bc17eac594a43e384b03501f4f0f989796a3bcdda50c98ed65a77
7026366bbc3b-PG_MCA_CAP1_Cutoff_MH_2025_26__1_.pdf,6219,"KSGBS's Bharat- Ratna Indira Gandhi College of Engineering, Kegaon, Solapur",0621924110,2025-26,1,Maharashtra,GNTCH,GNTCH,HU,49.3533426,percentile,GNTCH | 15564 | 49.3533426 | Stage-I,138,Home University Seats Allotted to Home University Candidates,1b1a85b7e8ea28d768ae1f3ff763812dcbc99483874ed91817a75809231e8a64
7026366bbc3b-PG_MCA_CAP1_Cutoff_MH_2025_26__1_.pdf,6219,"KSGBS's Bharat- Ratna Indira Gandhi College of Engineering, Kegaon, Solapur",0621924110,2025-26,1,Maharashtra,GOBCH,GOBCH,HU,77.8251197,percentile,GOBCH | 7060 | 77.8251197 | Stage-I,138,Home University Seats Allotted to Home University Candidates,00e505a75d357e6a522ef40fa0cd2ee75822730266ef34df06ddfe8db8741679
7026366bbc3b-PG_MCA_CAP1_Cutoff_MH_2025_26__1_.pdf,6219,"KSGBS's Bharat- Ratna Indira Gandhi College of Engineering, Kegaon, Solapur",0621924110,2025-26,1,Maharashtra,GSEBCH,GSEBCH,HU,21.0059952,percentile,GSEBCH | 22071 | 21.0059952 | Stage-I,138,Home University Seats Allotted to Home University Candidates,f30a21a16f8c1c02d988721c7cc92b9a5022fd6777f073340ee4df2493330128
7026366bbc3b-PG_MCA_CAP1_Cutoff_MH_2025_26__1_.pdf,6219,"KSGBS's Bharat- Ratna Indira Gandhi College of Engineering, Kegaon, Solapur",0621924110,2025-26,1,Maharashtra,GOPENO,GOPENO,HU,34.5198145,percentile,GOPENO | 19222 | 34.5198145 | Stage-I,138,Other Than Home University Seats Allotted to Other Than Home University Candidates,78e759325414eb42364d37e9793eccef99bf48f21b9c1c85ad62cfa682908621
7026366bbc3b-PG_MCA_CAP1_Cutoff_MH_2025_26__1_.pdf,6219,"KSGBS's Bharat- Ratna Indira Gandhi College of Engineering, Kegaon, Solapur",0621924110,2025-26,1,Maharashtra,GNTBO,GNTBO,HU,4.067771,percentile,GNTBO | 24913 | 4.067771 | Stage-I,138,Other Than Home University Seats Allotted to Home University Candidates,8a8a832b61d2bc6bad36c479fe6ddef1b63c5999df0b9a14965776d78695db33
7026366bbc3b-PG_MCA_CAP1_Cutoff_MH_2025_26__1_.pdf,6219,"KSGBS's Bharat- Ratna Indira Gandhi College of Engineering, Kegaon, Solapur",0621924110,2025-26,1,Maharashtra,GOBCO,GOBCO,HU,69.7143504,percentile,GOBCO | 9847 | 69.7143504 | Stage-I,138,Other Than Home University Seats Allotted to Home University Candidates,2562d9764f4efff6c265147fb8d12bc2bb5d43a8239fe7bee40fd04841a418c3
7026366bbc3b-PG_MCA_CAP1_Cutoff_MH_2025_26__1_.pdf,6219,"KSGBS's Bharat- Ratna Indira Gandhi College of Engineering, Kegaon, Solapur",0621924110,2025-26,1,Maharashtra,EWS,EWS,SL,58.7911466,percentile,EWS | 12990 | 58.7911466 | Stage-I,138,Other Than Home University Seats Allotted to Home University Candidates,392e5281c15b669a45f58b0f5e45fc01c9050a66046cb037374785dfeead68b7
7026366bbc3b-PG_MCA_CAP1_Cutoff_MH_2025_26__1_.pdf,6219,"KSGBS's Bharat- Ratna Indira Gandhi College of Engineering, Kegaon, Solapur",0621924110,2025-26,1,Maharashtra,TFWS,TFWS,SL,89.1966341,percentile,TFWS | 3374 | 89.1966341 | Stage-I,138,Other Than Home University Seats Allotted to Home University Candidates,3ee8b1fa2ddf79edc336f6ef0a04ec8361e6386b585839fec9580d99d93b8f44
7026366bbc3b-PG_MCA_CAP1_Cutoff_MH_2025_26__1_.pdf,6220,"SVERI's College of Engineering, Pandharpur",0622024110,2025-26,1,Maharashtra,GOPENH,GOPENH,HU,65.8578922,percentile,GOPENH | 10786 | 65.8578922 | Stage-I,139,Home University Seats Allotted to Home University Candidates,b4422e1eb4703af7414820b573e2b1e12e70e089a6e2ca99d9dbceb6dfc01af2
7026366bbc3b-PG_MCA_CAP1_Cutoff_MH_2025_26__1_.pdf,6220,"SVERI's College of Engineering, Pandharpur",0622024110,2025-26,1,Maharashtra,GSCH,GSCH,HU,2.0301121,percentile,GSCH | 25264 | 2.0301121 | Stage-I,139,Home University Seats Allotted to Home University Candidates,518d9cc61c06387fb0846b448ba7bb25dca0cd07bf49b6f9d1584b7ae051f3bc
7026366bbc3b-PG_MCA_CAP1_Cutoff_MH_2025_26__1_.pdf,6220,"SVERI's College of Engineering, Pandharpur",0622024110,2025-26,1,Maharashtra,GNTBH,GNTBH,HU,13.5402134,percentile,GNTBH | 23412 | 13.5402134 | Stage-I,139,Home University Seats Allotted to Home University Candidates,54458e6b3db2f70ccd8916a5c81c751d92f90353d6a46ec51652afac4cfc88f0
7026366bbc3b-PG_MCA_CAP1_Cutoff_MH_2025_26__1_.pdf,6220,"SVERI's College of Engineering, Pandharpur",0622024110,2025-26,1,Maharashtra,GNTCH,GNTCH,HU,65.8578922,percentile,GNTCH | 11226 | 65.8578922 | Stage-I,139,Home University Seats Allotted to Home University Candidates,d2e2a10b095917bd86a2b3b9ff58a457b6e7e0db032e527ddc4bc1de71537a38
7026366bbc3b-PG_MCA_CAP1_Cutoff_MH_2025_26__1_.pdf,6220,"SVERI's College of Engineering, Pandharpur",0622024110,2025-26,1,Maharashtra,GOBCH,GOBCH,HU,39.3989669,percentile,GOBCH | 17846 | 39.3989669 | Stage-I,139,Home University Seats Allotted to Home University Candidates,ba3eba743a0eb98ae56ea31d7ca3cfb5a83480c0b85e37fd460015beaae12dc2
7026366bbc3b-PG_MCA_CAP1_Cutoff_MH_2025_26__1_.pdf,6220,"SVERI's College of Engineering, Pandharpur",0622024110,2025-26,1,Maharashtra,GSEBCH,GSEBCH,HU,41.4550394,percentile,GSEBCH | 17400 | 41.4550394 | Stage-I,139,Home University Seats Allotted to Home University Candidates,41d3014fa8c1f93011e2968231ab5f66ec421d492de9dae7aa3b4c5a172f2d7a
7026366bbc3b-PG_MCA_CAP1_Cutoff_MH_2025_26__1_.pdf,6220,"SVERI's College of Engineering, Pandharpur",0622024110,2025-26,1,Maharashtra,GNTAH,GNTAH,HU,5.9311489,percentile,GNTAH | 24556 | 5.9311489 | Stage-I,139,Home University Seats Allotted to Other Than Home University Candidates,c997d740ec5cc9924d3f884222830785b3d71e933836eb0a81da66e72a29b378
7026366bbc3b-PG_MCA_CAP1_Cutoff_MH_2025_26__1_.pdf,6220,"SVERI's College of Engineering, Pandharpur",0622024110,2025-26,1,Maharashtra,GOPENO,GOPENO,HU,27.2744425,percentile,GOPENO | 20589 | 27.2744425 | Stage-I,139,Other Than Home University Seats Allotted to Other Than Home University Candidates,49a2f11c53c35a9481012bc9de09cf19bfffcbefecd8eec6b910aa7a56351218
7026366bbc3b-PG_MCA_CAP1_Cutoff_MH_2025_26__1_.pdf,6220,"SVERI's College of Engineering, Pandharpur",0622024110,2025-26,1,Maharashtra,GSCO,GSCO,HU,7.4072677,percentile,GSCO | 24395 | 7.4072677 | Stage-I,139,Other Than Home University Seats Allotted to Other Than Home University Candidates,7096bf936ee5606bc8a7c7c3ade9a5383c20592a7c6d29da0cc987d80bc503e7
7026366bbc3b-PG_MCA_CAP1_Cutoff_MH_2025_26__1_.pdf,6220,"SVERI's College of Engineering, Pandharpur",0622024110,2025-26,1,Maharashtra,GSEBCO,GSEBCO,HU,16.9789978,percentile,GSEBCO | 22587 | 16.9789978 | Stage-I,139,Other Than Home University Seats Allotted to Other Than Home University Candidates,8afc75c31b8e8bc8fd407cac44ed879a9b96dbcc63511f3d3f282ca073ca1959
7026366bbc3b-PG_MCA_CAP1_Cutoff_MH_2025_26__1_.pdf,6220,"SVERI's College of Engineering, Pandharpur",0622024110,2025-26,1,Maharashtra,GOBCO,GOBCO,HU,13.5402134,percentile,GOBCO | 23265 | 13.5402134 | Stage-I,139,Other Than Home University Seats Allotted to Home University Candidates,32e20b0a58d8a48ed9a61d59215ac0f89020e5adb929e7f9d8e5053b460792fc
7026366bbc3b-PG_MCA_CAP1_Cutoff_MH_2025_26__1_.pdf,6220,"SVERI's College of Engineering, Pandharpur",0622024110,2025-26,1,Maharashtra,EWS,EWS,SL,19.1539942,percentile,EWS | 22145 | 19.1539942 | Stage-I,139,Other Than Home University Seats Allotted to Home University Candidates,32a81c0cd896fa0868411237063e2188e8b53e12b8a12ffa0c5a06f46d6a4421
7026366bbc3b-PG_MCA_CAP1_Cutoff_MH_2025_26__1_.pdf,6220,"SVERI's College of Engineering, Pandharpur",0622024110,2025-26,1,Maharashtra,TFWS,TFWS,SL,61.2807064,percentile,TFWS | 12651 | 61.2807064 | Stage-I,139,Other Than Home University Seats Allotted to Home University Candidates,87c7634887ef9bbba3cf28a5a1ac802843157040cbf6fc2e2cd569b22b8333d6
7026366bbc3b-PG_MCA_CAP1_Cutoff_MH_2025_26__1_.pdf,6222,"Dattajirao Kadam Technical Education Society's Textile & Engineering Institute, Ichalkaranji.",0622224110,2025-26,1,Maharashtra,GOPENH,GOPENH,HU,80.5399495,percentile,GOPENH | 6339 | 80.5399495 | Stage-I,140,Home University Seats Allotted to Home University Candidates,d4448a1e4894a1131a66198c6ee1c6eed5562b05ee2545a02f8a2ab5a5a38369
7026366bbc3b-PG_MCA_CAP1_Cutoff_MH_2025_26__1_.pdf,6222,"Dattajirao Kadam Technical Education Society's Textile & Engineering Institute, Ichalkaranji.",0622224110,2025-26,1,Maharashtra,GSCH,GSCH,HU,53.942159,percentile,GSCH | 14017 | 53.942159 | Stage-I,140,Home University Seats Allotted to Home University Candidates,f67915824f8f49ce6583c1271317421259f668588c45ee59a809a71d86d19b5f
7026366bbc3b-PG_MCA_CAP1_Cutoff_MH_2025_26__1_.pdf,6222,"Dattajirao Kadam Technical Education Society's Textile & Engineering Institute, Ichalkaranji.",0622224110,2025-26,1,Maharashtra,GNTAH,GNTAH,HU,63.1574978,percentile,GNTAH | 11789 | 63.1574978 | Stage-I,140,Home University Seats Allotted to Home University Candidates,3f7b10f83d12baafe842985212bdd8bb714b1323e13340d327912b804fedc9d0
7026366bbc3b-PG_MCA_CAP1_Cutoff_MH_2025_26__1_.pdf,6222,"Dattajirao Kadam Technical Education Society's Textile & Engineering Institute, Ichalkaranji.",0622224110,2025-26,1,Maharashtra,GNTBH,GNTBH,HU,79.9969812,percentile,GNTBH | 6493 | 79.9969812 | Stage-I,140,Home University Seats Allotted to Home University Candidates,c7d22b6eea2422c61882c1477b12dd731fce0ce344bc18abbe97616f038c4814
7026366bbc3b-PG_MCA_CAP1_Cutoff_MH_2025_26__1_.pdf,6222,"Dattajirao Kadam Technical Education Society's Textile & Engineering Institute, Ichalkaranji.",0622224110,2025-26,1,Maharashtra,GNTCH,GNTCH,HU,65.8578922,percentile,GNTCH | 10964 | 65.8578922 | Stage-I,140,Home University Seats Allotted to Home University Candidates,4f100b653591cad57e7552e3a447cedb16ee1c9b149bc190057a0d306da6eedd
7026366bbc3b-PG_MCA_CAP1_Cutoff_MH_2025_26__1_.pdf,6222,"Dattajirao Kadam Technical Education Society's Textile & Engineering Institute, Ichalkaranji.",0622224110,2025-26,1,Maharashtra,GOBCH,GOBCH,HU,63.1574978,percentile,GOBCH | 11875 | 63.1574978 | Stage-I,140,Home University Seats Allotted to Home University Candidates,f84abec2ec78b987b2d8b60058803d80a489dec73d34cab96261bcff1ceb2a07
7026366bbc3b-PG_MCA_CAP1_Cutoff_MH_2025_26__1_.pdf,6222,"Dattajirao Kadam Technical Education Society's Textile & Engineering Institute, Ichalkaranji.",0622224110,2025-26,1,Maharashtra,GSEBCH,GSEBCH,HU,74.782248,percentile,GSEBCH | 8479 | 74.782248 | Stage-I,140,Home University Seats Allotted to Home University Candidates,a153704b8235572d0c8146431e062d54e1934f5fd29745a1f3aa1c9ebedef5a1
7026366bbc3b-PG_MCA_CAP1_Cutoff_MH_2025_26__1_.pdf,6222,"Dattajirao Kadam Technical Education Society's Textile & Engineering Institute, Ichalkaranji.",0622224110,2025-26,1,Maharashtra,GOPENO,GOPENO,HU,51.4093808,percentile,GOPENO | 15210 | 51.4093808 | Stage-I,140,Other Than Home University Seats Allotted to Other Than Home University Candidates,2c775fcadc985be6d854caaa93f7e2769e1906639295e6ab19a685e0a0b7d4a2
7026366bbc3b-PG_MCA_CAP1_Cutoff_MH_2025_26__1_.pdf,6222,"Dattajirao Kadam Technical Education Society's Textile & Engineering Institute, Ichalkaranji.",0622224110,2025-26,1,Maharashtra,GSCO,GSCO,HU,34.5198145,percentile,GSCO | 19205 | 34.5198145 | Stage-I,140,Other Than Home University Seats Allotted to Home University Candidates,4adaf4455ff65058b68165112854a9eabe392e197f3b135af4a3e236d2f9b30f
7026366bbc3b-PG_MCA_CAP1_Cutoff_MH_2025_26__1_.pdf,6222,"Dattajirao Kadam Technical Education Society's Textile & Engineering Institute, Ichalkaranji.",0622224110,2025-26,1,Maharashtra,GOBCO,GOBCO,HU,53.942159,percentile,GOBCO | 14176 | 53.942159 | Stage-I,140,Other Than Home University Seats Allotted to Home University Candidates,74d6419111408e1afbd8d4a64d8cafa3aa248c24cf8b5c1747d6720ddff766f3
7026366bbc3b-PG_MCA_CAP1_Cutoff_MH_2025_26__1_.pdf,6222,"Dattajirao Kadam Technical Education Society's Textile & Engineering Institute, Ichalkaranji.",0622224110,2025-26,1,Maharashtra,GSEBCO,GSEBCO,HU,71.1549338,percentile,GSEBCO | 9266 | 71.1549338 | Stage-I,140,Other Than Home University Seats Allotted to Home University Candidates,853b847b1aab7727bda8067547cd0a0a30e9f90e8a0ef1ebeb00b2c58ee0cc78
7026366bbc3b-PG_MCA_CAP1_Cutoff_MH_2025_26__1_.pdf,6222,"Dattajirao Kadam Technical Education Society's Textile & Engineering Institute, Ichalkaranji.",0622224110,2025-26,1,Maharashtra,EWS,EWS,SL,77.8251197,percentile,EWS | 7382 | 77.8251197 | Stage-I,140,Other Than Home University Seats Allotted to Home University Candidates,caf796be854898edbe85a28fdace82a37061ac0edc1ece333dec2fb3559dae1a
7026366bbc3b-PG_MCA_CAP1_Cutoff_MH_2025_26__1_.pdf,6222,"Dattajirao Kadam Technical Education Society's Textile & Engineering Institute, Ichalkaranji.",0622224110,2025-26,1,Maharashtra,TFWS,TFWS,SL,96.1125146,percentile,TFWS | 1114 | 96.1125146 | Stage-I,140,Other Than Home University Seats Allotted to Home University Candidates,8bc7077f518c3e0ab34f56a1fc633fd10b348f787a21b9f0b99f5cfe052e7d56
7026366bbc3b-PG_MCA_CAP1_Cutoff_MH_2025_26__1_.pdf,6228,"Dr. D. Y. Patil Pratishthan's D.Y.Patil Institute of Master of Computer Applications and Management, Akurdi, Pune",0622824110,2025-26,1,Maharashtra,GOPENH,GOPENH,HU,96.1125146,percentile,GOPENH | 1176 | 96.1125146 | Stage-I,141,Home University Seats Allotted to Home University Candidates,ed11e8d06ed2b61289b6ada41165ef2dc077f4a06fe115d902bbe6f636becb36
7026366bbc3b-PG_MCA_CAP1_Cutoff_MH_2025_26__1_.pdf,6228,"Dr. D. Y. Patil Pratishthan's D.Y.Patil Institute of Master of Computer Applications and Management, Akurdi, Pune",0622824110,2025-26,1,Maharashtra,GSCH,GSCH,HU,85.3851665,percentile,GSCH | 4620 | 85.3851665 | Stage-I,141,Home University Seats Allotted to Home University Candidates,b402ef947bf2fe4dc2a2c07837a2350ff3fe796ee229d571fae0a4912b19eedf
7026366bbc3b-PG_MCA_CAP1_Cutoff_MH_2025_26__1_.pdf,6228,"Dr. D. Y. Patil Pratishthan's D.Y.Patil Institute of Master of Computer Applications and Management, Akurdi, Pune",0622824110,2025-26,1,Maharashtra,GSTH,GSTH,HU,67.3579428,percentile,GSTH | 10552 | 67.3579428 | Stage-I,141,Home University Seats Allotted to Home University Candidates,47a6c76a23a65e5d8dda08936d167c14ba0a9e05d02ce42096fe829af88538f1
7026366bbc3b-PG_MCA_CAP1_Cutoff_MH_2025_26__1_.pdf,6228,"Dr. D. Y. Patil Pratishthan's D.Y.Patil Institute of Master of Computer Applications and Management, Akurdi, Pune",0622824110,2025-26,1,Maharashtra,GNTAH,GNTAH,HU,89.1331398,percentile,GNTAH | 3730 | 89.1331398 | Stage-I,141,Home University Seats Allotted to Home University Candidates,4172a8f7a41e0d492cd0f9774c78441df0d8ebcab8c3781d9d488c95b33c07ff
7026366bbc3b-PG_MCA_CAP1_Cutoff_MH_2025_26__1_.pdf,6228,"Dr. D. Y. Patil Pratishthan's D.Y.Patil Institute of Master of Computer Applications and Management, Akurdi, Pune",0622824110,2025-26,1,Maharashtra,GNTBH,GNTBH,HU,93.405226,percentile,GNTBH | 2170 | 93.405226 | Stage-I,141,Home University Seats Allotted to Home University Candidates,e763069cd58d07396c3ccbe6028cd6d05e36c74275934b20dde41be971b0b48f
7026366bbc3b-PG_MCA_CAP1_Cutoff_MH_2025_26__1_.pdf,6228,"Dr. D. Y. Patil Pratishthan's D.Y.Patil Institute of Master of Computer Applications and Management, Akurdi, Pune",0622824110,2025-26,1,Maharashtra,GNTCH,GNTCH,HU,93.405226,percentile,GNTCH | 2089 | 93.405226 | Stage-I,141,Home University Seats Allotted to Home University Candidates,af29976b019805ffca5b1b41eb2c2c6155fceeb62a9cd78c546ea7de4aad1dd8
7026366bbc3b-PG_MCA_CAP1_Cutoff_MH_2025_26__1_.pdf,6228,"Dr. D. Y. Patil Pratishthan's D.Y.Patil Institute of Master of Computer Applications and Management, Akurdi, Pune",0622824110,2025-26,1,Maharashtra,GNTDH,GNTDH,HU,90.7733494,percentile,GNTDH | 3052 | 90.7733494 | Stage-I,141,Home University Seats Allotted to Home University Candidates,5281840c3fa7cce798328778537de7671671a637cb624f0d18dda9343bd18579
7026366bbc3b-PG_MCA_CAP1_Cutoff_MH_2025_26__1_.pdf,6228,"Dr. D. Y. Patil Pratishthan's D.Y.Patil Institute of Master of Computer Applications and Management, Akurdi, Pune",0622824110,2025-26,1,Maharashtra,GOBCH,GOBCH,HU,94.4270578,percentile,GOBCH | 1693 | 94.4270578 | Stage-I,141,Home University Seats Allotted to Home University Candidates,be1c0e44abe6be86812d4be68d112ab14802a54fec323c4d37c362b374b96fcd
7026366bbc3b-PG_MCA_CAP1_Cutoff_MH_2025_26__1_.pdf,6228,"Dr. D. Y. Patil Pratishthan's D.Y.Patil Institute of Master of Computer Applications and Management, Akurdi, Pune",0622824110,2025-26,1,Maharashtra,GSEBCH,GSEBCH,HU,89.1331398,percentile,GSEBCH | 3743 | 89.1331398 | Stage-I,141,Home University Seats Allotted to Home University Candidates,63b4113ca488016cc1f3f39b30b2c1cb9e1da81951306bcac8af63ad254a0a58
7026366bbc3b-PG_MCA_CAP1_Cutoff_MH_2025_26__1_.pdf,6228,"Dr. D. Y. Patil Pratishthan's D.Y.Patil Institute of Master of Computer Applications and Management, Akurdi, Pune",0622824110,2025-26,1,Maharashtra,PWDOPENH,PWDOPENH,HU,39.3989669,percentile,PWDOPENH | 17953 | 39.3989669 | Stage-I,141,Home University Seats Allotted to Home University Candidates,dffe0dd55289b46010cbd72a2a92362f6d58bf417efc7ff213a7e0d976c0759f
7026366bbc3b-PG_MCA_CAP1_Cutoff_MH_2025_26__1_.pdf,6228,"Dr. D. Y. Patil Pratishthan's D.Y.Patil Institute of Master of Computer Applications and Management, Akurdi, Pune",0622824110,2025-26,1,Maharashtra,PWDOBCH,PWDOBCH,HU,63.1574978,percentile,PWDOBCH | 12013 | 63.1574978 | Stage-I,141,Home University Seats Allotted to Other Than Home University Candidates,09cf6e6b42f0f2980c7f619b819c2e46701f85473f67de650ee4c4cacc490124
7026366bbc3b-PG_MCA_CAP1_Cutoff_MH_2025_26__1_.pdf,6228,"Dr. D. Y. Patil Pratishthan's D.Y.Patil Institute of Master of Computer Applications and Management, Akurdi, Pune",0622824110,2025-26,1,Maharashtra,GOPENO,GOPENO,HU,97.6265047,percentile,GOPENO | 615 | 97.6265047 | Stage-I,141,Other Than Home University Seats Allotted to Other Than Home University Candidates,54eeea91d5a608fc7b41454652ccfe99c220ce40b5a13784307cbfc142089eb9
7026366bbc3b-PG_MCA_CAP1_Cutoff_MH_2025_26__1_.pdf,6228,"Dr. D. Y. Patil Pratishthan's D.Y.Patil Institute of Master of Computer Applications and Management, Akurdi, Pune",0622824110,2025-26,1,Maharashtra,GSCO,GSCO,HU,94.6454851,percentile,GSCO | 1638 | 94.6454851 | Stage-I,141,Other Than Home University Seats Allotted to Other Than Home University Candidates,1fc4a9aa80b91b443095c43066c38482aebb2be8aedaa27e410417808f256cdc
7026366bbc3b-PG_MCA_CAP1_Cutoff_MH_2025_26__1_.pdf,6228,"Dr. D. Y. Patil Pratishthan's D.Y.Patil Institute of Master of Computer Applications and Management, Akurdi, Pune",0622824110,2025-26,1,Maharashtra,GSTO,GSTO,HU,74.782248,percentile,GSTO | 8388 | 74.782248 | Stage-I,141,Other Than Home University Seats Allotted to Other Than Home University Candidates,fb23e92e035e2323d7494959c96211d8956273a08b2ea9df2557dfa5f2aac7e8
7026366bbc3b-PG_MCA_CAP1_Cutoff_MH_2025_26__1_.pdf,6228,"Dr. D. Y. Patil Pratishthan's D.Y.Patil Institute of Master of Computer Applications and Management, Akurdi, Pune",0622824110,2025-26,1,Maharashtra,GNTAO,GNTAO,HU,93.5511867,percentile,GNTAO | 1870 | 93.5511867 | Stage-I,141,Other Than Home University Seats Allotted to Other Than Home University Candidates,31c1428bbb2feb78e82ad6f738c08e364348c58c5cc094a342e1069f647a67f0
7026366bbc3b-PG_MCA_CAP1_Cutoff_MH_2025_26__1_.pdf,6228,"Dr. D. Y. Patil Pratishthan's D.Y.Patil Institute of Master of Computer Applications and Management, Akurdi, Pune",0622824110,2025-26,1,Maharashtra,GNTCO,GNTCO,HU,94.6454851,percentile,GNTCO | 1611 | 94.6454851 | Stage-I,141,Other Than Home University Seats Allotted to Other Than Home University Candidates,60c477135cc0a359922628cfb0df6aedba6ae5c4bd16314685bfd51e78c4a2be
7026366bbc3b-PG_MCA_CAP1_Cutoff_MH_2025_26__1_.pdf,6228,"Dr. D. Y. Patil Pratishthan's D.Y.Patil Institute of Master of Computer Applications and Management, Akurdi, Pune",0622824110,2025-26,1,Maharashtra,GNTDO,GNTDO,HU,90.9663786,percentile,GNTDO | 2728 | 90.9663786 | Stage-I,141,Other Than Home University Seats Allotted to Other Than Home University Candidates,53139be4bc8e7ca89b2245616059d6497b8d2aeeac306d1ddb18b9488c3e2c3e
7026366bbc3b-PG_MCA_CAP1_Cutoff_MH_2025_26__1_.pdf,6228,"Dr. D. Y. Patil Pratishthan's D.Y.Patil Institute of Master of Computer Applications and Management, Akurdi, Pune",0622824110,2025-26,1,Maharashtra,GOBCO,GOBCO,HU,96.392589,percentile,GOBCO | 1039 | 96.392589 | Stage-I,141,Other Than Home University Seats Allotted to Other Than Home University Candidates,5dd44006abbab226ce39eb74ca6cc2900c1b690ca65b23e7aaf6d40165c95f28
7026366bbc3b-PG_MCA_CAP1_Cutoff_MH_2025_26__1_.pdf,6228,"Dr. D. Y. Patil Pratishthan's D.Y.Patil Institute of Master of Computer Applications and Management, Akurdi, Pune",0622824110,2025-26,1,Maharashtra,GSEBCO,GSEBCO,HU,97.0718086,percentile,GSEBCO | 870 | 97.0718086 | Stage-I,141,Other Than Home University Seats Allotted to Other Than Home University Candidates,c28f95e021aca6efe36cd80c450a50d2174d1b85c2c5a040dd762c19244d9310
7026366bbc3b-PG_MCA_CAP1_Cutoff_MH_2025_26__1_.pdf,6228,"Dr. D. Y. Patil Pratishthan's D.Y.Patil Institute of Master of Computer Applications and Management, Akurdi, Pune",0622824110,2025-26,1,Maharashtra,EWS,EWS,SL,92.3361383,percentile,EWS | 2268 | 92.3361383 | Stage-I,141,Other Than Home University Seats Allotted to Other Than Home University Candidates,e904f82d5ffc219afa6d2c0db915e4051fabe0ae2a53cb528785b86077be2b71
7026366bbc3b-PG_MCA_CAP1_Cutoff_MH_2025_26__1_.pdf,6228,"Dr. D. Y. Patil Pratishthan's D.Y.Patil Institute of Master of Computer Applications and Management, Akurdi, Pune",0622824110,2025-26,1,Maharashtra,TFWS,TFWS,SL,98.2089665,percentile,TFWS | 478 | 98.2089665 | Stage-I,141,Other Than Home University Seats Allotted to Other Than Home University Candidates,1995520c2abd0b5a66eaa78869d2d47e041697b1b434e93995ab127c36bcee14
7026366bbc3b-PG_MCA_CAP1_Cutoff_MH_2025_26__1_.pdf,6231,"Sinhgad Technical Education Society's Sinhgad Institute of Management ,Vadgaon(Budruk),Pune",0623124110,2025-26,1,Maharashtra,GOPENH,GOPENH,HU,90.7733494,percentile,GOPENH | 2982 | 90.7733494 | Stage-I,142,Home University Seats Allotted to Home University Candidates,869105768d0eb50193f996b15400c9adfbb7dbef691a26f8db7db5bd81a340e7
7026366bbc3b-PG_MCA_CAP1_Cutoff_MH_2025_26__1_.pdf,6231,"Sinhgad Technical Education Society's Sinhgad Institute of Management ,Vadgaon(Budruk),Pune",0623124110,2025-26,1,Maharashtra,GSCH,GSCH,HU,71.1549338,percentile,GSCH | 9190 | 71.1549338 | Stage-I,142,Home University Seats Allotted to Home University Candidates,5543fd9a06b78c390c6cd94b0f7c239684070f6c43b4e0db5432438ec21bfdad
7026366bbc3b-PG_MCA_CAP1_Cutoff_MH_2025_26__1_.pdf,6231,"Sinhgad Technical Education Society's Sinhgad Institute of Management ,Vadgaon(Budruk),Pune",0623124110,2025-26,1,Maharashtra,GSTH,GSTH,HU,34.5198145,percentile,GSTH | 19329 | 34.5198145 | Stage-I,142,Home University Seats Allotted to Home University Candidates,c377fe5ac39db9915e6bd0afddb546a63afab6147d6ce8809ce59858c4523e47
7026366bbc3b-PG_MCA_CAP1_Cutoff_MH_2025_26__1_.pdf,6231,"Sinhgad Technical Education Society's Sinhgad Institute of Management ,Vadgaon(Budruk),Pune",0623124110,2025-26,1,Maharashtra,GNTAH,GNTAH,HU,65.8578922,percentile,GNTAH | 11393 | 65.8578922 | Stage-I,142,Home University Seats Allotted to Home University Candidates,1b581141a3e1d3123254d483eb4f3dbc349436603d8383deb95eaa3bf799a4e2
7026366bbc3b-PG_MCA_CAP1_Cutoff_MH_2025_26__1_.pdf,6231,"Sinhgad Technical Education Society's Sinhgad Institute of Management ,Vadgaon(Budruk),Pune",0623124110,2025-26,1,Maharashtra,GNTBH,GNTBH,HU,79.9969812,percentile,GNTBH | 6612 | 79.9969812 | Stage-I,142,Home University Seats Allotted to Home University Candidates,1f4ad6721ed2e96862aaf9a48297b773dbab0c99d3d0c0b6480ada3ebf417bfd
7026366bbc3b-PG_MCA_CAP1_Cutoff_MH_2025_26__1_.pdf,6231,"Sinhgad Technical Education Society's Sinhgad Institute of Management ,Vadgaon(Budruk),Pune",0623124110,2025-26,1,Maharashtra,GNTCH,GNTCH,HU,82.8308366,percentile,GNTCH | 5828 | 82.8308366 | Stage-I,142,Home University Seats Allotted to Home University Candidates,dd974a4cc6d4ced2b2aa512a0921ee323fa1e9cffa67702e467551dfd241d3e7
7026366bbc3b-PG_MCA_CAP1_Cutoff_MH_2025_26__1_.pdf,6231,"Sinhgad Technical Education Society's Sinhgad Institute of Management ,Vadgaon(Budruk),Pune",0623124110,2025-26,1,Maharashtra,GNTDH,GNTDH,HU,76.9216256,percentile,GNTDH | 7451 | 76.9216256 | Stage-I,142,Home University Seats Allotted to Home University Candidates,66b2518400414cc9f18bebd71a9c9d7ac9e33962008427373f59e119f122587f
7026366bbc3b-PG_MCA_CAP1_Cutoff_MH_2025_26__1_.pdf,6231,"Sinhgad Technical Education Society's Sinhgad Institute of Management ,Vadgaon(Budruk),Pune",0623124110,2025-26,1,Maharashtra,GOBCH,GOBCH,HU,87.3496474,percentile,GOBCH | 3909 | 87.3496474 | Stage-I,142,Home University Seats Allotted to Home University Candidates,7f3d95619f28fe822095d1904531333d42fc9f82063b0e34d3bb92cb2387f5d7
7026366bbc3b-PG_MCA_CAP1_Cutoff_MH_2025_26__1_.pdf,6231,"Sinhgad Technical Education Society's Sinhgad Institute of Management ,Vadgaon(Budruk),Pune",0623124110,2025-26,1,Maharashtra,GSEBCH,GSEBCH,HU,80.5399495,percentile,GSEBCH | 6448 | 80.5399495 | Stage-I,142,Home University Seats Allotted to Home University Candidates,0abe2badeb66c36313a9cd2311f5c8423371b77681b4084e2b54acb5678ba39b
7026366bbc3b-PG_MCA_CAP1_Cutoff_MH_2025_26__1_.pdf,6231,"Sinhgad Technical Education Society's Sinhgad Institute of Management ,Vadgaon(Budruk),Pune",0623124110,2025-26,1,Maharashtra,PWDOPENH,PWDOPENH,HU,63.1574978,percentile,PWDOPENH | 11553 | 63.1574978 | Stage-I,142,Home University Seats Allotted to Other Than Home University Candidates,92520040ee303d4f791174a05f355e439b697d2e5f927fd0ef0fdd31c6aa3c89
7026366bbc3b-PG_MCA_CAP1_Cutoff_MH_2025_26__1_.pdf,6231,"Sinhgad Technical Education Society's Sinhgad Institute of Management ,Vadgaon(Budruk),Pune",0623124110,2025-26,1,Maharashtra,GOPENO,GOPENO,HU,93.5511867,percentile,GOPENO | 1879 | 93.5511867 | Stage-I,142,Other Than Home University Seats Allotted to Other Than Home University Candidates,4158adb7f10dd5d45db3b0ce09f151e952d759bf767dc81a95babcd3f146f866
7026366bbc3b-PG_MCA_CAP1_Cutoff_MH_2025_26__1_.pdf,6231,"Sinhgad Technical Education Society's Sinhgad Institute of Management ,Vadgaon(Budruk),Pune",0623124110,2025-26,1,Maharashtra,GSCO,GSCO,HU,89.1966341,percentile,GSCO | 3292 | 89.1966341 | Stage-I,142,Other Than Home University Seats Allotted to Other Than Home University Candidates,2b635e45308657ad9854d3de44e48e3e9b78b357e15f2cdc4081f2dc5d26e231
7026366bbc3b-PG_MCA_CAP1_Cutoff_MH_2025_26__1_.pdf,6231,"Sinhgad Technical Education Society's Sinhgad Institute of Management ,Vadgaon(Budruk),Pune",0623124110,2025-26,1,Maharashtra,GSTO,GSTO,HU,44.5345198,percentile,GSTO | 16803 | 44.5345198 | Stage-I,142,Other Than Home University Seats Allotted to Other Than Home University Candidates,b8b5879345bcb36f58fc8bdf46742c09a16926c33e07fd3fb35b9617d44ca998
7026366bbc3b-PG_MCA_CAP1_Cutoff_MH_2025_26__1_.pdf,6231,"Sinhgad Technical Education Society's Sinhgad Institute of Management ,Vadgaon(Budruk),Pune",0623124110,2025-26,1,Maharashtra,GNTAO,GNTAO,HU,92.3361383,percentile,GNTAO | 2311 | 92.3361383 | Stage-I,142,Other Than Home University Seats Allotted to Other Than Home University Candidates,3531269b219e909e6389e079ea92c7e2789c258520539e0c83bc55795989721a
7026366bbc3b-PG_MCA_CAP1_Cutoff_MH_2025_26__1_.pdf,6231,"Sinhgad Technical Education Society's Sinhgad Institute of Management ,Vadgaon(Budruk),Pune",0623124110,2025-26,1,Maharashtra,GNTBO,GNTBO,HU,92.3361383,percentile,GNTBO | 2252 | 92.3361383 | Stage-I,142,Other Than Home University Seats Allotted to Other Than Home University Candidates,28eb6fe755fea03f25f3af730c5d5d2b79d8880799bf38de2a24df8d4365bf6f
7026366bbc3b-PG_MCA_CAP1_Cutoff_MH_2025_26__1_.pdf,6231,"Sinhgad Technical Education Society's Sinhgad Institute of Management ,Vadgaon(Budruk),Pune",0623124110,2025-26,1,Maharashtra,GNTCO,GNTCO,HU,89.1966341,percentile,GNTCO | 3518 | 89.1966341 | Stage-I,142,Other Than Home University Seats Allotted to Other Than Home University Candidates,2b2a683fb67f9054b4d20e568bf349cca69828bc6d438f17cae9cb5087770901
7026366bbc3b-PG_MCA_CAP1_Cutoff_MH_2025_26__1_.pdf,6231,"Sinhgad Technical Education Society's Sinhgad Institute of Management ,Vadgaon(Budruk),Pune",0623124110,2025-26,1,Maharashtra,GNTDO,GNTDO,HU,92.3361383,percentile,GNTDO | 2224 | 92.3361383 | Stage-I,142,Other Than Home University Seats Allotted to Other Than Home University Candidates,50af8f3b8de7857a42cb678a58643d2e234d3b70c112f0a7867c2141f7109a51
7026366bbc3b-PG_MCA_CAP1_Cutoff_MH_2025_26__1_.pdf,6231,"Sinhgad Technical Education Society's Sinhgad Institute of Management ,Vadgaon(Budruk),Pune",0623124110,2025-26,1,Maharashtra,GOBCO,GOBCO,HU,93.405226,percentile,GOBCO | 2209 | 93.405226 | Stage-I,142,Other Than Home University Seats Allotted to Other Than Home University Candidates,5dda6629cf9c61d9860f81523e0fcb667e2cb8f84b04079d227473fd65287bad
7026366bbc3b-PG_MCA_CAP1_Cutoff_MH_2025_26__1_.pdf,6231,"Sinhgad Technical Education Society's Sinhgad Institute of Management ,Vadgaon(Budruk),Pune",0623124110,2025-26,1,Maharashtra,GSEBCO,GSEBCO,HU,92.1797821,percentile,GSEBCO | 2596 | 92.1797821 | Stage-I,142,Other Than Home University Seats Allotted to Other Than Home University Candidates,6863a6c29fc04d3e5beb99d3f18982b614cb20212fe847fc4bf626a2997d690e
7026366bbc3b-PG_MCA_CAP1_Cutoff_MH_2025_26__1_.pdf,6231,"Sinhgad Technical Education Society's Sinhgad Institute of Management ,Vadgaon(Budruk),Pune",0623124110,2025-26,1,Maharashtra,EWS,EWS,SL,85.2118788,percentile,EWS | 4829 | 85.2118788 | Stage-I,142,Other Than Home University Seats Allotted to Other Than Home University Candidates,dc9380a55073d51f5107cde5d109f64e0aa4d18322e3fc7277d24a5392445bc9
7026366bbc3b-PG_MCA_CAP1_Cutoff_MH_2025_26__1_.pdf,6231,"Sinhgad Technical Education Society's Sinhgad Institute of Management ,Vadgaon(Budruk),Pune",0623124110,2025-26,1,Maharashtra,TFWS,TFWS,SL,94.4270578,percentile,TFWS | 1735 | 94.4270578 | Stage-I,142,Other Than Home University Seats Allotted to Other Than Home University Candidates,3ef9fd21988916543923992a953dec148da467a208375ae1829bcede9151733c
7026366bbc3b-PG_MCA_CAP1_Cutoff_MH_2025_26__1_.pdf,6232,"Maharashtra Education Society's Institute of Management and Career Courses (IMCC), Pune",0623224110,2025-26,1,Maharashtra,GOPENH,GOPENH,HU,95.5548847,percentile,GOPENH | 1233 | 95.5548847 | Stage-I,143,Home University Seats Allotted to Home University Candidates,fe597b7742e4b3240ff759bfa566028ef8b84710752f6addee2fa5ff50d565b0
7026366bbc3b-PG_MCA_CAP1_Cutoff_MH_2025_26__1_.pdf,6232,"Maharashtra Education Society's Institute of Management and Career Courses (IMCC), Pune",0623224110,2025-26,1,Maharashtra,GSCH,GSCH,HU,85.2118788,percentile,GSCH | 5060 | 85.2118788 | Stage-I,143,Home University Seats Allotted to Home University Candidates,7214ea23f87e392e343034208914ffee2476188794964a895a520f653199872a
7026366bbc3b-PG_MCA_CAP1_Cutoff_MH_2025_26__1_.pdf,6232,"Maharashtra Education Society's Institute of Management and Career Courses (IMCC), Pune",0623224110,2025-26,1,Maharashtra,GSTH,GSTH,HU,51.4093808,percentile,GSTH | 15184 | 51.4093808 | Stage-I,143,Home University Seats Allotted to Home University Candidates,b1e2dec756d743978cb460fc03959bbd006ceb743628870e35ec817a199a2427
7026366bbc3b-PG_MCA_CAP1_Cutoff_MH_2025_26__1_.pdf,6232,"Maharashtra Education Society's Institute of Management and Career Courses (IMCC), Pune",0623224110,2025-26,1,Maharashtra,GNTAH,GNTAH,HU,80.5399495,percentile,GNTAH | 6439 | 80.5399495 | Stage-I,143,Home University Seats Allotted to Home University Candidates,3a9cca93ff3958188ffc2455d548438f132d1d358ab8fac1887f1de23bd40336
7026366bbc3b-PG_MCA_CAP1_Cutoff_MH_2025_26__1_.pdf,6232,"Maharashtra Education Society's Institute of Management and Career Courses (IMCC), Pune",0623224110,2025-26,1,Maharashtra,GNTBH,GNTBH,HU,94.6454851,percentile,GNTBH | 1644 | 94.6454851 | Stage-I,143,Home University Seats Allotted to Home University Candidates,5aea6ba116627bd025b6d772e9912a9a6860b646fce5268489fa7d1041123cfa
7026366bbc3b-PG_MCA_CAP1_Cutoff_MH_2025_26__1_.pdf,6232,"Maharashtra Education Society's Institute of Management and Career Courses (IMCC), Pune",0623224110,2025-26,1,Maharashtra,GNTCH,GNTCH,HU,94.4270578,percentile,GNTCH | 1707 | 94.4270578 | Stage-I,143,Home University Seats Allotted to Home University Candidates,52b4167ee4b1e0a31b58bdc1edf080e1fe0d54b4de2720300282e7fa05190a31
7026366bbc3b-PG_MCA_CAP1_Cutoff_MH_2025_26__1_.pdf,6232,"Maharashtra Education Society's Institute of Management and Career Courses (IMCC), Pune",0623224110,2025-26,1,Maharashtra,GNTDH,GNTDH,HU,85.3851665,percentile,GNTDH | 4600 | 85.3851665 | Stage-I,143,Home University Seats Allotted to Home University Candidates,bc226631336a42329c2a50899c7aa1f24e51d00fe2c29f16f18a03e1c1fa6142
7026366bbc3b-PG_MCA_CAP1_Cutoff_MH_2025_26__1_.pdf,6232,"Maharashtra Education Society's Institute of Management and Career Courses (IMCC), Pune",0623224110,2025-26,1,Maharashtra,GOBCH,GOBCH,HU,94.4270578,percentile,GOBCH | 1740 | 94.4270578 | Stage-I,143,Home University Seats Allotted to Home University Candidates,f852547dd30497c8cb4cd753cbb74bb1062b8002e17eac6a986cc94b8cfd4844
7026366bbc3b-PG_MCA_CAP1_Cutoff_MH_2025_26__1_.pdf,6232,"Maharashtra Education Society's Institute of Management and Career Courses (IMCC), Pune",0623224110,2025-26,1,Maharashtra,GSEBCH,GSEBCH,HU,90.9663786,percentile,GSEBCH | 2710 | 90.9663786 | Stage-I,143,Home University Seats Allotted to Home University Candidates,3711e2512c57da3c08a405ff5d790cfebb93eb921ec17742d62d2b0a37ba2dcf
7026366bbc3b-PG_MCA_CAP1_Cutoff_MH_2025_26__1_.pdf,6232,"Maharashtra Education Society's Institute of Management and Career Courses (IMCC), Pune",0623224110,2025-26,1,Maharashtra,PWDOPENH,PWDOPENH,HU,46.3793819,percentile,PWDOPENH | 16056 | 46.3793819 | Stage-I,143,Home University Seats Allotted to Home University Candidates,1d684802a0ed550e7929ca4e2b66625b7bf4dcf82d2349f865720c12166db1e6
7026366bbc3b-PG_MCA_CAP1_Cutoff_MH_2025_26__1_.pdf,6232,"Maharashtra Education Society's Institute of Management and Career Courses (IMCC), Pune",0623224110,2025-26,1,Maharashtra,GSTH,GSTH,HU,25.4779232,percentile,GSTH | 21238 | 25.4779232 | Stage-I,143,Home University Seats Allotted to Other Than Home University Candidates,b4bd60d862d290a7b037f1e0545b25ffa68861f50a6dfe86e480b5ca3e5b6dce
7026366bbc3b-PG_MCA_CAP1_Cutoff_MH_2025_26__1_.pdf,6232,"Maharashtra Education Society's Institute of Management and Career Courses (IMCC), Pune",0623224110,2025-26,1,Maharashtra,PWDOPENH,PWDOPENH,HU,49.3533426,percentile,PWDOPENH | 15844 | 49.3533426 | Stage-I,143,Home University Seats Allotted to Other Than Home University Candidates,4a7f8dfc7c0071c9bc9b403bb86805f969ea99a036b00ae08c6a7fd953c38909
7026366bbc3b-PG_MCA_CAP1_Cutoff_MH_2025_26__1_.pdf,6232,"Maharashtra Education Society's Institute of Management and Career Courses (IMCC), Pune",0623224110,2025-26,1,Maharashtra,GOPENO,GOPENO,HU,97.0718086,percentile,GOPENO | 857 | 97.0718086 | Stage-I,143,Other Than Home University Seats Allotted to Other Than Home University Candidates,67ba87e19681f96b0b14bddc876df6a8379935c0b039bb9e14025c71c2090447
7026366bbc3b-PG_MCA_CAP1_Cutoff_MH_2025_26__1_.pdf,6232,"Maharashtra Education Society's Institute of Management and Career Courses (IMCC), Pune",0623224110,2025-26,1,Maharashtra,GSCO,GSCO,HU,95.2942951,percentile,GSCO | 1449 | 95.2942951 | Stage-I,143,Other Than Home University Seats Allotted to Other Than Home University Candidates,c92a46515d8a809e5c0b9aa4bc2b751366fd84c8d88ee6203f44cd18614574cd
7026366bbc3b-PG_MCA_CAP1_Cutoff_MH_2025_26__1_.pdf,6232,"Maharashtra Education Society's Institute of Management and Career Courses (IMCC), Pune",0623224110,2025-26,1,Maharashtra,GSTO,GSTO,HU,74.782248,percentile,GSTO | 8449 | 74.782248 | Stage-I,143,Other Than Home University Seats Allotted to Other Than Home University Candidates,332e79917e5c11b4f25ad9ed94a9527cae39039bda0cd45c7c2577457308d3d9
7026366bbc3b-PG_MCA_CAP1_Cutoff_MH_2025_26__1_.pdf,6232,"Maharashtra Education Society's Institute of Management and Career Courses (IMCC), Pune",0623224110,2025-26,1,Maharashtra,GNTAO,GNTAO,HU,96.392589,percentile,GNTAO | 1032 | 96.392589 | Stage-I,143,Other Than Home University Seats Allotted to Other Than Home University Candidates,73df3a3fed7004f66c86fe3c34facac63d3bb35792ea4f3d5da2ffb4c4a73a28
7026366bbc3b-PG_MCA_CAP1_Cutoff_MH_2025_26__1_.pdf,6232,"Maharashtra Education Society's Institute of Management and Career Courses (IMCC), Pune",0623224110,2025-26,1,Maharashtra,GNTBO,GNTBO,HU,94.6454851,percentile,GNTBO | 1586 | 94.6454851 | Stage-I,143,Other Than Home University Seats Allotted to Other Than Home University Candidates,b431d1d8dfe8ed691a6b3035894a15dbbabaada3c16c00f2a362bbbe98216c59
7026366bbc3b-PG_MCA_CAP1_Cutoff_MH_2025_26__1_.pdf,6232,"Maharashtra Education Society's Institute of Management and Career Courses (IMCC), Pune",0623224110,2025-26,1,Maharashtra,GNTCO,GNTCO,HU,96.828928,percentile,GNTCO | 888 | 96.828928 | Stage-I,143,Other Than Home University Seats Allotted to Other Than Home University Candidates,e8eb2d0b81cb8e57a65acda22b223341bfebc9ea3ee675d055946975751dc17d
7026366bbc3b-PG_MCA_CAP1_Cutoff_MH_2025_26__1_.pdf,6232,"Maharashtra Education Society's Institute of Management and Career Courses (IMCC), Pune",0623224110,2025-26,1,Maharashtra,GNTDO,GNTDO,HU,89.1966341,percentile,GNTDO | 3345 | 89.1966341 | Stage-I,143,Other Than Home University Seats Allotted to Other Than Home University Candidates,2d157a20c8c892ae41f9d244cc64e13489937974e70810ec41bdb7a1096df390
7026366bbc3b-PG_MCA_CAP1_Cutoff_MH_2025_26__1_.pdf,6232,"Maharashtra Education Society's Institute of Management and Career Courses (IMCC), Pune",0623224110,2025-26,1,Maharashtra,GOBCO,GOBCO,HU,96.392589,percentile,GOBCO | 1070 | 96.392589 | Stage-I,143,Other Than Home University Seats Allotted to Other Than Home University Candidates,97e937ee029f60499a23859bc7a908452c0f997420a1937b30048f1706d18446
7026366bbc3b-PG_MCA_CAP1_Cutoff_MH_2025_26__1_.pdf,6232,"Maharashtra Education Society's Institute of Management and Career Courses (IMCC), Pune",0623224110,2025-26,1,Maharashtra,GSEBCO,GSEBCO,HU,96.828928,percentile,GSEBCO | 952 | 96.828928 | Stage-I,143,Other Than Home University Seats Allotted to Other Than Home University Candidates,167cb397a914c1df9a5d5590f045f399851ea74233b7f0e4ac99b1b52165e334
7026366bbc3b-PG_MCA_CAP1_Cutoff_MH_2025_26__1_.pdf,6232,"Maharashtra Education Society's Institute of Management and Career Courses (IMCC), Pune",0623224110,2025-26,1,Maharashtra,EWS,EWS,SL,93.5511867,percentile,EWS | 1976 | 93.5511867 | Stage-I,143,Other Than Home University Seats Allotted to Other Than Home University Candidates,9e1add91e1d7cef76a158bbd2f4dc3d0433db7aed431afaabafdbc3507e49df3
7026366bbc3b-PG_MCA_CAP1_Cutoff_MH_2025_26__1_.pdf,6232,"Maharashtra Education Society's Institute of Management and Career Courses (IMCC), Pune",0623224110,2025-26,1,Maharashtra,TFWS,TFWS,SL,98.2089665,percentile,TFWS | 438 | 98.2089665 | Stage-I,143,Other Than Home University Seats Allotted to Other Than Home University Candidates,9169296806b04ce4d7e1dd41b82e46b28506bfadbeb7e1d342eb1e317176ae30
7026366bbc3b-PG_MCA_CAP1_Cutoff_MH_2025_26__1_.pdf,6236,"Sinhgad Technical Education Society's , Sinhgad Institute of Business Administration & Research, Kondhawa-Saswad Road, Pune",0623624110,2025-26,1,Maharashtra,GOPENH,GOPENH,HU,85.2118788,percentile,GOPENH | 5159 | 85.2118788 | Stage-I,144,Home University Seats Allotted to Home University Candidates,21d957761c0720badaf916470e049704bf4f7780024384a7e8f3a21029dc901c
7026366bbc3b-PG_MCA_CAP1_Cutoff_MH_2025_26__1_.pdf,6236,"Sinhgad Technical Education Society's , Sinhgad Institute of Business Administration & Research, Kondhawa-Saswad Road, Pune",0623624110,2025-26,1,Maharashtra,GSCH,GSCH,HU,36.496736,percentile,GSCH | 18458 | 36.496736 | Stage-I,144,Home University Seats Allotted to Home University Candidates,2167a27095e2a12eaf54bdf17dcf973d89e55a8515c8b15962fb88d9a4002173
7026366bbc3b-PG_MCA_CAP1_Cutoff_MH_2025_26__1_.pdf,6236,"Sinhgad Technical Education Society's , Sinhgad Institute of Business Administration & Research, Kondhawa-Saswad Road, Pune",0623624110,2025-26,1,Maharashtra,GNTAH,GNTAH,HU,25.4779232,percentile,GNTAH | 21209 | 25.4779232 | Stage-I,144,Home University Seats Allotted to Home University Candidates,157d2a0aad279aaf5dc26a9003095259654a6cc6d2eaaa97483af56042152baa
7026366bbc3b-PG_MCA_CAP1_Cutoff_MH_2025_26__1_.pdf,6236,"Sinhgad Technical Education Society's , Sinhgad Institute of Business Administration & Research, Kondhawa-Saswad Road, Pune",0623624110,2025-26,1,Maharashtra,GNTBH,GNTBH,HU,58.7911466,percentile,GNTBH | 13202 | 58.7911466 | Stage-I,144,Home University Seats Allotted to Home University Candidates,82f0f0e1fabd649ff7940f98b1510f275b60132d5049319c2804be2f6956a839
7026366bbc3b-PG_MCA_CAP1_Cutoff_MH_2025_26__1_.pdf,6236,"Sinhgad Technical Education Society's , Sinhgad Institute of Business Administration & Research, Kondhawa-Saswad Road, Pune",0623624110,2025-26,1,Maharashtra,GNTCH,GNTCH,HU,63.1574978,percentile,GNTCH | 11905 | 63.1574978 | Stage-I,144,Home University Seats Allotted to Home University Candidates,60d8951fc0db022e7ae4f534c0efb7ed4efc4b2f8278097839e21d8295adb506
7026366bbc3b-PG_MCA_CAP1_Cutoff_MH_2025_26__1_.pdf,6236,"Sinhgad Technical Education Society's , Sinhgad Institute of Business Administration & Research, Kondhawa-Saswad Road, Pune",0623624110,2025-26,1,Maharashtra,GNTDH,GNTDH,HU,71.1549338,percentile,GNTDH | 9097 | 71.1549338 | Stage-I,144,Home University Seats Allotted to Home University Candidates,c3dd01f4fdd1624f700fbd29f86c3d75c62c550a608dd00950e9bde2a544ddf6
7026366bbc3b-PG_MCA_CAP1_Cutoff_MH_2025_26__1_.pdf,6236,"Sinhgad Technical Education Society's , Sinhgad Institute of Business Administration & Research, Kondhawa-Saswad Road, Pune",0623624110,2025-26,1,Maharashtra,GOBCH,GOBCH,HU,76.9216256,percentile,GOBCH | 7604 | 76.9216256 | Stage-I,144,Home University Seats Allotted to Home University Candidates,a37b088bd5ac2aedad9e25f99e1c8c449ff741c5c88576b37bc6f8457a741f3a
7026366bbc3b-PG_MCA_CAP1_Cutoff_MH_2025_26__1_.pdf,6236,"Sinhgad Technical Education Society's , Sinhgad Institute of Business Administration & Research, Kondhawa-Saswad Road, Pune",0623624110,2025-26,1,Maharashtra,GSEBCH,GSEBCH,HU,63.1574978,percentile,GSEBCH | 11968 | 63.1574978 | Stage-I,144,Home University Seats Allotted to Home University Candidates,6756e5deef59de3c96771a0dfa5c0e656ff31707a46fbb13282e6efba95f4697
7026366bbc3b-PG_MCA_CAP1_Cutoff_MH_2025_26__1_.pdf,6236,"Sinhgad Technical Education Society's , Sinhgad Institute of Business Administration & Research, Kondhawa-Saswad Road, Pune",0623624110,2025-26,1,Maharashtra,GOPENO,GOPENO,HU,89.1966341,percentile,GOPENO | 3437 | 89.1966341 | Stage-I,144,Other Than Home University Seats Allotted to Other Than Home University Candidates,3913a7e7c22e02f316bc5dd0577d05e056500402be2c862c664d37a0e6b4dc97
7026366bbc3b-PG_MCA_CAP1_Cutoff_MH_2025_26__1_.pdf,6236,"Sinhgad Technical Education Society's , Sinhgad Institute of Business Administration & Research, Kondhawa-Saswad Road, Pune",0623624110,2025-26,1,Maharashtra,GSCO,GSCO,HU,79.9969812,percentile,GSCO | 6707 | 79.9969812 | Stage-I,144,Other Than Home University Seats Allotted to Other Than Home University Candidates,95e529ae626166fd3493101484f8c79bac10bb90c4c12dfbd99b2281571f006e
7026366bbc3b-PG_MCA_CAP1_Cutoff_MH_2025_26__1_.pdf,6236,"Sinhgad Technical Education Society's , Sinhgad Institute of Business Administration & Research, Kondhawa-Saswad Road, Pune",0623624110,2025-26,1,Maharashtra,GNTBO,GNTBO,HU,71.1549338,percentile,GNTBO | 9330 | 71.1549338 | Stage-I,144,Other Than Home University Seats Allotted to Other Than Home University Candidates,17916d1fe82926ea31be2f799e5cae09357b54b2e9220d7fa61fb838758b92d9
7026366bbc3b-PG_MCA_CAP1_Cutoff_MH_2025_26__1_.pdf,6236,"Sinhgad Technical Education Society's , Sinhgad Institute of Business Administration & Research, Kondhawa-Saswad Road, Pune",0623624110,2025-26,1,Maharashtra,GNTCO,GNTCO,HU,87.3496474,percentile,GNTCO | 4055 | 87.3496474 | Stage-I,144,Other Than Home University Seats Allotted to Other Than Home University Candidates,660471f23757e14ed59f4477e76003b2210fd202be2c4d538769f4eac4407544
7026366bbc3b-PG_MCA_CAP1_Cutoff_MH_2025_26__1_.pdf,6236,"Sinhgad Technical Education Society's , Sinhgad Institute of Business Administration & Research, Kondhawa-Saswad Road, Pune",0623624110,2025-26,1,Maharashtra,GNTDO,GNTDO,HU,85.3851665,percentile,GNTDO | 4479 | 85.3851665 | Stage-I,144,Other Than Home University Seats Allotted to Other Than Home University Candidates,fa11bd6a2e5a95f2796cf77883b878e4916d51b9e7833c16ffa1b5c902495eb9
7026366bbc3b-PG_MCA_CAP1_Cutoff_MH_2025_26__1_.pdf,6236,"Sinhgad Technical Education Society's , Sinhgad Institute of Business Administration & Research, Kondhawa-Saswad Road, Pune",0623624110,2025-26,1,Maharashtra,GOBCO,GOBCO,HU,85.3851665,percentile,GOBCO | 4525 | 85.3851665 | Stage-I,144,Other Than Home University Seats Allotted to Other Than Home University Candidates,845a6856a24adbaadc67bf8504c29096220ad953de90411e118997a98d9607ad
7026366bbc3b-PG_MCA_CAP1_Cutoff_MH_2025_26__1_.pdf,6236,"Sinhgad Technical Education Society's , Sinhgad Institute of Business Administration & Research, Kondhawa-Saswad Road, Pune",0623624110,2025-26,1,Maharashtra,GSEBCO,GSEBCO,HU,87.2080299,percentile,GSEBCO | 4328 | 87.2080299 | Stage-I,144,Other Than Home University Seats Allotted to Other Than Home University Candidates,14148f5c2ec7f41a8c725d4666c3d88150fdf810f5f608016613202a8d586be0
7026366bbc3b-PG_MCA_CAP1_Cutoff_MH_2025_26__1_.pdf,6236,"Sinhgad Technical Education Society's , Sinhgad Institute of Business Administration & Research, Kondhawa-Saswad Road, Pune",0623624110,2025-26,1,Maharashtra,EWS,EWS,SL,56.5488095,percentile,EWS | 13647 | 56.5488095 | Stage-I,144,Other Than Home University Seats Allotted to Other Than Home University Candidates,be8b767166deead1c46eebcb255881b2be3757aff98bba904792a9414fe693f5
7026366bbc3b-PG_MCA_CAP1_Cutoff_MH_2025_26__1_.pdf,6236,"Sinhgad Technical Education Society's , Sinhgad Institute of Business Administration & Research, Kondhawa-Saswad Road, Pune",0623624110,2025-26,1,Maharashtra,TFWS,TFWS,SL,90.7733494,percentile,TFWS | 3024 | 90.7733494 | Stage-I,144,Other Than Home University Seats Allotted to Other Than Home University Candidates,26ac43ad4a8fa2d98798035d5a484594ac40afb182086aae5b073395f4009be3
7026366bbc3b-PG_MCA_CAP1_Cutoff_MH_2025_26__1_.pdf,6239,"Sinhgad Technical Education Society, Sinhgad Institute of Management & Computer Application, Narhe (Ambegaon), Pune",0623924110,2025-26,1,Maharashtra,GOPENH,GOPENH,HU,85.2118788,percentile,GOPENH | 4915 | 85.2118788 | Stage-I,145,Home University Seats Allotted to Home University Candidates,2583fc6d9e4b8ec744344111934523f9ce29d511fd40d066fe0e0f858fb19198
7026366bbc3b-PG_MCA_CAP1_Cutoff_MH_2025_26__1_.pdf,6239,"Sinhgad Technical Education Society, Sinhgad Institute of Management & Computer Application, Narhe (Ambegaon), Pune",0623924110,2025-26,1,Maharashtra,GSCH,GSCH,HU,63.1574978,percentile,GSCH | 12002 | 63.1574978 | Stage-I,145,Home University Seats Allotted to Home University Candidates,50fa86944cf611327141b818c7cdae10373066447ee0bcbd2ff3f78e00ecb50b
7026366bbc3b-PG_MCA_CAP1_Cutoff_MH_2025_26__1_.pdf,6239,"Sinhgad Technical Education Society, Sinhgad Institute of Management & Computer Application, Narhe (Ambegaon), Pune",0623924110,2025-26,1,Maharashtra,GNTBH,GNTBH,HU,76.9216256,percentile,GNTBH | 7778 | 76.9216256 | Stage-I,145,Home University Seats Allotted to Home University Candidates,e5d52f104b53e466b11db8d63203179dfea95796f632962d6c17982a3ed571cd
7026366bbc3b-PG_MCA_CAP1_Cutoff_MH_2025_26__1_.pdf,6239,"Sinhgad Technical Education Society, Sinhgad Institute of Management & Computer Application, Narhe (Ambegaon), Pune",0623924110,2025-26,1,Maharashtra,GNTCH,GNTCH,HU,71.1549338,percentile,GNTCH | 9348 | 71.1549338 | Stage-I,145,Home University Seats Allotted to Home University Candidates,1abc4002e73898a1007d6b014ba05d292c75f41ebd9b409adab9235a6d57f523
7026366bbc3b-PG_MCA_CAP1_Cutoff_MH_2025_26__1_.pdf,6239,"Sinhgad Technical Education Society, Sinhgad Institute of Management & Computer Application, Narhe (Ambegaon), Pune",0623924110,2025-26,1,Maharashtra,GNTDH,GNTDH,HU,53.942159,percentile,GNTDH | 14104 | 53.942159 | Stage-I,145,Home University Seats Allotted to Home University Candidates,757cb6bf921dc46e84ba4fe72fcdcfe08dec6e983c02aa38111c0f83b3f55095
7026366bbc3b-PG_MCA_CAP1_Cutoff_MH_2025_26__1_.pdf,6239,"Sinhgad Technical Education Society, Sinhgad Institute of Management & Computer Application, Narhe (Ambegaon), Pune",0623924110,2025-26,1,Maharashtra,GOBCH,GOBCH,HU,79.9969812,percentile,GOBCH | 6666 | 79.9969812 | Stage-I,145,Home University Seats Allotted to Home University Candidates,6cd8ff58845a4ab4b3904d324c181a049282ffda3185eaa23dbc5cbdf520d989
7026366bbc3b-PG_MCA_CAP1_Cutoff_MH_2025_26__1_.pdf,6239,"Sinhgad Technical Education Society, Sinhgad Institute of Management & Computer Application, Narhe (Ambegaon), Pune",0623924110,2025-26,1,Maharashtra,GSEBCH,GSEBCH,HU,69.7143504,percentile,GSEBCH | 9680 | 69.7143504 | Stage-I,145,Home University Seats Allotted to Home University Candidates,7bc7899b8c3d19f407e051b0e2229751fa376d9f100d149c7a262419002a6235
7026366bbc3b-PG_MCA_CAP1_Cutoff_MH_2025_26__1_.pdf,6239,"Sinhgad Technical Education Society, Sinhgad Institute of Management & Computer Application, Narhe (Ambegaon), Pune",0623924110,2025-26,1,Maharashtra,GNTAH,GNTAH,HU,79.9969812,percentile,GNTAH | 6547 | 79.9969812 | Stage-I,145,Home University Seats Allotted to Other Than Home University Candidates,217e98b17ae7056bd14ac1b22bf57bbf4bc1c585a901c2aa40e567db79673583
7026366bbc3b-PG_MCA_CAP1_Cutoff_MH_2025_26__1_.pdf,6239,"Sinhgad Technical Education Society, Sinhgad Institute of Management & Computer Application, Narhe (Ambegaon), Pune",0623924110,2025-26,1,Maharashtra,GOPENO,GOPENO,HU,89.1966341,percentile,GOPENO | 3260 | 89.1966341 | Stage-I,145,Other Than Home University Seats Allotted to Other Than Home University Candidates,9d2137fff9f3631abd84f9e5b956708aa4d19fe535e6bc74b881815450e8d27d
7026366bbc3b-PG_MCA_CAP1_Cutoff_MH_2025_26__1_.pdf,6239,"Sinhgad Technical Education Society, Sinhgad Institute of Management & Computer Application, Narhe (Ambegaon), Pune",0623924110,2025-26,1,Maharashtra,GSCO,GSCO,HU,85.3851665,percentile,GSCO | 4656 | 85.3851665 | Stage-I,145,Other Than Home University Seats Allotted to Other Than Home University Candidates,518e7be376568058b071613fa09836019dcd98fef0bda9033698e02d09abcc4c
7026366bbc3b-PG_MCA_CAP1_Cutoff_MH_2025_26__1_.pdf,6239,"Sinhgad Technical Education Society, Sinhgad Institute of Management & Computer Application, Narhe (Ambegaon), Pune",0623924110,2025-26,1,Maharashtra,GNTAO,GNTAO,HU,82.8308366,percentile,GNTAO | 6059 | 82.8308366 | Stage-I,145,Other Than Home University Seats Allotted to Other Than Home University Candidates,6c11620077c737505396477add34d14d80c5973fe03b6823dd738e9c238c0f2f
7026366bbc3b-PG_MCA_CAP1_Cutoff_MH_2025_26__1_.pdf,6239,"Sinhgad Technical Education Society, Sinhgad Institute of Management & Computer Application, Narhe (Ambegaon), Pune",0623924110,2025-26,1,Maharashtra,GNTBO,GNTBO,HU,82.9644433,percentile,GNTBO | 5478 | 82.9644433 | Stage-I,145,Other Than Home University Seats Allotted to Other Than Home University Candidates,c864eacbcf3c95f85262351f8f9be869a93bec1a1e823ff07189f19ae1dd592b
7026366bbc3b-PG_MCA_CAP1_Cutoff_MH_2025_26__1_.pdf,6239,"Sinhgad Technical Education Society, Sinhgad Institute of Management & Computer Application, Narhe (Ambegaon), Pune",0623924110,2025-26,1,Maharashtra,GNTCO,GNTCO,HU,89.1331398,percentile,GNTCO | 3597 | 89.1331398 | Stage-I,145,Other Than Home University Seats Allotted to Other Than Home University Candidates,a973c5d60bfcf528813000f4653b21fc246fa35316aba3839474eeae0b879301
7026366bbc3b-PG_MCA_CAP1_Cutoff_MH_2025_26__1_.pdf,6239,"Sinhgad Technical Education Society, Sinhgad Institute of Management & Computer Application, Narhe (Ambegaon), Pune",0623924110,2025-26,1,Maharashtra,GOBCO,GOBCO,HU,89.1331398,percentile,GOBCO | 3746 | 89.1331398 | Stage-I,145,Other Than Home University Seats Allotted to Other Than Home University Candidates,239992092538878ffd123b7df2cc83a42eec958fbfefcd543ad61f9e793865a2
7026366bbc3b-PG_MCA_CAP1_Cutoff_MH_2025_26__1_.pdf,6239,"Sinhgad Technical Education Society, Sinhgad Institute of Management & Computer Application, Narhe (Ambegaon), Pune",0623924110,2025-26,1,Maharashtra,GSEBCO,GSEBCO,HU,87.3496474,percentile,GSEBCO | 3964 | 87.3496474 | Stage-I,145,Other Than Home University Seats Allotted to Other Than Home University Candidates,80021ef63f82618fa96d3f07cc7e73c32cf50af0f9e0ab5bf379c4b57d8477ee
7026366bbc3b-PG_MCA_CAP1_Cutoff_MH_2025_26__1_.pdf,6239,"Sinhgad Technical Education Society, Sinhgad Institute of Management & Computer Application, Narhe (Ambegaon), Pune",0623924110,2025-26,1,Maharashtra,EWS,EWS,SL,67.3579428,percentile,EWS | 10432 | 67.3579428 | Stage-I,145,Other Than Home University Seats Allotted to Other Than Home University Candidates,6858000793d0cdd27bfac8f83f26888c50404d7431d83794b23113e3eaf86f17
7026366bbc3b-PG_MCA_CAP1_Cutoff_MH_2025_26__1_.pdf,6239,"Sinhgad Technical Education Society, Sinhgad Institute of Management & Computer Application, Narhe (Ambegaon), Pune",0623924110,2025-26,1,Maharashtra,TFWS,TFWS,SL,92.1797821,percentile,TFWS | 2429 | 92.1797821 | Stage-I,145,Other Than Home University Seats Allotted to Other Than Home University Candidates,f0e4847b168b86983efe67b39e7bdd817b94c55f4c99ab23452fbb1331d28269
7026366bbc3b-PG_MCA_CAP1_Cutoff_MH_2025_26__1_.pdf,6240,"Siddhant Institute Of Computer Application, Sudambare",0624024110,2025-26,1,Maharashtra,GOPENH,GOPENH,HU,58.7911466,percentile,GOPENH | 12945 | 58.7911466 | Stage-I,146,Home University Seats Allotted to Home University Candidates,73c5f112d1d31e256468e61608f8f9c924051447fce023b41d733277d2b7d33b
7026366bbc3b-PG_MCA_CAP1_Cutoff_MH_2025_26__1_.pdf,6240,"Siddhant Institute Of Computer Application, Sudambare",0624024110,2025-26,1,Maharashtra,GOPENO,GOPENO,HU,74.782248,percentile,GOPENO | 8204 | 74.782248 | Stage-I,146,Other Than Home University Seats Allotted to Other Than Home University Candidates,c1405b1346b21dd6bb4aa6846bae3515d561b66d625f54f40c23bf332f00b7d0
7026366bbc3b-PG_MCA_CAP1_Cutoff_MH_2025_26__1_.pdf,6240,"Siddhant Institute Of Computer Application, Sudambare",0624024110,2025-26,1,Maharashtra,TFWS,TFWS,SL,82.8308366,percentile,TFWS | 5654 | 82.8308366 | Stage-I,146,Other Than Home University Seats Allotted to Other Than Home University Candidates,27040bcdeb7b3f6183fa7cc6c21e035a0c69b3689b2fb26022f2c65d3c3f44f4
7026366bbc3b-PG_MCA_CAP1_Cutoff_MH_2025_26__1_.pdf,6248,"KFS - Krishna Institute of Computer Application & Management, Wathar",0624824110,2025-26,1,Maharashtra,GOPENH,GOPENH,HU,63.1574978,percentile,GOPENH | 11865 | 63.1574978 | Stage-I,147,Home University Seats Allotted to Home University Candidates,644c8b1de5fae29bebccb8448d969f7e5cce243fe35728068ffa6aa00c497398
7026366bbc3b-PG_MCA_CAP1_Cutoff_MH_2025_26__1_.pdf,6248,"KFS - Krishna Institute of Computer Application & Management, Wathar",0624824110,2025-26,1,Maharashtra,GSCH,GSCH,HU,27.2744425,percentile,GSCH | 20741 | 27.2744425 | Stage-I,147,Home University Seats Allotted to Home University Candidates,5fc43f25796cf1e732d35504e70b61472e1b1c285aec57a3b02305d8e08fad87
7026366bbc3b-PG_MCA_CAP1_Cutoff_MH_2025_26__1_.pdf,6248,"KFS - Krishna Institute of Computer Application & Management, Wathar",0624824110,2025-26,1,Maharashtra,GNTAH,GNTAH,HU,5.9311489,percentile,GNTAH | 24580 | 5.9311489 | Stage-I,147,Home University Seats Allotted to Home University Candidates,24097e5fd57a4dd49083f8b6670c13a6b0f2e58c71caa1af5c1d5187b786880b
7026366bbc3b-PG_MCA_CAP1_Cutoff_MH_2025_26__1_.pdf,6248,"KFS - Krishna Institute of Computer Application & Management, Wathar",0624824110,2025-26,1,Maharashtra,GNTBH,GNTBH,HU,7.4072677,percentile,GNTBH | 24475 | 7.4072677 | Stage-I,147,Home University Seats Allotted to Home University Candidates,311e628a58845e3bd55b348e643e7f2cc75ccd88c72a93fadf238b8d4f8da79a
7026366bbc3b-PG_MCA_CAP1_Cutoff_MH_2025_26__1_.pdf,6248,"KFS - Krishna Institute of Computer Application & Management, Wathar",0624824110,2025-26,1,Maharashtra,GNTCH,GNTCH,HU,9.7430286,percentile,GNTCH | 24134 | 9.7430286 | Stage-I,147,Home University Seats Allotted to Home University Candidates,1492fe66778522889cff84431ef021c8b5fadfa659f93ab2f79282a84a41b270
7026366bbc3b-PG_MCA_CAP1_Cutoff_MH_2025_26__1_.pdf,6248,"KFS - Krishna Institute of Computer Application & Management, Wathar",0624824110,2025-26,1,Maharashtra,GNTDH,GNTDH,HU,56.5488095,percentile,GNTDH | 13860 | 56.5488095 | Stage-I,147,Home University Seats Allotted to Home University Candidates,b280838d1a880a44af57d4f9cb37069a62485f10aae98f6c8e93741b2f15f96d
7026366bbc3b-PG_MCA_CAP1_Cutoff_MH_2025_26__1_.pdf,6248,"KFS - Krishna Institute of Computer Application & Management, Wathar",0624824110,2025-26,1,Maharashtra,GOBCH,GOBCH,HU,5.5960152,percentile,GOBCH | 24757 | 5.5960152 | Stage-I,147,Home University Seats Allotted to Home University Candidates,23ed7f135d9402a8fe044e003c1b7390c791bd0cea95685a7a5a02fee1127390
7026366bbc3b-PG_MCA_CAP1_Cutoff_MH_2025_26__1_.pdf,6248,"KFS - Krishna Institute of Computer Application & Management, Wathar",0624824110,2025-26,1,Maharashtra,GSEBCH,GSEBCH,HU,39.3989669,percentile,GSEBCH | 18057 | 39.3989669 | Stage-I,147,Home University Seats Allotted to Home University Candidates,c14f3a9a2de9dcd55b0e74eb144fb4be16c885f0aeb7f25d1c72f92bb4b60284
7026366bbc3b-PG_MCA_CAP1_Cutoff_MH_2025_26__1_.pdf,6248,"KFS - Krishna Institute of Computer Application & Management, Wathar",0624824110,2025-26,1,Maharashtra,GOPENO,GOPENO,HU,2.8640429,percentile,GOPENO | 25133 | 2.8640429 | Stage-I,147,Other Than Home University Seats Allotted to Other Than Home University Candidates,8cb2e5c0ab3e7c8cda9ee8f38d74ab13fb6fb5f9d673ed4e13bba3e662d64199
7026366bbc3b-PG_MCA_CAP1_Cutoff_MH_2025_26__1_.pdf,6248,"KFS - Krishna Institute of Computer Application & Management, Wathar",0624824110,2025-26,1,Maharashtra,GOPENO,GOPENO,HU,58.7911466,percentile,GOPENO | 13309 | 58.7911466 | Stage-I,147,Other Than Home University Seats Allotted to Home University Candidates,c59c7c5b8bb6d6cb2e014efb260fbb97e17bcbf913fe0b716836c4e9cce85aab
7026366bbc3b-PG_MCA_CAP1_Cutoff_MH_2025_26__1_.pdf,6248,"KFS - Krishna Institute of Computer Application & Management, Wathar",0624824110,2025-26,1,Maharashtra,GSEBCO,GSEBCO,HU,29.9046039,percentile,GSEBCO | 19842 | 29.9046039 | Stage-I,147,Other Than Home University Seats Allotted to Home University Candidates,7259d8543baeab0f816d4229719d348b4537c52fec65ba9ee51a0dc42814f981
7026366bbc3b-PG_MCA_CAP1_Cutoff_MH_2025_26__1_.pdf,6248,"KFS - Krishna Institute of Computer Application & Management, Wathar",0624824110,2025-26,1,Maharashtra,TFWS,TFWS,SL,73.5368477,percentile,TFWS | 9040 | 73.5368477 | Stage-I,147,Other Than Home University Seats Allotted to Home University Candidates,76a9d425042bf34aa5a5419fd5d39a4bff36b9aabcb9bf46468ebed19a624c68
7026366bbc3b-PG_MCA_CAP1_Cutoff_MH_2025_26__1_.pdf,6268,"Tatyasaheb Kore Institute of Engineering and Technology, Warananagar",0626824110,2025-26,1,Maharashtra,GOPENH,GOPENH,HU,65.8578922,percentile,GOPENH | 11249 | 65.8578922 | Stage-I,148,Home University Seats Allotted to Other Than Home University Candidates,176726628efc578af121a8b7d6bdad6c95df76821f086402f65f9d07b7c01179
7026366bbc3b-PG_MCA_CAP1_Cutoff_MH_2025_26__1_.pdf,6268,"Tatyasaheb Kore Institute of Engineering and Technology, Warananagar",0626824110,2025-26,1,Maharashtra,GSCH,GSCH,HU,2.0301121,percentile,GSCH | 25283 | 2.0301121 | Stage-I,148,Home University Seats Allotted to Other Than Home University Candidates,40f6c5e6030db17923c55346cb80aac3d7e34b0411077d721ed2bce7816f911a
7026366bbc3b-PG_MCA_CAP1_Cutoff_MH_2025_26__1_.pdf,6268,"Tatyasaheb Kore Institute of Engineering and Technology, Warananagar",0626824110,2025-26,1,Maharashtra,GNTBH,GNTBH,HU,56.5488095,percentile,GNTBH | 13937 | 56.5488095 | Stage-I,148,Home University Seats Allotted to Other Than Home University Candidates,7839154712e7348f23a9f39e8db56d6b759986397c5fa9273db8b9f0f6ce9be0
7026366bbc3b-PG_MCA_CAP1_Cutoff_MH_2025_26__1_.pdf,6268,"Tatyasaheb Kore Institute of Engineering and Technology, Warananagar",0626824110,2025-26,1,Maharashtra,GNTCH,GNTCH,HU,12.4750009,percentile,GNTCH | 23605 | 12.4750009 | Stage-I,148,Home University Seats Allotted to Other Than Home University Candidates,23fdb05ef67f159cac356f01e5380d7cf2a85c1fec15b6f73701e44712144f46
7026366bbc3b-PG_MCA_CAP1_Cutoff_MH_2025_26__1_.pdf,6268,"Tatyasaheb Kore Institute of Engineering and Technology, Warananagar",0626824110,2025-26,1,Maharashtra,GOBCH,GOBCH,HU,4.067771,percentile,GOBCH | 24980 | 4.067771 | Stage-I,148,Home University Seats Allotted to Other Than Home University Candidates,7e4ad1eb7aef0660292bf7ad5256a62e1fc6c1daaed5998ea49ccf2419d74768
7026366bbc3b-PG_MCA_CAP1_Cutoff_MH_2025_26__1_.pdf,6268,"Tatyasaheb Kore Institute of Engineering and Technology, Warananagar",0626824110,2025-26,1,Maharashtra,GSEBCH,GSEBCH,HU,53.942159,percentile,GSEBCH | 14373 | 53.942159 | Stage-I,148,Home University Seats Allotted to Other Than Home University Candidates,0e2049b1fe2cab086111b9a731d086fde4824b29b288ef2a86350d648eaa2c23
7026366bbc3b-PG_MCA_CAP1_Cutoff_MH_2025_26__1_.pdf,6268,"Tatyasaheb Kore Institute of Engineering and Technology, Warananagar",0626824110,2025-26,1,Maharashtra,GOPENO,GOPENO,HU,73.5368477,percentile,GOPENO | 8783 | 73.5368477 | Stage-I,148,Other Than Home University Seats Allotted to Other Than Home University Candidates,e85e18a56bd8885b988137c0334157028c2f5f897c8c9e9409e5f02154bc8180
7026366bbc3b-PG_MCA_CAP1_Cutoff_MH_2025_26__1_.pdf,6268,"Tatyasaheb Kore Institute of Engineering and Technology, Warananagar",0626824110,2025-26,1,Maharashtra,GSCO,GSCO,HU,4.302251,percentile,GSCO | 24866 | 4.302251 | Stage-I,148,Other Than Home University Seats Allotted to Other Than Home University Candidates,f038e7ce183373fd9398f3495a507f63d0b25a2d06e276d4fd8e6c5d543eea9a
7026366bbc3b-PG_MCA_CAP1_Cutoff_MH_2025_26__1_.pdf,6268,"Tatyasaheb Kore Institute of Engineering and Technology, Warananagar",0626824110,2025-26,1,Maharashtra,GNTAO,GNTAO,HU,5.9311489,percentile,GNTAO | 24625 | 5.9311489 | Stage-I,148,Other Than Home University Seats Allotted to Other Than Home University Candidates,f0024129be1ec939ed301e9523e51e947dadfaae99c7c5066cad9c80a6d64f4e
7026366bbc3b-PG_MCA_CAP1_Cutoff_MH_2025_26__1_.pdf,6268,"Tatyasaheb Kore Institute of Engineering and Technology, Warananagar",0626824110,2025-26,1,Maharashtra,GNTBO,GNTBO,HU,69.7143504,percentile,GNTBO | 10023 | 69.7143504 | Stage-I,148,Other Than Home University Seats Allotted to Other Than Home University Candidates,89c8297eeab2b03f5f06440f93075c10f2accbcbe6840fb8798d9bff227f6ddc
7026366bbc3b-PG_MCA_CAP1_Cutoff_MH_2025_26__1_.pdf,6268,"Tatyasaheb Kore Institute of Engineering and Technology, Warananagar",0626824110,2025-26,1,Maharashtra,GNTCO,GNTCO,HU,16.9789978,percentile,GNTCO | 22641 | 16.9789978 | Stage-I,148,Other Than Home University Seats Allotted to Other Than Home University Candidates,5195914ea08cf6a3fe688155de551d4876e04efb0737ceaa5972009e6c421e3a
7026366bbc3b-PG_MCA_CAP1_Cutoff_MH_2025_26__1_.pdf,6268,"Tatyasaheb Kore Institute of Engineering and Technology, Warananagar",0626824110,2025-26,1,Maharashtra,GOBCO,GOBCO,HU,49.3533426,percentile,GOBCO | 15343 | 49.3533426 | Stage-I,148,Other Than Home University Seats Allotted to Other Than Home University Candidates,b3768c5620ae94b60b6997d52a4c1d515e77eff649eb88b2055f8524a4020706
7026366bbc3b-PG_MCA_CAP1_Cutoff_MH_2025_26__1_.pdf,6268,"Tatyasaheb Kore Institute of Engineering and Technology, Warananagar",0626824110,2025-26,1,Maharashtra,GSEBCO,GSEBCO,HU,67.3579428,percentile,GSEBCO | 10430 | 67.3579428 | Stage-I,148,Other Than Home University Seats Allotted to Other Than Home University Candidates,839168e47d977e4819222b3a93f783aa5ec94eab8148814a1e742a5fb5906506
7026366bbc3b-PG_MCA_CAP1_Cutoff_MH_2025_26__1_.pdf,6268,"Tatyasaheb Kore Institute of Engineering and Technology, Warananagar",0626824110,2025-26,1,Maharashtra,EWS,EWS,SL,2.0662871,percentile,EWS | 25225 | 2.0662871 | Stage-I,148,Other Than Home University Seats Allotted to Other Than Home University Candidates,b52dcf78dfc8397d6195e560df112670581f59e7f3b104ee01e71e0058d25108
7026366bbc3b-PG_MCA_CAP1_Cutoff_MH_2025_26__1_.pdf,6268,"Tatyasaheb Kore Institute of Engineering and Technology, Warananagar",0626824110,2025-26,1,Maharashtra,TFWS,TFWS,SL,69.7143504,percentile,TFWS | 9977 | 69.7143504 | Stage-I,148,Other Than Home University Seats Allotted to Other Than Home University Candidates,d4c2d5046c3912ce533f0bc370398ef1fa343ccb54199319ccc8de706928f5e7
7026366bbc3b-PG_MCA_CAP1_Cutoff_MH_2025_26__1_.pdf,6277,"Dr. J. J. Magdum Charitable Trust's Dr. J.J. Magdum College of Engineering, Jaysingpur",0627724110,2025-26,1,Maharashtra,GOPENH,GOPENH,HU,69.7143504,percentile,GOPENH | 10018 | 69.7143504 | Stage-I,149,Home University Seats Allotted to Home University Candidates,11750e9bed2252e3cb270e2187592413a5bff6f89443b8f3044556a9cd191538
7026366bbc3b-PG_MCA_CAP1_Cutoff_MH_2025_26__1_.pdf,6277,"Dr. J. J. Magdum Charitable Trust's Dr. J.J. Magdum College of Engineering, Jaysingpur",0627724110,2025-26,1,Maharashtra,GSCH,GSCH,HU,44.5345198,percentile,GSCH | 16676 | 44.5345198 | Stage-I,149,Home University Seats Allotted to Home University Candidates,fb42f8b1a62e3214e3238e8097ba1e98646b054f5b7d78fa641ffa7c3bae1d16
7026366bbc3b-PG_MCA_CAP1_Cutoff_MH_2025_26__1_.pdf,6277,"Dr. J. J. Magdum Charitable Trust's Dr. J.J. Magdum College of Engineering, Jaysingpur",0627724110,2025-26,1,Maharashtra,GNTAH,GNTAH,HU,27.2744425,percentile,GNTAH | 20551 | 27.2744425 | Stage-I,149,Home University Seats Allotted to Home University Candidates,81f402905eea4e1cc7ff21d896e3505aa8acb24710967223a35fafd29e8fe835
7026366bbc3b-PG_MCA_CAP1_Cutoff_MH_2025_26__1_.pdf,6277,"Dr. J. J. Magdum Charitable Trust's Dr. J.J. Magdum College of Engineering, Jaysingpur",0627724110,2025-26,1,Maharashtra,GNTBH,GNTBH,HU,34.5198145,percentile,GNTBH | 19178 | 34.5198145 | Stage-I,149,Home University Seats Allotted to Home University Candidates,d425a57de4b1ded042e7607c6b8e9b6626b8ec95c4ed1d5d171da074db80e0eb
7026366bbc3b-PG_MCA_CAP1_Cutoff_MH_2025_26__1_.pdf,6277,"Dr. J. J. Magdum Charitable Trust's Dr. J.J. Magdum College of Engineering, Jaysingpur",0627724110,2025-26,1,Maharashtra,GNTCH,GNTCH,HU,51.4093808,percentile,GNTCH | 15068 | 51.4093808 | Stage-I,149,Home University Seats Allotted to Home University Candidates,98ccc629dde48e8f0cf0479da2a2affb3fe57f4eeb8fca7723fbd3700402635c
7026366bbc3b-PG_MCA_CAP1_Cutoff_MH_2025_26__1_.pdf,6277,"Dr. J. J. Magdum Charitable Trust's Dr. J.J. Magdum College of Engineering, Jaysingpur",0627724110,2025-26,1,Maharashtra,GOBCH,GOBCH,HU,25.4779232,percentile,GOBCH | 21231 | 25.4779232 | Stage-I,149,Home University Seats Allotted to Home University Candidates,b0e4c05ef979b7967987cf7bb33cb4648f2083dc25ee71076a391470e3a73adb
7026366bbc3b-PG_MCA_CAP1_Cutoff_MH_2025_26__1_.pdf,6277,"Dr. J. J. Magdum Charitable Trust's Dr. J.J. Magdum College of Engineering, Jaysingpur",0627724110,2025-26,1,Maharashtra,GSEBCH,GSEBCH,HU,67.3579428,percentile,GSEBCH | 10304 | 67.3579428 | Stage-I,149,Home University Seats Allotted to Home University Candidates,56194fad2d13f4f759520ae64e593ec322dbfa859ed3f57eede92369f80ca7a4
7026366bbc3b-PG_MCA_CAP1_Cutoff_MH_2025_26__1_.pdf,6277,"Dr. J. J. Magdum Charitable Trust's Dr. J.J. Magdum College of Engineering, Jaysingpur",0627724110,2025-26,1,Maharashtra,GOPENO,GOPENO,HU,16.9789978,percentile,GOPENO | 22599 | 16.9789978 | Stage-I,149,Other Than Home University Seats Allotted to Other Than Home University Candidates,6acecd6235471c72c458cf5cd871f0cfbef880f08f9916400f54e7f132e7421e
7026366bbc3b-PG_MCA_CAP1_Cutoff_MH_2025_26__1_.pdf,6277,"Dr. J. J. Magdum Charitable Trust's Dr. J.J. Magdum College of Engineering, Jaysingpur",0627724110,2025-26,1,Maharashtra,GSCO,GSCO,HU,25.4779232,percentile,GSCO | 21100 | 25.4779232 | Stage-I,149,Other Than Home University Seats Allotted to Home University Candidates,5797f30994c043cc000609d739fb2beb4ee79fee63c5a29ed47af5238c6b074b
7026366bbc3b-PG_MCA_CAP1_Cutoff_MH_2025_26__1_.pdf,6277,"Dr. J. J. Magdum Charitable Trust's Dr. J.J. Magdum College of Engineering, Jaysingpur",0627724110,2025-26,1,Maharashtra,GOBCO,GOBCO,HU,12.4750009,percentile,GOBCO | 23571 | 12.4750009 | Stage-I,149,Other Than Home University Seats Allotted to Home University Candidates,9d1c1235b68c0d0a85c6e9099e4b683c2f83ee0e661cf252cfe3b5875981c633
7026366bbc3b-PG_MCA_CAP1_Cutoff_MH_2025_26__1_.pdf,6277,"Dr. J. J. Magdum Charitable Trust's Dr. J.J. Magdum College of Engineering, Jaysingpur",0627724110,2025-26,1,Maharashtra,GSEBCO,GSEBCO,HU,67.3579428,percentile,GSEBCO | 10550 | 67.3579428 | Stage-I,149,Other Than Home University Seats Allotted to Home University Candidates,3fcbae12b454b043c763743c1b8ddb356b5196d3e2fbe425aca52205a784e331
7026366bbc3b-PG_MCA_CAP1_Cutoff_MH_2025_26__1_.pdf,6277,"Dr. J. J. Magdum Charitable Trust's Dr. J.J. Magdum College of Engineering, Jaysingpur",0627724110,2025-26,1,Maharashtra,EWS,EWS,SL,13.5402134,percentile,EWS | 23329 | 13.5402134 | Stage-I,149,Other Than Home University Seats Allotted to Home University Candidates,37cfd6ff437e2f4939c662c69d9b790c088859d93f7e90fff253988abe4182b4
7026366bbc3b-PG_MCA_CAP1_Cutoff_MH_2025_26__1_.pdf,6277,"Dr. J. J. Magdum Charitable Trust's Dr. J.J. Magdum College of Engineering, Jaysingpur",0627724110,2025-26,1,Maharashtra,TFWS,TFWS,SL,89.1331398,percentile,TFWS | 3606 | 89.1331398 | Stage-I,149,Other Than Home University Seats Allotted to Home University Candidates,b41ac27f196a25715e14440803d5f372bd828db66fa2845158ec9d0a7dd20dfa
7026366bbc3b-PG_MCA_CAP1_Cutoff_MH_2025_26__1_.pdf,6310,"Nutan Maharashtra Vidya Prasarak Mandal, Nutan Maharashtra Institute of Engineering &Technology, Talegaon station, Pune",0631024110,2025-26,1,Maharashtra,GOPENH,GOPENH,HU,82.9644433,percentile,GOPENH | 5226 | 82.9644433 | Stage-I,150,Home University Seats Allotted to Home University Candidates,f895e4a388c3af82039ca83053f5ce3395610fd72688bd43812fcd2042d71e4a
7026366bbc3b-PG_MCA_CAP1_Cutoff_MH_2025_26__1_.pdf,6310,"Nutan Maharashtra Vidya Prasarak Mandal, Nutan Maharashtra Institute of Engineering &Technology, Talegaon station, Pune",0631024110,2025-26,1,Maharashtra,GSCH,GSCH,HU,21.0059952,percentile,GSCH | 21867 | 21.0059952 | Stage-I,150,Home University Seats Allotted to Home University Candidates,dcce4658318bf5ddb3cf0ca486adbcc449a0bcb0364254f1e2ed305bd0a23263
7026366bbc3b-PG_MCA_CAP1_Cutoff_MH_2025_26__1_.pdf,6310,"Nutan Maharashtra Vidya Prasarak Mandal, Nutan Maharashtra Institute of Engineering &Technology, Talegaon station, Pune",0631024110,2025-26,1,Maharashtra,GNTAH,GNTAH,HU,73.5368477,percentile,GNTAH | 8768 | 73.5368477 | Stage-I,150,Home University Seats Allotted to Home University Candidates,073a08b32d29b905bded5e40a30b95619e3c162d8933af077df7c798fbe5ea82
7026366bbc3b-PG_MCA_CAP1_Cutoff_MH_2025_26__1_.pdf,6310,"Nutan Maharashtra Vidya Prasarak Mandal, Nutan Maharashtra Institute of Engineering &Technology, Talegaon station, Pune",0631024110,2025-26,1,Maharashtra,GNTBH,GNTBH,HU,74.782248,percentile,GNTBH | 8456 | 74.782248 | Stage-I,150,Home University Seats Allotted to Home University Candidates,f9380abeadaac7f03a3825f95d379e7858a67dfa8378fce4469a465d2a478285
7026366bbc3b-PG_MCA_CAP1_Cutoff_MH_2025_26__1_.pdf,6310,"Nutan Maharashtra Vidya Prasarak Mandal, Nutan Maharashtra Institute of Engineering &Technology, Talegaon station, Pune",0631024110,2025-26,1,Maharashtra,GNTCH,GNTCH,HU,58.7911466,percentile,GNTCH | 13327 | 58.7911466 | Stage-I,150,Home University Seats Allotted to Home University Candidates,5daec39c8506e974587eb9df1d18d6d699e668825b2e98aa139ee873b6c5ec8a
7026366bbc3b-PG_MCA_CAP1_Cutoff_MH_2025_26__1_.pdf,6310,"Nutan Maharashtra Vidya Prasarak Mandal, Nutan Maharashtra Institute of Engineering &Technology, Talegaon station, Pune",0631024110,2025-26,1,Maharashtra,GNTDH,GNTDH,HU,61.2807064,percentile,GNTDH | 12128 | 61.2807064 | Stage-I,150,Home University Seats Allotted to Home University Candidates,1f8bc0ed7b929932df004fbf4a857c1ba58d530e34294bd5d5f91659f4d70237
7026366bbc3b-PG_MCA_CAP1_Cutoff_MH_2025_26__1_.pdf,6310,"Nutan Maharashtra Vidya Prasarak Mandal, Nutan Maharashtra Institute of Engineering &Technology, Talegaon station, Pune",0631024110,2025-26,1,Maharashtra,GOBCH,GOBCH,HU,69.7143504,percentile,GOBCH | 10158 | 69.7143504 | Stage-I,150,Home University Seats Allotted to Home University Candidates,84168e8b8660e0646805e2f27c07d2ca9fac80dd4d9e94bbf4d5041326d50429
7026366bbc3b-PG_MCA_CAP1_Cutoff_MH_2025_26__1_.pdf,6310,"Nutan Maharashtra Vidya Prasarak Mandal, Nutan Maharashtra Institute of Engineering &Technology, Talegaon station, Pune",0631024110,2025-26,1,Maharashtra,GSEBCH,GSEBCH,HU,29.9046039,percentile,GSEBCH | 20271 | 29.9046039 | Stage-I,150,Home University Seats Allotted to Home University Candidates,947e16d5c50a984a5d897d5cb931da3ced6c24b284b5bf168d31b85255ea894d
7026366bbc3b-PG_MCA_CAP1_Cutoff_MH_2025_26__1_.pdf,6310,"Nutan Maharashtra Vidya Prasarak Mandal, Nutan Maharashtra Institute of Engineering &Technology, Talegaon station, Pune",0631024110,2025-26,1,Maharashtra,GOPENO,GOPENO,HU,77.8251197,percentile,GOPENO | 7412 | 77.8251197 | Stage-I,150,Other Than Home University Seats Allotted to Other Than Home University Candidates,6875d69d2e88538791269a117d9ec9522f3085f875174d0bc9c8180f5b406b38
7026366bbc3b-PG_MCA_CAP1_Cutoff_MH_2025_26__1_.pdf,6310,"Nutan Maharashtra Vidya Prasarak Mandal, Nutan Maharashtra Institute of Engineering &Technology, Talegaon station, Pune",0631024110,2025-26,1,Maharashtra,GSCO,GSCO,HU,39.3989669,percentile,GSCO | 17910 | 39.3989669 | Stage-I,150,Other Than Home University Seats Allotted to Other Than Home University Candidates,52f6190d678506e97e713ef7f2202e72d983fcb8037ed1db73e10076c14083cf
7026366bbc3b-PG_MCA_CAP1_Cutoff_MH_2025_26__1_.pdf,6310,"Nutan Maharashtra Vidya Prasarak Mandal, Nutan Maharashtra Institute of Engineering &Technology, Talegaon station, Pune",0631024110,2025-26,1,Maharashtra,GNTAO,GNTAO,HU,67.3579428,percentile,GNTAO | 10497 | 67.3579428 | Stage-I,150,Other Than Home University Seats Allotted to Other Than Home University Candidates,7007eb38772dd31f2ebce12285bb20b92cd710aabfbbfb68cac520e44705fe28
7026366bbc3b-PG_MCA_CAP1_Cutoff_MH_2025_26__1_.pdf,6310,"Nutan Maharashtra Vidya Prasarak Mandal, Nutan Maharashtra Institute of Engineering &Technology, Talegaon station, Pune",0631024110,2025-26,1,Maharashtra,GNTCO,GNTCO,HU,65.8578922,percentile,GNTCO | 10940 | 65.8578922 | Stage-I,150,Other Than Home University Seats Allotted to Other Than Home University Candidates,ea23b611f14e2267e916ae411f193d1b61ecf1e1c408fd0d73811c7b1966fdc9
7026366bbc3b-PG_MCA_CAP1_Cutoff_MH_2025_26__1_.pdf,6310,"Nutan Maharashtra Vidya Prasarak Mandal, Nutan Maharashtra Institute of Engineering &Technology, Talegaon station, Pune",0631024110,2025-26,1,Maharashtra,GOBCO,GOBCO,HU,69.7143504,percentile,GOBCO | 10012 | 69.7143504 | Stage-I,150,Other Than Home University Seats Allotted to Other Than Home University Candidates,09de9e00a6fca927a729207a05e2ed96f082419e8bd13449fe1a90242decda8a
7026366bbc3b-PG_MCA_CAP1_Cutoff_MH_2025_26__1_.pdf,6310,"Nutan Maharashtra Vidya Prasarak Mandal, Nutan Maharashtra Institute of Engineering &Technology, Talegaon station, Pune",0631024110,2025-26,1,Maharashtra,GSEBCO,GSEBCO,HU,63.1574978,percentile,GSEBCO | 11819 | 63.1574978 | Stage-I,150,Other Than Home University Seats Allotted to Other Than Home University Candidates,2cb806f88925c8536ba4e46c68babe846212c284b36b80b3dde4018d5c7a9445
7026366bbc3b-PG_MCA_CAP1_Cutoff_MH_2025_26__1_.pdf,6310,"Nutan Maharashtra Vidya Prasarak Mandal, Nutan Maharashtra Institute of Engineering &Technology, Talegaon station, Pune",0631024110,2025-26,1,Maharashtra,EWS,EWS,SL,13.5402134,percentile,EWS | 23182 | 13.5402134 | Stage-I,150,Other Than Home University Seats Allotted to Other Than Home University Candidates,84d57bd344e15b227217e183a9fef1f46cbca19e30831e37c93c166f77ca4526
7026366bbc3b-PG_MCA_CAP1_Cutoff_MH_2025_26__1_.pdf,6310,"Nutan Maharashtra Vidya Prasarak Mandal, Nutan Maharashtra Institute of Engineering &Technology, Talegaon station, Pune",0631024110,2025-26,1,Maharashtra,TFWS,TFWS,SL,85.3851665,percentile,TFWS | 4755 | 85.3851665 | Stage-I,150,Other Than Home University Seats Allotted to Other Than Home University Candidates,8965c17f9aebe8f6076322d63d6917a9f0524438f84036cecc7060a7a780af5a
7026366bbc3b-PG_MCA_CAP1_Cutoff_MH_2025_26__1_.pdf,6319,"Shahajirao Patil Vikas Pratishthan, S.B.Patil College of Engineering, Vangali, Tal. Indapur",0631924110,2025-26,1,Maharashtra,GOPENH,GOPENH,HU,61.2807064,percentile,GOPENH | 12431 | 61.2807064 | Stage-I,151,Home University Seats Allotted to Home University Candidates,f57bce24668a2ae87418ba88585d31dd4ee6a2f413b81a2ef8ce6a4189cf7059
7026366bbc3b-PG_MCA_CAP1_Cutoff_MH_2025_26__1_.pdf,6319,"Shahajirao Patil Vikas Pratishthan, S.B.Patil College of Engineering, Vangali, Tal. Indapur",0631924110,2025-26,1,Maharashtra,GSCH,GSCH,HU,7.9446476,percentile,GSCH | 24180 | 7.9446476 | Stage-I,151,Home University Seats Allotted to Home University Candidates,064a8e29fc2856768a7230ec86d04d8b94dbba652e2678620a714f8f10cd2e13
7026366bbc3b-PG_MCA_CAP1_Cutoff_MH_2025_26__1_.pdf,6319,"Shahajirao Patil Vikas Pratishthan, S.B.Patil College of Engineering, Vangali, Tal. Indapur",0631924110,2025-26,1,Maharashtra,GNTCH,GNTCH,HU,39.3989669,percentile,GNTCH | 17738 | 39.3989669 | Stage-I,151,Home University Seats Allotted to Home University Candidates,8bd30c1a56b4b8da94779de1f374e5b9e55d2905ca53576e3544157b91e00486
7026366bbc3b-PG_MCA_CAP1_Cutoff_MH_2025_26__1_.pdf,6319,"Shahajirao Patil Vikas Pratishthan, S.B.Patil College of Engineering, Vangali, Tal. Indapur",0631924110,2025-26,1,Maharashtra,GOBCH,GOBCH,HU,3.0466423,percentile,GOBCH | 25015 | 3.0466423 | Stage-I,151,Home University Seats Allotted to Home University Candidates,8191cae48ae89e8773dad94e6b78bf0c5c99f934a9ed525f544fac6e2971d347
7026366bbc3b-PG_MCA_CAP1_Cutoff_MH_2025_26__1_.pdf,6319,"Shahajirao Patil Vikas Pratishthan, S.B.Patil College of Engineering, Vangali, Tal. Indapur",0631924110,2025-26,1,Maharashtra,GSEBCH,GSEBCH,HU,10.5199653,percentile,GSEBCH | 23795 | 10.5199653 | Stage-I,151,Home University Seats Allotted to Home University Candidates,797bf885ef0c6561cc772994cfbd0e2afcaf87a538bbf9bfc20f46a49eb5b022
7026366bbc3b-PG_MCA_CAP1_Cutoff_MH_2025_26__1_.pdf,6319,"Shahajirao Patil Vikas Pratishthan, S.B.Patil College of Engineering, Vangali, Tal. Indapur",0631924110,2025-26,1,Maharashtra,GOBCH,GOBCH,HU,58.7911466,percentile,GOBCH | 13152 | 58.7911466 | Stage-I,151,Home University Seats Allotted to Other Than Home University Candidates,69e3add08af176e1af18a4072ca57c0b1736fb3459cf2cbeeffd236407e6779e
7026366bbc3b-PG_MCA_CAP1_Cutoff_MH_2025_26__1_.pdf,6319,"Shahajirao Patil Vikas Pratishthan, S.B.Patil College of Engineering, Vangali, Tal. Indapur",0631924110,2025-26,1,Maharashtra,GSEBCH,GSEBCH,HU,39.3989669,percentile,GSEBCH | 18154 | 39.3989669 | Stage-I,151,Home University Seats Allotted to Other Than Home University Candidates,71ecbd3726235e867684f1e37731b67637e38bacc21361d68c7923a3a1c16409
7026366bbc3b-PG_MCA_CAP1_Cutoff_MH_2025_26__1_.pdf,6319,"Shahajirao Patil Vikas Pratishthan, S.B.Patil College of Engineering, Vangali, Tal. Indapur",0631924110,2025-26,1,Maharashtra,GOPENO,GOPENO,HU,85.2118788,percentile,GOPENO | 4985 | 85.2118788 | Stage-I,151,Other Than Home University Seats Allotted to Other Than Home University Candidates,ba9070a4665f5e3085fc7808d3616bf28a611d79cf058a33cc3bac8acf533dde
7026366bbc3b-PG_MCA_CAP1_Cutoff_MH_2025_26__1_.pdf,6319,"Shahajirao Patil Vikas Pratishthan, S.B.Patil College of Engineering, Vangali, Tal. Indapur",0631924110,2025-26,1,Maharashtra,GSCO,GSCO,HU,7.4072677,percentile,GSCO | 24408 | 7.4072677 | Stage-I,151,Other Than Home University Seats Allotted to Other Than Home University Candidates,4a1970f125bd0ce8865e6d5904431c61507d1430e4f9241d76cb8d1101d2209a
7026366bbc3b-PG_MCA_CAP1_Cutoff_MH_2025_26__1_.pdf,6319,"Shahajirao Patil Vikas Pratishthan, S.B.Patil College of Engineering, Vangali, Tal. Indapur",0631924110,2025-26,1,Maharashtra,GOBCO,GOBCO,HU,69.7143504,percentile,GOBCO | 9758 | 69.7143504 | Stage-I,151,Other Than Home University Seats Allotted to Other Than Home University Candidates,98228ff9a0238c15a6ff3190502fc625655280a7414e1f48c90042e07a7afd54
7026366bbc3b-PG_MCA_CAP1_Cutoff_MH_2025_26__1_.pdf,6319,"Shahajirao Patil Vikas Pratishthan, S.B.Patil College of Engineering, Vangali, Tal. Indapur",0631924110,2025-26,1,Maharashtra,GSEBCO,GSEBCO,HU,44.5345198,percentile,GSEBCO | 17042 | 44.5345198 | Stage-I,151,Other Than Home University Seats Allotted to Other Than Home University Candidates,bbd4c026a29d67cfb491223d8a80941478186be94ec1173aa637af89190e9859
7026366bbc3b-PG_MCA_CAP1_Cutoff_MH_2025_26__1_.pdf,6319,"Shahajirao Patil Vikas Pratishthan, S.B.Patil College of Engineering, Vangali, Tal. Indapur",0631924110,2025-26,1,Maharashtra,EWS,EWS,SL,61.2807064,percentile,EWS | 12599 | 61.2807064 | Stage-I,151,Other Than Home University Seats Allotted to Other Than Home University Candidates,6da0f2a6752b43282007c302bd80e9b2fb499a77515a8ad52035439e2c8355e9
7026366bbc3b-PG_MCA_CAP1_Cutoff_MH_2025_26__1_.pdf,6319,"Shahajirao Patil Vikas Pratishthan, S.B.Patil College of Engineering, Vangali, Tal. Indapur",0631924110,2025-26,1,Maharashtra,TFWS,TFWS,SL,69.7143504,percentile,TFWS | 9629 | 69.7143504 | Stage-I,151,Other Than Home University Seats Allotted to Other Than Home University Candidates,5b1d0d8df16a1676ff3b1f27140f7d312ef66969c570ee2c8871408c312747a0
7026366bbc3b-PG_MCA_CAP1_Cutoff_MH_2025_26__1_.pdf,6321,"Vidya Vikas Pratishthan Institute of Engineering and Technology, Solapur",0632124110,2025-26,1,Maharashtra,GOPENH,GOPENH,HU,69.7143504,percentile,GOPENH | 10081 | 69.7143504 | Stage-I,152,Home University Seats Allotted to Home University Candidates,d2a1e0556f1367ead9e06911a343ebabe7ba41c176685b506b01f81429ba578d
7026366bbc3b-PG_MCA_CAP1_Cutoff_MH_2025_26__1_.pdf,6321,"Vidya Vikas Pratishthan Institute of Engineering and Technology, Solapur",0632124110,2025-26,1,Maharashtra,GSCH,GSCH,HU,56.5488095,percentile,GSCH | 13979 | 56.5488095 | Stage-I,152,Home University Seats Allotted to Home University Candidates,68ea69ed455ba7c9a9bfaf85dbd309308ec1051df67348373f1310057bcaa9af
7026366bbc3b-PG_MCA_CAP1_Cutoff_MH_2025_26__1_.pdf,6321,"Vidya Vikas Pratishthan Institute of Engineering and Technology, Solapur",0632124110,2025-26,1,Maharashtra,GNTAH,GNTAH,HU,69.7143504,percentile,GNTAH | 10110 | 69.7143504 | Stage-I,152,Home University Seats Allotted to Home University Candidates,b0bdfd6d4b3ecdca3e9e17b156a5ba64742d9e460b20ab4508e90cb66f0a7c9f
7026366bbc3b-PG_MCA_CAP1_Cutoff_MH_2025_26__1_.pdf,6321,"Vidya Vikas Pratishthan Institute of Engineering and Technology, Solapur",0632124110,2025-26,1,Maharashtra,GNTBH,GNTBH,HU,69.7143504,percentile,GNTBH | 10145 | 69.7143504 | Stage-I,152,Home University Seats Allotted to Home University Candidates,f4237253cae6444528b550e2facb3c0364c2117dbdff965a5c598ee4797a9e1c
7026366bbc3b-PG_MCA_CAP1_Cutoff_MH_2025_26__1_.pdf,6321,"Vidya Vikas Pratishthan Institute of Engineering and Technology, Solapur",0632124110,2025-26,1,Maharashtra,GNTCH,GNTCH,HU,39.3989669,percentile,GNTCH | 17973 | 39.3989669 | Stage-I,152,Home University Seats Allotted to Home University Candidates,536772ed4f0b864d9728460181c0c76b57ad0333e5408cc283bc6ca075b57ba6
7026366bbc3b-PG_MCA_CAP1_Cutoff_MH_2025_26__1_.pdf,6321,"Vidya Vikas Pratishthan Institute of Engineering and Technology, Solapur",0632124110,2025-26,1,Maharashtra,GOBCH,GOBCH,HU,29.9046039,percentile,GOBCH | 20292 | 29.9046039 | Stage-I,152,Home University Seats Allotted to Home University Candidates,c35e8d08b5a7aea605c9326121aa3f16c1cfc49e92e9eec2edd1c7fc5ba83421
7026366bbc3b-PG_MCA_CAP1_Cutoff_MH_2025_26__1_.pdf,6321,"Vidya Vikas Pratishthan Institute of Engineering and Technology, Solapur",0632124110,2025-26,1,Maharashtra,GSEBCH,GSEBCH,HU,44.5345198,percentile,GSEBCH | 16942 | 44.5345198 | Stage-I,152,Home University Seats Allotted to Home University Candidates,0ecd4104134a51269e5b19867d2eb3fc8a495e7b8a2c56b981ffc5aab7079bc5
7026366bbc3b-PG_MCA_CAP1_Cutoff_MH_2025_26__1_.pdf,6321,"Vidya Vikas Pratishthan Institute of Engineering and Technology, Solapur",0632124110,2025-26,1,Maharashtra,GOPENO,GOPENO,HU,29.9046039,percentile,GOPENO | 20265 | 29.9046039 | Stage-I,152,Other Than Home University Seats Allotted to Other Than Home University Candidates,577d37b85b1b073f1752b17885bb5c1ae2a2c36a10d5ba01a8d3e4fae3d65bab
7026366bbc3b-PG_MCA_CAP1_Cutoff_MH_2025_26__1_.pdf,6321,"Vidya Vikas Pratishthan Institute of Engineering and Technology, Solapur",0632124110,2025-26,1,Maharashtra,GOPENO,GOPENO,HU,67.3579428,percentile,GOPENO | 10754 | 67.3579428 | Stage-I,152,Other Than Home University Seats Allotted to Home University Candidates,32966f4fc3ebfe7a4fb32efea38374820aaab2692ef0faad1b9470ea097a2b2c
7026366bbc3b-PG_MCA_CAP1_Cutoff_MH_2025_26__1_.pdf,6321,"Vidya Vikas Pratishthan Institute of Engineering and Technology, Solapur",0632124110,2025-26,1,Maharashtra,GOBCO,GOBCO,HU,25.4779232,percentile,GOBCO | 21018 | 25.4779232 | Stage-I,152,Other Than Home University Seats Allotted to Home University Candidates,4cdf94ae1e8bfd1e424afd8bfba8710c5c10ed9d9113b15d7d5ae74796b4e1ff
7026366bbc3b-PG_MCA_CAP1_Cutoff_MH_2025_26__1_.pdf,6321,"Vidya Vikas Pratishthan Institute of Engineering and Technology, Solapur",0632124110,2025-26,1,Maharashtra,EWS,EWS,SL,4.302251,percentile,EWS | 24781 | 4.302251 | Stage-I,152,Other Than Home University Seats Allotted to Home University Candidates,a4be7dddcc0519e355d7aeac3cfa58e1f8bb63616c1eef828796a2a5c8c33b36
7026366bbc3b-PG_MCA_CAP1_Cutoff_MH_2025_26__1_.pdf,6321,"Vidya Vikas Pratishthan Institute of Engineering and Technology, Solapur",0632124110,2025-26,1,Maharashtra,TFWS,TFWS,SL,36.496736,percentile,TFWS | 18427 | 36.496736 | Stage-I,152,Other Than Home University Seats Allotted to Home University Candidates,d5fbe7eefb25a675090ae1e37a7db6359429289e4d714ef0e9f7e0ccf995c08e
7026366bbc3b-PG_MCA_CAP1_Cutoff_MH_2025_26__1_.pdf,6467,"Swami Vivekanand Institute Of Technology, Solapur",0646724110,2025-26,1,Maharashtra,GOPENH,GOPENH,HU,31.6629561,percentile,GOPENH | 19742 | 31.6629561 | Stage-I,153,Home University Seats Allotted to Home University Candidates,36ddefadce4a4169d220a33e975613e498e745922ab8cec822214e1b1b89cdce
7026366bbc3b-PG_MCA_CAP1_Cutoff_MH_2025_26__1_.pdf,6467,"Swami Vivekanand Institute Of Technology, Solapur",0646724110,2025-26,1,Maharashtra,GSCH,GSCH,HU,1.3498737,percentile,GSCH | 25354 | 1.3498737 | Stage-I,153,Home University Seats Allotted to Home University Candidates,a4c58418864dd114b1df8e880663b3d62e3e1980f5676d339576172a33f9ad6d
7026366bbc3b-PG_MCA_CAP1_Cutoff_MH_2025_26__1_.pdf,6467,"Swami Vivekanand Institute Of Technology, Solapur",0646724110,2025-26,1,Maharashtra,GNTCH,GNTCH,HU,19.1539942,percentile,GNTCH | 22256 | 19.1539942 | Stage-I,153,Home University Seats Allotted to Home University Candidates,c0e8e242fde14450e6f88d94f06c620e069838ac3db9b3ede8b706254adec362
7026366bbc3b-PG_MCA_CAP1_Cutoff_MH_2025_26__1_.pdf,6467,"Swami Vivekanand Institute Of Technology, Solapur",0646724110,2025-26,1,Maharashtra,GOBCH,GOBCH,HU,5.9311489,percentile,GOBCH | 24598 | 5.9311489 | Stage-I,153,Home University Seats Allotted to Home University Candidates,1ba200e31342cfb6c1032dd0fe35fb722d9d7a424d44a6e9017f3d77a50ec259
7026366bbc3b-PG_MCA_CAP1_Cutoff_MH_2025_26__1_.pdf,6467,"Swami Vivekanand Institute Of Technology, Solapur",0646724110,2025-26,1,Maharashtra,GOPENO,GOPENO,HU,13.5402134,percentile,GOPENO | 23113 | 13.5402134 | Stage-I,153,Other Than Home University Seats Allotted to Other Than Home University Candidates,7d017088df986a1be952d9fd62f402dedf7ccc686de242c743bcecef56c0f87b
7026366bbc3b-PG_MCA_CAP1_Cutoff_MH_2025_26__1_.pdf,6467,"Swami Vivekanand Institute Of Technology, Solapur",0646724110,2025-26,1,Maharashtra,GOPENO,GOPENO,HU,16.9789978,percentile,GOPENO | 22635 | 16.9789978 | Stage-I,153,Other Than Home University Seats Allotted to Home University Candidates,52e8dccfc13417a911fb41adc054b19b8fdfcd041b06f5c82f7f2e49ebe88181
7026366bbc3b-PG_MCA_CAP1_Cutoff_MH_2025_26__1_.pdf,6467,"Swami Vivekanand Institute Of Technology, Solapur",0646724110,2025-26,1,Maharashtra,EWS,EWS,SL,10.5199653,percentile,EWS | 23752 | 10.5199653 | Stage-I,153,Other Than Home University Seats Allotted to Home University Candidates,2e16a5003947827be5a7afe1f1b17e31d6688666d65eb24e02f8cc319b6d9357
7026366bbc3b-PG_MCA_CAP1_Cutoff_MH_2025_26__1_.pdf,6467,"Swami Vivekanand Institute Of Technology, Solapur",0646724110,2025-26,1,Maharashtra,TFWS,TFWS,SL,79.9969812,percentile,TFWS | 6762 | 79.9969812 | Stage-I,153,Other Than Home University Seats Allotted to Home University Candidates,57ba5279d7701abd9fe306d07c628ac0d3583bc203e68c14f1df1772f857fd69
7026366bbc3b-PG_MCA_CAP1_Cutoff_MH_2025_26__1_.pdf,6545,"Samarth Education Trust's Arvind Gavali College Of Engineering Panwalewadi, Varye,Satara.",0654524110,2025-26,1,Maharashtra,GOPENH,GOPENH,HU,58.7911466,percentile,GOPENH | 12738 | 58.7911466 | Stage-I,154,Home University Seats Allotted to Home University Candidates,4f5b93cb4b1386c4dfb1296e7e1e4e9cf5f5641ed39c5e626e7253b644057d1f
7026366bbc3b-PG_MCA_CAP1_Cutoff_MH_2025_26__1_.pdf,6545,"Samarth Education Trust's Arvind Gavali College Of Engineering Panwalewadi, Varye,Satara.",0654524110,2025-26,1,Maharashtra,GNTAH,GNTAH,HU,21.0059952,percentile,GNTAH | 21944 | 21.0059952 | Stage-I,154,Home University Seats Allotted to Home University Candidates,d9a15b946585deb8391dc58ecef702c2731f77e240d74d2b3e2847bdbe718441
7026366bbc3b-PG_MCA_CAP1_Cutoff_MH_2025_26__1_.pdf,6545,"Samarth Education Trust's Arvind Gavali College Of Engineering Panwalewadi, Varye,Satara.",0654524110,2025-26,1,Maharashtra,GOBCH,GOBCH,HU,7.4072677,percentile,GOBCH | 24425 | 7.4072677 | Stage-I,154,Home University Seats Allotted to Home University Candidates,be1463a24fb9ff65e5cf4c3459774ea5def41693f677c1b15db431df728c79ff
7026366bbc3b-PG_MCA_CAP1_Cutoff_MH_2025_26__1_.pdf,6545,"Samarth Education Trust's Arvind Gavali College Of Engineering Panwalewadi, Varye,Satara.",0654524110,2025-26,1,Maharashtra,GSEBCH,GSEBCH,HU,36.496736,percentile,GSEBCH | 18270 | 36.496736 | Stage-I,154,Home University Seats Allotted to Home University Candidates,9185100181167749fb8e103503dd5a484b588d4e5fdabc53dcca62a357594970
7026366bbc3b-PG_MCA_CAP1_Cutoff_MH_2025_26__1_.pdf,6545,"Samarth Education Trust's Arvind Gavali College Of Engineering Panwalewadi, Varye,Satara.",0654524110,2025-26,1,Maharashtra,GOPENO,GOPENO,HU,95.2942951,percentile,GOPENO | 1483 | 95.2942951 | Stage-I,154,Other Than Home University Seats Allotted to Other Than Home University Candidates,0a0758fd1609e36ac86b1021fd337dd9599518036bf89763c2a1f0c47414dbde
7026366bbc3b-PG_MCA_CAP1_Cutoff_MH_2025_26__1_.pdf,6545,"Samarth Education Trust's Arvind Gavali College Of Engineering Panwalewadi, Varye,Satara.",0654524110,2025-26,1,Maharashtra,GOPENO,GOPENO,HU,39.3989669,percentile,GOPENO | 18135 | 39.3989669 | Stage-I,154,Other Than Home University Seats Allotted to Home University Candidates,859024590c39084467b6ce6cc01eab1335ba782adc7d8d06cbc00f5d8567d622
7026366bbc3b-PG_MCA_CAP1_Cutoff_MH_2025_26__1_.pdf,6545,"Samarth Education Trust's Arvind Gavali College Of Engineering Panwalewadi, Varye,Satara.",0654524110,2025-26,1,Maharashtra,TFWS,TFWS,SL,51.4093808,percentile,TFWS | 15149 | 51.4093808 | Stage-I,154,Other Than Home University Seats Allotted to Home University Candidates,c25d68a1c390f429d0d955aaf776d044d5605c9e241e101df3026d23682fa291
7026366bbc3b-PG_MCA_CAP1_Cutoff_MH_2025_26__1_.pdf,6547,"Suryadatta Educational Foundation, Suryadatta Institute of Management and Mass Communication, Pune",0654724110,2025-26,1,Maharashtra,GOPENH,GOPENH,HU,79.9969812,percentile,GOPENH | 6761 | 79.9969812 | Stage-I,155,Home University Seats Allotted to Home University Candidates,dd7438bb5c7eafdb9fd5fcd34a0f39434a17da22dffc3a8c4beb6632eab5cf98
7026366bbc3b-PG_MCA_CAP1_Cutoff_MH_2025_26__1_.pdf,6547,"Suryadatta Educational Foundation, Suryadatta Institute of Management and Mass Communication, Pune",0654724110,2025-26,1,Maharashtra,GOPENO,GOPENO,HU,82.9644433,percentile,GOPENO | 5518 | 82.9644433 | Stage-I,155,Other Than Home University Seats Allotted to Other Than Home University Candidates,bc1bcf5417cea1a7afdb5518bfd5124b879065a2a1aacb47fcb0dc4608067b20
7026366bbc3b-PG_MCA_CAP1_Cutoff_MH_2025_26__1_.pdf,6547,"Suryadatta Educational Foundation, Suryadatta Institute of Management and Mass Communication, Pune",0654724110,2025-26,1,Maharashtra,TFWS,TFWS,SL,94.4270578,percentile,TFWS | 1706 | 94.4270578 | Stage-I,155,Other Than Home University Seats Allotted to Other Than Home University Candidates,d14b4b81b0e1b456abd425ab6e0f9045be80a1db72a057f2bf294b1c47cd69a5
7026366bbc3b-PG_MCA_CAP1_Cutoff_MH_2025_26__1_.pdf,6548,"Suryadatta Educational Foundation, Suryadatta Institute of Business Management and Technology, Pune",0654824110,2025-26,1,Maharashtra,GOPENH,GOPENH,HU,80.5399495,percentile,GOPENH | 6458 | 80.5399495 | Stage-I,156,Home University Seats Allotted to Home University Candidates,cbcbe796380142168462694c4c5f8a687782211abbf204277ce0f123f7f075fd
7026366bbc3b-PG_MCA_CAP1_Cutoff_MH_2025_26__1_.pdf,6548,"Suryadatta Educational Foundation, Suryadatta Institute of Business Management and Technology, Pune",0654824110,2025-26,1,Maharashtra,GOPENO,GOPENO,HU,82.9644433,percentile,GOPENO | 5353 | 82.9644433 | Stage-I,156,Other Than Home University Seats Allotted to Other Than Home University Candidates,0ebce4e2aa43c5fa78166259be21cc3ccadae20576f73a3b936cd4266f0ca840
7026366bbc3b-PG_MCA_CAP1_Cutoff_MH_2025_26__1_.pdf,6548,"Suryadatta Educational Foundation, Suryadatta Institute of Business Management and Technology, Pune",0654824110,2025-26,1,Maharashtra,TFWS,TFWS,SL,92.3361383,percentile,TFWS | 2404 | 92.3361383 | Stage-I,156,Other Than Home University Seats Allotted to Other Than Home University Candidates,b276ba7a8623d615329e594165c4bbdf030e29e87e9883a6ee723f5564321a2f
7026366bbc3b-PG_MCA_CAP1_Cutoff_MH_2025_26__1_.pdf,6614,"Sadhu Vaswani Institute Of Management Studies For Girls, Koregaon, Pune",0654824110,2025-26,1,Maharashtra,GOPENH,GOPENH,HU,71.1549338,percentile,GOPENH | 9091 | 71.1549338 | Stage-I,157,Home University Seats Allotted to Home University Candidates,ffc7419cd17b70a3a20a07ddc01e0bbcb538662f74077388e24a59f8ec332832
7026366bbc3b-PG_MCA_CAP1_Cutoff_MH_2025_26__1_.pdf,6614,"Sadhu Vaswani Institute Of Management Studies For Girls, Koregaon, Pune",0654824110,2025-26,1,Maharashtra,GOPENO,GOPENO,HU,69.7143504,percentile,GOPENO | 10042 | 69.7143504 | Stage-I,157,Other Than Home University Seats Allotted to Other Than Home University Candidates,d0e6bcec9305c85c729928cc99e6b6ccf96712d35ac9c1db4cba23cf0615ca4a
7026366bbc3b-PG_MCA_CAP1_Cutoff_MH_2025_26__1_.pdf,6614,"Sadhu Vaswani Institute Of Management Studies For Girls, Koregaon, Pune",0654824110,2025-26,1,Maharashtra,TFWS,TFWS,SL,73.5368477,percentile,TFWS | 8767 | 73.5368477 | Stage-I,157,Other Than Home University Seats Allotted to Other Than Home University Candidates,6bcfa233ed4081005a57b01554b4441a46641d812a4b91676c27eb36ef688760
7026366bbc3b-PG_MCA_CAP1_Cutoff_MH_2025_26__1_.pdf,6628,"Dattakala Group Of Institutions, Swami - Chincholi Tal. Daund Dist. Pune",0662824110,2025-26,1,Maharashtra,GOPENH,GOPENH,HU,51.4093808,percentile,GOPENH | 15053 | 51.4093808 | Stage-I,158,Home University Seats Allotted to Home University Candidates,735ac15c0d140e86661392f14c3410a47883f419034f1017ceec505ad0fe954c
7026366bbc3b-PG_MCA_CAP1_Cutoff_MH_2025_26__1_.pdf,6628,"Dattakala Group Of Institutions, Swami - Chincholi Tal. Daund Dist. Pune",0662824110,2025-26,1,Maharashtra,GSCH,GSCH,HU,7.4072677,percentile,GSCH | 24409 | 7.4072677 | Stage-I,158,Home University Seats Allotted to Home University Candidates,919909772be6cf7a8cf64c1d24382c5b08e283a44c74e5aa1f6ee9638fd603b1
7026366bbc3b-PG_MCA_CAP1_Cutoff_MH_2025_26__1_.pdf,6628,"Dattakala Group Of Institutions, Swami - Chincholi Tal. Daund Dist. Pune",0662824110,2025-26,1,Maharashtra,GNTCH,GNTCH,HU,31.6629561,percentile,GNTCH | 19611 | 31.6629561 | Stage-I,158,Home University Seats Allotted to Home University Candidates,6d98d65ac45df0af41d2d0efb67e4f5f74abf7b2b72d93996aeaf44eaef8eae8
7026366bbc3b-PG_MCA_CAP1_Cutoff_MH_2025_26__1_.pdf,6628,"Dattakala Group Of Institutions, Swami - Chincholi Tal. Daund Dist. Pune",0662824110,2025-26,1,Maharashtra,GOBCH,GOBCH,HU,2.8640429,percentile,GOBCH | 25102 | 2.8640429 | Stage-I,158,Home University Seats Allotted to Home University Candidates,cd336c9884bb723213202ed31dac7b021baa4de5202d5cfabfc0493421211297
7026366bbc3b-PG_MCA_CAP1_Cutoff_MH_2025_26__1_.pdf,6628,"Dattakala Group Of Institutions, Swami - Chincholi Tal. Daund Dist. Pune",0662824110,2025-26,1,Maharashtra,GSEBCH,GSEBCH,HU,5.5960152,percentile,GSEBCH | 24642 | 5.5960152 | Stage-I,158,Home University Seats Allotted to Home University Candidates,12c0b1ba8d9bd37787d05808272a100d32f40268bdb64a3412186e59c2fde90b
7026366bbc3b-PG_MCA_CAP1_Cutoff_MH_2025_26__1_.pdf,6628,"Dattakala Group Of Institutions, Swami - Chincholi Tal. Daund Dist. Pune",0662824110,2025-26,1,Maharashtra,GSCH,GSCH,HU,7.9446476,percentile,GSCH | 24208 | 7.9446476 | Stage-I,158,Home University Seats Allotted to Other Than Home University Candidates,b8eb085ae70ba0b5a62e3ea8fee1361dfe994cf2dacd4001802eefcb2cecbb90
7026366bbc3b-PG_MCA_CAP1_Cutoff_MH_2025_26__1_.pdf,6628,"Dattakala Group Of Institutions, Swami - Chincholi Tal. Daund Dist. Pune",0662824110,2025-26,1,Maharashtra,GOBCH,GOBCH,HU,39.3989669,percentile,GOBCH | 17998 | 39.3989669 | Stage-I,158,Home University Seats Allotted to Other Than Home University Candidates,c5200420f02857f498e18f2d2fc3da49459c4d32e1603e92a441641c88114ea8
7026366bbc3b-PG_MCA_CAP1_Cutoff_MH_2025_26__1_.pdf,6628,"Dattakala Group Of Institutions, Swami - Chincholi Tal. Daund Dist. Pune",0662824110,2025-26,1,Maharashtra,GSEBCH,GSEBCH,HU,29.9046039,percentile,GSEBCH | 20153 | 29.9046039 | Stage-I,158,Home University Seats Allotted to Other Than Home University Candidates,bb907c833a9bb3882760790d077c71eaad6dfca9ce271e9d7f93d588fbcb129e
7026366bbc3b-PG_MCA_CAP1_Cutoff_MH_2025_26__1_.pdf,6628,"Dattakala Group Of Institutions, Swami - Chincholi Tal. Daund Dist. Pune",0662824110,2025-26,1,Maharashtra,GOPENO,GOPENO,HU,61.2807064,percentile,GOPENO | 12455 | 61.2807064 | Stage-I,158,Other Than Home University Seats Allotted to Other Than Home University Candidates,ee7e71307e71aea564a84e5ded8968b9993b3011593515e7a2f9b373d7ef4b87
7026366bbc3b-PG_MCA_CAP1_Cutoff_MH_2025_26__1_.pdf,6628,"Dattakala Group Of Institutions, Swami - Chincholi Tal. Daund Dist. Pune",0662824110,2025-26,1,Maharashtra,GSCO,GSCO,HU,31.6629561,percentile,GSCO | 19632 | 31.6629561 | Stage-I,158,Other Than Home University Seats Allotted to Other Than Home University Candidates,ae47030fba33ab4748dab8b9fb4d999f5bd9e0657cb40d6f2f3d87c1e40911a7
7026366bbc3b-PG_MCA_CAP1_Cutoff_MH_2025_26__1_.pdf,6628,"Dattakala Group Of Institutions, Swami - Chincholi Tal. Daund Dist. Pune",0662824110,2025-26,1,Maharashtra,GNTAO,GNTAO,HU,13.5402134,percentile,GNTAO | 23155 | 13.5402134 | Stage-I,158,Other Than Home University Seats Allotted to Other Than Home University Candidates,595b63e57070f39fa0222b1b1f021744da8a28aadaf723c89c5dadf9b92ffa15
7026366bbc3b-PG_MCA_CAP1_Cutoff_MH_2025_26__1_.pdf,6628,"Dattakala Group Of Institutions, Swami - Chincholi Tal. Daund Dist. Pune",0662824110,2025-26,1,Maharashtra,GNTCO,GNTCO,HU,51.4093808,percentile,GNTCO | 14884 | 51.4093808 | Stage-I,158,Other Than Home University Seats Allotted to Other Than Home University Candidates,08c3916b31647d2d97da3aa1f55112f60ef11a38fd4d2a5558be0ea96cd6d1d7
7026366bbc3b-PG_MCA_CAP1_Cutoff_MH_2025_26__1_.pdf,6628,"Dattakala Group Of Institutions, Swami - Chincholi Tal. Daund Dist. Pune",0662824110,2025-26,1,Maharashtra,GOBCO,GOBCO,HU,41.4550394,percentile,GOBCO | 17292 | 41.4550394 | Stage-I,158,Other Than Home University Seats Allotted to Other Than Home University Candidates,a2da7333d16559e161edd1ea794a43c15a738d2718b36eff89b2e30b3b4bfbb3
7026366bbc3b-PG_MCA_CAP1_Cutoff_MH_2025_26__1_.pdf,6628,"Dattakala Group Of Institutions, Swami - Chincholi Tal. Daund Dist. Pune",0662824110,2025-26,1,Maharashtra,GSEBCO,GSEBCO,HU,51.4093808,percentile,GSEBCO | 14685 | 51.4093808 | Stage-I,158,Other Than Home University Seats Allotted to Other Than Home University Candidates,172c569305e1dfcb67d6678b3a20f4f4f3935ba2203cd8e724fef2524f93adeb
7026366bbc3b-PG_MCA_CAP1_Cutoff_MH_2025_26__1_.pdf,6628,"Dattakala Group Of Institutions, Swami - Chincholi Tal. Daund Dist. Pune",0662824110,2025-26,1,Maharashtra,TFWS,TFWS,SL,69.7143504,percentile,TFWS | 9800 | 69.7143504 | Stage-I,158,Other Than Home University Seats Allotted to Other Than Home University Candidates,acff591907519a73dcee159d4da8cb16c7dd6473438ed94e471f3d3d5e2a88b8
7026366bbc3b-PG_MCA_CAP1_Cutoff_MH_2025_26__1_.pdf,6632,Navsahyadri Education Society's Group of Institutions,0663224110,2025-26,1,Maharashtra,GOPENH,GOPENH,HU,61.2807064,percentile,GOPENH | 12435 | 61.2807064 | Stage-I,159,Home University Seats Allotted to Home University Candidates,8f3085493a87df0353425a487c80a03a4b78e79eb5545fa9c389b856bda8cb0f
7026366bbc3b-PG_MCA_CAP1_Cutoff_MH_2025_26__1_.pdf,6632,Navsahyadri Education Society's Group of Institutions,0663224110,2025-26,1,Maharashtra,GSCH,GSCH,HU,9.7430286,percentile,GSCH | 24083 | 9.7430286 | Stage-I,159,Home University Seats Allotted to Home University Candidates,ade7769d4a682b4f01135129fc5d63dadab552717b24f5a4ae949832cfac0be5
7026366bbc3b-PG_MCA_CAP1_Cutoff_MH_2025_26__1_.pdf,6632,Navsahyadri Education Society's Group of Institutions,0663224110,2025-26,1,Maharashtra,GNTAH,GNTAH,HU,4.067771,percentile,GNTAH | 24928 | 4.067771 | Stage-I,159,Home University Seats Allotted to Home University Candidates,a894599f54769a3ad8c1ce9ce9d09a9c2ffdf49b8e4f5f50314c2de9cbc29749
7026366bbc3b-PG_MCA_CAP1_Cutoff_MH_2025_26__1_.pdf,6632,Navsahyadri Education Society's Group of Institutions,0663224110,2025-26,1,Maharashtra,GNTCH,GNTCH,HU,31.6629561,percentile,GNTCH | 19813 | 31.6629561 | Stage-I,159,Home University Seats Allotted to Home University Candidates,2e673d37a99adf7d01f80e0152ea43acb4bb95b933135721621ebfdf9a4f04ed
7026366bbc3b-PG_MCA_CAP1_Cutoff_MH_2025_26__1_.pdf,6632,Navsahyadri Education Society's Group of Institutions,0663224110,2025-26,1,Maharashtra,GOBCH,GOBCH,HU,13.5402134,percentile,GOBCH | 23270 | 13.5402134 | Stage-I,159,Home University Seats Allotted to Home University Candidates,2076ce1d57a6675da5f6e731778a47110c28518ba72a03c7e258d226460b82ad
7026366bbc3b-PG_MCA_CAP1_Cutoff_MH_2025_26__1_.pdf,6632,Navsahyadri Education Society's Group of Institutions,0663224110,2025-26,1,Maharashtra,GSEBCH,GSEBCH,HU,7.9446476,percentile,GSEBCH | 24264 | 7.9446476 | Stage-I,159,Home University Seats Allotted to Home University Candidates,47c01df85f8cc6c1660c1996d4546afaa39d6c1198ee6f97e5a831dbb628b338
7026366bbc3b-PG_MCA_CAP1_Cutoff_MH_2025_26__1_.pdf,6632,Navsahyadri Education Society's Group of Institutions,0663224110,2025-26,1,Maharashtra,PWDOPENH,PWDOPENH,HU,41.4550394,percentile,PWDOPENH | 17600 | 41.4550394 | Stage-I,159,Home University Seats Allotted to Home University Candidates,76b77fd5f291aea8fb2b5e7514d990182cc243543c12d8d1fb389c6f7716c280
7026366bbc3b-PG_MCA_CAP1_Cutoff_MH_2025_26__1_.pdf,6632,Navsahyadri Education Society's Group of Institutions,0663224110,2025-26,1,Maharashtra,GSCH,GSCH,HU,31.6629561,percentile,GSCH | 19772 | 31.6629561 | Stage-I,159,Home University Seats Allotted to Other Than Home University Candidates,fd905dfaabe3547d2cd3ed095f122d48962d0e7e5f975599cbff2e768fd075a0
7026366bbc3b-PG_MCA_CAP1_Cutoff_MH_2025_26__1_.pdf,6632,Navsahyadri Education Society's Group of Institutions,0663224110,2025-26,1,Maharashtra,GNTAH,GNTAH,HU,13.5402134,percentile,GNTAH | 23396 | 13.5402134 | Stage-I,159,Home University Seats Allotted to Other Than Home University Candidates,da4f9976f279df169d8521f050a546f3fc10cb907e582119bb89272ea7115c0f
7026366bbc3b-PG_MCA_CAP1_Cutoff_MH_2025_26__1_.pdf,6632,Navsahyadri Education Society's Group of Institutions,0663224110,2025-26,1,Maharashtra,GNTBH,GNTBH,HU,44.5345198,percentile,GNTBH | 16899 | 44.5345198 | Stage-I,159,Home University Seats Allotted to Other Than Home University Candidates,17eb150af2cafe721e97cce2d7cd8116c2c18bc97c62f03718a58470e8ce8207
7026366bbc3b-PG_MCA_CAP1_Cutoff_MH_2025_26__1_.pdf,6632,Navsahyadri Education Society's Group of Institutions,0663224110,2025-26,1,Maharashtra,GSEBCH,GSEBCH,HU,51.4093808,percentile,GSEBCH | 15177 | 51.4093808 | Stage-I,159,Home University Seats Allotted to Other Than Home University Candidates,7b2f4bd2b60ac284ec57a504046232816e82ce2023625e0aacc46986ca1a7535
7026366bbc3b-PG_MCA_CAP1_Cutoff_MH_2025_26__1_.pdf,6632,Navsahyadri Education Society's Group of Institutions,0663224110,2025-26,1,Maharashtra,PWDOPENH,PWDOPENH,HU,13.5402134,percentile,PWDOPENH | 23344 | 13.5402134 | Stage-I,159,Home University Seats Allotted to Other Than Home University Candidates,957ddf534d868526669caf709fb8dc644765293c073aeb5c891be3c7688dc09e
7026366bbc3b-PG_MCA_CAP1_Cutoff_MH_2025_26__1_.pdf,6632,Navsahyadri Education Society's Group of Institutions,0663224110,2025-26,1,Maharashtra,GOPENO,GOPENO,HU,74.782248,percentile,GOPENO | 8445 | 74.782248 | Stage-I,159,Other Than Home University Seats Allotted to Other Than Home University Candidates,726ac59fac29cc49c578fc53063dd5f7f30fb6e1131256f8cfbc37044ad28137
7026366bbc3b-PG_MCA_CAP1_Cutoff_MH_2025_26__1_.pdf,6632,Navsahyadri Education Society's Group of Institutions,0663224110,2025-26,1,Maharashtra,GSCO,GSCO,HU,36.496736,percentile,GSCO | 18385 | 36.496736 | Stage-I,159,Other Than Home University Seats Allotted to Other Than Home University Candidates,cccc09b73b798758428f8026bedc8fece3b631924f0cbd6ccde59323e10ea603
7026366bbc3b-PG_MCA_CAP1_Cutoff_MH_2025_26__1_.pdf,6632,Navsahyadri Education Society's Group of Institutions,0663224110,2025-26,1,Maharashtra,GNTAO,GNTAO,HU,25.4779232,percentile,GNTAO | 21203 | 25.4779232 | Stage-I,159,Other Than Home University Seats Allotted to Other Than Home University Candidates,d1c71b2b0eb75def97a1c1c4a90d82bf446053bdb69430c86b61b42298193a66
7026366bbc3b-PG_MCA_CAP1_Cutoff_MH_2025_26__1_.pdf,6632,Navsahyadri Education Society's Group of Institutions,0663224110,2025-26,1,Maharashtra,GNTBO,GNTBO,HU,67.3579428,percentile,GNTBO | 10773 | 67.3579428 | Stage-I,159,Other Than Home University Seats Allotted to Other Than Home University Candidates,dd6043e14e089e3216d9f0ff0604cd4ecc69efd51f2ea4733c8f0dbe28281e4e
7026366bbc3b-PG_MCA_CAP1_Cutoff_MH_2025_26__1_.pdf,6632,Navsahyadri Education Society's Group of Institutions,0663224110,2025-26,1,Maharashtra,GNTCO,GNTCO,HU,49.3533426,percentile,GNTCO | 15478 | 49.3533426 | Stage-I,159,Other Than Home University Seats Allotted to Other Than Home University Candidates,df3bcbca71aff3a282df803ca28f6b0d56b846f4d4c3c6664d035bcc50831d9b
7026366bbc3b-PG_MCA_CAP1_Cutoff_MH_2025_26__1_.pdf,6632,Navsahyadri Education Society's Group of Institutions,0663224110,2025-26,1,Maharashtra,GOBCO,GOBCO,HU,61.2807064,percentile,GOBCO | 12457 | 61.2807064 | Stage-I,159,Other Than Home University Seats Allotted to Other Than Home University Candidates,a40aae50c6fcd3004007a8ceb58a5a7ae1c3e40e8059ccb7c0b9275ecb44d72c
7026366bbc3b-PG_MCA_CAP1_Cutoff_MH_2025_26__1_.pdf,6632,Navsahyadri Education Society's Group of Institutions,0663224110,2025-26,1,Maharashtra,GSEBCO,GSEBCO,HU,53.942159,percentile,GSEBCO | 14361 | 53.942159 | Stage-I,159,Other Than Home University Seats Allotted to Other Than Home University Candidates,db400dc6aa384da6a7fea074521a2187a920a38e57fd44c5ccff0231932c7caf
7026366bbc3b-PG_MCA_CAP1_Cutoff_MH_2025_26__1_.pdf,6632,Navsahyadri Education Society's Group of Institutions,0663224110,2025-26,1,Maharashtra,EWS,EWS,SL,13.5402134,percentile,EWS | 23239 | 13.5402134 | Stage-I,159,Other Than Home University Seats Allotted to Other Than Home University Candidates,5341b3b21f4d9f3869ca7c0d332bed9104974b2d89cb1cd3fba4fefce8823134
7026366bbc3b-PG_MCA_CAP1_Cutoff_MH_2025_26__1_.pdf,6632,Navsahyadri Education Society's Group of Institutions,0663224110,2025-26,1,Maharashtra,TFWS,TFWS,SL,80.5399495,percentile,TFWS | 6423 | 80.5399495 | Stage-I,159,Other Than Home University Seats Allotted to Other Than Home University Candidates,b730917c51f6ff97253a290fa9ea6a19398cd037da68b69110fc369e4ba07e69
7026366bbc3b-PG_MCA_CAP1_Cutoff_MH_2025_26__1_.pdf,6634,"KJEI's Trinity Academy of Engineering, Yewalewadi, Pune",0663424110,2025-26,1,Maharashtra,GOPENH,GOPENH,HU,71.1549338,percentile,GOPENH | 9079 | 71.1549338 | Stage-I,160,Home University Seats Allotted to Home University Candidates,4a53db236acd7dc48aa87491a675dbcaae945d3f5a4e42657170fd0d342b5fd1
7026366bbc3b-PG_MCA_CAP1_Cutoff_MH_2025_26__1_.pdf,6634,"KJEI's Trinity Academy of Engineering, Yewalewadi, Pune",0663424110,2025-26,1,Maharashtra,GSCH,GSCH,HU,16.9789978,percentile,GSCH | 22502 | 16.9789978 | Stage-I,160,Home University Seats Allotted to Home University Candidates,053b2c8e2ea9991db03ba98694353647352e38c5f97e8e98eec3f5cc1a512b08
7026366bbc3b-PG_MCA_CAP1_Cutoff_MH_2025_26__1_.pdf,6634,"KJEI's Trinity Academy of Engineering, Yewalewadi, Pune",0663424110,2025-26,1,Maharashtra,GNTAH,GNTAH,HU,34.5198145,percentile,GNTAH | 19335 | 34.5198145 | Stage-I,160,Home University Seats Allotted to Home University Candidates,157d9a1e9e07ac5e1f4412730b3ce5be2439dfcfcccdc473dad1cfa905ab68e9
7026366bbc3b-PG_MCA_CAP1_Cutoff_MH_2025_26__1_.pdf,6634,"KJEI's Trinity Academy of Engineering, Yewalewadi, Pune",0663424110,2025-26,1,Maharashtra,GNTBH,GNTBH,HU,27.2744425,percentile,GNTBH | 20573 | 27.2744425 | Stage-I,160,Home University Seats Allotted to Home University Candidates,885580cdd67baad121d13d8a85da7a2c2b29d4a66813a84e6f6e1dbedc8dd804
7026366bbc3b-PG_MCA_CAP1_Cutoff_MH_2025_26__1_.pdf,6634,"KJEI's Trinity Academy of Engineering, Yewalewadi, Pune",0663424110,2025-26,1,Maharashtra,GNTCH,GNTCH,HU,61.2807064,percentile,GNTCH | 12146 | 61.2807064 | Stage-I,160,Home University Seats Allotted to Home University Candidates,ba8ea880bf90debf578da6bf699a030b588cb1e48d141cfbf97935143465682c
7026366bbc3b-PG_MCA_CAP1_Cutoff_MH_2025_26__1_.pdf,6634,"KJEI's Trinity Academy of Engineering, Yewalewadi, Pune",0663424110,2025-26,1,Maharashtra,GNTDH,GNTDH,HU,19.1539942,percentile,GNTDH | 22447 | 19.1539942 | Stage-I,160,Home University Seats Allotted to Home University Candidates,2cf721184804b4bf4111a1207c97801f0fce328ff414ee0cc68a52dbd369e436
7026366bbc3b-PG_MCA_CAP1_Cutoff_MH_2025_26__1_.pdf,6634,"KJEI's Trinity Academy of Engineering, Yewalewadi, Pune",0663424110,2025-26,1,Maharashtra,GOBCH,GOBCH,HU,61.2807064,percentile,GOBCH | 12471 | 61.2807064 | Stage-I,160,Home University Seats Allotted to Home University Candidates,a7ba6ee3ab8d4a782298f0f7c97207a77fc7f067e5fe02cd88fe5583ca1d2942
7026366bbc3b-PG_MCA_CAP1_Cutoff_MH_2025_26__1_.pdf,6634,"KJEI's Trinity Academy of Engineering, Yewalewadi, Pune",0663424110,2025-26,1,Maharashtra,GSEBCH,GSEBCH,HU,25.4779232,percentile,GSEBCH | 20811 | 25.4779232 | Stage-I,160,Home University Seats Allotted to Home University Candidates,8f4a536c621ecb677f5c2d124d4fbfcd6ed18cdcd6c04b9f2dedaa227ebc5885
7026366bbc3b-PG_MCA_CAP1_Cutoff_MH_2025_26__1_.pdf,6634,"KJEI's Trinity Academy of Engineering, Yewalewadi, Pune",0663424110,2025-26,1,Maharashtra,GNTBH,GNTBH,HU,69.7143504,percentile,GNTBH | 9862 | 69.7143504 | Stage-I,160,Home University Seats Allotted to Other Than Home University Candidates,92dcf3f4b621a5a6c39922611eb37d8e375bc7fd7fc9d7c3ac4f7959ddbeacf6
7026366bbc3b-PG_MCA_CAP1_Cutoff_MH_2025_26__1_.pdf,6634,"KJEI's Trinity Academy of Engineering, Yewalewadi, Pune",0663424110,2025-26,1,Maharashtra,GOPENO,GOPENO,HU,79.9969812,percentile,GOPENO | 6754 | 79.9969812 | Stage-I,160,Other Than Home University Seats Allotted to Other Than Home University Candidates,bfbaf9dde1cc23e0fb1fc2015730bcacf0e59bf8bc3359ee52ccf07530959c84
7026366bbc3b-PG_MCA_CAP1_Cutoff_MH_2025_26__1_.pdf,6634,"KJEI's Trinity Academy of Engineering, Yewalewadi, Pune",0663424110,2025-26,1,Maharashtra,GSCO,GSCO,HU,63.1574978,percentile,GSCO | 11885 | 63.1574978 | Stage-I,160,Other Than Home University Seats Allotted to Other Than Home University Candidates,694e3213cfa117422de5538fbba517a7a1ff28b62f816c3c46cc9731fba8355d
7026366bbc3b-PG_MCA_CAP1_Cutoff_MH_2025_26__1_.pdf,6634,"KJEI's Trinity Academy of Engineering, Yewalewadi, Pune",0663424110,2025-26,1,Maharashtra,GNTAO,GNTAO,HU,77.8251197,percentile,GNTAO | 7410 | 77.8251197 | Stage-I,160,Other Than Home University Seats Allotted to Other Than Home University Candidates,07c5bb5f00ee3eecccabdec762a0a8264f48f580410f667654a55f832d8a45c8
7026366bbc3b-PG_MCA_CAP1_Cutoff_MH_2025_26__1_.pdf,6634,"KJEI's Trinity Academy of Engineering, Yewalewadi, Pune",0663424110,2025-26,1,Maharashtra,GNTBO,GNTBO,HU,69.7143504,percentile,GNTBO | 9775 | 69.7143504 | Stage-I,160,Other Than Home University Seats Allotted to Other Than Home University Candidates,d5a52411729dfe3b48019a50c9ef757f2cdbbf1d64c58f8ff1195e3f16269721
7026366bbc3b-PG_MCA_CAP1_Cutoff_MH_2025_26__1_.pdf,6634,"KJEI's Trinity Academy of Engineering, Yewalewadi, Pune",0663424110,2025-26,1,Maharashtra,GNTCO,GNTCO,HU,74.782248,percentile,GNTCO | 8265 | 74.782248 | Stage-I,160,Other Than Home University Seats Allotted to Other Than Home University Candidates,f5f5579cc4630dc6128c588997572294540db4c981953677419d47f5ef67c002
7026366bbc3b-PG_MCA_CAP1_Cutoff_MH_2025_26__1_.pdf,6634,"KJEI's Trinity Academy of Engineering, Yewalewadi, Pune",0663424110,2025-26,1,Maharashtra,GNTDO,GNTDO,HU,49.3533426,percentile,GNTDO | 15656 | 49.3533426 | Stage-I,160,Other Than Home University Seats Allotted to Other Than Home University Candidates,f791233d40b8db996cf13fd227a0238d0cd8d3c8d0c7020ce9039a09e3f2af22
7026366bbc3b-PG_MCA_CAP1_Cutoff_MH_2025_26__1_.pdf,6634,"KJEI's Trinity Academy of Engineering, Yewalewadi, Pune",0663424110,2025-26,1,Maharashtra,GOBCO,GOBCO,HU,76.9216256,percentile,GOBCO | 7783 | 76.9216256 | Stage-I,160,Other Than Home University Seats Allotted to Other Than Home University Candidates,a73e3f10eee19089cc7953361477ec33cb85266807f72c380e20c719855aa588
7026366bbc3b-PG_MCA_CAP1_Cutoff_MH_2025_26__1_.pdf,6634,"KJEI's Trinity Academy of Engineering, Yewalewadi, Pune",0663424110,2025-26,1,Maharashtra,GSEBCO,GSEBCO,HU,73.5368477,percentile,GSEBCO | 8799 | 73.5368477 | Stage-I,160,Other Than Home University Seats Allotted to Other Than Home University Candidates,ed59440e46d477b5ad3781d708d05503cab231ffa49ef7359315bf1ecdf7fdc0
7026366bbc3b-PG_MCA_CAP1_Cutoff_MH_2025_26__1_.pdf,6634,"KJEI's Trinity Academy of Engineering, Yewalewadi, Pune",0663424110,2025-26,1,Maharashtra,EWS,EWS,SL,29.9046039,percentile,EWS | 20176 | 29.9046039 | Stage-I,160,Other Than Home University Seats Allotted to Other Than Home University Candidates,30dcaf554e18f70a2816dc94811cfaa786697beb0e679eb529698c506ca97b0c
7026366bbc3b-PG_MCA_CAP1_Cutoff_MH_2025_26__1_.pdf,6634,"KJEI's Trinity Academy of Engineering, Yewalewadi, Pune",0663424110,2025-26,1,Maharashtra,TFWS,TFWS,SL,87.2080299,percentile,TFWS | 4224 | 87.2080299 | Stage-I,160,Other Than Home University Seats Allotted to Other Than Home University Candidates,95f7acc76899010d1534f64851e7b1e4fc080db3710fa3d054195b2e10461a13
7026366bbc3b-PG_MCA_CAP1_Cutoff_MH_2025_26__1_.pdf,6635,Samarth College of Engineering and Management,0663524110,2025-26,1,Maharashtra,GOPENH,GOPENH,HU,67.3579428,percentile,GOPENH | 10689 | 67.3579428 | Stage-I,161,Home University Seats Allotted to Home University Candidates,6b66002082dd19797e83ee8ee0ca67387aa89e60f6110bded80f82c06a72806c
7026366bbc3b-PG_MCA_CAP1_Cutoff_MH_2025_26__1_.pdf,6635,Samarth College of Engineering and Management,0663524110,2025-26,1,Maharashtra,GSCH,GSCH,HU,15.5994113,percentile,GSCH | 23089 | 15.5994113 | Stage-I,161,Home University Seats Allotted to Home University Candidates,3e9ce9ec9fbc29586388612fe98e84a8cf24daefe245aa816c7975b0fac87b50
7026366bbc3b-PG_MCA_CAP1_Cutoff_MH_2025_26__1_.pdf,6635,Samarth College of Engineering and Management,0663524110,2025-26,1,Maharashtra,GSTH,GSTH,HU,44.5345198,percentile,GSTH | 16926 | 44.5345198 | Stage-I,161,Home University Seats Allotted to Home University Candidates,d003c478413ad3f714bb3f9f654e55d1eecba682c098b9f62bb48b08d103957a
7026366bbc3b-PG_MCA_CAP1_Cutoff_MH_2025_26__1_.pdf,6635,Samarth College of Engineering and Management,0663524110,2025-26,1,Maharashtra,GNTAH,GNTAH,HU,25.4779232,percentile,GNTAH | 21017 | 25.4779232 | Stage-I,161,Home University Seats Allotted to Home University Candidates,1338941c1417df4f32ff10935e5b438470c8e11810eaeba4b10821207baa5f67
7026366bbc3b-PG_MCA_CAP1_Cutoff_MH_2025_26__1_.pdf,6635,Samarth College of Engineering and Management,0663524110,2025-26,1,Maharashtra,GNTBH,GNTBH,HU,44.5345198,percentile,GNTBH | 16907 | 44.5345198 | Stage-I,161,Home University Seats Allotted to Home University Candidates,baadd35222ad6a7cb133725c759787f3700199ba23366a1c8a94ad2411630b98
7026366bbc3b-PG_MCA_CAP1_Cutoff_MH_2025_26__1_.pdf,6635,Samarth College of Engineering and Management,0663524110,2025-26,1,Maharashtra,GNTCH,GNTCH,HU,49.3533426,percentile,GNTCH | 15800 | 49.3533426 | Stage-I,161,Home University Seats Allotted to Home University Candidates,40d7a4e5a25cf161709a6ac4352637257f59001318e7d28fc2aef6e071ff12b2
7026366bbc3b-PG_MCA_CAP1_Cutoff_MH_2025_26__1_.pdf,6635,Samarth College of Engineering and Management,0663524110,2025-26,1,Maharashtra,GOBCH,GOBCH,HU,53.942159,percentile,GOBCH | 14392 | 53.942159 | Stage-I,161,Home University Seats Allotted to Home University Candidates,fb91502ba610708c315ebd38442b1b4b3662cc6a3c36124b4f0f901f7afc40a9
7026366bbc3b-PG_MCA_CAP1_Cutoff_MH_2025_26__1_.pdf,6635,Samarth College of Engineering and Management,0663524110,2025-26,1,Maharashtra,GSCH,GSCH,HU,12.4750009,percentile,GSCH | 23474 | 12.4750009 | Stage-I,161,Home University Seats Allotted to Other Than Home University Candidates,d40f2c979ab21cfa642edc0f93a585daab2fbc88defd5593c1715c15f7ae25e7
7026366bbc3b-PG_MCA_CAP1_Cutoff_MH_2025_26__1_.pdf,6635,Samarth College of Engineering and Management,0663524110,2025-26,1,Maharashtra,GSEBCH,GSEBCH,HU,23.1010151,percentile,GSEBCH | 21618 | 23.1010151 | Stage-I,161,Home University Seats Allotted to Other Than Home University Candidates,0277c251ada9aa5f8b7675f7414737ff53906585897b79679eb74025d8be3e1f
7026366bbc3b-PG_MCA_CAP1_Cutoff_MH_2025_26__1_.pdf,6635,Samarth College of Engineering and Management,0663524110,2025-26,1,Maharashtra,GOPENO,GOPENO,HU,58.7911466,percentile,GOPENO | 13126 | 58.7911466 | Stage-I,161,Other Than Home University Seats Allotted to Other Than Home University Candidates,f9cbf68cdfa84980062a5e651db00145148243d1d5073ce11e5b74673d278a1f
7026366bbc3b-PG_MCA_CAP1_Cutoff_MH_2025_26__1_.pdf,6635,Samarth College of Engineering and Management,0663524110,2025-26,1,Maharashtra,GSCO,GSCO,HU,34.5198145,percentile,GSCO | 18970 | 34.5198145 | Stage-I,161,Other Than Home University Seats Allotted to Other Than Home University Candidates,4929439b837de3a05fad1d4811a4f8b681e8704c001cb368dc2e0cd34f6a207b
7026366bbc3b-PG_MCA_CAP1_Cutoff_MH_2025_26__1_.pdf,6635,Samarth College of Engineering and Management,0663524110,2025-26,1,Maharashtra,GOBCO,GOBCO,HU,46.3793819,percentile,GOBCO | 16015 | 46.3793819 | Stage-I,161,Other Than Home University Seats Allotted to Other Than Home University Candidates,11fcb412ecc4ad688d073ae0a803098f059a261abfce7abdf0d9e40ce9f76de7
7026366bbc3b-PG_MCA_CAP1_Cutoff_MH_2025_26__1_.pdf,6635,Samarth College of Engineering and Management,0663524110,2025-26,1,Maharashtra,GSEBCO,GSEBCO,HU,27.2744425,percentile,GSEBCO | 20422 | 27.2744425 | Stage-I,161,Other Than Home University Seats Allotted to Other Than Home University Candidates,6981e9202a072e84caab94dad0bfed61e5c4813a0e38f848c529ad8ccf5ac2ff
7026366bbc3b-PG_MCA_CAP1_Cutoff_MH_2025_26__1_.pdf,6635,Samarth College of Engineering and Management,0663524110,2025-26,1,Maharashtra,TFWS,TFWS,SL,61.2807064,percentile,TFWS | 12279 | 61.2807064 | Stage-I,161,Other Than Home University Seats Allotted to Other Than Home University Candidates,a890f06f66a17b469ff015850f4570b82fdc70fc0aceac03aa715bd59b18d2c5
7026366bbc3b-PG_MCA_CAP1_Cutoff_MH_2025_26__1_.pdf,6755,"JSPM Narhe Technical Campus, Pune.",0675524110,2025-26,1,Maharashtra,GOPENH,GOPENH,HU,89.1966341,percentile,GOPENH | 3254 | 89.1966341 | Stage-I,162,Home University Seats Allotted to Home University Candidates,245a3d93c6ffe22fe2efd06e2394222bdf99f0f6a162edadd64891543d461a4b
7026366bbc3b-PG_MCA_CAP1_Cutoff_MH_2025_26__1_.pdf,6755,"JSPM Narhe Technical Campus, Pune.",0675524110,2025-26,1,Maharashtra,GSCH,GSCH,HU,80.5399495,percentile,GSCH | 6144 | 80.5399495 | Stage-I,162,Home University Seats Allotted to Home University Candidates,39b6791887afbabc89bb708e9634f38c8058f69f7ea4d2620e3779d66e112021
7026366bbc3b-PG_MCA_CAP1_Cutoff_MH_2025_26__1_.pdf,6755,"JSPM Narhe Technical Campus, Pune.",0675524110,2025-26,1,Maharashtra,GSTH,GSTH,HU,61.2807064,percentile,GSTH | 12190 | 61.2807064 | Stage-I,162,Home University Seats Allotted to Home University Candidates,56cf6229131d68b3e60054eb9132aa692c002d356ad92f220d969dce5cfade86
7026366bbc3b-PG_MCA_CAP1_Cutoff_MH_2025_26__1_.pdf,6755,"JSPM Narhe Technical Campus, Pune.",0675524110,2025-26,1,Maharashtra,GNTAH,GNTAH,HU,49.3533426,percentile,GNTAH | 15620 | 49.3533426 | Stage-I,162,Home University Seats Allotted to Home University Candidates,d2bfa1c79f102a783b1785abb72f4f6829d4ab84a48fdc1f8dc93e2da45e2097
7026366bbc3b-PG_MCA_CAP1_Cutoff_MH_2025_26__1_.pdf,6755,"JSPM Narhe Technical Campus, Pune.",0675524110,2025-26,1,Maharashtra,GNTBH,GNTBH,HU,85.3851665,percentile,GNTBH | 4666 | 85.3851665 | Stage-I,162,Home University Seats Allotted to Home University Candidates,acdc0e97afd32698334aee905bd73e6c47b3145b8d5bf68481ae35d7783140a4
7026366bbc3b-PG_MCA_CAP1_Cutoff_MH_2025_26__1_.pdf,6755,"JSPM Narhe Technical Campus, Pune.",0675524110,2025-26,1,Maharashtra,GNTCH,GNTCH,HU,87.2080299,percentile,GNTCH | 4360 | 87.2080299 | Stage-I,162,Home University Seats Allotted to Home University Candidates,f57679442e895ef02bdff64bd0c0cda1e91d6753a48dd38b2c07add10aeb82bd
7026366bbc3b-PG_MCA_CAP1_Cutoff_MH_2025_26__1_.pdf,6755,"JSPM Narhe Technical Campus, Pune.",0675524110,2025-26,1,Maharashtra,GNTDH,GNTDH,HU,73.5368477,percentile,GNTDH | 8866 | 73.5368477 | Stage-I,162,Home University Seats Allotted to Home University Candidates,aec19ef5470091efa461143c0117483776d7e8afc80017fe60c63ab14caa8398
7026366bbc3b-PG_MCA_CAP1_Cutoff_MH_2025_26__1_.pdf,6755,"JSPM Narhe Technical Campus, Pune.",0675524110,2025-26,1,Maharashtra,GOBCH,GOBCH,HU,87.3496474,percentile,GOBCH | 4081 | 87.3496474 | Stage-I,162,Home University Seats Allotted to Home University Candidates,61291d6dfc3b84afaf9a3618b62f1b42c68497e0ee92aeac4bc9d419072a0647
7026366bbc3b-PG_MCA_CAP1_Cutoff_MH_2025_26__1_.pdf,6755,"JSPM Narhe Technical Campus, Pune.",0675524110,2025-26,1,Maharashtra,GSEBCH,GSEBCH,HU,80.5399495,percentile,GSEBCH | 6431 | 80.5399495 | Stage-I,162,Home University Seats Allotted to Home University Candidates,2ef5a46bb750cb0ef9667d9162b6b4dff2a833c4d2268d2993dfb29340935b33
7026366bbc3b-PG_MCA_CAP1_Cutoff_MH_2025_26__1_.pdf,6755,"JSPM Narhe Technical Campus, Pune.",0675524110,2025-26,1,Maharashtra,GOPENO,GOPENO,HU,94.4270578,percentile,GOPENO | 1780 | 94.4270578 | Stage-I,162,Other Than Home University Seats Allotted to Other Than Home University Candidates,8514b1264a91d572313dded53305a230e4785f8d8b3111f87f508ce0148d93c3
7026366bbc3b-PG_MCA_CAP1_Cutoff_MH_2025_26__1_.pdf,6755,"JSPM Narhe Technical Campus, Pune.",0675524110,2025-26,1,Maharashtra,GSCO,GSCO,HU,92.1797821,percentile,GSCO | 2488 | 92.1797821 | Stage-I,162,Other Than Home University Seats Allotted to Other Than Home University Candidates,608222015e504f4ccb452a6fd7ceb280ff6be8ecbbdb0f0ce80ec109b8c5569e
7026366bbc3b-PG_MCA_CAP1_Cutoff_MH_2025_26__1_.pdf,6755,"JSPM Narhe Technical Campus, Pune.",0675524110,2025-26,1,Maharashtra,GNTBO,GNTBO,HU,85.2118788,percentile,GNTBO | 5051 | 85.2118788 | Stage-I,162,Other Than Home University Seats Allotted to Other Than Home University Candidates,ca4b20f2d9a3cadf3176f1734d1799caf1a21a6a433e852bb506bb1726bdbf91
7026366bbc3b-PG_MCA_CAP1_Cutoff_MH_2025_26__1_.pdf,6755,"JSPM Narhe Technical Campus, Pune.",0675524110,2025-26,1,Maharashtra,GOBCO,GOBCO,HU,92.3361383,percentile,GOBCO | 2231 | 92.3361383 | Stage-I,162,Other Than Home University Seats Allotted to Other Than Home University Candidates,66c50a67097bfb06df6eec94e35d5ef22b5394f68915718c3df11f76f8355bd0
7026366bbc3b-PG_MCA_CAP1_Cutoff_MH_2025_26__1_.pdf,6755,"JSPM Narhe Technical Campus, Pune.",0675524110,2025-26,1,Maharashtra,GSEBCO,GSEBCO,HU,90.9663786,percentile,GSEBCO | 2885 | 90.9663786 | Stage-I,162,Other Than Home University Seats Allotted to Other Than Home University Candidates,b1f2c554982e76e7eb8374a24c136f033ccf0c6c341d305a7e5a9cb0f4612d7f
7026366bbc3b-PG_MCA_CAP1_Cutoff_MH_2025_26__1_.pdf,6755,"JSPM Narhe Technical Campus, Pune.",0675524110,2025-26,1,Maharashtra,EWS,EWS,SL,82.9644433,percentile,EWS | 5285 | 82.9644433 | Stage-I,162,Other Than Home University Seats Allotted to Other Than Home University Candidates,8f988d89cc3ba0c39e943b00a051ede82217dcb756b53c6d94b77f2d006831f4
7026366bbc3b-PG_MCA_CAP1_Cutoff_MH_2025_26__1_.pdf,6755,"JSPM Narhe Technical Campus, Pune.",0675524110,2025-26,1,Maharashtra,TFWS,TFWS,SL,94.4270578,percentile,TFWS | 1811 | 94.4270578 | Stage-I,162,Other Than Home University Seats Allotted to Other Than Home University Candidates,93517be887efed97f244d0135781279abaa2870a1ce1b47e5a7edc6860922ead
7026366bbc3b-PG_MCA_CAP1_Cutoff_MH_2025_26__1_.pdf,6757,"Yashoda Technical Campus, Wadhe, Satara.",0675724110,2025-26,1,Maharashtra,GOPENH,GOPENH,HU,69.7143504,percentile,GOPENH | 10065 | 69.7143504 | Stage-I,163,Home University Seats Allotted to Home University Candidates,d07a6bfc56212f54e3fc1be383d7b29bc48f8a8df8484ffe9136262dd2b56a3d
7026366bbc3b-PG_MCA_CAP1_Cutoff_MH_2025_26__1_.pdf,6757,"Yashoda Technical Campus, Wadhe, Satara.",0675724110,2025-26,1,Maharashtra,GSCH,GSCH,HU,5.5960152,percentile,GSCH | 24730 | 5.5960152 | Stage-I,163,Home University Seats Allotted to Home University Candidates,cf197eb940f5a6660815a9b709d96eee15ff051013a3853419ea359c707dd4f8
7026366bbc3b-PG_MCA_CAP1_Cutoff_MH_2025_26__1_.pdf,6757,"Yashoda Technical Campus, Wadhe, Satara.",0675724110,2025-26,1,Maharashtra,GNTBH,GNTBH,HU,7.9446476,percentile,GNTBH | 24200 | 7.9446476 | Stage-I,163,Home University Seats Allotted to Home University Candidates,8ad409823f78d2f4b44cc73be7448a695ae88a8f45c6c20fa6bf0c87ecca7de3
7026366bbc3b-PG_MCA_CAP1_Cutoff_MH_2025_26__1_.pdf,6757,"Yashoda Technical Campus, Wadhe, Satara.",0675724110,2025-26,1,Maharashtra,GNTCH,GNTCH,HU,58.7911466,percentile,GNTCH | 13158 | 58.7911466 | Stage-I,163,Home University Seats Allotted to Home University Candidates,9fe8ab5ccb08f2d72dfa4d0b26c54fb59a1ba57d900adf0d47017788d80c58b2
7026366bbc3b-PG_MCA_CAP1_Cutoff_MH_2025_26__1_.pdf,6757,"Yashoda Technical Campus, Wadhe, Satara.",0675724110,2025-26,1,Maharashtra,GOBCH,GOBCH,HU,36.496736,percentile,GOBCH | 18770 | 36.496736 | Stage-I,163,Home University Seats Allotted to Home University Candidates,58444034e0bb5387a31ce30c57a092c73265827597b5223afc3fc55bf45c8619
7026366bbc3b-PG_MCA_CAP1_Cutoff_MH_2025_26__1_.pdf,6757,"Yashoda Technical Campus, Wadhe, Satara.",0675724110,2025-26,1,Maharashtra,GSEBCH,GSEBCH,HU,39.3989669,percentile,GSEBCH | 18103 | 39.3989669 | Stage-I,163,Home University Seats Allotted to Home University Candidates,58252da07aeea647b2bd529e6f8eda940ad0467adc9b9f766077bebed1060abe
7026366bbc3b-PG_MCA_CAP1_Cutoff_MH_2025_26__1_.pdf,6757,"Yashoda Technical Campus, Wadhe, Satara.",0675724110,2025-26,1,Maharashtra,GOPENO,GOPENO,HU,2.0301121,percentile,GOPENO | 25252 | 2.0301121 | Stage-I,163,Other Than Home University Seats Allotted to Other Than Home University Candidates,dea20726d51415360365c105fe1425c8ec2b9b0e1ec9347459cc69ecf46b3a20
7026366bbc3b-PG_MCA_CAP1_Cutoff_MH_2025_26__1_.pdf,6757,"Yashoda Technical Campus, Wadhe, Satara.",0675724110,2025-26,1,Maharashtra,GOPENO,GOPENO,HU,67.3579428,percentile,GOPENO | 10609 | 67.3579428 | Stage-I,163,Other Than Home University Seats Allotted to Home University Candidates,a70c3a8d7ebaeec66f24f445e84d94da4cd94c5f53000d3ec00ec6f6229856e6
7026366bbc3b-PG_MCA_CAP1_Cutoff_MH_2025_26__1_.pdf,6757,"Yashoda Technical Campus, Wadhe, Satara.",0675724110,2025-26,1,Maharashtra,GOBCO,GOBCO,HU,2.0301121,percentile,GOBCO | 25262 | 2.0301121 | Stage-I,163,Other Than Home University Seats Allotted to Home University Candidates,5584e97a1eecb5cef7628d88b01cfc66707d6e2d3978143f1a322c0851770b92
7026366bbc3b-PG_MCA_CAP1_Cutoff_MH_2025_26__1_.pdf,6757,"Yashoda Technical Campus, Wadhe, Satara.",0675724110,2025-26,1,Maharashtra,GSEBCO,GSEBCO,HU,31.6629561,percentile,GSEBCO | 19570 | 31.6629561 | Stage-I,163,Other Than Home University Seats Allotted to Home University Candidates,4471cc2e8db80c672350c65e7d6ddfdcd28e16eda8b307040da0e26c21a0e4fd
7026366bbc3b-PG_MCA_CAP1_Cutoff_MH_2025_26__1_.pdf,6757,"Yashoda Technical Campus, Wadhe, Satara.",0675724110,2025-26,1,Maharashtra,TFWS,TFWS,SL,49.3533426,percentile,TFWS | 15705 | 49.3533426 | Stage-I,163,Other Than Home University Seats Allotted to Home University Candidates,ebec341529ed76dec2f2f63c09eee52fcfe3fe2b98eb70122da81c0c241b7e24
7026366bbc3b-PG_MCA_CAP1_Cutoff_MH_2025_26__1_.pdf,6775,"Yashaswi Education Society's International Institute of Management Science, Chinchwad, Pune",0677524110,2025-26,1,Maharashtra,GOPENH,GOPENH,HU,76.9216256,percentile,GOPENH | 7431 | 76.9216256 | Stage-I,164,Home University Seats Allotted to Home University Candidates,14a3c3053df2108e5cea1cd9367888e98b3fc902dd0dbee924c36fdea6d4f84b
7026366bbc3b-PG_MCA_CAP1_Cutoff_MH_2025_26__1_.pdf,6775,"Yashaswi Education Society's International Institute of Management Science, Chinchwad, Pune",0677524110,2025-26,1,Maharashtra,GSCH,GSCH,HU,13.5402134,percentile,GSCH | 23374 | 13.5402134 | Stage-I,164,Home University Seats Allotted to Home University Candidates,b1b003cd2c167e92cc625bbaeb6792204517b897e455c61238282801a491abaf
7026366bbc3b-PG_MCA_CAP1_Cutoff_MH_2025_26__1_.pdf,6775,"Yashaswi Education Society's International Institute of Management Science, Chinchwad, Pune",0677524110,2025-26,1,Maharashtra,GNTAH,GNTAH,HU,56.5488095,percentile,GNTAH | 13681 | 56.5488095 | Stage-I,164,Home University Seats Allotted to Home University Candidates,d46202eacd672219459c4189dfe0eb5eadb078645f63a368cf6ca1f9a9790612
7026366bbc3b-PG_MCA_CAP1_Cutoff_MH_2025_26__1_.pdf,6775,"Yashaswi Education Society's International Institute of Management Science, Chinchwad, Pune",0677524110,2025-26,1,Maharashtra,GNTBH,GNTBH,HU,56.5488095,percentile,GNTBH | 13748 | 56.5488095 | Stage-I,164,Home University Seats Allotted to Home University Candidates,96256895a69fd8f22381757b15a2188a47a68cecb0a0cc84719e764c9c70103f
7026366bbc3b-PG_MCA_CAP1_Cutoff_MH_2025_26__1_.pdf,6775,"Yashaswi Education Society's International Institute of Management Science, Chinchwad, Pune",0677524110,2025-26,1,Maharashtra,GNTCH,GNTCH,HU,61.2807064,percentile,GNTCH | 12288 | 61.2807064 | Stage-I,164,Home University Seats Allotted to Home University Candidates,25ac949b2e81d8d2fdbcf151f38803c1c148f05208493142b36010c717448bbe
7026366bbc3b-PG_MCA_CAP1_Cutoff_MH_2025_26__1_.pdf,6775,"Yashaswi Education Society's International Institute of Management Science, Chinchwad, Pune",0677524110,2025-26,1,Maharashtra,GNTDH,GNTDH,HU,41.4550394,percentile,GNTDH | 17291 | 41.4550394 | Stage-I,164,Home University Seats Allotted to Home University Candidates,8275bc8feef98af492e7310859425e53c48c54634c72bf7d71d6cb9074dc8055
7026366bbc3b-PG_MCA_CAP1_Cutoff_MH_2025_26__1_.pdf,6775,"Yashaswi Education Society's International Institute of Management Science, Chinchwad, Pune",0677524110,2025-26,1,Maharashtra,GOBCH,GOBCH,HU,61.2807064,percentile,GOBCH | 12328 | 61.2807064 | Stage-I,164,Home University Seats Allotted to Home University Candidates,80e625247ec1df5ab28af7c5cb8bc0bc31fd1fa6a540a7f13e68c1d7f496ea2c
7026366bbc3b-PG_MCA_CAP1_Cutoff_MH_2025_26__1_.pdf,6775,"Yashaswi Education Society's International Institute of Management Science, Chinchwad, Pune",0677524110,2025-26,1,Maharashtra,GSEBCH,GSEBCH,HU,27.2744425,percentile,GSEBCH | 20563 | 27.2744425 | Stage-I,164,Home University Seats Allotted to Home University Candidates,f1acca3d8c42f72efbad0026361110a83a63a9b41e5e32c722f9492e0d2f79e9
7026366bbc3b-PG_MCA_CAP1_Cutoff_MH_2025_26__1_.pdf,6775,"Yashaswi Education Society's International Institute of Management Science, Chinchwad, Pune",0677524110,2025-26,1,Maharashtra,GNTAH,GNTAH,HU,65.8578922,percentile,GNTAH | 11285 | 65.8578922 | Stage-I,164,Home University Seats Allotted to Other Than Home University Candidates,03289f0556cfc08bb8a28e34749cf6a79c598c020eabd418a36cd7264ffcca0a
7026366bbc3b-PG_MCA_CAP1_Cutoff_MH_2025_26__1_.pdf,6775,"Yashaswi Education Society's International Institute of Management Science, Chinchwad, Pune",0677524110,2025-26,1,Maharashtra,GOPENO,GOPENO,HU,79.9969812,percentile,GOPENO | 6730 | 79.9969812 | Stage-I,164,Other Than Home University Seats Allotted to Other Than Home University Candidates,bb95ccc28c9713c0fe98ef0c560c6503784217022e100af892ae0965ae882413
7026366bbc3b-PG_MCA_CAP1_Cutoff_MH_2025_26__1_.pdf,6775,"Yashaswi Education Society's International Institute of Management Science, Chinchwad, Pune",0677524110,2025-26,1,Maharashtra,GSCO,GSCO,HU,69.7143504,percentile,GSCO | 9880 | 69.7143504 | Stage-I,164,Other Than Home University Seats Allotted to Other Than Home University Candidates,290fa72ec538ca32313c1ed22d29e6edadff787827e347d33c571b40439bdced
7026366bbc3b-PG_MCA_CAP1_Cutoff_MH_2025_26__1_.pdf,6775,"Yashaswi Education Society's International Institute of Management Science, Chinchwad, Pune",0677524110,2025-26,1,Maharashtra,GSTO,GSTO,HU,31.6629561,percentile,GSTO | 19625 | 31.6629561 | Stage-I,164,Other Than Home University Seats Allotted to Other Than Home University Candidates,a657c66d001465405bd3de6ff8b6e9e5e4e0b3b59fd6f2fe5e7589e68da4927b
7026366bbc3b-PG_MCA_CAP1_Cutoff_MH_2025_26__1_.pdf,6775,"Yashaswi Education Society's International Institute of Management Science, Chinchwad, Pune",0677524110,2025-26,1,Maharashtra,GNTAO,GNTAO,HU,71.1549338,percentile,GNTAO | 9288 | 71.1549338 | Stage-I,164,Other Than Home University Seats Allotted to Other Than Home University Candidates,7c2ca31d4af63a3848991bd73119e2cc7448f3841684d58f044a5bc9ae4744f2
7026366bbc3b-PG_MCA_CAP1_Cutoff_MH_2025_26__1_.pdf,6775,"Yashaswi Education Society's International Institute of Management Science, Chinchwad, Pune",0677524110,2025-26,1,Maharashtra,GNTBO,GNTBO,HU,58.7911466,percentile,GNTBO | 13209 | 58.7911466 | Stage-I,164,Other Than Home University Seats Allotted to Other Than Home University Candidates,08c4ef0ea4bc6e419e6f6857dc0d9714ef7b491fc8a799109468107ddce87366
7026366bbc3b-PG_MCA_CAP1_Cutoff_MH_2025_26__1_.pdf,6775,"Yashaswi Education Society's International Institute of Management Science, Chinchwad, Pune",0677524110,2025-26,1,Maharashtra,GNTCO,GNTCO,HU,77.8251197,percentile,GNTCO | 7213 | 77.8251197 | Stage-I,164,Other Than Home University Seats Allotted to Other Than Home University Candidates,5bd63cc8f84a2274a73e5df6fcef1b4470dbee2517f2a944c18662ccad67245d
7026366bbc3b-PG_MCA_CAP1_Cutoff_MH_2025_26__1_.pdf,6775,"Yashaswi Education Society's International Institute of Management Science, Chinchwad, Pune",0677524110,2025-26,1,Maharashtra,GOBCO,GOBCO,HU,76.9216256,percentile,GOBCO | 7554 | 76.9216256 | Stage-I,164,Other Than Home University Seats Allotted to Other Than Home University Candidates,05f68367ad8f50035049bed48b4f551a5a7a909a44bee145781c7bf0ecd812f8
7026366bbc3b-PG_MCA_CAP1_Cutoff_MH_2025_26__1_.pdf,6775,"Yashaswi Education Society's International Institute of Management Science, Chinchwad, Pune",0677524110,2025-26,1,Maharashtra,GSEBCO,GSEBCO,HU,77.8251197,percentile,GSEBCO | 7401 | 77.8251197 | Stage-I,164,Other Than Home University Seats Allotted to Other Than Home University Candidates,9193ef43f9f9f1f95b9262ae68939faca85c4a9ec900478a63e662e2132852bc
7026366bbc3b-PG_MCA_CAP1_Cutoff_MH_2025_26__1_.pdf,6775,"Yashaswi Education Society's International Institute of Management Science, Chinchwad, Pune",0677524110,2025-26,1,Maharashtra,GNTDO,GNTDO,HU,5.9311489,percentile,GNTDO | 24579 | 5.9311489 | Stage-I,164,Other Than Home University Seats Allotted to Home University Candidates,b022cc44cafe3e0b20dbc0f73c1ae21faf179d11248e7860d2e5bfa2d3877b22
7026366bbc3b-PG_MCA_CAP1_Cutoff_MH_2025_26__1_.pdf,6775,"Yashaswi Education Society's International Institute of Management Science, Chinchwad, Pune",0677524110,2025-26,1,Maharashtra,EWS,EWS,SL,16.9789978,percentile,EWS | 22570 | 16.9789978 | Stage-I,164,Other Than Home University Seats Allotted to Home University Candidates,6b01e66609d59bafa1d1a6604d814b8eec131bc9821315962c8b2f398e2aad6f
7026366bbc3b-PG_MCA_CAP1_Cutoff_MH_2025_26__1_.pdf,6775,"Yashaswi Education Society's International Institute of Management Science, Chinchwad, Pune",0677524110,2025-26,1,Maharashtra,TFWS,TFWS,SL,90.7733494,percentile,TFWS | 3047 | 90.7733494 | Stage-I,164,Other Than Home University Seats Allotted to Home University Candidates,0719c84e0299e52b4d5b911719b3d4be4248e5835125ec6bb353e51d5c30213d
7026366bbc3b-PG_MCA_CAP1_Cutoff_MH_2025_26__1_.pdf,6794,"Anantrao Pawar College of Engineering & Research, Pune",0679424110,2025-26,1,Maharashtra,GOPENH,GOPENH,HU,73.5368477,percentile,GOPENH | 8490 | 73.5368477 | Stage-I,165,Home University Seats Allotted to Home University Candidates,377c805404ee749ea6fcb9ba0fb0136a98c8bcc11d5604d53f221340bb0f7dbf
7026366bbc3b-PG_MCA_CAP1_Cutoff_MH_2025_26__1_.pdf,6794,"Anantrao Pawar College of Engineering & Research, Pune",0679424110,2025-26,1,Maharashtra,GSCH,GSCH,HU,27.2744425,percentile,GSCH | 20716 | 27.2744425 | Stage-I,165,Home University Seats Allotted to Home University Candidates,95db8b57c047ce3d07f3e4ed88b334af88827d8d20d33185fabc7b4a6b485d53
7026366bbc3b-PG_MCA_CAP1_Cutoff_MH_2025_26__1_.pdf,6794,"Anantrao Pawar College of Engineering & Research, Pune",0679424110,2025-26,1,Maharashtra,GNTBH,GNTBH,HU,69.7143504,percentile,GNTBH | 9651 | 69.7143504 | Stage-I,165,Home University Seats Allotted to Home University Candidates,7eabfad597f741d925a74c93cc862cca525bf96e3d560ec43b6aced504587ec2
7026366bbc3b-PG_MCA_CAP1_Cutoff_MH_2025_26__1_.pdf,6794,"Anantrao Pawar College of Engineering & Research, Pune",0679424110,2025-26,1,Maharashtra,GNTCH,GNTCH,HU,34.5198145,percentile,GNTCH | 19271 | 34.5198145 | Stage-I,165,Home University Seats Allotted to Home University Candidates,87518804b85ce752ba60a5795c92142db4a3e57fdc453eb6f74494539bab8bf3
7026366bbc3b-PG_MCA_CAP1_Cutoff_MH_2025_26__1_.pdf,6794,"Anantrao Pawar College of Engineering & Research, Pune",0679424110,2025-26,1,Maharashtra,GNTDH,GNTDH,HU,29.9046039,percentile,GNTDH | 20318 | 29.9046039 | Stage-I,165,Home University Seats Allotted to Home University Candidates,a4b28a42e80c567a8abf9a6a364bf7ad45103d69bab2ccccbb2158874c59009f
7026366bbc3b-PG_MCA_CAP1_Cutoff_MH_2025_26__1_.pdf,6794,"Anantrao Pawar College of Engineering & Research, Pune",0679424110,2025-26,1,Maharashtra,GOBCH,GOBCH,HU,61.2807064,percentile,GOBCH | 12412 | 61.2807064 | Stage-I,165,Home University Seats Allotted to Home University Candidates,80f9f17470757dd2eff4dbb9cf190de55a8cd41dfe40ca00489b6f0fa2af9bce
7026366bbc3b-PG_MCA_CAP1_Cutoff_MH_2025_26__1_.pdf,6794,"Anantrao Pawar College of Engineering & Research, Pune",0679424110,2025-26,1,Maharashtra,GSEBCH,GSEBCH,HU,21.0059952,percentile,GSEBCH | 21992 | 21.0059952 | Stage-I,165,Home University Seats Allotted to Home University Candidates,c24986aa7d1291602fd3e7f751c29e490f1de0c98009be3c59904fabc1246d9b
7026366bbc3b-PG_MCA_CAP1_Cutoff_MH_2025_26__1_.pdf,6794,"Anantrao Pawar College of Engineering & Research, Pune",0679424110,2025-26,1,Maharashtra,GNTAH,GNTAH,HU,31.6629561,percentile,GNTAH | 19833 | 31.6629561 | Stage-I,165,Home University Seats Allotted to Other Than Home University Candidates,2f112d18d6934f3f3d95224d998132bea146ae6a4d8c7c38de7b69b510bbfd71
7026366bbc3b-PG_MCA_CAP1_Cutoff_MH_2025_26__1_.pdf,6794,"Anantrao Pawar College of Engineering & Research, Pune",0679424110,2025-26,1,Maharashtra,GSEBCH,GSEBCH,HU,65.8578922,percentile,GSEBCH | 11156 | 65.8578922 | Stage-I,165,Home University Seats Allotted to Other Than Home University Candidates,a53aafda81ee4f8d47f9f2dc49023ff3ce4b57b5426c1329f61a64cd602bc273
7026366bbc3b-PG_MCA_CAP1_Cutoff_MH_2025_26__1_.pdf,6794,"Anantrao Pawar College of Engineering & Research, Pune",0679424110,2025-26,1,Maharashtra,GOPENO,GOPENO,HU,82.8308366,percentile,GOPENO | 5793 | 82.8308366 | Stage-I,165,Other Than Home University Seats Allotted to Other Than Home University Candidates,357f22e40853b3d646aee167ec2670e28f34d208a6edc11cd535ba262c9ef1bd
7026366bbc3b-PG_MCA_CAP1_Cutoff_MH_2025_26__1_.pdf,6794,"Anantrao Pawar College of Engineering & Research, Pune",0679424110,2025-26,1,Maharashtra,GSCO,GSCO,HU,63.1574978,percentile,GSCO | 11900 | 63.1574978 | Stage-I,165,Other Than Home University Seats Allotted to Other Than Home University Candidates,b7471891b0da3b0677e0a7b4eaecaf267f31fb1e9e3e29b33770a42455162e29
7026366bbc3b-PG_MCA_CAP1_Cutoff_MH_2025_26__1_.pdf,6794,"Anantrao Pawar College of Engineering & Research, Pune",0679424110,2025-26,1,Maharashtra,GNTAO,GNTAO,HU,56.5488095,percentile,GNTAO | 13916 | 56.5488095 | Stage-I,165,Other Than Home University Seats Allotted to Other Than Home University Candidates,3f40f9b3d5a5c13f82b01fb89ffade192249329d3042f300b21db2923438282c
7026366bbc3b-PG_MCA_CAP1_Cutoff_MH_2025_26__1_.pdf,6794,"Anantrao Pawar College of Engineering & Research, Pune",0679424110,2025-26,1,Maharashtra,GNTBO,GNTBO,HU,67.3579428,percentile,GNTBO | 10327 | 67.3579428 | Stage-I,165,Other Than Home University Seats Allotted to Other Than Home University Candidates,4cae226866fe6b7314f8ae7ffbb42ce9a72553ab953f41529fc8065c8ec69fe9
7026366bbc3b-PG_MCA_CAP1_Cutoff_MH_2025_26__1_.pdf,6794,"Anantrao Pawar College of Engineering & Research, Pune",0679424110,2025-26,1,Maharashtra,GNTCO,GNTCO,HU,65.8578922,percentile,GNTCO | 10846 | 65.8578922 | Stage-I,165,Other Than Home University Seats Allotted to Other Than Home University Candidates,5c028b32f4fbcc4e09f9476abaa89a53ebfd16730f62754d7360f19783a10637
7026366bbc3b-PG_MCA_CAP1_Cutoff_MH_2025_26__1_.pdf,6794,"Anantrao Pawar College of Engineering & Research, Pune",0679424110,2025-26,1,Maharashtra,GOBCO,GOBCO,HU,74.782248,percentile,GOBCO | 8188 | 74.782248 | Stage-I,165,Other Than Home University Seats Allotted to Other Than Home University Candidates,041543e36f41c352d6eaeb325e2c7a7c84b975284bd9ab88b2d5f21fbcc937ad
7026366bbc3b-PG_MCA_CAP1_Cutoff_MH_2025_26__1_.pdf,6794,"Anantrao Pawar College of Engineering & Research, Pune",0679424110,2025-26,1,Maharashtra,GSEBCO,GSEBCO,HU,69.7143504,percentile,GSEBCO | 9645 | 69.7143504 | Stage-I,165,Other Than Home University Seats Allotted to Other Than Home University Candidates,347e5e1f0abb52404701d64393d7cc1356d2a600a909aba72e138fc6b8469733
7026366bbc3b-PG_MCA_CAP1_Cutoff_MH_2025_26__1_.pdf,6794,"Anantrao Pawar College of Engineering & Research, Pune",0679424110,2025-26,1,Maharashtra,EWS,EWS,SL,27.2744425,percentile,EWS | 20736 | 27.2744425 | Stage-I,165,Other Than Home University Seats Allotted to Other Than Home University Candidates,db31890a56a0f6dc1913eff9d672a7f67b9b09ee1b99051034c99db95f2bba21
7026366bbc3b-PG_MCA_CAP1_Cutoff_MH_2025_26__1_.pdf,6794,"Anantrao Pawar College of Engineering & Research, Pune",0679424110,2025-26,1,Maharashtra,TFWS,TFWS,SL,89.1966341,percentile,TFWS | 3298 | 89.1966341 | Stage-I,165,Other Than Home University Seats Allotted to Other Than Home University Candidates,5df632d9cbc98d833cb758bb56682e882e7734eff56b964c895ebb3ca6f6e221
7026366bbc3b-PG_MCA_CAP1_Cutoff_MH_2025_26__1_.pdf,6803,"Sant Gajanan Maharaj College of Engineering, Gadhinglaj",0680324110,2025-26,1,Maharashtra,GOPENH,GOPENH,HU,76.9216256,percentile,GOPENH | 7794 | 76.9216256 | Stage-I,166,Home University Seats Allotted to Home University Candidates,cf9763ef8130ddda7bdc4e57d20cc120547baae512c6eaea932788daada4b575
7026366bbc3b-PG_MCA_CAP1_Cutoff_MH_2025_26__1_.pdf,6803,"Sant Gajanan Maharaj College of Engineering, Gadhinglaj",0680324110,2025-26,1,Maharashtra,GSCH,GSCH,HU,27.2744425,percentile,GSCH | 20610 | 27.2744425 | Stage-I,166,Home University Seats Allotted to Home University Candidates,64b068dadfb29b7d8701a5d59c10475f6229b12e36da3eb11566e1596e62565b
7026366bbc3b-PG_MCA_CAP1_Cutoff_MH_2025_26__1_.pdf,6803,"Sant Gajanan Maharaj College of Engineering, Gadhinglaj",0680324110,2025-26,1,Maharashtra,GNTAH,GNTAH,HU,23.1010151,percentile,GNTAH | 21393 | 23.1010151 | Stage-I,166,Home University Seats Allotted to Home University Candidates,5a94fda0709722d3e818040e97e8b38d7810b55bcf895fd6c27332dd2261bc26
7026366bbc3b-PG_MCA_CAP1_Cutoff_MH_2025_26__1_.pdf,6803,"Sant Gajanan Maharaj College of Engineering, Gadhinglaj",0680324110,2025-26,1,Maharashtra,GOBCH,GOBCH,HU,16.9789978,percentile,GOBCH | 22676 | 16.9789978 | Stage-I,166,Home University Seats Allotted to Home University Candidates,e368fb62ccffbd4c6322482525831ec66b32aecca9a4b5ce6d421f407a755749
7026366bbc3b-PG_MCA_CAP1_Cutoff_MH_2025_26__1_.pdf,6803,"Sant Gajanan Maharaj College of Engineering, Gadhinglaj",0680324110,2025-26,1,Maharashtra,GSEBCH,GSEBCH,HU,53.942159,percentile,GSEBCH | 14334 | 53.942159 | Stage-I,166,Home University Seats Allotted to Home University Candidates,c2dff729bde6f751dc425ef41d35d85dd266ea80ec75506eb4cb2bb852317776
7026366bbc3b-PG_MCA_CAP1_Cutoff_MH_2025_26__1_.pdf,6803,"Sant Gajanan Maharaj College of Engineering, Gadhinglaj",0680324110,2025-26,1,Maharashtra,GOPENO,GOPENO,HU,2.0301121,percentile,GOPENO | 25271 | 2.0301121 | Stage-I,166,Other Than Home University Seats Allotted to Other Than Home University Candidates,fcdc80312990a933cb698e7e32e3c76d27611e7f67d6f4beb382d45cc75c18f1
7026366bbc3b-PG_MCA_CAP1_Cutoff_MH_2025_26__1_.pdf,6803,"Sant Gajanan Maharaj College of Engineering, Gadhinglaj",0680324110,2025-26,1,Maharashtra,GOPENO,GOPENO,HU,73.5368477,percentile,GOPENO | 8880 | 73.5368477 | Stage-I,166,Other Than Home University Seats Allotted to Home University Candidates,74de61516aba58390884040ba0a5ac34a1324add8b57f7519324718499b37905
7026366bbc3b-PG_MCA_CAP1_Cutoff_MH_2025_26__1_.pdf,6803,"Sant Gajanan Maharaj College of Engineering, Gadhinglaj",0680324110,2025-26,1,Maharashtra,GSCO,GSCO,HU,16.9789978,percentile,GSCO | 22684 | 16.9789978 | Stage-I,166,Other Than Home University Seats Allotted to Home University Candidates,d25d48dcc0e309f19e368630bbd645ce91cd6dff874696a0266ae05437e465bb
7026366bbc3b-PG_MCA_CAP1_Cutoff_MH_2025_26__1_.pdf,6803,"Sant Gajanan Maharaj College of Engineering, Gadhinglaj",0680324110,2025-26,1,Maharashtra,GSEBCO,GSEBCO,HU,51.4093808,percentile,GSEBCO | 14991 | 51.4093808 | Stage-I,166,Other Than Home University Seats Allotted to Home University Candidates,2448fd40a8ceddaf066167d999ad8c7b2b6db7603a62c67a03689223ce5da278
7026366bbc3b-PG_MCA_CAP1_Cutoff_MH_2025_26__1_.pdf,6803,"Sant Gajanan Maharaj College of Engineering, Gadhinglaj",0680324110,2025-26,1,Maharashtra,EWS,EWS,SL,13.5402134,percentile,EWS | 23205 | 13.5402134 | Stage-I,166,Other Than Home University Seats Allotted to Home University Candidates,8b8f3dfc964133d8f8570e47b4af3171fa416e65d94166854ad021d5ea40a4e0
7026366bbc3b-PG_MCA_CAP1_Cutoff_MH_2025_26__1_.pdf,6803,"Sant Gajanan Maharaj College of Engineering, Gadhinglaj",0680324110,2025-26,1,Maharashtra,TFWS,TFWS,SL,67.3579428,percentile,TFWS | 10648 | 67.3579428 | Stage-I,166,Other Than Home University Seats Allotted to Home University Candidates,2a4b53d0a580c1f564bde05d88ae40a498cdddf4f918dc6db9e9d7759ba37e31
7026366bbc3b-PG_MCA_CAP1_Cutoff_MH_2025_26__1_.pdf,6812,"Progressive Education Society's Modern Institute of Business Studies, Nigdi, Pune",0681224110,2025-26,1,Maharashtra,GOPENH,GOPENH,HU,92.1797821,percentile,GOPENH | 2632 | 92.1797821 | Stage-I,167,Home University Seats Allotted to Home University Candidates,fc7efdba0bf732898c681152ada81bc453f9677fe536b25496afa8cddcf6b8d1
7026366bbc3b-PG_MCA_CAP1_Cutoff_MH_2025_26__1_.pdf,6812,"Progressive Education Society's Modern Institute of Business Studies, Nigdi, Pune",0681224110,2025-26,1,Maharashtra,GSCH,GSCH,HU,73.5368477,percentile,GSCH | 8652 | 73.5368477 | Stage-I,167,Home University Seats Allotted to Home University Candidates,744da9d3521bf711abff7ab50a59a991dd78635a98589f62a68636fcb0a1c25d
7026366bbc3b-PG_MCA_CAP1_Cutoff_MH_2025_26__1_.pdf,6812,"Progressive Education Society's Modern Institute of Business Studies, Nigdi, Pune",0681224110,2025-26,1,Maharashtra,GSTH,GSTH,HU,65.8578922,percentile,GSTH | 10895 | 65.8578922 | Stage-I,167,Home University Seats Allotted to Home University Candidates,c13ddd4424dc8f4b9a39d0baadad2829fe2bf1e11abe4d18b03dbecffa981a57
7026366bbc3b-PG_MCA_CAP1_Cutoff_MH_2025_26__1_.pdf,6812,"Progressive Education Society's Modern Institute of Business Studies, Nigdi, Pune",0681224110,2025-26,1,Maharashtra,GNTAH,GNTAH,HU,82.8308366,percentile,GNTAH | 5906 | 82.8308366 | Stage-I,167,Home University Seats Allotted to Home University Candidates,c62b7f95955e15918a371890a118e10be88f38acd17c5e1dec2b2f775e599c2e
7026366bbc3b-PG_MCA_CAP1_Cutoff_MH_2025_26__1_.pdf,6812,"Progressive Education Society's Modern Institute of Business Studies, Nigdi, Pune",0681224110,2025-26,1,Maharashtra,GNTBH,GNTBH,HU,77.8251197,percentile,GNTBH | 7362 | 77.8251197 | Stage-I,167,Home University Seats Allotted to Home University Candidates,c19976bbf9c5e5a2716b9f982967dad33aa43352335917dbb90b54035710574e
7026366bbc3b-PG_MCA_CAP1_Cutoff_MH_2025_26__1_.pdf,6812,"Progressive Education Society's Modern Institute of Business Studies, Nigdi, Pune",0681224110,2025-26,1,Maharashtra,GNTCH,GNTCH,HU,89.1331398,percentile,GNTCH | 3667 | 89.1331398 | Stage-I,167,Home University Seats Allotted to Home University Candidates,52bdef7d1266b3ea9bc6c44c9bb52d9b3e44fc4226c68966d3221d6d28987e7c
7026366bbc3b-PG_MCA_CAP1_Cutoff_MH_2025_26__1_.pdf,6812,"Progressive Education Society's Modern Institute of Business Studies, Nigdi, Pune",0681224110,2025-26,1,Maharashtra,GNTDH,GNTDH,HU,77.8251197,percentile,GNTDH | 7076 | 77.8251197 | Stage-I,167,Home University Seats Allotted to Home University Candidates,fe95bca27565e51f703adad80c14b92d7aae56497ea99bf14b07b7cba11359fe
7026366bbc3b-PG_MCA_CAP1_Cutoff_MH_2025_26__1_.pdf,6812,"Progressive Education Society's Modern Institute of Business Studies, Nigdi, Pune",0681224110,2025-26,1,Maharashtra,GOBCH,GOBCH,HU,89.1966341,percentile,GOBCH | 3453 | 89.1966341 | Stage-I,167,Home University Seats Allotted to Home University Candidates,e6313d7b07a0e635989eb78b80cd8321980a992f1fc4739c6c8a38b27690fe26
7026366bbc3b-PG_MCA_CAP1_Cutoff_MH_2025_26__1_.pdf,6812,"Progressive Education Society's Modern Institute of Business Studies, Nigdi, Pune",0681224110,2025-26,1,Maharashtra,GSEBCH,GSEBCH,HU,82.8308366,percentile,GSEBCH | 6002 | 82.8308366 | Stage-I,167,Home University Seats Allotted to Home University Candidates,0dceb7164255dc08e1ecc268643c53c70fe2945b0ff20004fa8bb5f088bb85e8
7026366bbc3b-PG_MCA_CAP1_Cutoff_MH_2025_26__1_.pdf,6812,"Progressive Education Society's Modern Institute of Business Studies, Nigdi, Pune",0681224110,2025-26,1,Maharashtra,GOPENO,GOPENO,HU,95.2942951,percentile,GOPENO | 1464 | 95.2942951 | Stage-I,167,Other Than Home University Seats Allotted to Other Than Home University Candidates,e0443d2e868b0e5043b5653f3ec894abb4504752477cc5d852fcbe55465a5dec
7026366bbc3b-PG_MCA_CAP1_Cutoff_MH_2025_26__1_.pdf,6812,"Progressive Education Society's Modern Institute of Business Studies, Nigdi, Pune",0681224110,2025-26,1,Maharashtra,GSCO,GSCO,HU,92.1797821,percentile,GSCO | 2646 | 92.1797821 | Stage-I,167,Other Than Home University Seats Allotted to Other Than Home University Candidates,1e3e3d473fd093780536d7abdc486a93f08eb9fb52b0eb4bc068db8b4fde7028
7026366bbc3b-PG_MCA_CAP1_Cutoff_MH_2025_26__1_.pdf,6812,"Progressive Education Society's Modern Institute of Business Studies, Nigdi, Pune",0681224110,2025-26,1,Maharashtra,GNTCO,GNTCO,HU,90.7733494,percentile,GNTCO | 3163 | 90.7733494 | Stage-I,167,Other Than Home University Seats Allotted to Other Than Home University Candidates,c4db9b235c988b08ac5c5ac7a92b9fd97cd8c2398b18f0ae54fe813c03ac0d7b
7026366bbc3b-PG_MCA_CAP1_Cutoff_MH_2025_26__1_.pdf,6812,"Progressive Education Society's Modern Institute of Business Studies, Nigdi, Pune",0681224110,2025-26,1,Maharashtra,GOBCO,GOBCO,HU,93.5511867,percentile,GOBCO | 1854 | 93.5511867 | Stage-I,167,Other Than Home University Seats Allotted to Other Than Home University Candidates,fcc495fc03ebc707b64bafe49aba8b8149d8b0dac08ae5f8af4982a7c79a3dac
7026366bbc3b-PG_MCA_CAP1_Cutoff_MH_2025_26__1_.pdf,6812,"Progressive Education Society's Modern Institute of Business Studies, Nigdi, Pune",0681224110,2025-26,1,Maharashtra,GSEBCO,GSEBCO,HU,93.405226,percentile,GSEBCO | 2012 | 93.405226 | Stage-I,167,Other Than Home University Seats Allotted to Other Than Home University Candidates,7c2b2c2bb539bf5af9372ebf56003e26b693fca6002e1d94f9246ad17d64dfee
7026366bbc3b-PG_MCA_CAP1_Cutoff_MH_2025_26__1_.pdf,6812,"Progressive Education Society's Modern Institute of Business Studies, Nigdi, Pune",0681224110,2025-26,1,Maharashtra,EWS,EWS,SL,85.3851665,percentile,EWS | 4532 | 85.3851665 | Stage-I,167,Other Than Home University Seats Allotted to Other Than Home University Candidates,eec598089421a8dd6fdedbf012d2d0893c4d91b4ce132719e03d5b95b8e18ae5
7026366bbc3b-PG_MCA_CAP1_Cutoff_MH_2025_26__1_.pdf,6812,"Progressive Education Society's Modern Institute of Business Studies, Nigdi, Pune",0681224110,2025-26,1,Maharashtra,TFWS,TFWS,SL,96.1125146,percentile,TFWS | 1126 | 96.1125146 | Stage-I,167,Other Than Home University Seats Allotted to Other Than Home University Candidates,5e29131a0a017b0d260033cd8dd89ecd029e37b5f571d61597cbfe5a685a8e8f
7026366bbc3b-PG_MCA_CAP1_Cutoff_MH_2025_26__1_.pdf,6836,"Dr.D.Y.Patil Institute Of Management & Entrepreneur Development,Talegaon",0683624110,2025-26,1,Maharashtra,GOPENH,GOPENH,HU,77.8251197,percentile,GOPENH | 7217 | 77.8251197 | Stage-I,168,Home University Seats Allotted to Home University Candidates,d3cfb5e07f045434c677cd264ffc3b3d9785613ce8c772150f1168f7339216a2
7026366bbc3b-PG_MCA_CAP1_Cutoff_MH_2025_26__1_.pdf,6836,"Dr.D.Y.Patil Institute Of Management & Entrepreneur Development,Talegaon",0683624110,2025-26,1,Maharashtra,GSCH,GSCH,HU,36.496736,percentile,GSCH | 18782 | 36.496736 | Stage-I,168,Home University Seats Allotted to Home University Candidates,fc93afb10ff7b87beec54027dba3c647477375790668e83aba5a7b9e587445ed
7026366bbc3b-PG_MCA_CAP1_Cutoff_MH_2025_26__1_.pdf,6836,"Dr.D.Y.Patil Institute Of Management & Entrepreneur Development,Talegaon",0683624110,2025-26,1,Maharashtra,GSTH,GSTH,HU,36.496736,percentile,GSTH | 18529 | 36.496736 | Stage-I,168,Home University Seats Allotted to Home University Candidates,25dcf65f78870fb88655b69eaacfb046fde2a3fbc5fdf82e7a28cdc058430166
7026366bbc3b-PG_MCA_CAP1_Cutoff_MH_2025_26__1_.pdf,6836,"Dr.D.Y.Patil Institute Of Management & Entrepreneur Development,Talegaon",0683624110,2025-26,1,Maharashtra,GNTBH,GNTBH,HU,29.9046039,percentile,GNTBH | 19920 | 29.9046039 | Stage-I,168,Home University Seats Allotted to Home University Candidates,1dfcacf3516af541f26cbf762b860ab0aa6575fcc4bed64668db201e244d5793
7026366bbc3b-PG_MCA_CAP1_Cutoff_MH_2025_26__1_.pdf,6836,"Dr.D.Y.Patil Institute Of Management & Entrepreneur Development,Talegaon",0683624110,2025-26,1,Maharashtra,GNTCH,GNTCH,HU,53.942159,percentile,GNTCH | 14448 | 53.942159 | Stage-I,168,Home University Seats Allotted to Home University Candidates,c3c84e70fc4a9efadb96b4f47302f3af5737d36451a9b5b6767ecec689236a6e
7026366bbc3b-PG_MCA_CAP1_Cutoff_MH_2025_26__1_.pdf,6836,"Dr.D.Y.Patil Institute Of Management & Entrepreneur Development,Talegaon",0683624110,2025-26,1,Maharashtra,GNTDH,GNTDH,HU,23.1010151,percentile,GNTDH | 21397 | 23.1010151 | Stage-I,168,Home University Seats Allotted to Home University Candidates,354999a103760173a258fd6ed3b3e074c519ce0bc6140512396039a2a33628fd
7026366bbc3b-PG_MCA_CAP1_Cutoff_MH_2025_26__1_.pdf,6836,"Dr.D.Y.Patil Institute Of Management & Entrepreneur Development,Talegaon",0683624110,2025-26,1,Maharashtra,GOBCH,GOBCH,HU,67.3579428,percentile,GOBCH | 10374 | 67.3579428 | Stage-I,168,Home University Seats Allotted to Home University Candidates,3494ae149131ca9e6213bc676fc53ae45a35608c62e6bb1d63c6bf8a26aaa8e8
7026366bbc3b-PG_MCA_CAP1_Cutoff_MH_2025_26__1_.pdf,6836,"Dr.D.Y.Patil Institute Of Management & Entrepreneur Development,Talegaon",0683624110,2025-26,1,Maharashtra,GSEBCH,GSEBCH,HU,51.4093808,percentile,GSEBCH | 14845 | 51.4093808 | Stage-I,168,Home University Seats Allotted to Home University Candidates,8f759fa66a2d0458907e3ab8fa57411cd761477ff61085279befc51d0507309c
7026366bbc3b-PG_MCA_CAP1_Cutoff_MH_2025_26__1_.pdf,6836,"Dr.D.Y.Patil Institute Of Management & Entrepreneur Development,Talegaon",0683624110,2025-26,1,Maharashtra,GNTAH,GNTAH,HU,61.2807064,percentile,GNTAH | 12208 | 61.2807064 | Stage-I,168,Home University Seats Allotted to Other Than Home University Candidates,be751e237ea4a242df7a0b09cd36206bb9617d8ed14d795240b7f6b9a37183e8
7026366bbc3b-PG_MCA_CAP1_Cutoff_MH_2025_26__1_.pdf,6836,"Dr.D.Y.Patil Institute Of Management & Entrepreneur Development,Talegaon",0683624110,2025-26,1,Maharashtra,GOPENO,GOPENO,HU,85.3851665,percentile,GOPENO | 4765 | 85.3851665 | Stage-I,168,Other Than Home University Seats Allotted to Other Than Home University Candidates,3a6814e146df721c3ffdb1235bd0d353228c8d9e286650022d2ef937680fdea2
7026366bbc3b-PG_MCA_CAP1_Cutoff_MH_2025_26__1_.pdf,6836,"Dr.D.Y.Patil Institute Of Management & Entrepreneur Development,Talegaon",0683624110,2025-26,1,Maharashtra,GSCO,GSCO,HU,79.9969812,percentile,GSCO | 6934 | 79.9969812 | Stage-I,168,Other Than Home University Seats Allotted to Other Than Home University Candidates,274feabcfb9e8849cf31182566047cb71ebdddf5d866d66166180234c23283e7
7026366bbc3b-PG_MCA_CAP1_Cutoff_MH_2025_26__1_.pdf,6836,"Dr.D.Y.Patil Institute Of Management & Entrepreneur Development,Talegaon",0683624110,2025-26,1,Maharashtra,GSTO,GSTO,HU,58.7911466,percentile,GSTO | 12885 | 58.7911466 | Stage-I,168,Other Than Home University Seats Allotted to Other Than Home University Candidates,f0a4095bfb0e901da8fdb74a57bf86acd6e29781532dc023e7bc77b65ebca864
7026366bbc3b-PG_MCA_CAP1_Cutoff_MH_2025_26__1_.pdf,6836,"Dr.D.Y.Patil Institute Of Management & Entrepreneur Development,Talegaon",0683624110,2025-26,1,Maharashtra,GNTAO,GNTAO,HU,73.5368477,percentile,GNTAO | 8926 | 73.5368477 | Stage-I,168,Other Than Home University Seats Allotted to Other Than Home University Candidates,07acfab590d57d8b1962b060b2f4c876eaa386df968aae004bf88c2f1dc96890
7026366bbc3b-PG_MCA_CAP1_Cutoff_MH_2025_26__1_.pdf,6836,"Dr.D.Y.Patil Institute Of Management & Entrepreneur Development,Talegaon",0683624110,2025-26,1,Maharashtra,GNTCO,GNTCO,HU,85.2118788,percentile,GNTCO | 4859 | 85.2118788 | Stage-I,168,Other Than Home University Seats Allotted to Other Than Home University Candidates,c44c8c5a250fb93c5580411df366926ad9adb0017d8ee3d54f0ed7ce29b283d5
7026366bbc3b-PG_MCA_CAP1_Cutoff_MH_2025_26__1_.pdf,6836,"Dr.D.Y.Patil Institute Of Management & Entrepreneur Development,Talegaon",0683624110,2025-26,1,Maharashtra,GNTDO,GNTDO,HU,80.5399495,percentile,GNTDO | 6124 | 80.5399495 | Stage-I,168,Other Than Home University Seats Allotted to Other Than Home University Candidates,2bac85065c8505870cd5265dfc4364afe167f33c67b236f5c968d910ebb0ca56
7026366bbc3b-PG_MCA_CAP1_Cutoff_MH_2025_26__1_.pdf,6836,"Dr.D.Y.Patil Institute Of Management & Entrepreneur Development,Talegaon",0683624110,2025-26,1,Maharashtra,GOBCO,GOBCO,HU,82.8308366,percentile,GOBCO | 5860 | 82.8308366 | Stage-I,168,Other Than Home University Seats Allotted to Other Than Home University Candidates,8d6d34de57ae0bf236ea566bc0274a3bbb90ea8a82acc4b59f539d8f247fde47
7026366bbc3b-PG_MCA_CAP1_Cutoff_MH_2025_26__1_.pdf,6836,"Dr.D.Y.Patil Institute Of Management & Entrepreneur Development,Talegaon",0683624110,2025-26,1,Maharashtra,GSEBCO,GSEBCO,HU,82.8308366,percentile,GSEBCO | 6070 | 82.8308366 | Stage-I,168,Other Than Home University Seats Allotted to Other Than Home University Candidates,e59cb7fa1a7ffe53114d826b2ea16bfb098ad84eb9b3ed8e47e13a8310e3651c
7026366bbc3b-PG_MCA_CAP1_Cutoff_MH_2025_26__1_.pdf,6836,"Dr.D.Y.Patil Institute Of Management & Entrepreneur Development,Talegaon",0683624110,2025-26,1,Maharashtra,EWS,EWS,SL,16.9789978,percentile,EWS | 22522 | 16.9789978 | Stage-I,168,Other Than Home University Seats Allotted to Other Than Home University Candidates,70c21b1ee78278fe1dd527e35dad3af14584cbbfcdfc4044c78a55d4e731736b
7026366bbc3b-PG_MCA_CAP1_Cutoff_MH_2025_26__1_.pdf,6836,"Dr.D.Y.Patil Institute Of Management & Entrepreneur Development,Talegaon",0683624110,2025-26,1,Maharashtra,TFWS,TFWS,SL,92.1797821,percentile,TFWS | 2438 | 92.1797821 | Stage-I,168,Other Than Home University Seats Allotted to Other Than Home University Candidates,822451c7ae67663b2b7e1d66e6f5d561857e07bd9c39fe1493b3d46b2990b446
7026366bbc3b-PG_MCA_CAP1_Cutoff_MH_2025_26__1_.pdf,6899,"Chhatrapati Shahu Institute of Business Education & Research, Kolhapur",0689924110,2025-26,1,Maharashtra,GOPENH,GOPENH,HU,82.9644433,percentile,GOPENH | 5532 | 82.9644433 | Stage-I,169,Home University Seats Allotted to Home University Candidates,2ec1a08286e6446d77a061a2e3b00afd70c51cf56af7a1a4cee7f38d050e26bc
7026366bbc3b-PG_MCA_CAP1_Cutoff_MH_2025_26__1_.pdf,6899,"Chhatrapati Shahu Institute of Business Education & Research, Kolhapur",0689924110,2025-26,1,Maharashtra,GSCH,GSCH,HU,51.4093808,percentile,GSCH | 14938 | 51.4093808 | Stage-I,169,Home University Seats Allotted to Home University Candidates,50698e40f1c0757ab3f48939bd914015a8ec6d5730f6bc741c54c77e9c4b3f26
7026366bbc3b-PG_MCA_CAP1_Cutoff_MH_2025_26__1_.pdf,6899,"Chhatrapati Shahu Institute of Business Education & Research, Kolhapur",0689924110,2025-26,1,Maharashtra,GNTAH,GNTAH,HU,56.5488095,percentile,GNTAH | 13576 | 56.5488095 | Stage-I,169,Home University Seats Allotted to Home University Candidates,d1fa46247a05597dcb8e4e55e2193aa30d73f9eee184afdd598876850e32b11a
7026366bbc3b-PG_MCA_CAP1_Cutoff_MH_2025_26__1_.pdf,6899,"Chhatrapati Shahu Institute of Business Education & Research, Kolhapur",0689924110,2025-26,1,Maharashtra,GNTBH,GNTBH,HU,51.4093808,percentile,GNTBH | 14963 | 51.4093808 | Stage-I,169,Home University Seats Allotted to Home University Candidates,09a7d46e27f7eae691cd006a610eb78bf2b015ab6620a79b8101e8090b38f162
7026366bbc3b-PG_MCA_CAP1_Cutoff_MH_2025_26__1_.pdf,6899,"Chhatrapati Shahu Institute of Business Education & Research, Kolhapur",0689924110,2025-26,1,Maharashtra,GNTCH,GNTCH,HU,58.7911466,percentile,GNTCH | 13154 | 58.7911466 | Stage-I,169,Home University Seats Allotted to Home University Candidates,20d490094db1b5c1c8f1c9d42d34cab5287cdb8d08f295bf0041ebfba6add02e
7026366bbc3b-PG_MCA_CAP1_Cutoff_MH_2025_26__1_.pdf,6899,"Chhatrapati Shahu Institute of Business Education & Research, Kolhapur",0689924110,2025-26,1,Maharashtra,GOBCH,GOBCH,HU,65.8578922,percentile,GOBCH | 11072 | 65.8578922 | Stage-I,169,Home University Seats Allotted to Home University Candidates,882b55094091f51b0b80f0170ece86a197f108bec0b954bc462aefe9b4946dc3
7026366bbc3b-PG_MCA_CAP1_Cutoff_MH_2025_26__1_.pdf,6899,"Chhatrapati Shahu Institute of Business Education & Research, Kolhapur",0689924110,2025-26,1,Maharashtra,GSEBCH,GSEBCH,HU,76.9216256,percentile,GSEBCH | 7588 | 76.9216256 | Stage-I,169,Home University Seats Allotted to Home University Candidates,8b477b87698624db0c48c8573efa09ddb548e0959244aa9eca3409cfdfff62f5
7026366bbc3b-PG_MCA_CAP1_Cutoff_MH_2025_26__1_.pdf,6899,"Chhatrapati Shahu Institute of Business Education & Research, Kolhapur",0689924110,2025-26,1,Maharashtra,PWDOPENH,PWDOPENH,HU,76.9216256,percentile,PWDOPENH | 7509 | 76.9216256 | Stage-I,169,Home University Seats Allotted to Home University Candidates,a1dba634f1fbe08058b289316c35a6a97a83c153daf8ad16ac00f4f6e31cb452
7026366bbc3b-PG_MCA_CAP1_Cutoff_MH_2025_26__1_.pdf,6899,"Chhatrapati Shahu Institute of Business Education & Research, Kolhapur",0689924110,2025-26,1,Maharashtra,GOPENO,GOPENO,HU,53.942159,percentile,GOPENO | 14263 | 53.942159 | Stage-I,169,Other Than Home University Seats Allotted to Other Than Home University Candidates,e06f0a87d2432afc268d67c763c5fe158b69999a2033b1b7ffbe1259f4319235
7026366bbc3b-PG_MCA_CAP1_Cutoff_MH_2025_26__1_.pdf,6899,"Chhatrapati Shahu Institute of Business Education & Research, Kolhapur",0689924110,2025-26,1,Maharashtra,GSCO,GSCO,HU,49.3533426,percentile,GSCO | 15776 | 49.3533426 | Stage-I,169,Other Than Home University Seats Allotted to Other Than Home University Candidates,b945ac009f32a11f3fda687eee33cb3516c3e008e17373fe2c35853858e1f24c
7026366bbc3b-PG_MCA_CAP1_Cutoff_MH_2025_26__1_.pdf,6899,"Chhatrapati Shahu Institute of Business Education & Research, Kolhapur",0689924110,2025-26,1,Maharashtra,GNTCO,GNTCO,HU,46.3793819,percentile,GNTCO | 16235 | 46.3793819 | Stage-I,169,Other Than Home University Seats Allotted to Other Than Home University Candidates,b0f2e997497b443f2a9041db925baa82cc9874e6168db8eb0066208aa23ab4cc
7026366bbc3b-PG_MCA_CAP1_Cutoff_MH_2025_26__1_.pdf,6899,"Chhatrapati Shahu Institute of Business Education & Research, Kolhapur",0689924110,2025-26,1,Maharashtra,GOBCO,GOBCO,HU,13.5402134,percentile,GOBCO | 23193 | 13.5402134 | Stage-I,169,Other Than Home University Seats Allotted to Other Than Home University Candidates,c5400e823822419f0c4c55f01096a478d9d788f191a092e3058b0c1373f184d0
7026366bbc3b-PG_MCA_CAP1_Cutoff_MH_2025_26__1_.pdf,6899,"Chhatrapati Shahu Institute of Business Education & Research, Kolhapur",0689924110,2025-26,1,Maharashtra,GSEBCO,GSEBCO,HU,19.1539942,percentile,GSEBCO | 22215 | 19.1539942 | Stage-I,169,Other Than Home University Seats Allotted to Other Than Home University Candidates,1843e5760d3de116048a216dbd881629f82f07d0e13d9256f9b7c2ab2afaa34a
7026366bbc3b-PG_MCA_CAP1_Cutoff_MH_2025_26__1_.pdf,6899,"Chhatrapati Shahu Institute of Business Education & Research, Kolhapur",0689924110,2025-26,1,Maharashtra,GSCO,GSCO,HU,41.4550394,percentile,GSCO | 17298 | 41.4550394 | Stage-I,169,Other Than Home University Seats Allotted to Home University Candidates,b5dfc1e44261dc51952eb9ca63619a4c62ad2a92f3fc3e53c5cfb9377f6b7bd2
7026366bbc3b-PG_MCA_CAP1_Cutoff_MH_2025_26__1_.pdf,6899,"Chhatrapati Shahu Institute of Business Education & Research, Kolhapur",0689924110,2025-26,1,Maharashtra,GNTBO,GNTBO,HU,46.3793819,percentile,GNTBO | 16236 | 46.3793819 | Stage-I,169,Other Than Home University Seats Allotted to Home University Candidates,00b2c07b64171a43d1d6a1947fb6d2217681d1db1b9294cf8e0e49abee5d40cc
7026366bbc3b-PG_MCA_CAP1_Cutoff_MH_2025_26__1_.pdf,6899,"Chhatrapati Shahu Institute of Business Education & Research, Kolhapur",0689924110,2025-26,1,Maharashtra,GSEBCO,GSEBCO,HU,76.9216256,percentile,GSEBCO | 7605 | 76.9216256 | Stage-I,169,Other Than Home University Seats Allotted to Home University Candidates,41b165d39e0c50bafed760d864d423cca035a30cf27419cb4bf7b9b9f1104495
7026366bbc3b-PG_MCA_CAP1_Cutoff_MH_2025_26__1_.pdf,6899,"Chhatrapati Shahu Institute of Business Education & Research, Kolhapur",0689924110,2025-26,1,Maharashtra,EWS,EWS,SL,27.2744425,percentile,EWS | 20493 | 27.2744425 | Stage-I,169,Other Than Home University Seats Allotted to Home University Candidates,ff744ac5d9f44c4ad39296fe10949d698b387884238b4a449eda7bcced15aba2
7026366bbc3b-PG_MCA_CAP1_Cutoff_MH_2025_26__1_.pdf,6899,"Chhatrapati Shahu Institute of Business Education & Research, Kolhapur",0689924110,2025-26,1,Maharashtra,TFWS,TFWS,SL,89.1966341,percentile,TFWS | 3300 | 89.1966341 | Stage-I,169,Other Than Home University Seats Allotted to Home University Candidates,36949d98af933403c04f22b71524fc5b8954d419448a2a4dc939a69fea60127a
7026366bbc3b-PG_MCA_CAP1_Cutoff_MH_2025_26__1_.pdf,6971,"K.B. Joshi Institute of Information Technology, Pune",0689924110,2025-26,1,Maharashtra,GOPENS,GOPENS,SL,85.3851665,percentile,GOPENS | 4768 | 85.3851665 | Stage-I,170,,e28626cff8986676c63651c46d27905344088e1a05dbaf73524aab0b3fcfb167
7026366bbc3b-PG_MCA_CAP1_Cutoff_MH_2025_26__1_.pdf,6971,"K.B. Joshi Institute of Information Technology, Pune",0689924110,2025-26,1,Maharashtra,GSCS,GSCS,SL,41.4550394,percentile,GSCS | 17565 | 41.4550394 | Stage-I,170,,350fbcb92510ce7264c6a440af7a6d8dee68f423dd1fc0cf1227ebf60c9affea
7026366bbc3b-PG_MCA_CAP1_Cutoff_MH_2025_26__1_.pdf,6971,"K.B. Joshi Institute of Information Technology, Pune",0689924110,2025-26,1,Maharashtra,GNTAS,GNTAS,SL,49.3533426,percentile,GNTAS | 15391 | 49.3533426 | Stage-I,170,,5e89e1a314e8ce7d84b1623e731d5bfc776dbc3070fae8e4f8aea32d331018d0
7026366bbc3b-PG_MCA_CAP1_Cutoff_MH_2025_26__1_.pdf,6971,"K.B. Joshi Institute of Information Technology, Pune",0689924110,2025-26,1,Maharashtra,GNTBS,GNTBS,SL,58.7911466,percentile,GNTBS | 12949 | 58.7911466 | Stage-I,170,,f7384ec7118eb567f00f4127e5da0e635913a4aeab5bfc1b3b0195208aac8bfc
7026366bbc3b-PG_MCA_CAP1_Cutoff_MH_2025_26__1_.pdf,6971,"K.B. Joshi Institute of Information Technology, Pune",0689924110,2025-26,1,Maharashtra,GNTCS,GNTCS,SL,67.3579428,percentile,GNTCS | 10290 | 67.3579428 | Stage-I,170,,50346f0a5f261890f1b43048430d11958aa33ecd38ec03331d376e0a18d58e31
7026366bbc3b-PG_MCA_CAP1_Cutoff_MH_2025_26__1_.pdf,6971,"K.B. Joshi Institute of Information Technology, Pune",0689924110,2025-26,1,Maharashtra,GNTDS,GNTDS,SL,58.7911466,percentile,GNTDS | 12778 | 58.7911466 | Stage-I,170,,8d22518bfb8e963aaec08fd437cf6470ed04f8f16efe24b03e73f0ba82bd3c51
7026366bbc3b-PG_MCA_CAP1_Cutoff_MH_2025_26__1_.pdf,6971,"K.B. Joshi Institute of Information Technology, Pune",0689924110,2025-26,1,Maharashtra,GOBCS,GOBCS,SL,73.5368477,percentile,GOBCS | 8779 | 73.5368477 | Stage-I,170,,1ece0bc125065abab7300d8e4b65a7ec0f38c3ac8b55600cc16990905d5a422f
7026366bbc3b-PG_MCA_CAP1_Cutoff_MH_2025_26__1_.pdf,6971,"K.B. Joshi Institute of Information Technology, Pune",0689924110,2025-26,1,Maharashtra,GSEBCS,GSEBCS,SL,76.9216256,percentile,GSEBCS | 7471 | 76.9216256 | Stage-I,170,,8ab3904c3d8d91760f9bb436e337d8b65f58dd8812c49d6b7d48c87c1f054eda
7026366bbc3b-PG_MCA_CAP1_Cutoff_MH_2025_26__1_.pdf,6971,"K.B. Joshi Institute of Information Technology, Pune",0689924110,2025-26,1,Maharashtra,EWS,EWS,SL,56.5488095,percentile,EWS | 13663 | 56.5488095 | Stage-I,170,,115c11e04c27da534a580754a591492f6fbae9a381d5d3da4d0bcc2da13abf2e
7026366bbc3b-PG_MCA_CAP1_Cutoff_MH_2025_26__1_.pdf,6971,"K.B. Joshi Institute of Information Technology, Pune",0689924110,2025-26,1,Maharashtra,TFWS,TFWS,SL,90.9663786,percentile,TFWS | 2966 | 90.9663786 | Stage-I,170,,e4fc6ad651e5f4eef308e611891f25f504c19c264fb8e4b4ceb34e6766d10621
7026366bbc3b-PG_MCA_CAP1_Cutoff_MH_2025_26__1_.pdf,6973,"ASMS Institute of Business Management and Research MCA, Pune",0697324110,2025-26,1,Maharashtra,GOPENH,GOPENH,HU,77.8251197,percentile,GOPENH | 6967 | 77.8251197 | Stage-I,171,Home University Seats Allotted to Home University Candidates,145cb7825ac882bb71e15638d03ebda08881f760de3c7ec37d8ab82394be0a63
7026366bbc3b-PG_MCA_CAP1_Cutoff_MH_2025_26__1_.pdf,6973,"ASMS Institute of Business Management and Research MCA, Pune",0697324110,2025-26,1,Maharashtra,GSCH,GSCH,HU,34.5198145,percentile,GSCH | 19309 | 34.5198145 | Stage-I,171,Home University Seats Allotted to Home University Candidates,ccd546c28b1d48a9392ebde22e19cadea612d90f8b52311686deda67f34c06d1
7026366bbc3b-PG_MCA_CAP1_Cutoff_MH_2025_26__1_.pdf,6973,"ASMS Institute of Business Management and Research MCA, Pune",0697324110,2025-26,1,Maharashtra,GNTAH,GNTAH,HU,29.9046039,percentile,GNTAH | 20001 | 29.9046039 | Stage-I,171,Home University Seats Allotted to Home University Candidates,73af6727718595065ebcb9cc854eb5d408ef04d68d2f359f2786d4176a01aba2
7026366bbc3b-PG_MCA_CAP1_Cutoff_MH_2025_26__1_.pdf,6973,"ASMS Institute of Business Management and Research MCA, Pune",0697324110,2025-26,1,Maharashtra,GNTBH,GNTBH,HU,63.1574978,percentile,GNTBH | 11545 | 63.1574978 | Stage-I,171,Home University Seats Allotted to Home University Candidates,ffe08451f7e134e5a849438db524ac99d5f8abec4cba567815cf547614eff8af
7026366bbc3b-PG_MCA_CAP1_Cutoff_MH_2025_26__1_.pdf,6973,"ASMS Institute of Business Management and Research MCA, Pune",0697324110,2025-26,1,Maharashtra,GNTCH,GNTCH,HU,65.8578922,percentile,GNTCH | 11050 | 65.8578922 | Stage-I,171,Home University Seats Allotted to Home University Candidates,7030fc1b2122b2b40cecd7174bd7ba5789a248d2e9a5818ace5573101b0ded53
7026366bbc3b-PG_MCA_CAP1_Cutoff_MH_2025_26__1_.pdf,6973,"ASMS Institute of Business Management and Research MCA, Pune",0697324110,2025-26,1,Maharashtra,GNTDH,GNTDH,HU,61.2807064,percentile,GNTDH | 12608 | 61.2807064 | Stage-I,171,Home University Seats Allotted to Home University Candidates,d7f6326c08842064a2e656f3f9a029920b9e44d4f647a713150833c3f11d38c2
7026366bbc3b-PG_MCA_CAP1_Cutoff_MH_2025_26__1_.pdf,6973,"ASMS Institute of Business Management and Research MCA, Pune",0697324110,2025-26,1,Maharashtra,GOBCH,GOBCH,HU,71.1549338,percentile,GOBCH | 9610 | 71.1549338 | Stage-I,171,Home University Seats Allotted to Home University Candidates,866410bb1e1127dfbe7c235c4e920c85732e42796009d9838b774f09ae23f4e1
7026366bbc3b-PG_MCA_CAP1_Cutoff_MH_2025_26__1_.pdf,6973,"ASMS Institute of Business Management and Research MCA, Pune",0697324110,2025-26,1,Maharashtra,GSEBCH,GSEBCH,HU,21.0059952,percentile,GSEBCH | 21902 | 21.0059952 | Stage-I,171,Home University Seats Allotted to Home University Candidates,1c162d35fadf39b921abc834cc5d2fdefe7d0d45771e1c8130eb291ee8a83421
7026366bbc3b-PG_MCA_CAP1_Cutoff_MH_2025_26__1_.pdf,6973,"ASMS Institute of Business Management and Research MCA, Pune",0697324110,2025-26,1,Maharashtra,GOPENO,GOPENO,HU,87.2080299,percentile,GOPENO | 4322 | 87.2080299 | Stage-I,171,Other Than Home University Seats Allotted to Other Than Home University Candidates,6f1a22e6beffcfd1d1d07ceccd72b2cc669d17859a51cf29ac61677515b4e7dd
7026366bbc3b-PG_MCA_CAP1_Cutoff_MH_2025_26__1_.pdf,6973,"ASMS Institute of Business Management and Research MCA, Pune",0697324110,2025-26,1,Maharashtra,GSCO,GSCO,HU,71.1549338,percentile,GSCO | 9138 | 71.1549338 | Stage-I,171,Other Than Home University Seats Allotted to Other Than Home University Candidates,7d1226d8084da857306cfaf2f137575112080b08bb9cf2bce5b45fbc04784b33
7026366bbc3b-PG_MCA_CAP1_Cutoff_MH_2025_26__1_.pdf,6973,"ASMS Institute of Business Management and Research MCA, Pune",0697324110,2025-26,1,Maharashtra,GNTAO,GNTAO,HU,77.8251197,percentile,GNTAO | 7031 | 77.8251197 | Stage-I,171,Other Than Home University Seats Allotted to Other Than Home University Candidates,541bc4b8d119cb33c5ba6668928dfb377b3bd205ecee9dd904f13576c2c7ff8d
7026366bbc3b-PG_MCA_CAP1_Cutoff_MH_2025_26__1_.pdf,6973,"ASMS Institute of Business Management and Research MCA, Pune",0697324110,2025-26,1,Maharashtra,GNTBO,GNTBO,HU,85.2118788,percentile,GNTBO | 4966 | 85.2118788 | Stage-I,171,Other Than Home University Seats Allotted to Other Than Home University Candidates,5c0afe8a34483d927e233bf01232c060d6ab1983e805729455f16c54054e7f59
7026366bbc3b-PG_MCA_CAP1_Cutoff_MH_2025_26__1_.pdf,6973,"ASMS Institute of Business Management and Research MCA, Pune",0697324110,2025-26,1,Maharashtra,GNTCO,GNTCO,HU,87.2080299,percentile,GNTCO | 4361 | 87.2080299 | Stage-I,171,Other Than Home University Seats Allotted to Other Than Home University Candidates,658be9656e2bfa33d8268d94c9dcae4e12aa07b6f580762fc4b3d73f3b865fb5
7026366bbc3b-PG_MCA_CAP1_Cutoff_MH_2025_26__1_.pdf,6973,"ASMS Institute of Business Management and Research MCA, Pune",0697324110,2025-26,1,Maharashtra,GNTDO,GNTDO,HU,51.4093808,percentile,GNTDO | 14640 | 51.4093808 | Stage-I,171,Other Than Home University Seats Allotted to Other Than Home University Candidates,87e0dadcfb49b067a6f75fb044fea0fecb3d234d7e391183059eb9841a254b96
7026366bbc3b-PG_MCA_CAP1_Cutoff_MH_2025_26__1_.pdf,6973,"ASMS Institute of Business Management and Research MCA, Pune",0697324110,2025-26,1,Maharashtra,GOBCO,GOBCO,HU,82.9644433,percentile,GOBCO | 5223 | 82.9644433 | Stage-I,171,Other Than Home University Seats Allotted to Other Than Home University Candidates,3598696249f62a736bf5b51320e3f9b499bd0a1f137775d8cea17bed838193c8
7026366bbc3b-PG_MCA_CAP1_Cutoff_MH_2025_26__1_.pdf,6973,"ASMS Institute of Business Management and Research MCA, Pune",0697324110,2025-26,1,Maharashtra,GSEBCO,GSEBCO,HU,82.8308366,percentile,GSEBCO | 5990 | 82.8308366 | Stage-I,171,Other Than Home University Seats Allotted to Other Than Home University Candidates,d9affef566c47014c3c57b17867825c319a5f1b2f57754cb5d31aae57b55c9ac
7026366bbc3b-PG_MCA_CAP1_Cutoff_MH_2025_26__1_.pdf,6973,"ASMS Institute of Business Management and Research MCA, Pune",0697324110,2025-26,1,Maharashtra,EWS,EWS,SL,15.5994113,percentile,EWS | 23031 | 15.5994113 | Stage-I,171,Other Than Home University Seats Allotted to Other Than Home University Candidates,d0fab2621404f2025c7b23945dec2f17a22a4fe1803effe55197392cde2aa412
7026366bbc3b-PG_MCA_CAP1_Cutoff_MH_2025_26__1_.pdf,6973,"ASMS Institute of Business Management and Research MCA, Pune",0697324110,2025-26,1,Maharashtra,TFWS,TFWS,SL,90.7733494,percentile,TFWS | 3205 | 90.7733494 | Stage-I,171,Other Than Home University Seats Allotted to Other Than Home University Candidates,b84c70258c722a3fd077d3502948ef69ed6630925d07f221cd9cf5cf1cb2669f
7026366bbc3b-PG_MCA_CAP1_Cutoff_MH_2025_26__1_.pdf,6990,Jaihind Institute of Management and Research,0699024110,2025-26,1,Maharashtra,GOPENH,GOPENH,HU,69.7143504,percentile,GOPENH | 9959 | 69.7143504 | Stage-I,172,Home University Seats Allotted to Home University Candidates,53f36835165d0e2f8dd50d80d0bb375bdfbe9dc07ff65bb910a11c17a1994f7c
7026366bbc3b-PG_MCA_CAP1_Cutoff_MH_2025_26__1_.pdf,6990,Jaihind Institute of Management and Research,0699024110,2025-26,1,Maharashtra,GSCH,GSCH,HU,21.0059952,percentile,GSCH | 21715 | 21.0059952 | Stage-I,172,Home University Seats Allotted to Home University Candidates,1095ad94faaf708790f45c9f4f00318ee68f857a52b0bc049637a9bd9511dcd4
7026366bbc3b-PG_MCA_CAP1_Cutoff_MH_2025_26__1_.pdf,6990,Jaihind Institute of Management and Research,0699024110,2025-26,1,Maharashtra,GSTH,GSTH,HU,61.2807064,percentile,GSTH | 12639 | 61.2807064 | Stage-I,172,Home University Seats Allotted to Home University Candidates,e48d7ac01fa7afc9a234b7c140117c3a840f4b2655164f47de8df6493e7b1dfd
7026366bbc3b-PG_MCA_CAP1_Cutoff_MH_2025_26__1_.pdf,6990,Jaihind Institute of Management and Research,0699024110,2025-26,1,Maharashtra,GNTBH,GNTBH,HU,36.496736,percentile,GNTBH | 18804 | 36.496736 | Stage-I,172,Home University Seats Allotted to Home University Candidates,9d1ef25e987701d0d396ddee07f0a80a9327120ee9770437b7b98effc693a76b
7026366bbc3b-PG_MCA_CAP1_Cutoff_MH_2025_26__1_.pdf,6990,Jaihind Institute of Management and Research,0699024110,2025-26,1,Maharashtra,GNTCH,GNTCH,HU,13.5402134,percentile,GNTCH | 23336 | 13.5402134 | Stage-I,172,Home University Seats Allotted to Home University Candidates,580a369c9c2f043e51fa93e8440bee220b124a9630afdb4776feae38a6c347fc
7026366bbc3b-PG_MCA_CAP1_Cutoff_MH_2025_26__1_.pdf,6990,Jaihind Institute of Management and Research,0699024110,2025-26,1,Maharashtra,GOBCH,GOBCH,HU,44.5345198,percentile,GOBCH | 16871 | 44.5345198 | Stage-I,172,Home University Seats Allotted to Home University Candidates,6079e31cc1b71899c647e553e6dd0e556fc24af1047374609b1fcde72abe4918
7026366bbc3b-PG_MCA_CAP1_Cutoff_MH_2025_26__1_.pdf,6990,Jaihind Institute of Management and Research,0699024110,2025-26,1,Maharashtra,GSEBCH,GSEBCH,HU,12.4750009,percentile,GSEBCH | 23660 | 12.4750009 | Stage-I,172,Home University Seats Allotted to Home University Candidates,36bcbb8018e86565ab9d71248ba56d7afc7985b98092dc352441f10dc4552688
7026366bbc3b-PG_MCA_CAP1_Cutoff_MH_2025_26__1_.pdf,6990,Jaihind Institute of Management and Research,0699024110,2025-26,1,Maharashtra,GSCH,GSCH,HU,16.9789978,percentile,GSCH | 22525 | 16.9789978 | Stage-I,172,Home University Seats Allotted to Other Than Home University Candidates,83314463cd25a83ea8da514a2645fd9f366dc394eaf5f2100438ecb75d801926
7026366bbc3b-PG_MCA_CAP1_Cutoff_MH_2025_26__1_.pdf,6990,Jaihind Institute of Management and Research,0699024110,2025-26,1,Maharashtra,GOPENO,GOPENO,HU,61.2807064,percentile,GOPENO | 12237 | 61.2807064 | Stage-I,172,Other Than Home University Seats Allotted to Other Than Home University Candidates,1396d2d97cb218ee866607e134f88f53d752e4d149705f43612bd7710690f2e9
7026366bbc3b-PG_MCA_CAP1_Cutoff_MH_2025_26__1_.pdf,6990,Jaihind Institute of Management and Research,0699024110,2025-26,1,Maharashtra,GSCO,GSCO,HU,19.1539942,percentile,GSCO | 22294 | 19.1539942 | Stage-I,172,Other Than Home University Seats Allotted to Other Than Home University Candidates,f191eac6c64addc3e612fea1af384566c44aef7fe7292ddaa61151711d593b0a
7026366bbc3b-PG_MCA_CAP1_Cutoff_MH_2025_26__1_.pdf,6990,Jaihind Institute of Management and Research,0699024110,2025-26,1,Maharashtra,GNTBO,GNTBO,HU,21.0059952,percentile,GNTBO | 21816 | 21.0059952 | Stage-I,172,Other Than Home University Seats Allotted to Other Than Home University Candidates,1ddf6f93d08da82f20f885cb7668a895cb93a4bc03834eb5017e1e0f18993887
7026366bbc3b-PG_MCA_CAP1_Cutoff_MH_2025_26__1_.pdf,6990,Jaihind Institute of Management and Research,0699024110,2025-26,1,Maharashtra,GNTCO,GNTCO,HU,44.5345198,percentile,GNTCO | 16863 | 44.5345198 | Stage-I,172,Other Than Home University Seats Allotted to Other Than Home University Candidates,eb0313b9784dbc250da6c711a3fd75185a77f655ed85b6ca49795df614b50412
7026366bbc3b-PG_MCA_CAP1_Cutoff_MH_2025_26__1_.pdf,6990,Jaihind Institute of Management and Research,0699024110,2025-26,1,Maharashtra,GOBCO,GOBCO,HU,44.5345198,percentile,GOBCO | 16499 | 44.5345198 | Stage-I,172,Other Than Home University Seats Allotted to Other Than Home University Candidates,f9aa54976ec5f555d80f4f6b146e8c292c92fc467d403e526dfb980d29e64684
7026366bbc3b-PG_MCA_CAP1_Cutoff_MH_2025_26__1_.pdf,6990,Jaihind Institute of Management and Research,0699024110,2025-26,1,Maharashtra,GSEBCO,GSEBCO,HU,29.9046039,percentile,GSEBCO | 19860 | 29.9046039 | Stage-I,172,Other Than Home University Seats Allotted to Other Than Home University Candidates,600f7242e65948105bf0149b9290a0479de7a764a91646666d4855bd66a54b44
7026366bbc3b-PG_MCA_CAP1_Cutoff_MH_2025_26__1_.pdf,6990,Jaihind Institute of Management and Research,0699024110,2025-26,1,Maharashtra,EWS,EWS,SL,46.3793819,percentile,EWS | 16330 | 46.3793819 | Stage-I,172,Other Than Home University Seats Allotted to Other Than Home University Candidates,e5e21563008f944b39edd4b194b8845f0f5281c5809ba6422b86480719cd8fd2
7026366bbc3b-PG_MCA_CAP1_Cutoff_MH_2025_26__1_.pdf,6990,Jaihind Institute of Management and Research,0699024110,2025-26,1,Maharashtra,TFWS,TFWS,SL,74.782248,percentile,TFWS | 7990 | 74.782248 | Stage-I,172,Other Than Home University Seats Allotted to Other Than Home University Candidates,8a09f9aa7f151fadd1285885f8e3cd269bb37826eab4854767c214ff59585382
7026366bbc3b-PG_MCA_CAP1_Cutoff_MH_2025_26__1_.pdf,6991,"Dr. D.Y. Patil Technical Campus, Varale, Talegaon, Pune",0699124110,2025-26,1,Maharashtra,GOPENH,GOPENH,HU,76.9216256,percentile,GOPENH | 7890 | 76.9216256 | Stage-I,173,Home University Seats Allotted to Home University Candidates,2664aa6990398d6a7a90b7fc8c49ec6d768ffed84b09cb3921177573ca396cbe
7026366bbc3b-PG_MCA_CAP1_Cutoff_MH_2025_26__1_.pdf,6991,"Dr. D.Y. Patil Technical Campus, Varale, Talegaon, Pune",0699124110,2025-26,1,Maharashtra,GSCH,GSCH,HU,1.3622127,percentile,GSCH | 25322 | 1.3622127 | Stage-I,173,Home University Seats Allotted to Home University Candidates,bc481a782993df720ed1a759718bf4aa6642bd51d2f20b3629b520be2126f0d8
7026366bbc3b-PG_MCA_CAP1_Cutoff_MH_2025_26__1_.pdf,6991,"Dr. D.Y. Patil Technical Campus, Varale, Talegaon, Pune",0699124110,2025-26,1,Maharashtra,GSTH,GSTH,HU,53.942159,percentile,GSTH | 14579 | 53.942159 | Stage-I,173,Home University Seats Allotted to Home University Candidates,ed7bb627317d7a81a094b8ef7c1e02ee42288252eb0ae73b9866c67d8e1b2d86
7026366bbc3b-PG_MCA_CAP1_Cutoff_MH_2025_26__1_.pdf,6991,"Dr. D.Y. Patil Technical Campus, Varale, Talegaon, Pune",0699124110,2025-26,1,Maharashtra,GNTAH,GNTAH,HU,61.2807064,percentile,GNTAH | 12557 | 61.2807064 | Stage-I,173,Home University Seats Allotted to Home University Candidates,16a5ba4108865aeac6052cb4d0cb6d63b5c50b1dd961fb33e3120c59bdae9032
7026366bbc3b-PG_MCA_CAP1_Cutoff_MH_2025_26__1_.pdf,6991,"Dr. D.Y. Patil Technical Campus, Varale, Talegaon, Pune",0699124110,2025-26,1,Maharashtra,GNTBH,GNTBH,HU,36.496736,percentile,GNTBH | 18624 | 36.496736 | Stage-I,173,Home University Seats Allotted to Home University Candidates,4772d509914acafe28b51b8a43146bfc65ebfe3d7b620b4bf150dd78de28e42c
7026366bbc3b-PG_MCA_CAP1_Cutoff_MH_2025_26__1_.pdf,6991,"Dr. D.Y. Patil Technical Campus, Varale, Talegaon, Pune",0699124110,2025-26,1,Maharashtra,GNTCH,GNTCH,HU,65.8578922,percentile,GNTCH | 11337 | 65.8578922 | Stage-I,173,Home University Seats Allotted to Home University Candidates,b0498fd903630ca4a0573d289aa8aa055089756987c02011371afd4781cd21db
7026366bbc3b-PG_MCA_CAP1_Cutoff_MH_2025_26__1_.pdf,6991,"Dr. D.Y. Patil Technical Campus, Varale, Talegaon, Pune",0699124110,2025-26,1,Maharashtra,GNTDH,GNTDH,HU,16.9789978,percentile,GNTDH | 22711 | 16.9789978 | Stage-I,173,Home University Seats Allotted to Home University Candidates,26c34cd5ea56578ad8bf1b75605fa1522dfcf07641d6905f80895adf8bba3ff2
7026366bbc3b-PG_MCA_CAP1_Cutoff_MH_2025_26__1_.pdf,6991,"Dr. D.Y. Patil Technical Campus, Varale, Talegaon, Pune",0699124110,2025-26,1,Maharashtra,GOBCH,GOBCH,HU,61.2807064,percentile,GOBCH | 12079 | 61.2807064 | Stage-I,173,Home University Seats Allotted to Home University Candidates,326ec902c6f8b7af6700cd87314eb69e0681659ce9e3ef32a873e0df0310a039
7026366bbc3b-PG_MCA_CAP1_Cutoff_MH_2025_26__1_.pdf,6991,"Dr. D.Y. Patil Technical Campus, Varale, Talegaon, Pune",0699124110,2025-26,1,Maharashtra,GSEBCH,GSEBCH,HU,31.6629561,percentile,GSEBCH | 19469 | 31.6629561 | Stage-I,173,Home University Seats Allotted to Home University Candidates,df50718bc82ff5ca79350ff076295262eef6a5dede9bc9d8017cf22065a430c1
7026366bbc3b-PG_MCA_CAP1_Cutoff_MH_2025_26__1_.pdf,6991,"Dr. D.Y. Patil Technical Campus, Varale, Talegaon, Pune",0699124110,2025-26,1,Maharashtra,GSCH,GSCH,HU,71.1549338,percentile,GSCH | 9455 | 71.1549338 | Stage-I,173,Home University Seats Allotted to Other Than Home University Candidates,7af4d82b0a3917f2c1fd9a8443864548434001c3889f5cebdf8905cde5aad92d
7026366bbc3b-PG_MCA_CAP1_Cutoff_MH_2025_26__1_.pdf,6991,"Dr. D.Y. Patil Technical Campus, Varale, Talegaon, Pune",0699124110,2025-26,1,Maharashtra,GNTAH,GNTAH,HU,77.8251197,percentile,GNTAH | 7094 | 77.8251197 | Stage-I,173,Home University Seats Allotted to Other Than Home University Candidates,2b849636a076f8890494f210869b1723695ecdac8ba58f6d09f9cf4a4763c72d
7026366bbc3b-PG_MCA_CAP1_Cutoff_MH_2025_26__1_.pdf,6991,"Dr. D.Y. Patil Technical Campus, Varale, Talegaon, Pune",0699124110,2025-26,1,Maharashtra,GOPENO,GOPENO,HU,87.2080299,percentile,GOPENO | 4287 | 87.2080299 | Stage-I,173,Other Than Home University Seats Allotted to Other Than Home University Candidates,33950ba1cf184ab75fdcc3ffad4376af6d91755ac663f82856c6bc69f138630f
7026366bbc3b-PG_MCA_CAP1_Cutoff_MH_2025_26__1_.pdf,6991,"Dr. D.Y. Patil Technical Campus, Varale, Talegaon, Pune",0699124110,2025-26,1,Maharashtra,GSCO,GSCO,HU,76.9216256,percentile,GSCO | 7867 | 76.9216256 | Stage-I,173,Other Than Home University Seats Allotted to Other Than Home University Candidates,3b4f7d0cb45cb2ee594b5cd1a417fb16a3ff244d21edb497a634ac69e09a0195
7026366bbc3b-PG_MCA_CAP1_Cutoff_MH_2025_26__1_.pdf,6991,"Dr. D.Y. Patil Technical Campus, Varale, Talegaon, Pune",0699124110,2025-26,1,Maharashtra,GNTAO,GNTAO,HU,85.3851665,percentile,GNTAO | 4493 | 85.3851665 | Stage-I,173,Other Than Home University Seats Allotted to Other Than Home University Candidates,8164664a7045ae53ce93698a0fb7b2bc2fce6530b29395d01a3e4d708f4431a7
7026366bbc3b-PG_MCA_CAP1_Cutoff_MH_2025_26__1_.pdf,6991,"Dr. D.Y. Patil Technical Campus, Varale, Talegaon, Pune",0699124110,2025-26,1,Maharashtra,GNTBO,GNTBO,HU,74.782248,percentile,GNTBO | 8029 | 74.782248 | Stage-I,173,Other Than Home University Seats Allotted to Other Than Home University Candidates,ae95da08ea02e20135a0ec95877e60b2b118905eac8e97216fad04f111f8b7b2
7026366bbc3b-PG_MCA_CAP1_Cutoff_MH_2025_26__1_.pdf,6991,"Dr. D.Y. Patil Technical Campus, Varale, Talegaon, Pune",0699124110,2025-26,1,Maharashtra,GNTCO,GNTCO,HU,82.8308366,percentile,GNTCO | 5757 | 82.8308366 | Stage-I,173,Other Than Home University Seats Allotted to Other Than Home University Candidates,d23e6236b03498b1da2a7e84694f75eec29fe0f75d4332082a1ef379fadc8e2b
7026366bbc3b-PG_MCA_CAP1_Cutoff_MH_2025_26__1_.pdf,6991,"Dr. D.Y. Patil Technical Campus, Varale, Talegaon, Pune",0699124110,2025-26,1,Maharashtra,GNTDO,GNTDO,HU,71.1549338,percentile,GNTDO | 9192 | 71.1549338 | Stage-I,173,Other Than Home University Seats Allotted to Other Than Home University Candidates,a6fd33a2014638dd63b014d7e1a93677375d2ba67b8e4bc98dfdade18eef67ba
7026366bbc3b-PG_MCA_CAP1_Cutoff_MH_2025_26__1_.pdf,6991,"Dr. D.Y. Patil Technical Campus, Varale, Talegaon, Pune",0699124110,2025-26,1,Maharashtra,GOBCO,GOBCO,HU,80.5399495,percentile,GOBCO | 6177 | 80.5399495 | Stage-I,173,Other Than Home University Seats Allotted to Other Than Home University Candidates,0cd04b3cf291d5dfeb91de23268b32885c096ebdf9a93b4390e04a07bb90fe67
7026366bbc3b-PG_MCA_CAP1_Cutoff_MH_2025_26__1_.pdf,6991,"Dr. D.Y. Patil Technical Campus, Varale, Talegaon, Pune",0699124110,2025-26,1,Maharashtra,GSEBCO,GSEBCO,HU,80.5399495,percentile,GSEBCO | 6394 | 80.5399495 | Stage-I,173,Other Than Home University Seats Allotted to Other Than Home University Candidates,8f332c8ceed632fa31e28c694fe968adac3cadf009c9be54f45d2f6c08f3f1f8
7026366bbc3b-PG_MCA_CAP1_Cutoff_MH_2025_26__1_.pdf,6991,"Dr. D.Y. Patil Technical Campus, Varale, Talegaon, Pune",0699124110,2025-26,1,Maharashtra,EWS,EWS,SL,19.1539942,percentile,EWS | 22253 | 19.1539942 | Stage-I,173,Other Than Home University Seats Allotted to Other Than Home University Candidates,72929cfc2aa21b7ef1e8ef8db09eda902a34ca901f555916cd16d1b9776c9b79
7026366bbc3b-PG_MCA_CAP1_Cutoff_MH_2025_26__1_.pdf,6991,"Dr. D.Y. Patil Technical Campus, Varale, Talegaon, Pune",0699124110,2025-26,1,Maharashtra,TFWS,TFWS,SL,93.5511867,percentile,TFWS | 1989 | 93.5511867 | Stage-I,173,Other Than Home University Seats Allotted to Other Than Home University Candidates,761ff0b905edd7d0ae9149f6209c8fa23492d244b7905c85052146b1a2cd782f
7026366bbc3b-PG_MCA_CAP1_Cutoff_MH_2025_26__1_.pdf,6992,"Pune Cambridge Institute of Management and Computer Application, Ambegaon Pathar, Pune",0699224110,2025-26,1,Maharashtra,GOPENH,GOPENH,HU,77.8251197,percentile,GOPENH | 7349 | 77.8251197 | Stage-I,174,Home University Seats Allotted to Home University Candidates,39f38e897429a5ed0bd402b4cabaadb16905c1da73589c18832081fec5297da0
7026366bbc3b-PG_MCA_CAP1_Cutoff_MH_2025_26__1_.pdf,6992,"Pune Cambridge Institute of Management and Computer Application, Ambegaon Pathar, Pune",0699224110,2025-26,1,Maharashtra,GSCH,GSCH,HU,7.9446476,percentile,GSCH | 24261 | 7.9446476 | Stage-I,174,Home University Seats Allotted to Home University Candidates,c1d738bd660e182618799b3a7f523ea602dfd0c3278b702092c0f1d6cb2243d2
7026366bbc3b-PG_MCA_CAP1_Cutoff_MH_2025_26__1_.pdf,6992,"Pune Cambridge Institute of Management and Computer Application, Ambegaon Pathar, Pune",0699224110,2025-26,1,Maharashtra,GNTAH,GNTAH,HU,53.942159,percentile,GNTAH | 14415 | 53.942159 | Stage-I,174,Home University Seats Allotted to Home University Candidates,f874b177d1097dd520199ceafca09d543870ee4c0aed98246f104227ab63e858
7026366bbc3b-PG_MCA_CAP1_Cutoff_MH_2025_26__1_.pdf,6992,"Pune Cambridge Institute of Management and Computer Application, Ambegaon Pathar, Pune",0699224110,2025-26,1,Maharashtra,GNTCH,GNTCH,HU,29.9046039,percentile,GNTCH | 20022 | 29.9046039 | Stage-I,174,Home University Seats Allotted to Home University Candidates,3ce113e7edc25bd2dbe35d0bf4f85bfee142c25959451a40d25f6cb1babc8757
7026366bbc3b-PG_MCA_CAP1_Cutoff_MH_2025_26__1_.pdf,6992,"Pune Cambridge Institute of Management and Computer Application, Ambegaon Pathar, Pune",0699224110,2025-26,1,Maharashtra,GNTDH,GNTDH,HU,71.1549338,percentile,GNTDH | 9179 | 71.1549338 | Stage-I,174,Home University Seats Allotted to Home University Candidates,c2390205a620e4b0a3ad62d3502da3a2a3dfe1c7d10d04a8b8115c92ad345c99
7026366bbc3b-PG_MCA_CAP1_Cutoff_MH_2025_26__1_.pdf,6992,"Pune Cambridge Institute of Management and Computer Application, Ambegaon Pathar, Pune",0699224110,2025-26,1,Maharashtra,GOBCH,GOBCH,HU,56.5488095,percentile,GOBCH | 13641 | 56.5488095 | Stage-I,174,Home University Seats Allotted to Home University Candidates,8d127dc17d1481fe1fd9085b49ba8bfc8cf584c07f3fdff9c84219188d9d4d7b
7026366bbc3b-PG_MCA_CAP1_Cutoff_MH_2025_26__1_.pdf,6992,"Pune Cambridge Institute of Management and Computer Application, Ambegaon Pathar, Pune",0699224110,2025-26,1,Maharashtra,GSEBCH,GSEBCH,HU,46.3793819,percentile,GSEBCH | 16114 | 46.3793819 | Stage-I,174,Home University Seats Allotted to Home University Candidates,79cba70274cc88300f5b794ccc93f0508c5cc3d1f9f0dcb3a45276ad72306aa6
7026366bbc3b-PG_MCA_CAP1_Cutoff_MH_2025_26__1_.pdf,6992,"Pune Cambridge Institute of Management and Computer Application, Ambegaon Pathar, Pune",0699224110,2025-26,1,Maharashtra,GSCH,GSCH,HU,65.8578922,percentile,GSCH | 11348 | 65.8578922 | Stage-I,174,Home University Seats Allotted to Other Than Home University Candidates,79661d84e240fabc4be64cac6a4336614b2c8214b85e95c2520924792030d9c3
7026366bbc3b-PG_MCA_CAP1_Cutoff_MH_2025_26__1_.pdf,6992,"Pune Cambridge Institute of Management and Computer Application, Ambegaon Pathar, Pune",0699224110,2025-26,1,Maharashtra,GNTAH,GNTAH,HU,58.7911466,percentile,GNTAH | 13238 | 58.7911466 | Stage-I,174,Home University Seats Allotted to Other Than Home University Candidates,298786c8e2366c1870eefff9fe0632c8547ea4730e54ac136acbc5705504bac2
7026366bbc3b-PG_MCA_CAP1_Cutoff_MH_2025_26__1_.pdf,6992,"Pune Cambridge Institute of Management and Computer Application, Ambegaon Pathar, Pune",0699224110,2025-26,1,Maharashtra,GNTBH,GNTBH,HU,46.3793819,percentile,GNTBH | 16065 | 46.3793819 | Stage-I,174,Home University Seats Allotted to Other Than Home University Candidates,7d84767de8aa2ebd7955a5202fff09a05dd010f528ba2dfc4b826ac727b08781
7026366bbc3b-PG_MCA_CAP1_Cutoff_MH_2025_26__1_.pdf,6992,"Pune Cambridge Institute of Management and Computer Application, Ambegaon Pathar, Pune",0699224110,2025-26,1,Maharashtra,PWDOPENH,PWDOPENH,HU,89.1331398,percentile,PWDOPENH | 3628 | 89.1331398 | Stage-I,174,Home University Seats Allotted to Other Than Home University Candidates,ba62082bb33fbdd55e321b6b6d120bc35573389249b88dade0c37d0c1227dddc
7026366bbc3b-PG_MCA_CAP1_Cutoff_MH_2025_26__1_.pdf,6992,"Pune Cambridge Institute of Management and Computer Application, Ambegaon Pathar, Pune",0699224110,2025-26,1,Maharashtra,GOPENO,GOPENO,HU,92.1797821,percentile,GOPENO | 2541 | 92.1797821 | Stage-I,174,Other Than Home University Seats Allotted to Other Than Home University Candidates,0bbcb161f5ea44141ab2da73803c1362b9d58287a49f4eb4bc2e277b61e202c3
7026366bbc3b-PG_MCA_CAP1_Cutoff_MH_2025_26__1_.pdf,6992,"Pune Cambridge Institute of Management and Computer Application, Ambegaon Pathar, Pune",0699224110,2025-26,1,Maharashtra,GSCO,GSCO,HU,71.1549338,percentile,GSCO | 9440 | 71.1549338 | Stage-I,174,Other Than Home University Seats Allotted to Other Than Home University Candidates,afe273d904c7b23cff5e6781843dd79f360ccb4f271acdda265874c5cf37bf7a
7026366bbc3b-PG_MCA_CAP1_Cutoff_MH_2025_26__1_.pdf,6992,"Pune Cambridge Institute of Management and Computer Application, Ambegaon Pathar, Pune",0699224110,2025-26,1,Maharashtra,GSTO,GSTO,HU,16.9789978,percentile,GSTO | 22706 | 16.9789978 | Stage-I,174,Other Than Home University Seats Allotted to Other Than Home University Candidates,ba52d28e82c0be4075cf387a308b9ac86cb93c6296f08cd470feffbb8189e48d
7026366bbc3b-PG_MCA_CAP1_Cutoff_MH_2025_26__1_.pdf,6992,"Pune Cambridge Institute of Management and Computer Application, Ambegaon Pathar, Pune",0699224110,2025-26,1,Maharashtra,GNTAO,GNTAO,HU,69.7143504,percentile,GNTAO | 10137 | 69.7143504 | Stage-I,174,Other Than Home University Seats Allotted to Other Than Home University Candidates,93a97c7c89233341f6d8ed9800b86b5b68f44dbed55ee3e8f55614a435f7ec11
7026366bbc3b-PG_MCA_CAP1_Cutoff_MH_2025_26__1_.pdf,6992,"Pune Cambridge Institute of Management and Computer Application, Ambegaon Pathar, Pune",0699224110,2025-26,1,Maharashtra,GNTBO,GNTBO,HU,49.3533426,percentile,GNTBO | 15468 | 49.3533426 | Stage-I,174,Other Than Home University Seats Allotted to Other Than Home University Candidates,41ea1be4919c0fc4e38c20039ceab37a81a52212260006c15244b81e69153786
7026366bbc3b-PG_MCA_CAP1_Cutoff_MH_2025_26__1_.pdf,6992,"Pune Cambridge Institute of Management and Computer Application, Ambegaon Pathar, Pune",0699224110,2025-26,1,Maharashtra,GNTCO,GNTCO,HU,92.1797821,percentile,GNTCO | 2645 | 92.1797821 | Stage-I,174,Other Than Home University Seats Allotted to Other Than Home University Candidates,6d6c846f69be91540b9d9480d695f1f82b2313196a629a5d7bc13d42386e8331
7026366bbc3b-PG_MCA_CAP1_Cutoff_MH_2025_26__1_.pdf,6992,"Pune Cambridge Institute of Management and Computer Application, Ambegaon Pathar, Pune",0699224110,2025-26,1,Maharashtra,GOBCO,GOBCO,HU,80.5399495,percentile,GOBCO | 6290 | 80.5399495 | Stage-I,174,Other Than Home University Seats Allotted to Other Than Home University Candidates,de9c2cacb07886f7767dbd2d7fab61e93f1e3f9009a4c31b13c3e66145f9974c
7026366bbc3b-PG_MCA_CAP1_Cutoff_MH_2025_26__1_.pdf,6992,"Pune Cambridge Institute of Management and Computer Application, Ambegaon Pathar, Pune",0699224110,2025-26,1,Maharashtra,GSEBCO,GSEBCO,HU,77.8251197,percentile,GSEBCO | 7070 | 77.8251197 | Stage-I,174,Other Than Home University Seats Allotted to Other Than Home University Candidates,ed4440921513e58549687ee756eb45a2d8d2171a8c4e54088b896e0913ea1b48
7026366bbc3b-PG_MCA_CAP1_Cutoff_MH_2025_26__1_.pdf,6992,"Pune Cambridge Institute of Management and Computer Application, Ambegaon Pathar, Pune",0699224110,2025-26,1,Maharashtra,EWS,EWS,SL,25.4779232,percentile,EWS | 20914 | 25.4779232 | Stage-I,174,Other Than Home University Seats Allotted to Other Than Home University Candidates,862e468fa772e7ed490c9b5d66fa5a325465e5aa669b7e01cdd2047615ba75d9
7026366bbc3b-PG_MCA_CAP1_Cutoff_MH_2025_26__1_.pdf,6992,"Pune Cambridge Institute of Management and Computer Application, Ambegaon Pathar, Pune",0699224110,2025-26,1,Maharashtra,TFWS,TFWS,SL,93.5511867,percentile,TFWS | 1968 | 93.5511867 | Stage-I,174,Other Than Home University Seats Allotted to Other Than Home University Candidates,4010b44e2605443b17712b027921f14233c5105e96814639d5e5f7ecedfaab29
7026366bbc3b-PG_MCA_CAP1_Cutoff_MH_2025_26__1_.pdf,6992,"Pune Cambridge Institute of Management and Computer Application, Ambegaon Pathar, Pune",1612224110,2025-26,1,Maharashtra,GOPENH,GOPENH,HU,51.4093808,percentile,GOPENH | 15045 | 51.4093808 | Stage-I,175,Home University Seats Allotted to Home University Candidates,072b27547c90df0c7567b0844f59533f4dc7fe5461613ae8e533a883b4b7e044
7026366bbc3b-PG_MCA_CAP1_Cutoff_MH_2025_26__1_.pdf,6992,"Pune Cambridge Institute of Management and Computer Application, Ambegaon Pathar, Pune",1612224110,2025-26,1,Maharashtra,GSCH,GSCH,HU,10.5199653,percentile,GSCH | 23764 | 10.5199653 | Stage-I,175,Home University Seats Allotted to Home University Candidates,b7e068e49fc79b5a710f46e1beb27cf9ce95cdd5711ec233610fb2c50316d18d
7026366bbc3b-PG_MCA_CAP1_Cutoff_MH_2025_26__1_.pdf,6992,"Pune Cambridge Institute of Management and Computer Application, Ambegaon Pathar, Pune",1612224110,2025-26,1,Maharashtra,GNTAH,GNTAH,HU,29.9046039,percentile,GNTAH | 20205 | 29.9046039 | Stage-I,175,Home University Seats Allotted to Home University Candidates,b85513983e961e65475b607711c3ea6cbae402cf6c636a53b2b6e682808207c6
7026366bbc3b-PG_MCA_CAP1_Cutoff_MH_2025_26__1_.pdf,6992,"Pune Cambridge Institute of Management and Computer Application, Ambegaon Pathar, Pune",1612224110,2025-26,1,Maharashtra,GNTCH,GNTCH,HU,3.0466423,percentile,GNTCH | 25039 | 3.0466423 | Stage-I,175,Home University Seats Allotted to Home University Candidates,d724a56ac6429a13d2c7866c53eb70b0d5c7e68a9ede187f6e91ec09f5131852
7026366bbc3b-PG_MCA_CAP1_Cutoff_MH_2025_26__1_.pdf,6992,"Pune Cambridge Institute of Management and Computer Application, Ambegaon Pathar, Pune",1612224110,2025-26,1,Maharashtra,GNTDH,GNTDH,HU,2.0301121,percentile,GNTDH | 25243 | 2.0301121 | Stage-I,175,Home University Seats Allotted to Home University Candidates,54533066c363de39239d10a9da4849294ea91db943823758d92687c00d4155f0
7026366bbc3b-PG_MCA_CAP1_Cutoff_MH_2025_26__1_.pdf,6992,"Pune Cambridge Institute of Management and Computer Application, Ambegaon Pathar, Pune",1612224110,2025-26,1,Maharashtra,GOBCH,GOBCH,HU,15.5994113,percentile,GOBCH | 22882 | 15.5994113 | Stage-I,175,Home University Seats Allotted to Home University Candidates,d54963a7048ee6c4b3b8c76d4c823c65f01030cdd2093dd895b7fe54edc5b172
7026366bbc3b-PG_MCA_CAP1_Cutoff_MH_2025_26__1_.pdf,6992,"Pune Cambridge Institute of Management and Computer Application, Ambegaon Pathar, Pune",1612224110,2025-26,1,Maharashtra,GSEBCH,GSEBCH,HU,23.1010151,percentile,GSEBCH | 21611 | 23.1010151 | Stage-I,175,Home University Seats Allotted to Home University Candidates,4dba454549f8135d75e585c7f362a8b177596570386533c8aafea9f3861a7428
7026366bbc3b-PG_MCA_CAP1_Cutoff_MH_2025_26__1_.pdf,6992,"Pune Cambridge Institute of Management and Computer Application, Ambegaon Pathar, Pune",1612224110,2025-26,1,Maharashtra,PWDOPENH,PWDOPENH,HU,34.5198145,percentile,PWDOPENH | 19333 | 34.5198145 | Stage-I,175,Home University Seats Allotted to Home University Candidates,af5cd49e52823968df95516f81cc2b2cc17c87017b5450da5b6c10952ce116d8
7026366bbc3b-PG_MCA_CAP1_Cutoff_MH_2025_26__1_.pdf,6992,"Pune Cambridge Institute of Management and Computer Application, Ambegaon Pathar, Pune",1612224110,2025-26,1,Maharashtra,GNTBH,GNTBH,HU,29.9046039,percentile,GNTBH | 20136 | 29.9046039 | Stage-I,175,Home University Seats Allotted to Other Than Home University Candidates,9d437eb2795c9182b5389e4f67862da118089ed5ab069abc7771c810004ff25a
7026366bbc3b-PG_MCA_CAP1_Cutoff_MH_2025_26__1_.pdf,6992,"Pune Cambridge Institute of Management and Computer Application, Ambegaon Pathar, Pune",1612224110,2025-26,1,Maharashtra,GOPENO,GOPENO,HU,53.942159,percentile,GOPENO | 14554 | 53.942159 | Stage-I,175,Other Than Home University Seats Allotted to Other Than Home University Candidates,384d18f5632d5fb523774d0919d29593c1ba463844b1ec28c8655ac71229aacf
7026366bbc3b-PG_MCA_CAP1_Cutoff_MH_2025_26__1_.pdf,6992,"Pune Cambridge Institute of Management and Computer Application, Ambegaon Pathar, Pune",1612224110,2025-26,1,Maharashtra,GNTCO,GNTCO,HU,23.1010151,percentile,GNTCO | 21564 | 23.1010151 | Stage-I,175,Other Than Home University Seats Allotted to Other Than Home University Candidates,1e48bebceb6cb8f46fa80a6c1f814059178150e1c8bbdeb5d10f133edeed32df
7026366bbc3b-PG_MCA_CAP1_Cutoff_MH_2025_26__1_.pdf,6992,"Pune Cambridge Institute of Management and Computer Application, Ambegaon Pathar, Pune",1612224110,2025-26,1,Maharashtra,GOBCO,GOBCO,HU,34.5198145,percentile,GOBCO | 19274 | 34.5198145 | Stage-I,175,Other Than Home University Seats Allotted to Other Than Home University Candidates,9aa5d39584f2f14fad0cfe5dd58e7936050aabe3d6c6faee86cca8b1d98f504e
7026366bbc3b-PG_MCA_CAP1_Cutoff_MH_2025_26__1_.pdf,6992,"Pune Cambridge Institute of Management and Computer Application, Ambegaon Pathar, Pune",1612224110,2025-26,1,Maharashtra,GSEBCO,GSEBCO,HU,0.5735633,percentile,GSEBCO | 25423 | 0.5735633 | Stage-I,175,Other Than Home University Seats Allotted to Other Than Home University Candidates,c2d339471c6625e40c50822d916eef81c9139d186ab1d3207a905a09a51cf558
7026366bbc3b-PG_MCA_CAP1_Cutoff_MH_2025_26__1_.pdf,6992,"Pune Cambridge Institute of Management and Computer Application, Ambegaon Pathar, Pune",1612224110,2025-26,1,Maharashtra,TFWS,TFWS,SL,44.5345198,percentile,TFWS | 16892 | 44.5345198 | Stage-I,175,Other Than Home University Seats Allotted to Other Than Home University Candidates,f57669da9c512aeb81b7b93e706bab096a640734e36e32dd6d3f163bb184f499
7026366bbc3b-PG_MCA_CAP1_Cutoff_MH_2025_26__1_.pdf,6992,"Pune Cambridge Institute of Management and Computer Application, Ambegaon Pathar, Pune",1612524210,2025-26,1,Maharashtra,GOPENH,GOPENH,HU,76.9216256,percentile,GOPENH | 7669 | 76.9216256 | Stage-I,176,Home University Seats Allotted to Home University Candidates,c0c6bdf9b4d5c18fc534686d2fddb9ab2de3643eca3d47fa4ef5b23a2b91bf49
7026366bbc3b-PG_MCA_CAP1_Cutoff_MH_2025_26__1_.pdf,6992,"Pune Cambridge Institute of Management and Computer Application, Ambegaon Pathar, Pune",1612524210,2025-26,1,Maharashtra,GSCH,GSCH,HU,23.1010151,percentile,GSCH | 21632 | 23.1010151 | Stage-I,176,Home University Seats Allotted to Home University Candidates,90dafbd4f76c1a6b17cc4712be048061e89d42cfe661c0748d514146f4c33a16
7026366bbc3b-PG_MCA_CAP1_Cutoff_MH_2025_26__1_.pdf,6992,"Pune Cambridge Institute of Management and Computer Application, Ambegaon Pathar, Pune",1612524210,2025-26,1,Maharashtra,GNTBH,GNTBH,HU,61.2807064,percentile,GNTBH | 12339 | 61.2807064 | Stage-I,176,Home University Seats Allotted to Home University Candidates,5193e510c65e7f1fa36331c570a796df810c68aa4689fe5f8eced50c41286cd5
7026366bbc3b-PG_MCA_CAP1_Cutoff_MH_2025_26__1_.pdf,6992,"Pune Cambridge Institute of Management and Computer Application, Ambegaon Pathar, Pune",1612524210,2025-26,1,Maharashtra,GNTCH,GNTCH,HU,7.9446476,percentile,GNTCH | 24233 | 7.9446476 | Stage-I,176,Home University Seats Allotted to Home University Candidates,43165870e8f4dd645599e46690e2a0795a6adc44d3a1155f344b8621fb91b3c8
7026366bbc3b-PG_MCA_CAP1_Cutoff_MH_2025_26__1_.pdf,6992,"Pune Cambridge Institute of Management and Computer Application, Ambegaon Pathar, Pune",1612524210,2025-26,1,Maharashtra,GOBCH,GOBCH,HU,51.4093808,percentile,GOBCH | 14606 | 51.4093808 | Stage-I,176,Home University Seats Allotted to Home University Candidates,aa32cc11787c3ff2f35a68ecc82402e9d66cbb287676cf1a7b31b572af06575b
7026366bbc3b-PG_MCA_CAP1_Cutoff_MH_2025_26__1_.pdf,6992,"Pune Cambridge Institute of Management and Computer Application, Ambegaon Pathar, Pune",1612524210,2025-26,1,Maharashtra,GSEBCH,GSEBCH,HU,71.1549338,percentile,GSEBCH | 9057 | 71.1549338 | Stage-I,176,Home University Seats Allotted to Home University Candidates,3e803746ce2ec786ff656963ae38d7c2b36cd45c3950584b2c433dd57a47578b
7026366bbc3b-PG_MCA_CAP1_Cutoff_MH_2025_26__1_.pdf,6992,"Pune Cambridge Institute of Management and Computer Application, Ambegaon Pathar, Pune",1612524210,2025-26,1,Maharashtra,GOPENO,GOPENO,HU,31.6629561,percentile,GOPENO | 19601 | 31.6629561 | Stage-I,176,Other Than Home University Seats Allotted to Other Than Home University Candidates,d045e4e7c75b556b0637dcb2aa0a33d70252447519be9de93d48a85dd24fe7e2
7026366bbc3b-PG_MCA_CAP1_Cutoff_MH_2025_26__1_.pdf,6992,"Pune Cambridge Institute of Management and Computer Application, Ambegaon Pathar, Pune",1612524210,2025-26,1,Maharashtra,GSCO,GSCO,HU,19.1539942,percentile,GSCO | 22419 | 19.1539942 | Stage-I,176,Other Than Home University Seats Allotted to Home University Candidates,f2bda06688439d46d1fc8fe5d47a8804d7c0d05568435fec142508dcbd011917
7026366bbc3b-PG_MCA_CAP1_Cutoff_MH_2025_26__1_.pdf,6992,"Pune Cambridge Institute of Management and Computer Application, Ambegaon Pathar, Pune",1612524210,2025-26,1,Maharashtra,GOBCO,GOBCO,HU,41.4550394,percentile,GOBCO | 17206 | 41.4550394 | Stage-I,176,Other Than Home University Seats Allotted to Home University Candidates,ca0f44cb779ae18035fa9ef4d766e807cb4d6eb1ec1eb409e2dad692fab4d443
7026366bbc3b-PG_MCA_CAP1_Cutoff_MH_2025_26__1_.pdf,6992,"Pune Cambridge Institute of Management and Computer Application, Ambegaon Pathar, Pune",1612524210,2025-26,1,Maharashtra,GSEBCO,GSEBCO,HU,69.7143504,percentile,GSEBCO | 9857 | 69.7143504 | Stage-I,176,Other Than Home University Seats Allotted to Home University Candidates,2effa0b60bdae6708ed9726d2805c7be539703785dfc2a360871d0cbc32535a0
7026366bbc3b-PG_MCA_CAP1_Cutoff_MH_2025_26__1_.pdf,6992,"Pune Cambridge Institute of Management and Computer Application, Ambegaon Pathar, Pune",1612524210,2025-26,1,Maharashtra,EWS,EWS,SL,12.4750009,percentile,EWS | 23514 | 12.4750009 | Stage-I,176,Other Than Home University Seats Allotted to Home University Candidates,35768e987c492bfd1db74de01f5bddf70196a9348390170e92ad6d41ec1f9a10
7026366bbc3b-PG_MCA_CAP1_Cutoff_MH_2025_26__1_.pdf,6992,"Pune Cambridge Institute of Management and Computer Application, Ambegaon Pathar, Pune",1612524210,2025-26,1,Maharashtra,TFWS,TFWS,SL,77.8251197,percentile,TFWS | 7247 | 77.8251197 | Stage-I,176,Other Than Home University Seats Allotted to Home University Candidates,12f4cf8ca2eaadea87767fefec61bdf0436f1ce0c08aec8e5697b1d7f37ee29a
7026366bbc3b-PG_MCA_CAP1_Cutoff_MH_2025_26__1_.pdf,6992,"Pune Cambridge Institute of Management and Computer Application, Ambegaon Pathar, Pune",1612524210,2025-26,1,Maharashtra,GOPENH,GOPENH,HU,77.8251197,percentile,GOPENH | 7312 | 77.8251197 | Stage-I,177,Home University Seats Allotted to Home University Candidates,d7e2dd8c53e32b3184b91ff2d15ec7536fa1b31a8587865ad02ec4466ae4c10f
7026366bbc3b-PG_MCA_CAP1_Cutoff_MH_2025_26__1_.pdf,6992,"Pune Cambridge Institute of Management and Computer Application, Ambegaon Pathar, Pune",1612524210,2025-26,1,Maharashtra,GSCH,GSCH,HU,41.4550394,percentile,GSCH | 17423 | 41.4550394 | Stage-I,177,Home University Seats Allotted to Home University Candidates,eab55f81ca0f4302a4c9728049e6c75551f0932facbe05bb5c9642d9f17538a0
7026366bbc3b-PG_MCA_CAP1_Cutoff_MH_2025_26__1_.pdf,6992,"Pune Cambridge Institute of Management and Computer Application, Ambegaon Pathar, Pune",1612524210,2025-26,1,Maharashtra,GNTBH,GNTBH,HU,69.7143504,percentile,GNTBH | 9844 | 69.7143504 | Stage-I,177,Home University Seats Allotted to Home University Candidates,5dee08b372e354fb7893588680266bc09b4a2644c7be7b6792abd6083993f0e1
7026366bbc3b-PG_MCA_CAP1_Cutoff_MH_2025_26__1_.pdf,6992,"Pune Cambridge Institute of Management and Computer Application, Ambegaon Pathar, Pune",1612524210,2025-26,1,Maharashtra,GNTCH,GNTCH,HU,4.302251,percentile,GNTCH | 24820 | 4.302251 | Stage-I,177,Home University Seats Allotted to Home University Candidates,a10d5af8f3ad5bf8696d87e3d27a2ac010abe190e0fd711641a36998d7e737a8
7026366bbc3b-PG_MCA_CAP1_Cutoff_MH_2025_26__1_.pdf,6992,"Pune Cambridge Institute of Management and Computer Application, Ambegaon Pathar, Pune",1612524210,2025-26,1,Maharashtra,GOBCH,GOBCH,HU,29.9046039,percentile,GOBCH | 20274 | 29.9046039 | Stage-I,177,Home University Seats Allotted to Home University Candidates,2dae97f0c4f25f98c0a5d81e2441d84afaacf29009d328bfd20e25285cd6a67d
7026366bbc3b-PG_MCA_CAP1_Cutoff_MH_2025_26__1_.pdf,6992,"Pune Cambridge Institute of Management and Computer Application, Ambegaon Pathar, Pune",1612524210,2025-26,1,Maharashtra,GSEBCH,GSEBCH,HU,61.2807064,percentile,GSEBCH | 12607 | 61.2807064 | Stage-I,177,Home University Seats Allotted to Home University Candidates,ecd2f3cfc0fe6e1bc0bc29069a1ab83989a770385bce7dfa9f34004b808b40e1
7026366bbc3b-PG_MCA_CAP1_Cutoff_MH_2025_26__1_.pdf,6992,"Pune Cambridge Institute of Management and Computer Application, Ambegaon Pathar, Pune",1612524210,2025-26,1,Maharashtra,PWDOPENH,PWDOPENH,HU,51.4093808,percentile,PWDOPENH | 15016 | 51.4093808 | Stage-I,177,Home University Seats Allotted to Home University Candidates,e30eb53f05fc2603cdc403b0746f89133f4d0c7dfab397491654b0bf5a8e3f76
7026366bbc3b-PG_MCA_CAP1_Cutoff_MH_2025_26__1_.pdf,6992,"Pune Cambridge Institute of Management and Computer Application, Ambegaon Pathar, Pune",1612524210,2025-26,1,Maharashtra,GOPENO,GOPENO,HU,5.9311489,percentile,GOPENO | 24555 | 5.9311489 | Stage-I,177,Other Than Home University Seats Allotted to Other Than Home University Candidates,07b69f8ee1003930ae0ea274dd51dccdf95696c8626c73211fafc1631795cb2b
7026366bbc3b-PG_MCA_CAP1_Cutoff_MH_2025_26__1_.pdf,6992,"Pune Cambridge Institute of Management and Computer Application, Ambegaon Pathar, Pune",1612524210,2025-26,1,Maharashtra,GSCO,GSCO,HU,10.5199653,percentile,GSCO | 23767 | 10.5199653 | Stage-I,177,Other Than Home University Seats Allotted to Home University Candidates,c5c8b40f527a96c7fcdf8e37b2ffecbc329f4bba2c0f22a07508921d163f0f8d
7026366bbc3b-PG_MCA_CAP1_Cutoff_MH_2025_26__1_.pdf,6992,"Pune Cambridge Institute of Management and Computer Application, Ambegaon Pathar, Pune",1612524210,2025-26,1,Maharashtra,GNTBO,GNTBO,HU,36.496736,percentile,GNTBO | 18725 | 36.496736 | Stage-I,177,Other Than Home University Seats Allotted to Home University Candidates,869ec22c4e151bf5a836dbe25834c00ac4cdb095e398ce082cffe91b6dde2258
7026366bbc3b-PG_MCA_CAP1_Cutoff_MH_2025_26__1_.pdf,6992,"Pune Cambridge Institute of Management and Computer Application, Ambegaon Pathar, Pune",1612524210,2025-26,1,Maharashtra,GSEBCO,GSEBCO,HU,58.7911466,percentile,GSEBCO | 13130 | 58.7911466 | Stage-I,177,Other Than Home University Seats Allotted to Home University Candidates,2dbfacec49dedf8814345fdcc76e5cac8bd478b63fafaaa8046f8338e3f2de5f
7026366bbc3b-PG_MCA_CAP1_Cutoff_MH_2025_26__1_.pdf,6992,"Pune Cambridge Institute of Management and Computer Application, Ambegaon Pathar, Pune",1612524210,2025-26,1,Maharashtra,TFWS,TFWS,SL,82.8308366,percentile,TFWS | 5999 | 82.8308366 | Stage-I,177,Other Than Home University Seats Allotted to Home University Candidates,995c11ba9d32292f2b99f73282550277b431bf3fa32862532be33d5d7b37476b
7026366bbc3b-PG_MCA_CAP1_Cutoff_MH_2025_26__1_.pdf,6992,"Pune Cambridge Institute of Management and Computer Application, Ambegaon Pathar, Pune",1612524210,2025-26,1,Maharashtra,GOPENH,GOPENH,HU,46.3793819,percentile,GOPENH | 16086 | 46.3793819 | Stage-I,178,Home University Seats Allotted to Home University Candidates,b137e782d747b55c350df6f186b2b30cdaa5317d500421b2ec3d3d90bff14f3f
7026366bbc3b-PG_MCA_CAP1_Cutoff_MH_2025_26__1_.pdf,6992,"Pune Cambridge Institute of Management and Computer Application, Ambegaon Pathar, Pune",1612524210,2025-26,1,Maharashtra,GSCH,GSCH,HU,15.5994113,percentile,GSCH | 22968 | 15.5994113 | Stage-I,178,Home University Seats Allotted to Home University Candidates,d0eb0e86be4328313a79cafc15a48cc82028d16a90d19f5f80b9d1915b747003
7026366bbc3b-PG_MCA_CAP1_Cutoff_MH_2025_26__1_.pdf,6992,"Pune Cambridge Institute of Management and Computer Application, Ambegaon Pathar, Pune",1612524210,2025-26,1,Maharashtra,GNTCH,GNTCH,HU,41.4550394,percentile,GNTCH | 17471 | 41.4550394 | Stage-I,178,Home University Seats Allotted to Home University Candidates,ab618171d6365cea3736a4e9fad4d1218947f190db12e7095a7e7b4db127273d
7026366bbc3b-PG_MCA_CAP1_Cutoff_MH_2025_26__1_.pdf,6992,"Pune Cambridge Institute of Management and Computer Application, Ambegaon Pathar, Pune",1612524210,2025-26,1,Maharashtra,GOBCH,GOBCH,HU,2.8640429,percentile,GOBCH | 25136 | 2.8640429 | Stage-I,178,Home University Seats Allotted to Home University Candidates,11add8e1b63ca82a5102243a448ca00ca43c347882c0f000a9eb9b9b71cd7d77
7026366bbc3b-PG_MCA_CAP1_Cutoff_MH_2025_26__1_.pdf,6992,"Pune Cambridge Institute of Management and Computer Application, Ambegaon Pathar, Pune",1612524210,2025-26,1,Maharashtra,GSEBCH,GSEBCH,HU,25.4779232,percentile,GSEBCH | 20861 | 25.4779232 | Stage-I,178,Home University Seats Allotted to Home University Candidates,c73713081cacead993299f3bffe216bc787e2838f12867a7c761b18fc09520e3
7026366bbc3b-PG_MCA_CAP1_Cutoff_MH_2025_26__1_.pdf,6992,"Pune Cambridge Institute of Management and Computer Application, Ambegaon Pathar, Pune",1612524210,2025-26,1,Maharashtra,GOPENO,GOPENO,HU,49.3533426,percentile,GOPENO | 15847 | 49.3533426 | Stage-I,178,Other Than Home University Seats Allotted to Other Than Home University Candidates,667a23b8c44e99494289b6715bb64327599d6342f442a51bcc875859c3c24a01
7026366bbc3b-PG_MCA_CAP1_Cutoff_MH_2025_26__1_.pdf,6992,"Pune Cambridge Institute of Management and Computer Application, Ambegaon Pathar, Pune",1612524210,2025-26,1,Maharashtra,GNTCO,GNTCO,HU,15.5994113,percentile,GNTCO | 22956 | 15.5994113 | Stage-I,178,Other Than Home University Seats Allotted to Home University Candidates,0741b9e60a4771f78fd98e3c75164c4b8aa626310214f7f94d830da11e261d6a
7026366bbc3b-PG_MCA_CAP1_Cutoff_MH_2025_26__1_.pdf,6992,"Pune Cambridge Institute of Management and Computer Application, Ambegaon Pathar, Pune",1612524210,2025-26,1,Maharashtra,TFWS,TFWS,SL,3.0466423,percentile,TFWS | 25025 | 3.0466423 | Stage-I,178,Other Than Home University Seats Allotted to Home University Candidates,109c1ac77ab521c8b7178e085ea13fcda818c348b4a4d418c476bff792dbbe81
7026366bbc3b-PG_MCA_CAP1_Cutoff_MH_2025_26__1_.pdf,6992,"Pune Cambridge Institute of Management and Computer Application, Ambegaon Pathar, Pune",1612524210,2025-26,1,Maharashtra,GOPENH,GOPENH,HU,49.3533426,percentile,GOPENH | 15735 | 49.3533426 | Stage-I,179,Home University Seats Allotted to Home University Candidates,fa2e99d4e9291d446919d5d1a6cdbc6249ed31b53fb096a1eae027d6d02141f5
7026366bbc3b-PG_MCA_CAP1_Cutoff_MH_2025_26__1_.pdf,6992,"Pune Cambridge Institute of Management and Computer Application, Ambegaon Pathar, Pune",1612524210,2025-26,1,Maharashtra,GOBCH,GOBCH,HU,5.9311489,percentile,GOBCH | 24606 | 5.9311489 | Stage-I,179,Home University Seats Allotted to Home University Candidates,e64b6fa309a52f6dfb607e7e83d2c2705c8aa47223000331c2e2c66ac59d20b6
7026366bbc3b-PG_MCA_CAP1_Cutoff_MH_2025_26__1_.pdf,6992,"Pune Cambridge Institute of Management and Computer Application, Ambegaon Pathar, Pune",1612524210,2025-26,1,Maharashtra,GOPENO,GOPENO,HU,80.5399495,percentile,GOPENO | 6408 | 80.5399495 | Stage-I,179,Other Than Home University Seats Allotted to Other Than Home University Candidates,460d90b05fd8717c41e7e75ab803408431e75a16e25e360ed419b8d15e9bdd94
7026366bbc3b-PG_MCA_CAP1_Cutoff_MH_2025_26__1_.pdf,6992,"Pune Cambridge Institute of Management and Computer Application, Ambegaon Pathar, Pune",1612524210,2025-26,1,Maharashtra,GOPENO,GOPENO,HU,25.4779232,percentile,GOPENO | 20993 | 25.4779232 | Stage-I,179,Other Than Home University Seats Allotted to Home University Candidates,65a00361048c2fcc6bc2e110c2f0cae899fc4c04a6227ea4a1cca612fcd22140
7026366bbc3b-PG_MCA_CAP1_Cutoff_MH_2025_26__1_.pdf,6992,"Pune Cambridge Institute of Management and Computer Application, Ambegaon Pathar, Pune",1612524210,2025-26,1,Maharashtra,TFWS,TFWS,SL,41.4550394,percentile,TFWS | 17472 | 41.4550394 | Stage-I,179,Other Than Home University Seats Allotted to Home University Candidates,24fcb4d0d53045628a7268e4cdddcaa4ad766c5c689c02c866d96124f479b72a
7026366bbc3b-PG_MCA_CAP1_Cutoff_MH_2025_26__1_.pdf,6992,"Pune Cambridge Institute of Management and Computer Application, Ambegaon Pathar, Pune",1620024110,2025-26,1,Maharashtra,GOPENH,GOPENH,HU,53.942159,percentile,GOPENH | 14272 | 53.942159 | Stage-I,180,Home University Seats Allotted to Home University Candidates,7a7690e7fb9ad119b6c69740b44e59e6bb8b70f4adf05ffc87b44b15b00c5533
7026366bbc3b-PG_MCA_CAP1_Cutoff_MH_2025_26__1_.pdf,6992,"Pune Cambridge Institute of Management and Computer Application, Ambegaon Pathar, Pune",1620024110,2025-26,1,Maharashtra,GSCH,GSCH,HU,13.5402134,percentile,GSCH | 23314 | 13.5402134 | Stage-I,180,Home University Seats Allotted to Home University Candidates,47b649d5c39d6c7bf4ae0255b79694ed2aaef4747e6831a8a84377c7f2fec66a
7026366bbc3b-PG_MCA_CAP1_Cutoff_MH_2025_26__1_.pdf,6992,"Pune Cambridge Institute of Management and Computer Application, Ambegaon Pathar, Pune",1620024110,2025-26,1,Maharashtra,GOBCH,GOBCH,HU,4.302251,percentile,GOBCH | 24823 | 4.302251 | Stage-I,180,Home University Seats Allotted to Home University Candidates,8b03fdf06bc6e9c435622cf229d60b6dd35f4382bbd3330f2fb5b702fd94f1bc
7026366bbc3b-PG_MCA_CAP1_Cutoff_MH_2025_26__1_.pdf,6992,"Pune Cambridge Institute of Management and Computer Application, Ambegaon Pathar, Pune",1620024110,2025-26,1,Maharashtra,GSEBCH,GSEBCH,HU,12.4750009,percentile,GSEBCH | 23656 | 12.4750009 | Stage-I,180,Home University Seats Allotted to Home University Candidates,81da515af7ba818934453a7a5b392e848c8e1c621c41bed90d87eb1f26a3403e
7026366bbc3b-PG_MCA_CAP1_Cutoff_MH_2025_26__1_.pdf,6992,"Pune Cambridge Institute of Management and Computer Application, Ambegaon Pathar, Pune",1620024110,2025-26,1,Maharashtra,GOPENO,GOPENO,HU,25.4779232,percentile,GOPENO | 20981 | 25.4779232 | Stage-I,180,Other Than Home University Seats Allotted to Other Than Home University Candidates,ae370b0237d088022b5cc7e7d45c20a67c4c3e1f8d2b4d25ef280769788420f5
7026366bbc3b-PG_MCA_CAP1_Cutoff_MH_2025_26__1_.pdf,6992,"Pune Cambridge Institute of Management and Computer Application, Ambegaon Pathar, Pune",1620024110,2025-26,1,Maharashtra,GOPENO,GOPENO,HU,51.4093808,percentile,GOPENO | 14604 | 51.4093808 | Stage-I,180,Other Than Home University Seats Allotted to Home University Candidates,e9c2d22d9f28769ee624e1b7dfe7ad5476a4f6c530e65999361dbae720369ee8
7026366bbc3b-PG_MCA_CAP1_Cutoff_MH_2025_26__1_.pdf,6992,"Pune Cambridge Institute of Management and Computer Application, Ambegaon Pathar, Pune",1620024110,2025-26,1,Maharashtra,TFWS,TFWS,SL,56.5488095,percentile,TFWS | 13672 | 56.5488095 | Stage-I,180,Other Than Home University Seats Allotted to Home University Candidates,885be7648834fde7aa9a527fdb9383c2d62b2a154602c066cc97be34352becee
7026366bbc3b-PG_MCA_CAP1_Cutoff_MH_2025_26__1_.pdf,6992,"Pune Cambridge Institute of Management and Computer Application, Ambegaon Pathar, Pune",1620024110,2025-26,1,Maharashtra,GOPENH,GOPENH,HU,85.2118788,percentile,GOPENH | 4946 | 85.2118788 | Stage-I,181,Home University Seats Allotted to Home University Candidates,97afb9517f656857b620a818f2432015b82eb076bfdeefac90a1567cc58c7488
7026366bbc3b-PG_MCA_CAP1_Cutoff_MH_2025_26__1_.pdf,6992,"Pune Cambridge Institute of Management and Computer Application, Ambegaon Pathar, Pune",1620024110,2025-26,1,Maharashtra,GSCH,GSCH,HU,4.067771,percentile,GSCH | 24920 | 4.067771 | Stage-I,181,Home University Seats Allotted to Home University Candidates,d2ab57e3f3ab702e7adc2e0a0c1f020fc94fa40c49cb6a1df13a8ea3f4ab2b7e
7026366bbc3b-PG_MCA_CAP1_Cutoff_MH_2025_26__1_.pdf,6992,"Pune Cambridge Institute of Management and Computer Application, Ambegaon Pathar, Pune",1620024110,2025-26,1,Maharashtra,GNTBH,GNTBH,HU,2.8640429,percentile,GNTBH | 25162 | 2.8640429 | Stage-I,181,Home University Seats Allotted to Home University Candidates,48e7cbcb3dcc793129f7494b84f3781bf79408cf896fcc574c2da1725f2278ac
7026366bbc3b-PG_MCA_CAP1_Cutoff_MH_2025_26__1_.pdf,6992,"Pune Cambridge Institute of Management and Computer Application, Ambegaon Pathar, Pune",1620024110,2025-26,1,Maharashtra,GNTCH,GNTCH,HU,65.8578922,percentile,GNTCH | 11083 | 65.8578922 | Stage-I,181,Home University Seats Allotted to Home University Candidates,18663ed3f70010984c414fb11f0e4020458b2e86f06a8418bfce5db176d6eed5
7026366bbc3b-PG_MCA_CAP1_Cutoff_MH_2025_26__1_.pdf,6992,"Pune Cambridge Institute of Management and Computer Application, Ambegaon Pathar, Pune",1620024110,2025-26,1,Maharashtra,GNTDH,GNTDH,HU,79.9969812,percentile,GNTDH | 6646 | 79.9969812 | Stage-I,181,Home University Seats Allotted to Home University Candidates,6bcbeded6cbaf768e4c76130fd2a3adbe5f1348cbd94cea807793b3e2acc4849
7026366bbc3b-PG_MCA_CAP1_Cutoff_MH_2025_26__1_.pdf,6992,"Pune Cambridge Institute of Management and Computer Application, Ambegaon Pathar, Pune",1620024110,2025-26,1,Maharashtra,GOBCH,GOBCH,HU,25.4779232,percentile,GOBCH | 21131 | 25.4779232 | Stage-I,181,Home University Seats Allotted to Home University Candidates,2676dfcacbcae87364144eb864fbbc1fe2afc9e4f78afe0b3f3175e24817a665
7026366bbc3b-PG_MCA_CAP1_Cutoff_MH_2025_26__1_.pdf,6992,"Pune Cambridge Institute of Management and Computer Application, Ambegaon Pathar, Pune",1620024110,2025-26,1,Maharashtra,GSEBCH,GSEBCH,HU,56.5488095,percentile,GSEBCH | 13726 | 56.5488095 | Stage-I,181,Home University Seats Allotted to Home University Candidates,e9e3a788066d8ff083a7e0330f8c4c5892ff2208679e97c2ccfae894306627d5
7026366bbc3b-PG_MCA_CAP1_Cutoff_MH_2025_26__1_.pdf,6992,"Pune Cambridge Institute of Management and Computer Application, Ambegaon Pathar, Pune",1620024110,2025-26,1,Maharashtra,GOPENO,GOPENO,HU,36.496736,percentile,GOPENO | 18545 | 36.496736 | Stage-I,181,Other Than Home University Seats Allotted to Other Than Home University Candidates,e642f048d389c5698362e9d7d23bc27c36acaf76c1beb1c94716d405d8faae59
7026366bbc3b-PG_MCA_CAP1_Cutoff_MH_2025_26__1_.pdf,6992,"Pune Cambridge Institute of Management and Computer Application, Ambegaon Pathar, Pune",1620024110,2025-26,1,Maharashtra,GOPENO,GOPENO,HU,76.9216256,percentile,GOPENO | 7848 | 76.9216256 | Stage-I,181,Other Than Home University Seats Allotted to Home University Candidates,9e17ab6f0806fff165566e407288472e6154b1fe0e952ec74a0f7fb5d8aad529
7026366bbc3b-PG_MCA_CAP1_Cutoff_MH_2025_26__1_.pdf,6992,"Pune Cambridge Institute of Management and Computer Application, Ambegaon Pathar, Pune",1620024110,2025-26,1,Maharashtra,GSCO,GSCO,HU,2.8640429,percentile,GSCO | 25140 | 2.8640429 | Stage-I,181,Other Than Home University Seats Allotted to Home University Candidates,027e7725b2eac129564efd3e3099e38698fe7356f1e7e72099a77ba399b7b7c8
7026366bbc3b-PG_MCA_CAP1_Cutoff_MH_2025_26__1_.pdf,6992,"Pune Cambridge Institute of Management and Computer Application, Ambegaon Pathar, Pune",1620024110,2025-26,1,Maharashtra,GSEBCO,GSEBCO,HU,56.5488095,percentile,GSEBCO | 13904 | 56.5488095 | Stage-I,181,Other Than Home University Seats Allotted to Home University Candidates,45a28c8e4d7f987d3ffd1776cfca22b4cecc83f53925a34da223a67a32f2f456
7026366bbc3b-PG_MCA_CAP1_Cutoff_MH_2025_26__1_.pdf,6992,"Pune Cambridge Institute of Management and Computer Application, Ambegaon Pathar, Pune",1620024110,2025-26,1,Maharashtra,TFWS,TFWS,SL,71.1549338,percentile,TFWS | 9200 | 71.1549338 | Stage-I,181,Other Than Home University Seats Allotted to Home University Candidates,e7ec152692204783574101349495f7abc644b4a7efe14edefde2141616827f55
7026366bbc3b-PG_MCA_CAP1_Cutoff_MH_2025_26__1_.pdf,6992,"Pune Cambridge Institute of Management and Computer Application, Ambegaon Pathar, Pune",1621624110,2025-26,1,Maharashtra,GOPENH,GOPENH,HU,77.8251197,percentile,GOPENH | 7216 | 77.8251197 | Stage-I,182,Home University Seats Allotted to Home University Candidates,f6bfbf26b9ce26d05e717860a27e759ce80509c707f81e8704c229b3f7c0c19e
7026366bbc3b-PG_MCA_CAP1_Cutoff_MH_2025_26__1_.pdf,6992,"Pune Cambridge Institute of Management and Computer Application, Ambegaon Pathar, Pune",1621624110,2025-26,1,Maharashtra,GSCH,GSCH,HU,25.4779232,percentile,GSCH | 21193 | 25.4779232 | Stage-I,182,Home University Seats Allotted to Home University Candidates,f342a3659f24953b3d98bf072c09652eefc08c3c9481fb7fc0dfc107d51bd178
7026366bbc3b-PG_MCA_CAP1_Cutoff_MH_2025_26__1_.pdf,6992,"Pune Cambridge Institute of Management and Computer Application, Ambegaon Pathar, Pune",1621624110,2025-26,1,Maharashtra,GNTAH,GNTAH,HU,58.7911466,percentile,GNTAH | 12857 | 58.7911466 | Stage-I,182,Home University Seats Allotted to Home University Candidates,19b0052b91d8e647a26a2f19102c8cf3cbf893ab73ceae36cc199c29a957ad06
7026366bbc3b-PG_MCA_CAP1_Cutoff_MH_2025_26__1_.pdf,6992,"Pune Cambridge Institute of Management and Computer Application, Ambegaon Pathar, Pune",1621624110,2025-26,1,Maharashtra,GNTCH,GNTCH,HU,41.4550394,percentile,GNTCH | 17301 | 41.4550394 | Stage-I,182,Home University Seats Allotted to Home University Candidates,ee423320f8b2e094c2645b8f72d1118095079f39371fa1420f398e666a5593d3
7026366bbc3b-PG_MCA_CAP1_Cutoff_MH_2025_26__1_.pdf,6992,"Pune Cambridge Institute of Management and Computer Application, Ambegaon Pathar, Pune",1621624110,2025-26,1,Maharashtra,GOBCH,GOBCH,HU,2.0301121,percentile,GOBCH | 25291 | 2.0301121 | Stage-I,182,Home University Seats Allotted to Home University Candidates,ca047028ce27394531922df98439b13a0c9db7c3cb3a0be51530a9f614298ce7
7026366bbc3b-PG_MCA_CAP1_Cutoff_MH_2025_26__1_.pdf,6992,"Pune Cambridge Institute of Management and Computer Application, Ambegaon Pathar, Pune",1621624110,2025-26,1,Maharashtra,GSEBCH,GSEBCH,HU,56.5488095,percentile,GSEBCH | 13878 | 56.5488095 | Stage-I,182,Home University Seats Allotted to Home University Candidates,0893a30bd936c055f53b6f1cc0ea99bce17a773f59ddd3ae42bdbda3fd076ea6
7026366bbc3b-PG_MCA_CAP1_Cutoff_MH_2025_26__1_.pdf,6992,"Pune Cambridge Institute of Management and Computer Application, Ambegaon Pathar, Pune",1621624110,2025-26,1,Maharashtra,GOPENO,GOPENO,HU,46.3793819,percentile,GOPENO | 16352 | 46.3793819 | Stage-I,182,Other Than Home University Seats Allotted to Other Than Home University Candidates,476dce23ea9a637d766af23a2b857274daeeac6187270891319adca742839937
7026366bbc3b-PG_MCA_CAP1_Cutoff_MH_2025_26__1_.pdf,6992,"Pune Cambridge Institute of Management and Computer Application, Ambegaon Pathar, Pune",1621624110,2025-26,1,Maharashtra,GSEBCO,GSEBCO,HU,29.9046039,percentile,GSEBCO | 20233 | 29.9046039 | Stage-I,182,Other Than Home University Seats Allotted to Other Than Home University Candidates,1aa9581cfaa22522d700a6c853a815052e3b0561f2009550843b523b047ff82d
7026366bbc3b-PG_MCA_CAP1_Cutoff_MH_2025_26__1_.pdf,6992,"Pune Cambridge Institute of Management and Computer Application, Ambegaon Pathar, Pune",1621624110,2025-26,1,Maharashtra,GNTCO,GNTCO,HU,39.3989669,percentile,GNTCO | 18031 | 39.3989669 | Stage-I,182,Other Than Home University Seats Allotted to Home University Candidates,1e2a84add4d70e1b445f7ea58b5d9dbdcde6b6ddbf0b620f9239a12e37c37d18
7026366bbc3b-PG_MCA_CAP1_Cutoff_MH_2025_26__1_.pdf,6992,"Pune Cambridge Institute of Management and Computer Application, Ambegaon Pathar, Pune",1621624110,2025-26,1,Maharashtra,EWS,EWS,SL,25.4779232,percentile,EWS | 21099 | 25.4779232 | Stage-I,182,Other Than Home University Seats Allotted to Home University Candidates,4b59c6f90c9626604dce5baa6f1a6c48ec0efa508ec6925e281802e3d03ae57e
7026366bbc3b-PG_MCA_CAP1_Cutoff_MH_2025_26__1_.pdf,6992,"Pune Cambridge Institute of Management and Computer Application, Ambegaon Pathar, Pune",1621624110,2025-26,1,Maharashtra,TFWS,TFWS,SL,85.2118788,percentile,TFWS | 5204 | 85.2118788 | Stage-I,182,Other Than Home University Seats Allotted to Home University Candidates,71a8f384c709bd9c42f53bfd5901db1d3ec334d0428a1f2a193ded803ed13627
7026366bbc3b-PG_MCA_CAP1_Cutoff_MH_2025_26__1_.pdf,6992,"Pune Cambridge Institute of Management and Computer Application, Ambegaon Pathar, Pune",1625924110,2025-26,1,Maharashtra,GOPENH,GOPENH,HU,49.3533426,percentile,GOPENH | 15224 | 49.3533426 | Stage-I,183,Home University Seats Allotted to Home University Candidates,bb9edb48e37f7f9a717a5a14154b4934eb32194023267bf4c6d8665ff9dcd898
7026366bbc3b-PG_MCA_CAP1_Cutoff_MH_2025_26__1_.pdf,6992,"Pune Cambridge Institute of Management and Computer Application, Ambegaon Pathar, Pune",1625924110,2025-26,1,Maharashtra,GOBCH,GOBCH,HU,12.4750009,percentile,GOBCH | 23583 | 12.4750009 | Stage-I,183,Home University Seats Allotted to Home University Candidates,ad23c2aec81a344cce0d59dfecd5f11cde7f4f461736b77f754e004af1c9af42
7026366bbc3b-PG_MCA_CAP1_Cutoff_MH_2025_26__1_.pdf,6992,"Pune Cambridge Institute of Management and Computer Application, Ambegaon Pathar, Pune",1625924110,2025-26,1,Maharashtra,GSCH,GSCH,HU,12.4750009,percentile,GSCH | 23655 | 12.4750009 | Stage-I,183,Home University Seats Allotted to Other Than Home University Candidates,93bf788e1e6b1c2ccaf6a25a63016ac53889615879c7945569d5404abb1dea79
7026366bbc3b-PG_MCA_CAP1_Cutoff_MH_2025_26__1_.pdf,6992,"Pune Cambridge Institute of Management and Computer Application, Ambegaon Pathar, Pune",1625924110,2025-26,1,Maharashtra,GNTBH,GNTBH,HU,39.3989669,percentile,GNTBH | 18151 | 39.3989669 | Stage-I,183,Home University Seats Allotted to Other Than Home University Candidates,6ef6ad172761acf9576f9c01e6f1a3aca734a55c0ef1488f21754a759f89b1c9
7026366bbc3b-PG_MCA_CAP1_Cutoff_MH_2025_26__1_.pdf,6992,"Pune Cambridge Institute of Management and Computer Application, Ambegaon Pathar, Pune",1625924110,2025-26,1,Maharashtra,GNTCH,GNTCH,HU,19.1539942,percentile,GNTCH | 22271 | 19.1539942 | Stage-I,183,Home University Seats Allotted to Other Than Home University Candidates,101a1f54478d34a5edeea9b59f9d9e7ca17eb59143c3690f719c85e792861e6c
7026366bbc3b-PG_MCA_CAP1_Cutoff_MH_2025_26__1_.pdf,6992,"Pune Cambridge Institute of Management and Computer Application, Ambegaon Pathar, Pune",1625924110,2025-26,1,Maharashtra,GOBCH,GOBCH,HU,51.4093808,percentile,GOBCH | 14642 | 51.4093808 | Stage-I,183,Home University Seats Allotted to Other Than Home University Candidates,2ca54b32b044678ea5f53e9d19db21611e2eaab19223682fa7c824b6cc3eb83d
7026366bbc3b-PG_MCA_CAP1_Cutoff_MH_2025_26__1_.pdf,6992,"Pune Cambridge Institute of Management and Computer Application, Ambegaon Pathar, Pune",1625924110,2025-26,1,Maharashtra,GSEBCH,GSEBCH,HU,36.496736,percentile,GSEBCH | 18429 | 36.496736 | Stage-I,183,Home University Seats Allotted to Other Than Home University Candidates,285cdc8f47213d63ee6a66486c36329b2043c79e228946e674a9f0ca7edac65f
7026366bbc3b-PG_MCA_CAP1_Cutoff_MH_2025_26__1_.pdf,6992,"Pune Cambridge Institute of Management and Computer Application, Ambegaon Pathar, Pune",1625924110,2025-26,1,Maharashtra,GOPENO,GOPENO,HU,69.7143504,percentile,GOPENO | 9841 | 69.7143504 | Stage-I,183,Other Than Home University Seats Allotted to Other Than Home University Candidates,aa3eb8780dac58b93ece6605b1577bc8b4463fecd243c1867cb89226059c8670
7026366bbc3b-PG_MCA_CAP1_Cutoff_MH_2025_26__1_.pdf,6992,"Pune Cambridge Institute of Management and Computer Application, Ambegaon Pathar, Pune",1625924110,2025-26,1,Maharashtra,GSCO,GSCO,HU,56.5488095,percentile,GSCO | 13638 | 56.5488095 | Stage-I,183,Other Than Home University Seats Allotted to Other Than Home University Candidates,b83b10f9537232ed2d6081e029a1a65694fef06a4554913a52da82809afad4f7
7026366bbc3b-PG_MCA_CAP1_Cutoff_MH_2025_26__1_.pdf,6992,"Pune Cambridge Institute of Management and Computer Application, Ambegaon Pathar, Pune",1625924110,2025-26,1,Maharashtra,GNTAO,GNTAO,HU,58.7911466,percentile,GNTAO | 12970 | 58.7911466 | Stage-I,183,Other Than Home University Seats Allotted to Other Than Home University Candidates,8eb80c3b369764de623aee901ea1b5f3d357b5f79abe86c28539578f9e86eb74
7026366bbc3b-PG_MCA_CAP1_Cutoff_MH_2025_26__1_.pdf,6992,"Pune Cambridge Institute of Management and Computer Application, Ambegaon Pathar, Pune",1625924110,2025-26,1,Maharashtra,GNTCO,GNTCO,HU,51.4093808,percentile,GNTCO | 14788 | 51.4093808 | Stage-I,183,Other Than Home University Seats Allotted to Other Than Home University Candidates,77902f4eaf304a769365d0f82887299be48d31b9f9e13a0b39e61c3de89a0684
7026366bbc3b-PG_MCA_CAP1_Cutoff_MH_2025_26__1_.pdf,6992,"Pune Cambridge Institute of Management and Computer Application, Ambegaon Pathar, Pune",1625924110,2025-26,1,Maharashtra,GOBCO,GOBCO,HU,56.5488095,percentile,GOBCO | 13461 | 56.5488095 | Stage-I,183,Other Than Home University Seats Allotted to Other Than Home University Candidates,981c5bb615a8cbfdc98d1555c99803c6ab672ba1a983bf417453919f86f61e2b
7026366bbc3b-PG_MCA_CAP1_Cutoff_MH_2025_26__1_.pdf,6992,"Pune Cambridge Institute of Management and Computer Application, Ambegaon Pathar, Pune",1625924110,2025-26,1,Maharashtra,GSEBCO,GSEBCO,HU,69.7143504,percentile,GSEBCO | 10008 | 69.7143504 | Stage-I,183,Other Than Home University Seats Allotted to Other Than Home University Candidates,12c127149984d6c3d673428cbccd0a8930c8cf1a891ef67ce40a4929d0a02c52
7026366bbc3b-PG_MCA_CAP1_Cutoff_MH_2025_26__1_.pdf,6992,"Pune Cambridge Institute of Management and Computer Application, Ambegaon Pathar, Pune",1625924110,2025-26,1,Maharashtra,EWS,EWS,SL,92.3361383,percentile,EWS | 2420 | 92.3361383 | Stage-I,183,Other Than Home University Seats Allotted to Other Than Home University Candidates,3aaa32e03a73e775ba340c6f05c03a431f6780c4ed92e8f6d1a57096e52f73dc
7026366bbc3b-PG_MCA_CAP1_Cutoff_MH_2025_26__1_.pdf,6992,"Pune Cambridge Institute of Management and Computer Application, Ambegaon Pathar, Pune",1625924110,2025-26,1,Maharashtra,TFWS,TFWS,SL,63.1574978,percentile,TFWS | 11961 | 63.1574978 | Stage-I,183,Other Than Home University Seats Allotted to Other Than Home University Candidates,725a418a20af5d570d79815a1478f3d7b089b03c05e758bd229b66fcd6dee03b
7026366bbc3b-PG_MCA_CAP1_Cutoff_MH_2025_26__1_.pdf,6992,"Pune Cambridge Institute of Management and Computer Application, Ambegaon Pathar, Pune",1633124110,2025-26,1,Maharashtra,GOPENH,GOPENH,HU,25.4779232,percentile,GOPENH | 21048 | 25.4779232 | Stage-I,184,Home University Seats Allotted to Home University Candidates,26afb2ff6d71eca8178d16a8f20fd534f76ac9bdf7bbe5c1931af8acc734ed9e
7026366bbc3b-PG_MCA_CAP1_Cutoff_MH_2025_26__1_.pdf,6992,"Pune Cambridge Institute of Management and Computer Application, Ambegaon Pathar, Pune",1633124110,2025-26,1,Maharashtra,GOBCH,GOBCH,HU,7.9446476,percentile,GOBCH | 24299 | 7.9446476 | Stage-I,184,Home University Seats Allotted to Home University Candidates,d7a995f3715925b9c6c683e2660438d64909de6d3b7f3b5cd42129250e9ff5a6
7026366bbc3b-PG_MCA_CAP1_Cutoff_MH_2025_26__1_.pdf,6992,"Pune Cambridge Institute of Management and Computer Application, Ambegaon Pathar, Pune",1633124110,2025-26,1,Maharashtra,GSEBCH,GSEBCH,HU,12.4750009,percentile,GSEBCH | 23426 | 12.4750009 | Stage-I,184,Home University Seats Allotted to Home University Candidates,866655fd692d298d647cf0675ae3955c70a18c00227d802ef64cb96366d9d551
7026366bbc3b-PG_MCA_CAP1_Cutoff_MH_2025_26__1_.pdf,6992,"Pune Cambridge Institute of Management and Computer Application, Ambegaon Pathar, Pune",1633124110,2025-26,1,Maharashtra,GNTBH,GNTBH,HU,4.067771,percentile,GNTBH | 24892 | 4.067771 | Stage-I,184,Home University Seats Allotted to Other Than Home University Candidates,c65d637a0b3849529fb9cbb859121c8374b7c8e8142b46fac65b271306acd4e3
7026366bbc3b-PG_MCA_CAP1_Cutoff_MH_2025_26__1_.pdf,6992,"Pune Cambridge Institute of Management and Computer Application, Ambegaon Pathar, Pune",1633124110,2025-26,1,Maharashtra,GNTCH,GNTCH,HU,16.9789978,percentile,GNTCH | 22546 | 16.9789978 | Stage-I,184,Home University Seats Allotted to Other Than Home University Candidates,7587f1e1d3fa823a5ec85a681ac8b0c29f935d1caf97c6908f4599a1fa495632
7026366bbc3b-PG_MCA_CAP1_Cutoff_MH_2025_26__1_.pdf,6992,"Pune Cambridge Institute of Management and Computer Application, Ambegaon Pathar, Pune",1633124110,2025-26,1,Maharashtra,GOBCH,GOBCH,HU,2.8640429,percentile,GOBCH | 25142 | 2.8640429 | Stage-I,184,Home University Seats Allotted to Other Than Home University Candidates,fe4f66229ae508839c780cebea3802d57b7b0c830de917ce7bcc0ca84ee732da
7026366bbc3b-PG_MCA_CAP1_Cutoff_MH_2025_26__1_.pdf,6992,"Pune Cambridge Institute of Management and Computer Application, Ambegaon Pathar, Pune",1633124110,2025-26,1,Maharashtra,GOPENO,GOPENO,HU,36.496736,percentile,GOPENO | 18683 | 36.496736 | Stage-I,184,Other Than Home University Seats Allotted to Other Than Home University Candidates,03dcba86c70bb4db67e29b6dff0455c3d5d8a36984fcba9219f0510b3bdd4c26
7026366bbc3b-PG_MCA_CAP1_Cutoff_MH_2025_26__1_.pdf,6992,"Pune Cambridge Institute of Management and Computer Application, Ambegaon Pathar, Pune",1633124110,2025-26,1,Maharashtra,GOBCO,GOBCO,HU,21.0059952,percentile,GOBCO | 21922 | 21.0059952 | Stage-I,184,Other Than Home University Seats Allotted to Other Than Home University Candidates,46200be6cf4a0bd0834102ea2622c0b8cca5147a24a69765dd6d6f9e9d1133d9
7026366bbc3b-PG_MCA_CAP1_Cutoff_MH_2025_26__1_.pdf,6992,"Pune Cambridge Institute of Management and Computer Application, Ambegaon Pathar, Pune",1633124110,2025-26,1,Maharashtra,TFWS,TFWS,SL,34.5198145,percentile,TFWS | 18829 | 34.5198145 | Stage-I,184,Other Than Home University Seats Allotted to Other Than Home University Candidates,ea488be94d477a526a8f0996e3d68573736343cde3c8c758cf2cfe94675d7f88
7026366bbc3b-PG_MCA_CAP1_Cutoff_MH_2025_26__1_.pdf,6992,"Pune Cambridge Institute of Management and Computer Application, Ambegaon Pathar, Pune",1635324110,2025-26,1,Maharashtra,GOPENH,GOPENH,HU,56.5488095,percentile,GOPENH | 13547 | 56.5488095 | Stage-I,185,Home University Seats Allotted to Home University Candidates,f1892e5936899a351979bae49e5b13f7189417f1a601819472ef2825092b7493
7026366bbc3b-PG_MCA_CAP1_Cutoff_MH_2025_26__1_.pdf,6992,"Pune Cambridge Institute of Management and Computer Application, Ambegaon Pathar, Pune",1635324110,2025-26,1,Maharashtra,GSCH,GSCH,HU,19.1539942,percentile,GSCH | 22442 | 19.1539942 | Stage-I,185,Home University Seats Allotted to Home University Candidates,dc630cd9e102e8df7226b518925f5c93d6ccd05530d88d8f3eefa358634a242c
7026366bbc3b-PG_MCA_CAP1_Cutoff_MH_2025_26__1_.pdf,6992,"Pune Cambridge Institute of Management and Computer Application, Ambegaon Pathar, Pune",1635324110,2025-26,1,Maharashtra,GNTAH,GNTAH,HU,36.496736,percentile,GNTAH | 18777 | 36.496736 | Stage-I,185,Home University Seats Allotted to Home University Candidates,55f91d931dc7b3c1af2b022514c3000b0a6b57e63a8b1971e9d8db82465b3120
7026366bbc3b-PG_MCA_CAP1_Cutoff_MH_2025_26__1_.pdf,6992,"Pune Cambridge Institute of Management and Computer Application, Ambegaon Pathar, Pune",1635324110,2025-26,1,Maharashtra,GOBCH,GOBCH,HU,9.7430286,percentile,GOBCH | 24063 | 9.7430286 | Stage-I,185,Home University Seats Allotted to Home University Candidates,20383b9a326c6cd48f8565b475748c9517a939af420b76fc429505dd69be4159
7026366bbc3b-PG_MCA_CAP1_Cutoff_MH_2025_26__1_.pdf,6992,"Pune Cambridge Institute of Management and Computer Application, Ambegaon Pathar, Pune",1635324110,2025-26,1,Maharashtra,GSEBCH,GSEBCH,HU,9.7430286,percentile,GSEBCH | 23998 | 9.7430286 | Stage-I,185,Home University Seats Allotted to Home University Candidates,7ce51ee16dd249e76675ed946af720b3df62eccd0583de63176204025837e968
7026366bbc3b-PG_MCA_CAP1_Cutoff_MH_2025_26__1_.pdf,6992,"Pune Cambridge Institute of Management and Computer Application, Ambegaon Pathar, Pune",1635324110,2025-26,1,Maharashtra,GOPENO,GOPENO,HU,5.9311489,percentile,GOPENO | 24604 | 5.9311489 | Stage-I,185,Other Than Home University Seats Allotted to Other Than Home University Candidates,522706302bc0ecdc949c20dc4f259a99b20aee851d0a77970f698c4785b8eec4
7026366bbc3b-PG_MCA_CAP1_Cutoff_MH_2025_26__1_.pdf,6992,"Pune Cambridge Institute of Management and Computer Application, Ambegaon Pathar, Pune",1635324110,2025-26,1,Maharashtra,TFWS,TFWS,SL,27.2744425,percentile,TFWS | 20683 | 27.2744425 | Stage-I,185,Other Than Home University Seats Allotted to Other Than Home University Candidates,d98f3d9d59fed879973c2ff7c895afdbd31e83078cbdf038911be7a86400bbb5
7026366bbc3b-PG_MCA_CAP1_Cutoff_MH_2025_26__1_.pdf,6992,"Pune Cambridge Institute of Management and Computer Application, Ambegaon Pathar, Pune",1635524210,2025-26,1,Maharashtra,GOPENH,GOPENH,HU,7.9446476,percentile,GOPENH | 24189 | 7.9446476 | Stage-I,186,Home University Seats Allotted to Home University Candidates,d713a4ed20cbf39d4d53d780fe4563c58fa8cb2d7eba5cd77d28b14cc597ce89
7026366bbc3b-PG_MCA_CAP1_Cutoff_MH_2025_26__1_.pdf,6992,"Pune Cambridge Institute of Management and Computer Application, Ambegaon Pathar, Pune",1635524210,2025-26,1,Maharashtra,GOBCH,GOBCH,HU,0.5995249,percentile,GOBCH | 25418 | 0.5995249 | Stage-I,186,Home University Seats Allotted to Home University Candidates,553e7617f5838635160e5b75cc182170ab66d785d76c02d80d4699a974693d46
7026366bbc3b-PG_MCA_CAP1_Cutoff_MH_2025_26__1_.pdf,6992,"Pune Cambridge Institute of Management and Computer Application, Ambegaon Pathar, Pune",1635524210,2025-26,1,Maharashtra,GNTCH,GNTCH,HU,21.0059952,percentile,GNTCH | 21969 | 21.0059952 | Stage-I,186,Home University Seats Allotted to Other Than Home University Candidates,3a8f99c21d72036a797e1e5f5c26abe346bd97e0236a2cf5820b9e3666943b27
7026366bbc3b-PG_MCA_CAP1_Cutoff_MH_2025_26__1_.pdf,6992,"Pune Cambridge Institute of Management and Computer Application, Ambegaon Pathar, Pune",1635524210,2025-26,1,Maharashtra,GOBCH,GOBCH,HU,2.0662871,percentile,GOBCH | 25178 | 2.0662871 | Stage-I,186,Home University Seats Allotted to Other Than Home University Candidates,187e44b9c144479e620bf4cf28012644569874355cffb9bd4018c63a6a87765b
7026366bbc3b-PG_MCA_CAP1_Cutoff_MH_2025_26__1_.pdf,6992,"Pune Cambridge Institute of Management and Computer Application, Ambegaon Pathar, Pune",1635524210,2025-26,1,Maharashtra,GOPENO,GOPENO,HU,65.8578922,percentile,GOPENO | 11275 | 65.8578922 | Stage-I,186,Other Than Home University Seats Allotted to Other Than Home University Candidates,dd2ecf7de06799748f08cb63c9f48c58e1fed07bb2949ba7aaf47f74e358ba00
7026366bbc3b-PG_MCA_CAP1_Cutoff_MH_2025_26__1_.pdf,6992,"Pune Cambridge Institute of Management and Computer Application, Ambegaon Pathar, Pune",1635524210,2025-26,1,Maharashtra,GSCO,GSCO,HU,44.5345198,percentile,GSCO | 17033 | 44.5345198 | Stage-I,186,Other Than Home University Seats Allotted to Other Than Home University Candidates,da224e407da3a98959e4e44947074a578031043cdb2ea17a85c21aa875b42150
7026366bbc3b-PG_MCA_CAP1_Cutoff_MH_2025_26__1_.pdf,6992,"Pune Cambridge Institute of Management and Computer Application, Ambegaon Pathar, Pune",1635524210,2025-26,1,Maharashtra,GNTBO,GNTBO,HU,63.1574978,percentile,GNTBO | 11521 | 63.1574978 | Stage-I,186,Other Than Home University Seats Allotted to Other Than Home University Candidates,a6dde3e30132a7f032a6f3e7a9c85c1503012eae75aaf6df741c69a3ea72b156
7026366bbc3b-PG_MCA_CAP1_Cutoff_MH_2025_26__1_.pdf,6992,"Pune Cambridge Institute of Management and Computer Application, Ambegaon Pathar, Pune",1635524210,2025-26,1,Maharashtra,GNTCO,GNTCO,HU,53.942159,percentile,GNTCO | 14566 | 53.942159 | Stage-I,186,Other Than Home University Seats Allotted to Other Than Home University Candidates,9eeffc7e383ae5de55b0f3832bfd4f19e8ad22266307df40c693ccd1fba56941
7026366bbc3b-PG_MCA_CAP1_Cutoff_MH_2025_26__1_.pdf,6992,"Pune Cambridge Institute of Management and Computer Application, Ambegaon Pathar, Pune",1635524210,2025-26,1,Maharashtra,GOBCO,GOBCO,HU,36.496736,percentile,GOBCO | 18242 | 36.496736 | Stage-I,186,Other Than Home University Seats Allotted to Other Than Home University Candidates,3a8ecdb6e5b2a475bcea0c69e29422842ef4f597694d87f8acfc735d927a4454
7026366bbc3b-PG_MCA_CAP1_Cutoff_MH_2025_26__1_.pdf,6992,"Pune Cambridge Institute of Management and Computer Application, Ambegaon Pathar, Pune",1635524210,2025-26,1,Maharashtra,GSEBCO,GSEBCO,HU,3.0466423,percentile,GSEBCO | 25010 | 3.0466423 | Stage-I,186,Other Than Home University Seats Allotted to Other Than Home University Candidates,d0ebb415ae147294442e37d6bf3712416f6b4f48cf90dceafa13b341f95625cc
7026366bbc3b-PG_MCA_CAP1_Cutoff_MH_2025_26__1_.pdf,6992,"Pune Cambridge Institute of Management and Computer Application, Ambegaon Pathar, Pune",1635524210,2025-26,1,Maharashtra,EWS,EWS,SL,74.782248,percentile,EWS | 7939 | 74.782248 | Stage-I,186,Other Than Home University Seats Allotted to Other Than Home University Candidates,7dc1385234bb8288c6f43dfb3d8789aa973dbde9a8d12309df2d41706b1f2f70
7026366bbc3b-PG_MCA_CAP1_Cutoff_MH_2025_26__1_.pdf,6992,"Pune Cambridge Institute of Management and Computer Application, Ambegaon Pathar, Pune",1635524210,2025-26,1,Maharashtra,TFWS,TFWS,SL,36.496736,percentile,TFWS | 18490 | 36.496736 | Stage-I,186,Other Than Home University Seats Allotted to Other Than Home University Candidates,94d73595a5ca34fc1437e69230c9b2d4c15ffea0d89607a47c9fca6c4efaf952
7026366bbc3b-PG_MCA_CAP1_Cutoff_MH_2025_26__1_.pdf,6992,"Pune Cambridge Institute of Management and Computer Application, Ambegaon Pathar, Pune",1635624110,2025-26,1,Maharashtra,GOPENH,GOPENH,HU,71.1549338,percentile,GOPENH | 9199 | 71.1549338 | Stage-I,187,Home University Seats Allotted to Home University Candidates,522880ea881ab69b397867e8b530c44e77f0195419bd1f28a13c23d65b73ed88
7026366bbc3b-PG_MCA_CAP1_Cutoff_MH_2025_26__1_.pdf,6992,"Pune Cambridge Institute of Management and Computer Application, Ambegaon Pathar, Pune",1635624110,2025-26,1,Maharashtra,GSCH,GSCH,HU,4.067771,percentile,GSCH | 24984 | 4.067771 | Stage-I,187,Home University Seats Allotted to Home University Candidates,7d4d389f124fca51c3ad55f5f7b846ca8fec1a9cb39df9bd2f2d0d132bf074bc
7026366bbc3b-PG_MCA_CAP1_Cutoff_MH_2025_26__1_.pdf,6992,"Pune Cambridge Institute of Management and Computer Application, Ambegaon Pathar, Pune",1635624110,2025-26,1,Maharashtra,GNTBH,GNTBH,HU,46.3793819,percentile,GNTBH | 16328 | 46.3793819 | Stage-I,187,Home University Seats Allotted to Home University Candidates,0af48fa949c60dfe0e6e9d0736389cea56705f7e7f75ffd861bbf771848493b4
7026366bbc3b-PG_MCA_CAP1_Cutoff_MH_2025_26__1_.pdf,6992,"Pune Cambridge Institute of Management and Computer Application, Ambegaon Pathar, Pune",1635624110,2025-26,1,Maharashtra,GNTCH,GNTCH,HU,16.9789978,percentile,GNTCH | 22757 | 16.9789978 | Stage-I,187,Home University Seats Allotted to Home University Candidates,1bdbc50783f75523aacf71f73968c9f5b716b91bd4381e8d0bf8a2d5dfc1731c
7026366bbc3b-PG_MCA_CAP1_Cutoff_MH_2025_26__1_.pdf,6992,"Pune Cambridge Institute of Management and Computer Application, Ambegaon Pathar, Pune",1635624110,2025-26,1,Maharashtra,GNTDH,GNTDH,HU,36.496736,percentile,GNTDH | 18622 | 36.496736 | Stage-I,187,Home University Seats Allotted to Home University Candidates,3947fa88b521c0bcfe4fcb7064dac42d06dde2d282bea744e8de32d360a6ecdc
7026366bbc3b-PG_MCA_CAP1_Cutoff_MH_2025_26__1_.pdf,6992,"Pune Cambridge Institute of Management and Computer Application, Ambegaon Pathar, Pune",1635624110,2025-26,1,Maharashtra,GOBCH,GOBCH,HU,36.496736,percentile,GOBCH | 18586 | 36.496736 | Stage-I,187,Home University Seats Allotted to Home University Candidates,8bf3b18fa4cac1a089fc31c08eb565d65e7f297001608a943e2ddfed255350bb
7026366bbc3b-PG_MCA_CAP1_Cutoff_MH_2025_26__1_.pdf,6992,"Pune Cambridge Institute of Management and Computer Application, Ambegaon Pathar, Pune",1635624110,2025-26,1,Maharashtra,GSEBCH,GSEBCH,HU,16.9789978,percentile,GSEBCH | 22603 | 16.9789978 | Stage-I,187,Home University Seats Allotted to Home University Candidates,b1183c9ef1251e423066f7b43cda9b3dcbaa155795d85ae62f0ae7cc9d12ce34
7026366bbc3b-PG_MCA_CAP1_Cutoff_MH_2025_26__1_.pdf,6992,"Pune Cambridge Institute of Management and Computer Application, Ambegaon Pathar, Pune",1635624110,2025-26,1,Maharashtra,GSCH,GSCH,HU,16.9789978,percentile,GSCH | 22638 | 16.9789978 | Stage-I,187,Home University Seats Allotted to Other Than Home University Candidates,97bf8344ce7cf16d54c0588c9c384d1b3d6a6d1bae94154f3d7e1f6177869615
7026366bbc3b-PG_MCA_CAP1_Cutoff_MH_2025_26__1_.pdf,6992,"Pune Cambridge Institute of Management and Computer Application, Ambegaon Pathar, Pune",1635624110,2025-26,1,Maharashtra,GNTAH,GNTAH,HU,4.067771,percentile,GNTAH | 24924 | 4.067771 | Stage-I,187,Home University Seats Allotted to Other Than Home University Candidates,cde8fa13f4e7591544a94fb8fb1dd46d7ac0bafdebff4d6a82c383a270ba9df7
7026366bbc3b-PG_MCA_CAP1_Cutoff_MH_2025_26__1_.pdf,6992,"Pune Cambridge Institute of Management and Computer Application, Ambegaon Pathar, Pune",1635624110,2025-26,1,Maharashtra,GSEBCH,GSEBCH,HU,58.7911466,percentile,GSEBCH | 13114 | 58.7911466 | Stage-I,187,Home University Seats Allotted to Other Than Home University Candidates,23abb958fe9a648964efd9ad2016b7a31ec15405a4aa38c56ea9d4b4761f864e
7026366bbc3b-PG_MCA_CAP1_Cutoff_MH_2025_26__1_.pdf,6992,"Pune Cambridge Institute of Management and Computer Application, Ambegaon Pathar, Pune",1635624110,2025-26,1,Maharashtra,GOPENO,GOPENO,HU,76.9216256,percentile,GOPENO | 7724 | 76.9216256 | Stage-I,187,Other Than Home University Seats Allotted to Other Than Home University Candidates,e2ca51f7f7e0225e7fc782940821f8949cd6cbac841a4de780bf5b697a69368c
7026366bbc3b-PG_MCA_CAP1_Cutoff_MH_2025_26__1_.pdf,6992,"Pune Cambridge Institute of Management and Computer Application, Ambegaon Pathar, Pune",1635624110,2025-26,1,Maharashtra,GSCO,GSCO,HU,31.6629561,percentile,GSCO | 19583 | 31.6629561 | Stage-I,187,Other Than Home University Seats Allotted to Other Than Home University Candidates,e4f037b2cf09fc9f6af903c2487eb61f20bb9620d5ea50de15544346c250caf6
7026366bbc3b-PG_MCA_CAP1_Cutoff_MH_2025_26__1_.pdf,6992,"Pune Cambridge Institute of Management and Computer Application, Ambegaon Pathar, Pune",1635624110,2025-26,1,Maharashtra,GNTAO,GNTAO,HU,61.2807064,percentile,GNTAO | 12089 | 61.2807064 | Stage-I,187,Other Than Home University Seats Allotted to Other Than Home University Candidates,59fa5d8041bc44abd51ccf7729f05108256ea72b95a5b2f9b1138b1654612506
7026366bbc3b-PG_MCA_CAP1_Cutoff_MH_2025_26__1_.pdf,6992,"Pune Cambridge Institute of Management and Computer Application, Ambegaon Pathar, Pune",1635624110,2025-26,1,Maharashtra,GNTBO,GNTBO,HU,31.6629561,percentile,GNTBO | 19681 | 31.6629561 | Stage-I,187,Other Than Home University Seats Allotted to Other Than Home University Candidates,2edf0f7f23571d45e2ba7588908711df0593ba12b5e7d1191e0432d2c1bbf5cb
7026366bbc3b-PG_MCA_CAP1_Cutoff_MH_2025_26__1_.pdf,6992,"Pune Cambridge Institute of Management and Computer Application, Ambegaon Pathar, Pune",1635624110,2025-26,1,Maharashtra,GNTCO,GNTCO,HU,63.1574978,percentile,GNTCO | 11422 | 63.1574978 | Stage-I,187,Other Than Home University Seats Allotted to Other Than Home University Candidates,d5fc1f066190c3b9e5da53fc90f12d865e94c87a37dd4b983f444316497bace5
7026366bbc3b-PG_MCA_CAP1_Cutoff_MH_2025_26__1_.pdf,6992,"Pune Cambridge Institute of Management and Computer Application, Ambegaon Pathar, Pune",1635624110,2025-26,1,Maharashtra,GNTDO,GNTDO,HU,15.5994113,percentile,GNTDO | 23076 | 15.5994113 | Stage-I,187,Other Than Home University Seats Allotted to Other Than Home University Candidates,ce39e1061cd0d5bbcdfbc324eb883f5aa1ca7bd0a58f6a3976726bc54ef02378
7026366bbc3b-PG_MCA_CAP1_Cutoff_MH_2025_26__1_.pdf,6992,"Pune Cambridge Institute of Management and Computer Application, Ambegaon Pathar, Pune",1635624110,2025-26,1,Maharashtra,GOBCO,GOBCO,HU,65.8578922,percentile,GOBCO | 11075 | 65.8578922 | Stage-I,187,Other Than Home University Seats Allotted to Other Than Home University Candidates,0629f515c12d017fce4eb72ee6bcf79bd883c0f68357e731dfaf2f520219d982
7026366bbc3b-PG_MCA_CAP1_Cutoff_MH_2025_26__1_.pdf,6992,"Pune Cambridge Institute of Management and Computer Application, Ambegaon Pathar, Pune",1635624110,2025-26,1,Maharashtra,GSEBCO,GSEBCO,HU,58.7911466,percentile,GSEBCO | 13008 | 58.7911466 | Stage-I,187,Other Than Home University Seats Allotted to Other Than Home University Candidates,3464c0864c9d251db5fad7962748fdb663008c77f8c05a489f5c0a8daa438c97
7026366bbc3b-PG_MCA_CAP1_Cutoff_MH_2025_26__1_.pdf,6992,"Pune Cambridge Institute of Management and Computer Application, Ambegaon Pathar, Pune",1635624110,2025-26,1,Maharashtra,EWS,EWS,SL,7.9446476,percentile,EWS | 24145 | 7.9446476 | Stage-I,187,Other Than Home University Seats Allotted to Other Than Home University Candidates,23a6722e6ba038c03db1f5ac5b03cc7de2b3c10d9692f0fcaea1a39b1585bf21
7026366bbc3b-PG_MCA_CAP1_Cutoff_MH_2025_26__1_.pdf,6992,"Pune Cambridge Institute of Management and Computer Application, Ambegaon Pathar, Pune",1635624110,2025-26,1,Maharashtra,TFWS,TFWS,SL,79.9969812,percentile,TFWS | 6950 | 79.9969812 | Stage-I,187,Other Than Home University Seats Allotted to Other Than Home University Candidates,eea3c5da6c4721b3cab35fe6a787497cb2190f738d11bc480d6bf22541a08c7a
7026366bbc3b-PG_MCA_CAP1_Cutoff_MH_2025_26__1_.pdf,6992,"Pune Cambridge Institute of Management and Computer Application, Ambegaon Pathar, Pune",1635824110,2025-26,1,Maharashtra,GOPENH,GOPENH,HU,56.5488095,percentile,GOPENH | 13877 | 56.5488095 | Stage-I,188,Home University Seats Allotted to Home University Candidates,c41ed69346db90c39113359b3175f498a829dcb0c13d4d449229b925507201cd
7026366bbc3b-PG_MCA_CAP1_Cutoff_MH_2025_26__1_.pdf,6992,"Pune Cambridge Institute of Management and Computer Application, Ambegaon Pathar, Pune",1635824110,2025-26,1,Maharashtra,GSCH,GSCH,HU,9.7430286,percentile,GSCH | 24128 | 9.7430286 | Stage-I,188,Home University Seats Allotted to Home University Candidates,9e53f9034f75fc68acc2047841ee6dc406e4a2a880b82d3e6c9f75775359cbf8
7026366bbc3b-PG_MCA_CAP1_Cutoff_MH_2025_26__1_.pdf,6992,"Pune Cambridge Institute of Management and Computer Application, Ambegaon Pathar, Pune",1635824110,2025-26,1,Maharashtra,GOBCH,GOBCH,HU,27.2744425,percentile,GOBCH | 20764 | 27.2744425 | Stage-I,188,Home University Seats Allotted to Home University Candidates,2e0abf47a2164876083273fdf593286ce825e75471f18aad83a51b88e354714f
7026366bbc3b-PG_MCA_CAP1_Cutoff_MH_2025_26__1_.pdf,6992,"Pune Cambridge Institute of Management and Computer Application, Ambegaon Pathar, Pune",1635824110,2025-26,1,Maharashtra,GSEBCH,GSEBCH,HU,0.8905324,percentile,GSEBCH | 25366 | 0.8905324 | Stage-I,188,Home University Seats Allotted to Home University Candidates,ee2555215c5b42e666dbad3728e0469a36589b341086c276d83c28e4595ee6ac
7026366bbc3b-PG_MCA_CAP1_Cutoff_MH_2025_26__1_.pdf,6992,"Pune Cambridge Institute of Management and Computer Application, Ambegaon Pathar, Pune",1635824110,2025-26,1,Maharashtra,GOPENO,GOPENO,HU,2.8640429,percentile,GOPENO | 25123 | 2.8640429 | Stage-I,188,Other Than Home University Seats Allotted to Other Than Home University Candidates,be5f09d619f1449dc7a408ed0f573c2f1d1872f2e4d79417773cce621d5bd042
7026366bbc3b-PG_MCA_CAP1_Cutoff_MH_2025_26__1_.pdf,6992,"Pune Cambridge Institute of Management and Computer Application, Ambegaon Pathar, Pune",1635824110,2025-26,1,Maharashtra,EWS,EWS,SL,74.782248,percentile,EWS | 8420 | 74.782248 | Stage-I,188,Other Than Home University Seats Allotted to Other Than Home University Candidates,bc9b58240b9bf89b9fefa02e6406c0dc1f07003969c66bb0750018ae03ea96f9
7026366bbc3b-PG_MCA_CAP1_Cutoff_MH_2025_26__1_.pdf,6992,"Pune Cambridge Institute of Management and Computer Application, Ambegaon Pathar, Pune",1635824110,2025-26,1,Maharashtra,TFWS,TFWS,SL,21.0059952,percentile,TFWS | 21905 | 21.0059952 | Stage-I,188,Other Than Home University Seats Allotted to Other Than Home University Candidates,80bbaf1ce800dcccc5b4da31afacf5e5e30d48b5223da65c937c45132497831d
