source_pdf,institute_code,institute_name,course_code,academic_year,cap_round,candidate_type,category,seat_type,university_type,cutoff_value,cutoff_unit,raw_row_text,page_number,allotment_type,row_hash
a364fccf8115-PG_MCA_CAP3_Cutoff_All_Institutes_2025_26.pdf,1005,"Sant Gadge Baba Amravati University,Amravati",0100524110,2025-26,3,Maharashtra,GOPENH,GOPENH,HU,80.5399495,percentile,GOPENH | 6320 | 80.5399495 | Stage-I,1,Home University Seats Allotted to Home University Candidates,0cfc150bc1d7471d747237a17fa026a7ad242a89403e250cdba6d4016d007850
a364fccf8115-PG_MCA_CAP3_Cutoff_All_Institutes_2025_26.pdf,1005,"Sant Gadge Baba Amravati University,Amravati",0100524110,2025-26,3,Maharashtra,GSCH,GSCH,HU,31.6629561,percentile,GSCH | 19682 | 31.6629561 | Stage-I,1,Home University Seats Allotted to Home University Candidates,5e33c53f57a9b29c85f8711bd6f6b2fa29afadef41d930a0da82a96f0a5f2d35
a364fccf8115-PG_MCA_CAP3_Cutoff_All_Institutes_2025_26.pdf,1005,"Sant Gadge Baba Amravati University,Amravati",0100524110,2025-26,3,Maharashtra,GNTBH,GNTBH,HU,56.5488095,percentile,GNTBH | 13517 | 56.5488095 | Stage-I,1,Home University Seats Allotted to Home University Candidates,999babb190db5cb98db21602266a690b9d5932cf2cdab208d76debe9f9b2f9e2
a364fccf8115-PG_MCA_CAP3_Cutoff_All_Institutes_2025_26.pdf,1005,"Sant Gadge Baba Amravati University,Amravati",0100524110,2025-26,3,Maharashtra,GNTDH,GNTDH,HU,76.9216256,percentile,GNTDH | 7837 | 76.9216256 | Stage-I,1,Home University Seats Allotted to Home University Candidates,4ac8c394b17f8e578ec726fa8f3d86cb7bfa109d7d77f7e5f402dd9537b397f9
a364fccf8115-PG_MCA_CAP3_Cutoff_All_Institutes_2025_26.pdf,1005,"Sant Gadge Baba Amravati University,Amravati",0100524110,2025-26,3,Maharashtra,GOPENO,GOPENO,HU,63.1574978,percentile,GOPENO | 11696 | 63.1574978 | Stage-I,1,Other Than Home University Seats Allotted to Other Than Home University Candidates,24b50c23e129303c213f18261ebd6f452837c4cdce483aaf0a3b9b9f801c3464
a364fccf8115-PG_MCA_CAP3_Cutoff_All_Institutes_2025_26.pdf,1005,"Sant Gadge Baba Amravati University,Amravati",0100524110,2025-26,3,Maharashtra,GSCO,GSCO,HU,25.4779232,percentile,GSCO | 21071 | 25.4779232 | Stage-I,1,Other Than Home University Seats Allotted to Other Than Home University Candidates,056482361d4a575ce1d0f2b07f0b33c6b5b112ad824ed5c5c7c3fc49ee684c81
a364fccf8115-PG_MCA_CAP3_Cutoff_All_Institutes_2025_26.pdf,1005,"Sant Gadge Baba Amravati University,Amravati",0100524110,2025-26,3,Maharashtra,GSTO,GSTO,HU,53.942159,percentile,GSTO | 14143 | 53.942159 | Stage-I,1,Other Than Home University Seats Allotted to Other Than Home University Candidates,2726c8032e2d45cd5cbd68d9a138c2f8f78bd3d05b276962de17e8cb458621bd
a364fccf8115-PG_MCA_CAP3_Cutoff_All_Institutes_2025_26.pdf,1005,"Sant Gadge Baba Amravati University,Amravati",0100524110,2025-26,3,Maharashtra,TFWS,TFWS,SL,76.9216256,percentile,TFWS | 7560 | 76.9216256 | Stage-I,1,Other Than Home University Seats Allotted to Other Than Home University Candidates,dd614bd8b4b8f9d6878f146640c1ea407132c2d09b0b8df5da0dcb8345d177c6
a364fccf8115-PG_MCA_CAP3_Cutoff_All_Institutes_2025_26.pdf,1102,"Vidya Bharati Mahavidyalaya Department of Research and PG Studies in Science & Management, Amravati",0110224110,2025-26,3,Maharashtra,GOPENH,GOPENH,HU,80.5399495,percentile,GOPENH | 6281 | 80.5399495 | Stage-I,2,Home University Seats Allotted to Home University Candidates,3cc8ecb7c9a2c5d0bbec597bb167da8099a51b635e8800a6cd21dda5a859e5b8
a364fccf8115-PG_MCA_CAP3_Cutoff_All_Institutes_2025_26.pdf,1102,"Vidya Bharati Mahavidyalaya Department of Research and PG Studies in Science & Management, Amravati",0110224110,2025-26,3,Maharashtra,GOPENO,GOPENO,HU,19.1539942,percentile,GOPENO | 22254 | 19.1539942 | Stage-I,2,Other Than Home University Seats Allotted to Other Than Home University Candidates,057b56f3869781427ae43ffe233cce0709836aa7c65e3513be8ee544583f8888
a364fccf8115-PG_MCA_CAP3_Cutoff_All_Institutes_2025_26.pdf,1102,"Vidya Bharati Mahavidyalaya Department of Research and PG Studies in Science & Management, Amravati",0110224110,2025-26,3,Maharashtra,MI-MH,MI-MH,MI,71.1549338,percentile,MI-MH | 9265 | 71.1549338 | Stage-MI-MH,2,Minority Seats : Minority Seats Allotted to Non Minority Candidates,a1d3f9c3f0086ec609b2a634842b944a14069fea9d8b59436e0efacb4d5eabd9
a364fccf8115-PG_MCA_CAP3_Cutoff_All_Institutes_2025_26.pdf,1105,"Prof. Ram Meghe Institute of Technology & Research, Amravati",0110524110,2025-26,3,Maharashtra,GOPENH,GOPENH,HU,82.8308366,percentile,GOPENH | 6065 | 82.8308366 | Stage-I,3,Home University Seats Allotted to Home University Candidates,b1d692c2f539af77a939994302fc2efae6d18dc821781cab7456ad8e43619edd
a364fccf8115-PG_MCA_CAP3_Cutoff_All_Institutes_2025_26.pdf,1105,"Prof. Ram Meghe Institute of Technology & Research, Amravati",0110524110,2025-26,3,Maharashtra,GNTCH,GNTCH,HU,27.2744425,percentile,GNTCH | 20412 | 27.2744425 | Stage-I,3,Home University Seats Allotted to Home University Candidates,60bf4ad030b20bf353f4df4beb612a750f87e1369763aad2ae28d758a642ea8b
a364fccf8115-PG_MCA_CAP3_Cutoff_All_Institutes_2025_26.pdf,1105,"Prof. Ram Meghe Institute of Technology & Research, Amravati",0110524110,2025-26,3,Maharashtra,GOBCH,GOBCH,HU,73.5368477,percentile,GOBCH | 8676 | 73.5368477 | Stage-I,3,Home University Seats Allotted to Home University Candidates,2fc33532ed23ec5d78741cf5210e38f110d73da2deb3a8638e92561518ef230e
a364fccf8115-PG_MCA_CAP3_Cutoff_All_Institutes_2025_26.pdf,1105,"Prof. Ram Meghe Institute of Technology & Research, Amravati",0110524110,2025-26,3,Maharashtra,GOPENO,GOPENO,HU,56.5488095,percentile,GOPENO | 13684 | 56.5488095 | Stage-I,3,Other Than Home University Seats Allotted to Other Than Home University Candidates,cc4b8ef62e0996aa8d994c4843d82d286a787f0aac138028c76fce821bc83ec6
a364fccf8115-PG_MCA_CAP3_Cutoff_All_Institutes_2025_26.pdf,1105,"Prof. Ram Meghe Institute of Technology & Research, Amravati",0110524110,2025-26,3,Maharashtra,GSTO,GSTO,HU,12.4750009,percentile,GSTO | 23559 | 12.4750009 | Stage-I,3,Other Than Home University Seats Allotted to Other Than Home University Candidates,6fa41709d65a4feca2ada3ed0cc4566ca3ab66a8a8854089e5dbdd75aec07c16
a364fccf8115-PG_MCA_CAP3_Cutoff_All_Institutes_2025_26.pdf,1105,"Prof. Ram Meghe Institute of Technology & Research, Amravati",0110524110,2025-26,3,Maharashtra,GOBCO,GOBCO,HU,71.1549338,percentile,GOBCO | 9204 | 71.1549338 | Stage-I,3,Other Than Home University Seats Allotted to Home University Candidates,38b142c60f2a058b06415d4c015b062bff0993129778bf7979d6ed209a72dcaf
a364fccf8115-PG_MCA_CAP3_Cutoff_All_Institutes_2025_26.pdf,1107,"P. R. Pote Patil College of Engineering & Management, Amravati",0110724110,2025-26,3,Maharashtra,GSTH,GSTH,HU,98.2089665,percentile,GSTH | 470 | 98.2089665 | Stage-IV,4,Home University Seats Allotted to Home University Candidates,a330828ef821dc90b7421ab75bb0c61b3480bf3742341a73c3c26a3bfbd9cc1a
a364fccf8115-PG_MCA_CAP3_Cutoff_All_Institutes_2025_26.pdf,1107,"P. R. Pote Patil College of Engineering & Management, Amravati",0110724110,2025-26,3,Maharashtra,GNTDH,GNTDH,HU,93.405226,percentile,GNTDH | 2130 | 93.405226 | Stage-IV,4,Home University Seats Allotted to Home University Candidates,71a39ae57c4f47f0eb62a7c44511f20f9e769610d5cf3ac9976f390f446130e8
a364fccf8115-PG_MCA_CAP3_Cutoff_All_Institutes_2025_26.pdf,1107,"P. R. Pote Patil College of Engineering & Management, Amravati",0110724110,2025-26,3,Maharashtra,GOPENO,GOPENO,HU,4.067771,percentile,GOPENO | 24981 | 4.067771 | Stage-I,4,Other Than Home University Seats Allotted to Other Than Home University Candidates,403af857f26008f5b4e98bb3d2c800c40061fecf5e962e6dbe49f8b83b140385
a364fccf8115-PG_MCA_CAP3_Cutoff_All_Institutes_2025_26.pdf,1107,"P. R. Pote Patil College of Engineering & Management, Amravati",0110724110,2025-26,3,Maharashtra,GSEBCO,GSEBCO,HU,85.3851665,percentile,GSEBCO | 4461 | 85.3851665 | Stage-IV,4,Other Than Home University Seats Allotted to Home University Candidates,ca029633db635c29b8b90cce4b78adbec18f771dc8436bdf6741e98ed7362cfa
a364fccf8115-PG_MCA_CAP3_Cutoff_All_Institutes_2025_26.pdf,1111,"P.G. Department of Computer Science & Technology, D.C.P.E., H.V.P. Mandal, Amravati",0111124110,2025-26,3,Maharashtra,GOPENH,GOPENH,HU,67.3579428,percentile,GOPENH | 10593 | 67.3579428 | Stage-I,5,Home University Seats Allotted to Home University Candidates,fb60461b08decd268f1dadc7e5207df07f53eeeb65960d7868135b88b9f4c7af
a364fccf8115-PG_MCA_CAP3_Cutoff_All_Institutes_2025_26.pdf,1111,"P.G. Department of Computer Science & Technology, D.C.P.E., H.V.P. Mandal, Amravati",0111124110,2025-26,3,Maharashtra,GSCH,GSCH,HU,16.9789978,percentile,GSCH | 22789 | 16.9789978 | Stage-I,5,Home University Seats Allotted to Home University Candidates,5cba5f6fce791e1ebe7d677bc6b56a6f94bbfb5053b7e54a486e3d8bf3624436
a364fccf8115-PG_MCA_CAP3_Cutoff_All_Institutes_2025_26.pdf,1111,"P.G. Department of Computer Science & Technology, D.C.P.E., H.V.P. Mandal, Amravati",0111124110,2025-26,3,Maharashtra,GSTH,GSTH,HU,23.1010151,percentile,GSTH | 21357 | 23.1010151 | Stage-I,5,Home University Seats Allotted to Home University Candidates,ae9e4a9ad009355d75df916ff35b7d71db5dd11396aa0b2b8fa89d08711598b4
a364fccf8115-PG_MCA_CAP3_Cutoff_All_Institutes_2025_26.pdf,1111,"P.G. Department of Computer Science & Technology, D.C.P.E., H.V.P. Mandal, Amravati",0111124110,2025-26,3,Maharashtra,GNTBH,GNTBH,HU,65.8578922,percentile,GNTBH | 10788 | 65.8578922 | Stage-I,5,Home University Seats Allotted to Home University Candidates,2d89a33bbb8039f46a26957738fe3666c32b69b3330b7266981fda0cdaa0e682
a364fccf8115-PG_MCA_CAP3_Cutoff_All_Institutes_2025_26.pdf,1111,"P.G. Department of Computer Science & Technology, D.C.P.E., H.V.P. Mandal, Amravati",0111124110,2025-26,3,Maharashtra,GOPENO,GOPENO,HU,51.4093808,percentile,GOPENO | 14645 | 51.4093808 | Stage-I,5,Other Than Home University Seats Allotted to Home University Candidates,0b79a41525e24b9ddc46ad3889706f05b51a32e6c7b98b50c99b5689b26057a2
a364fccf8115-PG_MCA_CAP3_Cutoff_All_Institutes_2025_26.pdf,1111,"P.G. Department of Computer Science & Technology, D.C.P.E., H.V.P. Mandal, Amravati",0111124110,2025-26,3,Maharashtra,GSTO,GSTO,HU,49.3533426,percentile,GSTO | 15504 | 49.3533426 | Stage-I,5,Other Than Home University Seats Allotted to Home University Candidates,b900f58087959448c16be0f5972285b6879bdc04559bcd5097898d0b0e1bfae4
a364fccf8115-PG_MCA_CAP3_Cutoff_All_Institutes_2025_26.pdf,1111,"P.G. Department of Computer Science & Technology, D.C.P.E., H.V.P. Mandal, Amravati",0111124110,2025-26,3,Maharashtra,EWS,EWS,SL,27.2744425,percentile,EWS | 20581 | 27.2744425 | Stage-I,5,Other Than Home University Seats Allotted to Home University Candidates,5f6fee214bdd041a048e04ade1d96139e012de7081a63bb04d17afc515340412
a364fccf8115-PG_MCA_CAP3_Cutoff_All_Institutes_2025_26.pdf,1111,"P.G. Department of Computer Science & Technology, D.C.P.E., H.V.P. Mandal, Amravati",0111124110,2025-26,3,Maharashtra,TFWS,TFWS,SL,58.7911466,percentile,TFWS | 12855 | 58.7911466 | Stage-I,5,Other Than Home University Seats Allotted to Home University Candidates,76974b3752c8471c4d6b3a1618ff4ae9e9c7e10a9d165579729d3aa610976e16
a364fccf8115-PG_MCA_CAP3_Cutoff_All_Institutes_2025_26.pdf,1113,"Sadhana Shikshan Mandal, Saraswati College, Shegaon",0111324110,2025-26,3,Maharashtra,GOPENH,GOPENH,HU,85.2118788,percentile,GOPENH | 4875 | 85.2118788 | Stage-I,6,Home University Seats Allotted to Home University Candidates,daeb37d89d86fcf5ae84ac266078147e6ceba8c73c66d1dbd3b2e4f38d65d002
a364fccf8115-PG_MCA_CAP3_Cutoff_All_Institutes_2025_26.pdf,1113,"Sadhana Shikshan Mandal, Saraswati College, Shegaon",0111324110,2025-26,3,Maharashtra,GSCH,GSCH,HU,27.2744425,percentile,GSCH | 20562 | 27.2744425 | Stage-I,6,Home University Seats Allotted to Home University Candidates,8261b68e0dd972ae82963212a075715b883b78670cff860894339d67c6f63c73
a364fccf8115-PG_MCA_CAP3_Cutoff_All_Institutes_2025_26.pdf,1113,"Sadhana Shikshan Mandal, Saraswati College, Shegaon",0111324110,2025-26,3,Maharashtra,GSTH,GSTH,HU,21.0059952,percentile,GSTH | 21794 | 21.0059952 | Stage-I,6,Home University Seats Allotted to Home University Candidates,a2296a959d022c9dbbb2ce6054d510de9598e091111c8b501d4daf10734f0b2d
a364fccf8115-PG_MCA_CAP3_Cutoff_All_Institutes_2025_26.pdf,1113,"Sadhana Shikshan Mandal, Saraswati College, Shegaon",0111324110,2025-26,3,Maharashtra,GNTAH,GNTAH,HU,65.8578922,percentile,GNTAH | 11205 | 65.8578922 | Stage-I,6,Home University Seats Allotted to Home University Candidates,edea80311d80f6a691b4182fb1ed3d9789c5485396941ae84b5fc6fed78cd170
a364fccf8115-PG_MCA_CAP3_Cutoff_All_Institutes_2025_26.pdf,1113,"Sadhana Shikshan Mandal, Saraswati College, Shegaon",0111324110,2025-26,3,Maharashtra,GNTBH,GNTBH,HU,41.4550394,percentile,GNTBH | 17559 | 41.4550394 | Stage-I,6,Home University Seats Allotted to Home University Candidates,d9652f66a7e41347b7edf775c3a6b7f5f7ab4cc06f360dc98a0e4b9f1064842d
a364fccf8115-PG_MCA_CAP3_Cutoff_All_Institutes_2025_26.pdf,1113,"Sadhana Shikshan Mandal, Saraswati College, Shegaon",0111324110,2025-26,3,Maharashtra,GOPENO,GOPENO,HU,5.9311489,percentile,GOPENO | 24521 | 5.9311489 | Stage-I,6,Other Than Home University Seats Allotted to Other Than Home University Candidates,96333143c383091a15792701daf3761e700747172ce80bce36aeeae6db64a182
a364fccf8115-PG_MCA_CAP3_Cutoff_All_Institutes_2025_26.pdf,1113,"Sadhana Shikshan Mandal, Saraswati College, Shegaon",0111324110,2025-26,3,Maharashtra,GOPENO,GOPENO,HU,34.5198145,percentile,GOPENO | 19140 | 34.5198145 | Stage-I,6,Other Than Home University Seats Allotted to Home University Candidates,051a43e9a6a4d1113b9dd2794ca74fe5f9a8c5f1ff4bdd179ef588c60a79e8ae
a364fccf8115-PG_MCA_CAP3_Cutoff_All_Institutes_2025_26.pdf,1113,"Sadhana Shikshan Mandal, Saraswati College, Shegaon",0111324110,2025-26,3,Maharashtra,GOBCO,GOBCO,HU,21.0059952,percentile,GOBCO | 21770 | 21.0059952 | Stage-I,6,Other Than Home University Seats Allotted to Home University Candidates,d822527704adafb55bcb6a254884948b3e0ff090a47310eeb654c89ab6165913
a364fccf8115-PG_MCA_CAP3_Cutoff_All_Institutes_2025_26.pdf,1314,SMT RADHADEVI GOENKA COLLEGE FOR WOMEN,0111324110,2025-26,3,Maharashtra,GOPENH,GOPENH,HU,10.5199653,percentile,GOPENH | 23900 | 10.5199653 | Stage-I,7,Home University Seats Allotted to Home University Candidates,4a25471bc620c26225b4dc1d6f8cfb4c210c18ea460ed51f387bdf2015497b9c
a364fccf8115-PG_MCA_CAP3_Cutoff_All_Institutes_2025_26.pdf,1314,SMT RADHADEVI GOENKA COLLEGE FOR WOMEN,0111324110,2025-26,3,Maharashtra,GOPENO,GOPENO,HU,19.1539942,percentile,GOPENO | 22097 | 19.1539942 | Stage-I,7,Other Than Home University Seats Allotted to Other Than Home University Candidates,83d3da513a01d0c3da155011eda4a8b600e176e3facfb28a377679e4d68f2061
a364fccf8115-PG_MCA_CAP3_Cutoff_All_Institutes_2025_26.pdf,2001,"Dr. B. A. M.University Dept. Of Management Science, Aurangabad",0200124110,2025-26,3,Maharashtra,GOPENH,GOPENH,HU,71.1549338,percentile,GOPENH | 9330 | 71.1549338 | Stage-I,8,Home University Seats Allotted to Home University Candidates,7d7fd4cef31c3949c30800196046a5c5229b9f94055a7c1b7d89dbb73a258ea7
a364fccf8115-PG_MCA_CAP3_Cutoff_All_Institutes_2025_26.pdf,2001,"Dr. B. A. M.University Dept. Of Management Science, Aurangabad",0200124110,2025-26,3,Maharashtra,GSCH,GSCH,HU,34.5198145,percentile,GSCH | 18825 | 34.5198145 | Stage-I,8,Home University Seats Allotted to Home University Candidates,68ba572dbaf1a0724dda724d02e9cbcac61387b4c8c2fa3d5345af567b54b493
a364fccf8115-PG_MCA_CAP3_Cutoff_All_Institutes_2025_26.pdf,2001,"Dr. B. A. M.University Dept. Of Management Science, Aurangabad",0200124110,2025-26,3,Maharashtra,GSTH,GSTH,HU,61.2807064,percentile,GSTH | 12661 | 61.2807064 | Stage-I,8,Home University Seats Allotted to Home University Candidates,e28a14e8b94ae6d30eb9673d230daaa168a752cd1e66cb4978f291bf93eda617
a364fccf8115-PG_MCA_CAP3_Cutoff_All_Institutes_2025_26.pdf,2001,"Dr. B. A. M.University Dept. Of Management Science, Aurangabad",0200124110,2025-26,3,Maharashtra,GSTO,GSTO,HU,82.9644433,percentile,GSTO | 5400 | 82.9644433 | Stage-IV,8,Other Than Home University Seats Allotted to Other Than Home University Candidates,630df1368c186e05c11f7f3c8ae51bd3618608ac3f280a5dcbb43b1a5df889db
a364fccf8115-PG_MCA_CAP3_Cutoff_All_Institutes_2025_26.pdf,2001,"Dr. B. A. M.University Dept. Of Management Science, Aurangabad",0200124110,2025-26,3,Maharashtra,EWS,EWS,SL,44.5345198,percentile,EWS | 16847 | 44.5345198 | Stage-I,8,Other Than Home University Seats Allotted to Other Than Home University Candidates,5466becbd3bc65993074eec4e382702fed4ce5c26ca4bc03615afc9d0cdb82e1
a364fccf8115-PG_MCA_CAP3_Cutoff_All_Institutes_2025_26.pdf,2001,"Dr. B. A. M.University Dept. Of Management Science, Aurangabad",0200124110,2025-26,3,Maharashtra,TFWS,TFWS,SL,77.8251197,percentile,TFWS | 7122 | 77.8251197 | Stage-I,8,Other Than Home University Seats Allotted to Other Than Home University Candidates,ac598a8430c7ed7aff324a9e651ce1cd3accfa6d3736e87ebe74bda4df474741
a364fccf8115-PG_MCA_CAP3_Cutoff_All_Institutes_2025_26.pdf,2005,"Dr. Babasaheb Ambedkar Marathwada Vidyapeeth,(Aurangabad) Sub Section - Osmanabad",0200524110,2025-26,3,Maharashtra,GOPENH,GOPENH,HU,61.2807064,percentile,GOPENH | 12038 | 61.2807064 | Stage-I,9,Home University Seats Allotted to Home University Candidates,6d91e011eacebf6721acccf3accca91d2880e42cf21b72006d24e0d32c1c4a13
a364fccf8115-PG_MCA_CAP3_Cutoff_All_Institutes_2025_26.pdf,2005,"Dr. Babasaheb Ambedkar Marathwada Vidyapeeth,(Aurangabad) Sub Section - Osmanabad",0200524110,2025-26,3,Maharashtra,GNTDH,GNTDH,HU,7.9446476,percentile,GNTDH | 24294 | 7.9446476 | Stage-I,9,Home University Seats Allotted to Home University Candidates,58351dd4aa329ba5987200cd75f65e4827dafc854d754049465b74d77f8563e4
a364fccf8115-PG_MCA_CAP3_Cutoff_All_Institutes_2025_26.pdf,2005,"Dr. Babasaheb Ambedkar Marathwada Vidyapeeth,(Aurangabad) Sub Section - Osmanabad",0200524110,2025-26,3,Maharashtra,GOPENO,GOPENO,HU,58.7911466,percentile,GOPENO | 13113 | 58.7911466 | Stage-I,9,Other Than Home University Seats Allotted to Other Than Home University Candidates,66ed01cd8c8f3f64182ae19e858e6058b8e57e5ccb670e0b44b29eedba97383f
a364fccf8115-PG_MCA_CAP3_Cutoff_All_Institutes_2025_26.pdf,2005,"Dr. Babasaheb Ambedkar Marathwada Vidyapeeth,(Aurangabad) Sub Section - Osmanabad",0200524110,2025-26,3,Maharashtra,GNTAO,GNTAO,HU,41.4550394,percentile,GNTAO | 17289 | 41.4550394 | Stage-I,9,Other Than Home University Seats Allotted to Other Than Home University Candidates,4de7c907d987c7cf30f8f0809156f0173fe6eeb208c3e3d6d655246d5c5e9005
a364fccf8115-PG_MCA_CAP3_Cutoff_All_Institutes_2025_26.pdf,2007,"Swami Ramanand Teerth Marathwada Vidyapeeth, Nanded",0200724110,2025-26,3,Maharashtra,GOPENH,GOPENH,HU,69.7143504,percentile,GOPENH | 9956 | 69.7143504 | Stage-I,10,Home University Seats Allotted to Home University Candidates,ec267c8e5adfccbe3ae2cedadd093ff0ea17075222334e7791eb5cb7246f1378
a364fccf8115-PG_MCA_CAP3_Cutoff_All_Institutes_2025_26.pdf,2007,"Swami Ramanand Teerth Marathwada Vidyapeeth, Nanded",0200724110,2025-26,3,Maharashtra,GSCH,GSCH,HU,36.496736,percentile,GSCH | 18726 | 36.496736 | Stage-I,10,Home University Seats Allotted to Home University Candidates,79a39e98f4edb68f4d891497fa5606fbe4629d6f14d923a34d33b8d288e18fb6
a364fccf8115-PG_MCA_CAP3_Cutoff_All_Institutes_2025_26.pdf,2007,"Swami Ramanand Teerth Marathwada Vidyapeeth, Nanded",0200724110,2025-26,3,Maharashtra,GSTH,GSTH,HU,29.9046039,percentile,GSTH | 20141 | 29.9046039 | Stage-I,10,Home University Seats Allotted to Home University Candidates,87173be2f4174aeb7dfc105ce67f5bfd6e71ff2a6de102decfd92fed113f0ed6
a364fccf8115-PG_MCA_CAP3_Cutoff_All_Institutes_2025_26.pdf,2007,"Swami Ramanand Teerth Marathwada Vidyapeeth, Nanded",0200724110,2025-26,3,Maharashtra,GNTAH,GNTAH,HU,34.5198145,percentile,GNTAH | 18848 | 34.5198145 | Stage-I,10,Home University Seats Allotted to Home University Candidates,1d233bc1a7b1b3b2da91a3a6577e3b1267b12b819b54f55a744030b875340ac7
a364fccf8115-PG_MCA_CAP3_Cutoff_All_Institutes_2025_26.pdf,2007,"Swami Ramanand Teerth Marathwada Vidyapeeth, Nanded",0200724110,2025-26,3,Maharashtra,GNTDH,GNTDH,HU,56.5488095,percentile,GNTDH | 13743 | 56.5488095 | Stage-I,10,Home University Seats Allotted to Home University Candidates,6b7fd3add3303e14ff13ab46bfe1db8825cacd469fa853a48b5d8be3d2a492d2
a364fccf8115-PG_MCA_CAP3_Cutoff_All_Institutes_2025_26.pdf,2007,"Swami Ramanand Teerth Marathwada Vidyapeeth, Nanded",0200724110,2025-26,3,Maharashtra,GOPENO,GOPENO,HU,3.0466423,percentile,GOPENO | 25031 | 3.0466423 | Stage-I,10,Other Than Home University Seats Allotted to Other Than Home University Candidates,75bb9fa2da6960dc3a491f52ac855ced4941456baa36bc6cbe3c652f1425053a
a364fccf8115-PG_MCA_CAP3_Cutoff_All_Institutes_2025_26.pdf,2007,"Swami Ramanand Teerth Marathwada Vidyapeeth, Nanded",0200724110,2025-26,3,Maharashtra,GOPENO,GOPENO,HU,51.4093808,percentile,GOPENO | 14726 | 51.4093808 | Stage-I,10,Other Than Home University Seats Allotted to Home University Candidates,94d5709c38266d9e554b939b5ff886b6802fd6e417cce20774b3a6631ebb6cda
a364fccf8115-PG_MCA_CAP3_Cutoff_All_Institutes_2025_26.pdf,2007,"Swami Ramanand Teerth Marathwada Vidyapeeth, Nanded",0200724110,2025-26,3,Maharashtra,GSTO,GSTO,HU,25.4779232,percentile,GSTO | 21062 | 25.4779232 | Stage-I,10,Other Than Home University Seats Allotted to Home University Candidates,5d95bf9a03b43db08e3193b9583a64466dce4828b9614c8a27456bd53aea6149
a364fccf8115-PG_MCA_CAP3_Cutoff_All_Institutes_2025_26.pdf,2007,"Swami Ramanand Teerth Marathwada Vidyapeeth, Nanded",0200724110,2025-26,3,Maharashtra,GOBCO,GOBCO,HU,46.3793819,percentile,GOBCO | 16125 | 46.3793819 | Stage-I,10,Other Than Home University Seats Allotted to Home University Candidates,968f8b93e24e2ccbfa4a0d50e6d0e9495fb0ea88f48830b73570072f154d8824
a364fccf8115-PG_MCA_CAP3_Cutoff_All_Institutes_2025_26.pdf,2007,"Swami Ramanand Teerth Marathwada Vidyapeeth, Nanded",0200724110,2025-26,3,Maharashtra,EWS,EWS,SL,36.496736,percentile,EWS | 18276 | 36.496736 | Stage-I,10,Other Than Home University Seats Allotted to Home University Candidates,5bad5e494c0d1f22765c213dd36e31190fcc4f382b3d82f42eb5321f0032c73e
a364fccf8115-PG_MCA_CAP3_Cutoff_All_Institutes_2025_26.pdf,2007,"Swami Ramanand Teerth Marathwada Vidyapeeth, Nanded",0200724110,2025-26,3,Maharashtra,TFWS,TFWS,SL,93.405226,percentile,TFWS | 2045 | 93.405226 | Stage-I,10,Other Than Home University Seats Allotted to Home University Candidates,4fd9b69b9e883c5567a35b61944acd6cbf361161ea6c4c890ba4bea29fd50ff9
a364fccf8115-PG_MCA_CAP3_Cutoff_All_Institutes_2025_26.pdf,2008,"Government College of Engineering, Chhatrapati Sambhajinagar",0200824110,2025-26,3,Maharashtra,GOPENH,GOPENH,HU,92.3361383,percentile,GOPENH | 2353 | 92.3361383 | Stage-I,11,Home University Seats Allotted to Home University Candidates,4c46bf772e3443d5940cda44fcff54a95b2370a0a4b5d77c497c43d2f6dfc177
a364fccf8115-PG_MCA_CAP3_Cutoff_All_Institutes_2025_26.pdf,2008,"Government College of Engineering, Chhatrapati Sambhajinagar",0200824110,2025-26,3,Maharashtra,GSCH,GSCH,HU,89.1966341,percentile,GSCH | 3423 | 89.1966341 | Stage-I,11,Home University Seats Allotted to Home University Candidates,48556db71988fd482fc9e55a073ebb98d990af7c643f35fbd2fe404663a00aed
a364fccf8115-PG_MCA_CAP3_Cutoff_All_Institutes_2025_26.pdf,2008,"Government College of Engineering, Chhatrapati Sambhajinagar",0200824110,2025-26,3,Maharashtra,GNTAH,GNTAH,HU,76.9216256,percentile,GNTAH | 7637 | 76.9216256 | Stage-I,11,Home University Seats Allotted to Home University Candidates,d64c99fddec15f4c3bc0efb5dfdf98d37f85e6f3916444ce84a46df5f60d2e56
a364fccf8115-PG_MCA_CAP3_Cutoff_All_Institutes_2025_26.pdf,2008,"Government College of Engineering, Chhatrapati Sambhajinagar",0200824110,2025-26,3,Maharashtra,GSEBCH,GSEBCH,HU,85.2118788,percentile,GSEBCH | 4927 | 85.2118788 | Stage-I,11,Home University Seats Allotted to Home University Candidates,bd1eecbc85b609f86b9784e65ac499a601d21ae61e8b7315610ad0b3627c8607
a364fccf8115-PG_MCA_CAP3_Cutoff_All_Institutes_2025_26.pdf,2008,"Government College of Engineering, Chhatrapati Sambhajinagar",0200824110,2025-26,3,Maharashtra,GOPENO,GOPENO,HU,92.1797821,percentile,GOPENO | 2498 | 92.1797821 | Stage-I,11,Other Than Home University Seats Allotted to Other Than Home University Candidates,28a92c4d94ded38f5a9daf528e6f54dbe910e2633a60735757bdb0b364403b30
a364fccf8115-PG_MCA_CAP3_Cutoff_All_Institutes_2025_26.pdf,2008,"Government College of Engineering, Chhatrapati Sambhajinagar",0200824110,2025-26,3,Maharashtra,GNTDO,GNTDO,HU,90.7733494,percentile,GNTDO | 3055 | 90.7733494 | Stage-I,11,Other Than Home University Seats Allotted to Other Than Home University Candidates,ca5afbcce2820caf35c5e558f91a0e0be93a9745e80df2abbe561df4a9b8652c
a364fccf8115-PG_MCA_CAP3_Cutoff_All_Institutes_2025_26.pdf,2102,"Rajarshi Shahu Institute of Management, Aurangabad",0210224110,2025-26,3,Maharashtra,GOPENH,GOPENH,HU,49.3533426,percentile,GOPENH | 15289 | 49.3533426 | Stage-I,12,Home University Seats Allotted to Home University Candidates,5079328d45189a8cfeeefca6770233bcb6ebbf396597d378c702c16358ad866b
a364fccf8115-PG_MCA_CAP3_Cutoff_All_Institutes_2025_26.pdf,2102,"Rajarshi Shahu Institute of Management, Aurangabad",0210224110,2025-26,3,Maharashtra,GNTBH,GNTBH,HU,12.4750009,percentile,GNTBH | 23454 | 12.4750009 | Stage-I,12,Home University Seats Allotted to Home University Candidates,af78837f255b7238ad5c1e12520eb265ceac81e9a220517c4b293ce4f1a81674
a364fccf8115-PG_MCA_CAP3_Cutoff_All_Institutes_2025_26.pdf,2102,"Rajarshi Shahu Institute of Management, Aurangabad",0210224110,2025-26,3,Maharashtra,GOPENO,GOPENO,HU,46.3793819,percentile,GOPENO | 15892 | 46.3793819 | Stage-I,12,Other Than Home University Seats Allotted to Other Than Home University Candidates,029367859ae33ac75c07de16ea4df8975b1f8f8d3dd60bebf74f3d9c77765263
a364fccf8115-PG_MCA_CAP3_Cutoff_All_Institutes_2025_26.pdf,2102,"Rajarshi Shahu Institute of Management, Aurangabad",0210224110,2025-26,3,Maharashtra,GSCO,GSCO,HU,7.9446476,percentile,GSCO | 24257 | 7.9446476 | Stage-I,12,Other Than Home University Seats Allotted to Other Than Home University Candidates,5d6b36333d975909797705b116c20231a1c544b0853e586ba9532459a59640e4
a364fccf8115-PG_MCA_CAP3_Cutoff_All_Institutes_2025_26.pdf,2102,"Rajarshi Shahu Institute of Management, Aurangabad",0210224110,2025-26,3,Maharashtra,GSTO,GSTO,HU,23.1010151,percentile,GSTO | 21321 | 23.1010151 | Stage-I,12,Other Than Home University Seats Allotted to Other Than Home University Candidates,0628a473eae94a78305cca0c75fcfc612f89a887862ee5361f3ca995feb066c3
a364fccf8115-PG_MCA_CAP3_Cutoff_All_Institutes_2025_26.pdf,2102,"Rajarshi Shahu Institute of Management, Aurangabad",0210224110,2025-26,3,Maharashtra,GNTCO,GNTCO,HU,19.1539942,percentile,GNTCO | 22192 | 19.1539942 | Stage-I,12,Other Than Home University Seats Allotted to Other Than Home University Candidates,eebaed57c4dc8b719086b2f3000c066438759db4ce3c98e7646bbed2c500f4a5
a364fccf8115-PG_MCA_CAP3_Cutoff_All_Institutes_2025_26.pdf,2113,"G. S. Mandal's Maharashtra Institute of Technology, Aurangabad",0211324110,2025-26,3,Maharashtra,GOPENH,GOPENH,HU,51.4093808,percentile,GOPENH | 14724 | 51.4093808 | Stage-I,13,Home University Seats Allotted to Home University Candidates,94d8ab3ea29e0ade7264eea85427a4cdaa0a418b7807c47c1ad70be5b67b162b
a364fccf8115-PG_MCA_CAP3_Cutoff_All_Institutes_2025_26.pdf,2113,"G. S. Mandal's Maharashtra Institute of Technology, Aurangabad",0211324110,2025-26,3,Maharashtra,GSCH,GSCH,HU,5.9311489,percentile,GSCH | 24528 | 5.9311489 | Stage-I,13,Home University Seats Allotted to Home University Candidates,8a867c5429fe3673fb91d6f0b0429b11497314f077bd96ce65db62df09aa5367
a364fccf8115-PG_MCA_CAP3_Cutoff_All_Institutes_2025_26.pdf,2113,"G. S. Mandal's Maharashtra Institute of Technology, Aurangabad",0211324110,2025-26,3,Maharashtra,GSTH,GSTH,HU,49.3533426,percentile,GSTH | 15389 | 49.3533426 | Stage-I,13,Home University Seats Allotted to Home University Candidates,33b3de82ee6b72e0134fee3d745e88f952783ab01426530421bbbfd3b2dafeb3
a364fccf8115-PG_MCA_CAP3_Cutoff_All_Institutes_2025_26.pdf,2113,"G. S. Mandal's Maharashtra Institute of Technology, Aurangabad",0211324110,2025-26,3,Maharashtra,GOBCH,GOBCH,HU,39.3989669,percentile,GOBCH | 18202 | 39.3989669 | Stage-I,13,Home University Seats Allotted to Home University Candidates,8ae57b719147b483a0fe99178642c12899ca936e5279349b36207b698872a639
a364fccf8115-PG_MCA_CAP3_Cutoff_All_Institutes_2025_26.pdf,2113,"G. S. Mandal's Maharashtra Institute of Technology, Aurangabad",0211324110,2025-26,3,Maharashtra,GOPENO,GOPENO,HU,27.2744425,percentile,GOPENO | 20596 | 27.2744425 | Stage-I,13,Other Than Home University Seats Allotted to Other Than Home University Candidates,c1da9db3f06835fe2f62c834dcc0b80c5c8970b8ef15d230139a44787b0dc595
a364fccf8115-PG_MCA_CAP3_Cutoff_All_Institutes_2025_26.pdf,2113,"G. S. Mandal's Maharashtra Institute of Technology, Aurangabad",0211324110,2025-26,3,Maharashtra,GSCO,GSCO,HU,25.4779232,percentile,GSCO | 20897 | 25.4779232 | Stage-I,13,Other Than Home University Seats Allotted to Other Than Home University Candidates,cf563d319cf0779971ac5469c7a4ee2f98da3de97c0126569ab5e9ff98f9aa92
a364fccf8115-PG_MCA_CAP3_Cutoff_All_Institutes_2025_26.pdf,2113,"G. S. Mandal's Maharashtra Institute of Technology, Aurangabad",0211324110,2025-26,3,Maharashtra,GSTO,GSTO,HU,12.4750009,percentile,GSTO | 23417 | 12.4750009 | Stage-I,13,Other Than Home University Seats Allotted to Other Than Home University Candidates,2b7ac9053b1dd611d8f0451a588bf888c3e552c5e47a6826f0235035e0ed5724
a364fccf8115-PG_MCA_CAP3_Cutoff_All_Institutes_2025_26.pdf,2113,"G. S. Mandal's Maharashtra Institute of Technology, Aurangabad",0211324110,2025-26,3,Maharashtra,GOBCO,GOBCO,HU,16.9789978,percentile,GOBCO | 22590 | 16.9789978 | Stage-I,13,Other Than Home University Seats Allotted to Other Than Home University Candidates,7234573318882962c47d94c027de5c32661c67dfe1183545caa20887e0ded677
a364fccf8115-PG_MCA_CAP3_Cutoff_All_Institutes_2025_26.pdf,2113,"G. S. Mandal's Maharashtra Institute of Technology, Aurangabad",0211324110,2025-26,3,Maharashtra,GSEBCO,GSEBCO,HU,29.9046039,percentile,GSEBCO | 19996 | 29.9046039 | Stage-I,13,Other Than Home University Seats Allotted to Home University Candidates,0e709f445a5229627a3058392f83fd1dd97a6550c6fa22eb05e8075391af8440
a364fccf8115-PG_MCA_CAP3_Cutoff_All_Institutes_2025_26.pdf,2113,"G. S. Mandal's Maharashtra Institute of Technology, Aurangabad",0211324110,2025-26,3,Maharashtra,EWS,EWS,SL,31.6629561,percentile,EWS | 19343 | 31.6629561 | Stage-I,13,Other Than Home University Seats Allotted to Home University Candidates,dee7a80f835df1291b147f0d85f6c5f007dbb47ec1555a7d2718f3f6ec077b8f
a364fccf8115-PG_MCA_CAP3_Cutoff_All_Institutes_2025_26.pdf,2113,"G. S. Mandal's Maharashtra Institute of Technology, Aurangabad",0211324110,2025-26,3,Maharashtra,TFWS,TFWS,SL,71.1549338,percentile,TFWS | 9217 | 71.1549338 | Stage-I,13,Other Than Home University Seats Allotted to Home University Candidates,4e4cfded0aa1640bd65376f903acf90aa2383aad62ec530781126fbec64a7bb0
a364fccf8115-PG_MCA_CAP3_Cutoff_All_Institutes_2025_26.pdf,2115,"Sahyog Sevabhavi Santha's Indira Institute of Management Science, Nanded",0211524110,2025-26,3,Maharashtra,GOPENH,GOPENH,HU,67.3579428,percentile,GOPENH | 10202 | 67.3579428 | Stage-I,14,Home University Seats Allotted to Home University Candidates,a427d03e726aeca92f8e31160c7c2e3d940035ce6c354bacbf0b3a528e13b8ab
a364fccf8115-PG_MCA_CAP3_Cutoff_All_Institutes_2025_26.pdf,2115,"Sahyog Sevabhavi Santha's Indira Institute of Management Science, Nanded",0211524110,2025-26,3,Maharashtra,GSTH,GSTH,HU,27.2744425,percentile,GSTH | 20372 | 27.2744425 | Stage-I,14,Home University Seats Allotted to Home University Candidates,cb5c20447bf1283370fa287651878b05ff9e8b0a0d9945a469db40f1a1894397
a364fccf8115-PG_MCA_CAP3_Cutoff_All_Institutes_2025_26.pdf,2115,"Sahyog Sevabhavi Santha's Indira Institute of Management Science, Nanded",0211524110,2025-26,3,Maharashtra,GNTCH,GNTCH,HU,61.2807064,percentile,GNTCH | 12125 | 61.2807064 | Stage-I,14,Home University Seats Allotted to Home University Candidates,142b4fef08755669798857a32d96a74ed4636432b5794811445b0c69af10d7aa
a364fccf8115-PG_MCA_CAP3_Cutoff_All_Institutes_2025_26.pdf,2115,"Sahyog Sevabhavi Santha's Indira Institute of Management Science, Nanded",0211524110,2025-26,3,Maharashtra,GOBCH,GOBCH,HU,63.1574978,percentile,GOBCH | 11838 | 63.1574978 | Stage-I,14,Home University Seats Allotted to Home University Candidates,e6f3f87f03a21cd857ae26c3c6d834141328c7254f6077909b4bb925d3f78cfa
a364fccf8115-PG_MCA_CAP3_Cutoff_All_Institutes_2025_26.pdf,2115,"Sahyog Sevabhavi Santha's Indira Institute of Management Science, Nanded",0211524110,2025-26,3,Maharashtra,GOPENO,GOPENO,HU,63.1574978,percentile,GOPENO | 11643 | 63.1574978 | Stage-I,14,Other Than Home University Seats Allotted to Other Than Home University Candidates,20441d2c1e47f2d4c413a5c5459b08b94ae767131f80b9b07d84f4625f729c9f
a364fccf8115-PG_MCA_CAP3_Cutoff_All_Institutes_2025_26.pdf,2115,"Sahyog Sevabhavi Santha's Indira Institute of Management Science, Nanded",0211524110,2025-26,3,Maharashtra,GOBCO,GOBCO,HU,7.9446476,percentile,GOBCO | 24286 | 7.9446476 | Stage-I,14,Other Than Home University Seats Allotted to Other Than Home University Candidates,8fbbf8700a7f762411d2b0bf4f915b4ea94fa7cde73326830b8c4bad3f5f2343
a364fccf8115-PG_MCA_CAP3_Cutoff_All_Institutes_2025_26.pdf,2115,"Sahyog Sevabhavi Santha's Indira Institute of Management Science, Nanded",0211524110,2025-26,3,Maharashtra,GSCO,GSCO,HU,41.4550394,percentile,GSCO | 17608 | 41.4550394 | Stage-I,14,Other Than Home University Seats Allotted to Home University Candidates,620d6fbce5562ddf586b08657ac110d0f9779f03ab3126d8ab769cc77846a4b9
a364fccf8115-PG_MCA_CAP3_Cutoff_All_Institutes_2025_26.pdf,2115,"Sahyog Sevabhavi Santha's Indira Institute of Management Science, Nanded",0211524110,2025-26,3,Maharashtra,GNTAO,GNTAO,HU,0.8710079,percentile,GNTAO | 25396 | 0.8710079 | Stage-I,14,Other Than Home University Seats Allotted to Home University Candidates,c61058127ca5622c3cdd0797a15d39bfdea9347d9140ef6a2329b485e3bcd8ee
a364fccf8115-PG_MCA_CAP3_Cutoff_All_Institutes_2025_26.pdf,2115,"Sahyog Sevabhavi Santha's Indira Institute of Management Science, Nanded",0211524110,2025-26,3,Maharashtra,GSEBCO,GSEBCO,HU,49.3533426,percentile,GSEBCO | 15398 | 49.3533426 | Stage-I,14,Other Than Home University Seats Allotted to Home University Candidates,04137ede51329eb8768f261cfcfff5b75c3e926f0c0cb04b966f92eb34748fd3
a364fccf8115-PG_MCA_CAP3_Cutoff_All_Institutes_2025_26.pdf,2119,"Shree Sharda Bhavan Education Society's Institute of Technology & Management, Nanded",0211924110,2025-26,3,Maharashtra,GNTBH,GNTBH,HU,76.9216256,percentile,GNTBH | 7856 | 76.9216256 | Stage-IV,15,Home University Seats Allotted to Home University Candidates,b3814a40c0c6bc789d505c37436c6c26d2becae0d831b45e09c643db59a1c1d9
a364fccf8115-PG_MCA_CAP3_Cutoff_All_Institutes_2025_26.pdf,2119,"Shree Sharda Bhavan Education Society's Institute of Technology & Management, Nanded",0211924110,2025-26,3,Maharashtra,GNTBO,GNTBO,HU,76.9216256,percentile,GNTBO | 7859 | 76.9216256 | Stage-IV,15,Other Than Home University Seats Allotted to Home University Candidates,9da5823fe7094675c8e4c50b64444087e0b3864dd3c517f5c3d2ab5c2655fb6c
a364fccf8115-PG_MCA_CAP3_Cutoff_All_Institutes_2025_26.pdf,2120,"Dnyanopasak Shikshan Mandal's Institute of Information Technology & Management, Parbhani.",0212024110,2025-26,3,Maharashtra,GOPENH,GOPENH,HU,71.1549338,percentile,GOPENH | 9413 | 71.1549338 | Stage-I,16,Home University Seats Allotted to Home University Candidates,9ad6d02e72ce1029bb5f80a1cc9414c7aa65272e478c3a489c47e22a30d84dfc
a364fccf8115-PG_MCA_CAP3_Cutoff_All_Institutes_2025_26.pdf,2120,"Dnyanopasak Shikshan Mandal's Institute of Information Technology & Management, Parbhani.",0212024110,2025-26,3,Maharashtra,GSTH,GSTH,HU,34.5198145,percentile,GSTH | 18853 | 34.5198145 | Stage-I,16,Home University Seats Allotted to Home University Candidates,ed23fdde87bf5cf5c3c12571dd775634212a6cc905118750a28db669d25b149e
a364fccf8115-PG_MCA_CAP3_Cutoff_All_Institutes_2025_26.pdf,2124,"Maratha Education Society's Institute of Management studies & Information Technology, Aurangabad",0212424110,2025-26,3,Maharashtra,GSTH,GSTH,HU,85.3851665,percentile,GSTH | 4581 | 85.3851665 | Stage-IV,17,Home University Seats Allotted to Home University Candidates,db7bf4026cc3436f3ffef91205993f3e5098b49efcaa9ee037ab7dc6803d92a5
a364fccf8115-PG_MCA_CAP3_Cutoff_All_Institutes_2025_26.pdf,2124,"Maratha Education Society's Institute of Management studies & Information Technology, Aurangabad",0212424110,2025-26,3,Maharashtra,GOPENO,GOPENO,HU,15.5994113,percentile,GOPENO | 22869 | 15.5994113 | Stage-I,17,Other Than Home University Seats Allotted to Other Than Home University Candidates,efbd2f72b24dcf59f9facc4158d0975131cee09bf864c2f521453e46ee4fcd30
a364fccf8115-PG_MCA_CAP3_Cutoff_All_Institutes_2025_26.pdf,2124,"Maratha Education Society's Institute of Management studies & Information Technology, Aurangabad",0212424110,2025-26,3,Maharashtra,GSCO,GSCO,HU,13.5402134,percentile,GSCO | 23357 | 13.5402134 | Stage-I,17,Other Than Home University Seats Allotted to Other Than Home University Candidates,5ec4ca7b3c40e5e254ab4d7e4cbd2f0fe22c77a946797aa43ae3e63a61857cdc
a364fccf8115-PG_MCA_CAP3_Cutoff_All_Institutes_2025_26.pdf,2124,"Maratha Education Society's Institute of Management studies & Information Technology, Aurangabad",0212424110,2025-26,3,Maharashtra,GSTO,GSTO,HU,9.7430286,percentile,GSTO | 23949 | 9.7430286 | Stage-I,17,Other Than Home University Seats Allotted to Other Than Home University Candidates,91a973683cb0357f363ed50ac907346719714a81237516a634449e4ed8b14801
a364fccf8115-PG_MCA_CAP3_Cutoff_All_Institutes_2025_26.pdf,2124,"Maratha Education Society's Institute of Management studies & Information Technology, Aurangabad",0212424110,2025-26,3,Maharashtra,GSCO,GSCO,HU,41.4550394,percentile,GSCO | 17087 | 41.4550394 | Stage-I,17,Other Than Home University Seats Allotted to Home University Candidates,8db610ee0d2f55c2fc32a1796d900484e5e6ec95a3e67df9ca724074e1c5607a
a364fccf8115-PG_MCA_CAP3_Cutoff_All_Institutes_2025_26.pdf,2129,"M.S. Bidve Engineering College, Latur",0212924110,2025-26,3,Maharashtra,GSTH,GSTH,HU,89.1966341,percentile,GSTH | 3274 | 89.1966341 | Stage-IV,18,Home University Seats Allotted to Home University Candidates,53ee7e7ed29fc9b48e27d212a0d380e60b98429ca15ac4d6ce062b35a26c9882
a364fccf8115-PG_MCA_CAP3_Cutoff_All_Institutes_2025_26.pdf,2129,"M.S. Bidve Engineering College, Latur",0212924110,2025-26,3,Maharashtra,GSTO,GSTO,HU,67.3579428,percentile,GSTO | 10454 | 67.3579428 | Stage-IV,18,Other Than Home University Seats Allotted to Other Than Home University Candidates,db27abb6f167c2ba68411e74a9a1b4209dbfb92255574f01f45a31ff87f386bd
a364fccf8115-PG_MCA_CAP3_Cutoff_All_Institutes_2025_26.pdf,2259,"Shri Sai Institute of Management & Research, Aurangabad",0225924110,2025-26,3,Maharashtra,GOPENH,GOPENH,HU,56.5488095,percentile,GOPENH | 13534 | 56.5488095 | Stage-I,19,Home University Seats Allotted to Home University Candidates,8a6431d480355a2c6850e72f91e707aa5ec2be416c742640ff6655c10fe60c70
a364fccf8115-PG_MCA_CAP3_Cutoff_All_Institutes_2025_26.pdf,2259,"Shri Sai Institute of Management & Research, Aurangabad",0225924110,2025-26,3,Maharashtra,GSCH,GSCH,HU,2.0301121,percentile,GSCH | 25245 | 2.0301121 | Stage-I,19,Home University Seats Allotted to Home University Candidates,7ccfc1dda21e4de39836401130e5ff54b001c6700c8c390782f971756fb9d8f5
a364fccf8115-PG_MCA_CAP3_Cutoff_All_Institutes_2025_26.pdf,2259,"Shri Sai Institute of Management & Research, Aurangabad",0225924110,2025-26,3,Maharashtra,GNTCH,GNTCH,HU,21.0059952,percentile,GNTCH | 21735 | 21.0059952 | Stage-I,19,Home University Seats Allotted to Home University Candidates,950fc59107e8e5f2aed585f94c4437a2430a89b3a614c3abc30ebca9d3aaf5c9
a364fccf8115-PG_MCA_CAP3_Cutoff_All_Institutes_2025_26.pdf,2259,"Shri Sai Institute of Management & Research, Aurangabad",0225924110,2025-26,3,Maharashtra,GOBCH,GOBCH,HU,9.7430286,percentile,GOBCH | 23962 | 9.7430286 | Stage-I,19,Home University Seats Allotted to Other Than Home University Candidates,b98015c1cb1f734f379fbf763d7807708f877e11e818cdf7b7985570524ebafb
a364fccf8115-PG_MCA_CAP3_Cutoff_All_Institutes_2025_26.pdf,2259,"Shri Sai Institute of Management & Research, Aurangabad",0225924110,2025-26,3,Maharashtra,GOPENO,GOPENO,HU,39.3989669,percentile,GOPENO | 18035 | 39.3989669 | Stage-I,19,Other Than Home University Seats Allotted to Other Than Home University Candidates,58b1ce3aff0319bc08156cbec91e7f920757016d1708342e9d5548d31a21fc4f
a364fccf8115-PG_MCA_CAP3_Cutoff_All_Institutes_2025_26.pdf,2259,"Shri Sai Institute of Management & Research, Aurangabad",0225924110,2025-26,3,Maharashtra,GSCO,GSCO,HU,12.4750009,percentile,GSCO | 23430 | 12.4750009 | Stage-I,19,Other Than Home University Seats Allotted to Other Than Home University Candidates,e0b33ab21d626cc9604cdf98826149bae8dafe61140acc88040aaa67547d9eb7
a364fccf8115-PG_MCA_CAP3_Cutoff_All_Institutes_2025_26.pdf,2259,"Shri Sai Institute of Management & Research, Aurangabad",0225924110,2025-26,3,Maharashtra,GSCO,GSCO,HU,13.5402134,percentile,GSCO | 23216 | 13.5402134 | Stage-IV,19,Other Than Home University Seats Allotted to Home University Candidates,586058ad60b3eee09a2190f8425e2d514112679706bb2f58ca87210c8e826611
a364fccf8115-PG_MCA_CAP3_Cutoff_All_Institutes_2025_26.pdf,2259,"Shri Sai Institute of Management & Research, Aurangabad",0225924110,2025-26,3,Maharashtra,GSTO,GSTO,HU,12.4750009,percentile,GSTO | 23431 | 12.4750009 | Stage-IV,19,Other Than Home University Seats Allotted to Home University Candidates,355e4c681b2bfd95bebc96947226df5a730d2ebd3e03c49604e5b5a874e761ea
a364fccf8115-PG_MCA_CAP3_Cutoff_All_Institutes_2025_26.pdf,2259,"Shri Sai Institute of Management & Research, Aurangabad",0225924110,2025-26,3,Maharashtra,GSEBCO,GSEBCO,HU,12.4750009,percentile,GSEBCO | 23450 | 12.4750009 | Stage-IV,19,Other Than Home University Seats Allotted to Home University Candidates,3f7e3347a448045661c52cffa4deec46b8e0b5c866f81e74712c54fab594112f
a364fccf8115-PG_MCA_CAP3_Cutoff_All_Institutes_2025_26.pdf,2259,"Shri Sai Institute of Management & Research, Aurangabad",0225924110,2025-26,3,Maharashtra,TFWS,TFWS,SL,46.3793819,percentile,TFWS | 16057 | 46.3793819 | Stage-I,20,,fe9987e1024b00b876b5a9e93e1e4967cf1266046e006bdfa4141436536bbc8b
a364fccf8115-PG_MCA_CAP3_Cutoff_All_Institutes_2025_26.pdf,2508,GRAMIN TECHNICAL AND MANAGEMENT CAMPUS NANDED.,0250824110,2025-26,3,Maharashtra,GOPENH,GOPENH,HU,65.8578922,percentile,GOPENH | 10837 | 65.8578922 | Stage-I,21,Home University Seats Allotted to Home University Candidates,ca028732cd92cec9870a58e4247efd454fef2bbecc7461a347df5f2575798ad4
a364fccf8115-PG_MCA_CAP3_Cutoff_All_Institutes_2025_26.pdf,2508,GRAMIN TECHNICAL AND MANAGEMENT CAMPUS NANDED.,0250824110,2025-26,3,Maharashtra,GSCH,GSCH,HU,7.4072677,percentile,GSCH | 24473 | 7.4072677 | Stage-I,21,Home University Seats Allotted to Home University Candidates,1916d248209c2ca691e74684808a8b886b9bb0c1ef30563f2e9f1b79c130d03f
a364fccf8115-PG_MCA_CAP3_Cutoff_All_Institutes_2025_26.pdf,2508,GRAMIN TECHNICAL AND MANAGEMENT CAMPUS NANDED.,0250824110,2025-26,3,Maharashtra,GNTCH,GNTCH,HU,44.5345198,percentile,GNTCH | 16842 | 44.5345198 | Stage-I,21,Home University Seats Allotted to Home University Candidates,48109160a9fc26c6c2578605b05f1d82c2f0a8da6a257bd20bc4a290d445c77c
a364fccf8115-PG_MCA_CAP3_Cutoff_All_Institutes_2025_26.pdf,2508,GRAMIN TECHNICAL AND MANAGEMENT CAMPUS NANDED.,0250824110,2025-26,3,Maharashtra,GOPENO,GOPENO,HU,31.6629561,percentile,GOPENO | 19581 | 31.6629561 | Stage-I,21,Other Than Home University Seats Allotted to Home University Candidates,331e892cf51f96094a5e1ee1ef875d01ddca259a66676591b683ee1734afd73c
a364fccf8115-PG_MCA_CAP3_Cutoff_All_Institutes_2025_26.pdf,2508,GRAMIN TECHNICAL AND MANAGEMENT CAMPUS NANDED.,0250824110,2025-26,3,Maharashtra,EWS,EWS,SL,10.5199653,percentile,EWS | 23752 | 10.5199653 | Stage-I,21,Other Than Home University Seats Allotted to Home University Candidates,7a4ff1ec620ca3b209e157f549d77cfcdd5db5dfe35e5fc7951ea8db8c35f043
a364fccf8115-PG_MCA_CAP3_Cutoff_All_Institutes_2025_26.pdf,2508,GRAMIN TECHNICAL AND MANAGEMENT CAMPUS NANDED.,0250824110,2025-26,3,Maharashtra,TFWS,TFWS,SL,73.5368477,percentile,TFWS | 8942 | 73.5368477 | Stage-I,21,Other Than Home University Seats Allotted to Home University Candidates,c37db3d3d63b3ba23f7eed526805f2da2a9899f58eb22d1bb9e19fd240e1fc34
a364fccf8115-PG_MCA_CAP3_Cutoff_All_Institutes_2025_26.pdf,2519,"Shri V. D. Deshmukh College of MCA, Kolpa Dist. Latur",0251924110,2025-26,3,Maharashtra,GOPENH,GOPENH,HU,79.9969812,percentile,GOPENH | 6604 | 79.9969812 | Stage-I,22,Home University Seats Allotted to Home University Candidates,38280b93e0b51a42414adfd0a7efcca405c9ff261475d1228b8c4647e028dd2d
a364fccf8115-PG_MCA_CAP3_Cutoff_All_Institutes_2025_26.pdf,2519,"Shri V. D. Deshmukh College of MCA, Kolpa Dist. Latur",0251924110,2025-26,3,Maharashtra,GSCH,GSCH,HU,56.5488095,percentile,GSCH | 13589 | 56.5488095 | Stage-I,22,Home University Seats Allotted to Home University Candidates,dbf981ac4c0f86392b815dbd734985fa73faad26fce44ed7ddcd46dc3b515cff
a364fccf8115-PG_MCA_CAP3_Cutoff_All_Institutes_2025_26.pdf,2519,"Shri V. D. Deshmukh College of MCA, Kolpa Dist. Latur",0251924110,2025-26,3,Maharashtra,GNTAH,GNTAH,HU,58.7911466,percentile,GNTAH | 13064 | 58.7911466 | Stage-I,22,Home University Seats Allotted to Home University Candidates,22f518378191c9f2ba3726158d2db6cfec3bdd35218e7e7565b69ff522f13580
a364fccf8115-PG_MCA_CAP3_Cutoff_All_Institutes_2025_26.pdf,2519,"Shri V. D. Deshmukh College of MCA, Kolpa Dist. Latur",0251924110,2025-26,3,Maharashtra,GOBCH,GOBCH,HU,51.4093808,percentile,GOBCH | 14687 | 51.4093808 | Stage-I,22,Home University Seats Allotted to Home University Candidates,eeae803f52a31ca6a672d14cd00a6bae6a90cbb18a6f9f8e34931fe14c799ede
a364fccf8115-PG_MCA_CAP3_Cutoff_All_Institutes_2025_26.pdf,2519,"Shri V. D. Deshmukh College of MCA, Kolpa Dist. Latur",0251924110,2025-26,3,Maharashtra,GSEBCH,GSEBCH,HU,61.2807064,percentile,GSEBCH | 12204 | 61.2807064 | Stage-I,22,Home University Seats Allotted to Home University Candidates,acfa1fcdec47bc46d7506893b8b97cf5e6bf5d67559f9e0f651d3c6fa8aaaf5e
a364fccf8115-PG_MCA_CAP3_Cutoff_All_Institutes_2025_26.pdf,2519,"Shri V. D. Deshmukh College of MCA, Kolpa Dist. Latur",0251924110,2025-26,3,Maharashtra,GOPENO,GOPENO,HU,21.0059952,percentile,GOPENO | 21753 | 21.0059952 | Stage-I,22,Other Than Home University Seats Allotted to Other Than Home University Candidates,af39779614216b020587c85d9cad12791535c1f3b6c7b14169bd2f1d2243bdff
a364fccf8115-PG_MCA_CAP3_Cutoff_All_Institutes_2025_26.pdf,2519,"Shri V. D. Deshmukh College of MCA, Kolpa Dist. Latur",0251924110,2025-26,3,Maharashtra,GSCO,GSCO,HU,9.7430286,percentile,GSCO | 24110 | 9.7430286 | Stage-I,22,Other Than Home University Seats Allotted to Other Than Home University Candidates,42de1cc7842e2617c5effcaba8cec297007337e3bc895a37afdafbe066fa0bc9
a364fccf8115-PG_MCA_CAP3_Cutoff_All_Institutes_2025_26.pdf,2519,"Shri V. D. Deshmukh College of MCA, Kolpa Dist. Latur",0251924110,2025-26,3,Maharashtra,GSCO,GSCO,HU,53.942159,percentile,GSCO | 14586 | 53.942159 | Stage-I,22,Other Than Home University Seats Allotted to Home University Candidates,c94cda705a947755dfc0dd7dd7f9f5bd6feeb015a1f2a0f0110e24001e100e1c
a364fccf8115-PG_MCA_CAP3_Cutoff_All_Institutes_2025_26.pdf,2519,"Shri V. D. Deshmukh College of MCA, Kolpa Dist. Latur",0251924110,2025-26,3,Maharashtra,GOBCO,GOBCO,HU,39.3989669,percentile,GOBCO | 17673 | 39.3989669 | Stage-I,22,Other Than Home University Seats Allotted to Home University Candidates,4e405243b1791601038637fbcf06299d20eaabd2948ce953a112034fc2a79c4c
a364fccf8115-PG_MCA_CAP3_Cutoff_All_Institutes_2025_26.pdf,2519,"Shri V. D. Deshmukh College of MCA, Kolpa Dist. Latur",0251924110,2025-26,3,Maharashtra,GSEBCO,GSEBCO,HU,44.5345198,percentile,GSEBCO | 16708 | 44.5345198 | Stage-I,22,Other Than Home University Seats Allotted to Home University Candidates,9238ff5979d266f121e59d0d92e7a3ab7e6c2f55f9a355f97024622ecf2a36a3
a364fccf8115-PG_MCA_CAP3_Cutoff_All_Institutes_2025_26.pdf,2519,"Shri V. D. Deshmukh College of MCA, Kolpa Dist. Latur",0251924110,2025-26,3,Maharashtra,EWS,EWS,SL,82.9644433,percentile,EWS | 5334 | 82.9644433 | Stage-I,22,Other Than Home University Seats Allotted to Home University Candidates,82d018cb3abf88e25e3d673ace9478e31c6a27b4131a6eaeed758006b9d61f09
a364fccf8115-PG_MCA_CAP3_Cutoff_All_Institutes_2025_26.pdf,2519,"Shri V. D. Deshmukh College of MCA, Kolpa Dist. Latur",0251924110,2025-26,3,Maharashtra,TFWS,TFWS,SL,89.1966341,percentile,TFWS | 3473 | 89.1966341 | Stage-I,22,Other Than Home University Seats Allotted to Home University Candidates,48560c7baabe3e6105f5be8ac0753b0f819e4592ae58b81f6954925255190905
a364fccf8115-PG_MCA_CAP3_Cutoff_All_Institutes_2025_26.pdf,2569,"Suraj Institute of Management, Beed",0256924110,2025-26,3,Maharashtra,GOPENH,GOPENH,HU,7.9446476,percentile,GOPENH | 24289 | 7.9446476 | Stage-I,23,Home University Seats Allotted to Home University Candidates,70590f04d694e0c50c0004f0124855b386ca7ad9ba9032d5675942ddef9bb132
a364fccf8115-PG_MCA_CAP3_Cutoff_All_Institutes_2025_26.pdf,2569,"Suraj Institute of Management, Beed",0256924110,2025-26,3,Maharashtra,GSCO,GSCO,HU,73.5368477,percentile,GSCO | 8686 | 73.5368477 | Stage-IV,23,Other Than Home University Seats Allotted to Other Than Home University Candidates,25b39f7ce128e397965ff480cc23f0c143531c1695e6e108dccc9046e497f4c9
a364fccf8115-PG_MCA_CAP3_Cutoff_All_Institutes_2025_26.pdf,2569,"Suraj Institute of Management, Beed",0256924110,2025-26,3,Maharashtra,GNTAO,GNTAO,HU,34.5198145,percentile,GNTAO | 18919 | 34.5198145 | Stage-IV,23,Other Than Home University Seats Allotted to Other Than Home University Candidates,5f6fe9d2266473693bf61970f126a123d0cd76c2cf65da71f43a462e02834a85
a364fccf8115-PG_MCA_CAP3_Cutoff_All_Institutes_2025_26.pdf,2569,"Suraj Institute of Management, Beed",0256924110,2025-26,3,Maharashtra,GNTBO,GNTBO,HU,7.4072677,percentile,GNTBO | 24384 | 7.4072677 | Stage-IV,23,Other Than Home University Seats Allotted to Other Than Home University Candidates,98a9a87b99d4d7105d92c180fbbbf32905e8d544e8bc04d4759f361e72205434
a364fccf8115-PG_MCA_CAP3_Cutoff_All_Institutes_2025_26.pdf,2569,"Suraj Institute of Management, Beed",0256924110,2025-26,3,Maharashtra,GSCO,GSCO,HU,2.0662871,percentile,GSCO | 25202 | 2.0662871 | Stage-I,23,Other Than Home University Seats Allotted to Home University Candidates,f957b1441614b40a32138f39add54f92166bbbab602b79adb38395a790defd1d
a364fccf8115-PG_MCA_CAP3_Cutoff_All_Institutes_2025_26.pdf,2621,"MDA EDUCATION AND RESEARCH INSTITUTE, KOLPA, LATUR",0262124110,2025-26,3,Maharashtra,GOPENH,GOPENH,HU,85.2118788,percentile,GOPENH | 4847 | 85.2118788 | Stage-I,24,Home University Seats Allotted to Home University Candidates,4526932578b510694b912898942bc9473eb88dd9d07074d2c030340d2427e701
a364fccf8115-PG_MCA_CAP3_Cutoff_All_Institutes_2025_26.pdf,2621,"MDA EDUCATION AND RESEARCH INSTITUTE, KOLPA, LATUR",0262124110,2025-26,3,Maharashtra,GSCH,GSCH,HU,4.302251,percentile,GSCH | 24813 | 4.302251 | Stage-I,24,Home University Seats Allotted to Home University Candidates,ddfa6e2e2b31a28c352c7ace06e178f6307bcc666da496328b125e00a0c79cd3
a364fccf8115-PG_MCA_CAP3_Cutoff_All_Institutes_2025_26.pdf,2621,"MDA EDUCATION AND RESEARCH INSTITUTE, KOLPA, LATUR",0262124110,2025-26,3,Maharashtra,GSTH,GSTH,HU,39.3989669,percentile,GSTH | 18128 | 39.3989669 | Stage-I,24,Home University Seats Allotted to Home University Candidates,c129a5b8f570f8c7f44284b3faa8be037df22be800fd93e0fc4887a63520a704
a364fccf8115-PG_MCA_CAP3_Cutoff_All_Institutes_2025_26.pdf,2621,"MDA EDUCATION AND RESEARCH INSTITUTE, KOLPA, LATUR",0262124110,2025-26,3,Maharashtra,GNTAH,GNTAH,HU,21.0059952,percentile,GNTAH | 21961 | 21.0059952 | Stage-I,24,Home University Seats Allotted to Home University Candidates,bd0187e609b1ede18340edc721fa28d1dfee4b7bab2f6ed9d6d0a25a379beb70
a364fccf8115-PG_MCA_CAP3_Cutoff_All_Institutes_2025_26.pdf,2621,"MDA EDUCATION AND RESEARCH INSTITUTE, KOLPA, LATUR",0262124110,2025-26,3,Maharashtra,GNTDH,GNTDH,HU,5.5960152,percentile,GNTDH | 24633 | 5.5960152 | Stage-I,24,Home University Seats Allotted to Home University Candidates,2633db3e5c67b2fc37d28625c221b5f6db02ff33e1958bcea3de853bb1673505
a364fccf8115-PG_MCA_CAP3_Cutoff_All_Institutes_2025_26.pdf,2621,"MDA EDUCATION AND RESEARCH INSTITUTE, KOLPA, LATUR",0262124110,2025-26,3,Maharashtra,GOPENO,GOPENO,HU,12.4750009,percentile,GOPENO | 23529 | 12.4750009 | Stage-I,24,Other Than Home University Seats Allotted to Other Than Home University Candidates,723401f910daaa09102024043133da2809a91a7f2fb72f6b6760ca1fbddd34e4
a364fccf8115-PG_MCA_CAP3_Cutoff_All_Institutes_2025_26.pdf,2621,"MDA EDUCATION AND RESEARCH INSTITUTE, KOLPA, LATUR",0262124110,2025-26,3,Maharashtra,GOPENO,GOPENO,HU,58.7911466,percentile,GOPENO | 12951 | 58.7911466 | Stage-I,24,Other Than Home University Seats Allotted to Home University Candidates,b1d504878b01705b521e6ff8a8ca7133973f1bbef5de09352f20553048656006
a364fccf8115-PG_MCA_CAP3_Cutoff_All_Institutes_2025_26.pdf,2621,"MDA EDUCATION AND RESEARCH INSTITUTE, KOLPA, LATUR",0262124110,2025-26,3,Maharashtra,GSTO,GSTO,HU,5.5960152,percentile,GSTO | 24706 | 5.5960152 | Stage-I,24,Other Than Home University Seats Allotted to Home University Candidates,0d6a9437d24bdf5c82c242c2f1d3efd4ab215987062604441d0212f5c610696e
a364fccf8115-PG_MCA_CAP3_Cutoff_All_Institutes_2025_26.pdf,2622,"Jay Bhavani Institute of Management, Badnapur, Jalna",0262224110,2025-26,3,Maharashtra,GOPENH,GOPENH,HU,67.3579428,percentile,GOPENH | 10737 | 67.3579428 | Stage-I,25,Home University Seats Allotted to Home University Candidates,dd8a715b09754f73a46649783d93cd482e9ff47eaa71e63d934dbf18678b4d01
a364fccf8115-PG_MCA_CAP3_Cutoff_All_Institutes_2025_26.pdf,2622,"Jay Bhavani Institute of Management, Badnapur, Jalna",0262224110,2025-26,3,Maharashtra,GSCH,GSCH,HU,39.3989669,percentile,GSCH | 17793 | 39.3989669 | Stage-I,25,Home University Seats Allotted to Home University Candidates,f16f717a2b70a7e3d449ee97a5202e475bda879214ea09d2530e042a3ae63288
a364fccf8115-PG_MCA_CAP3_Cutoff_All_Institutes_2025_26.pdf,2622,"Jay Bhavani Institute of Management, Badnapur, Jalna",0262224110,2025-26,3,Maharashtra,GSCO,GSCO,HU,25.4779232,percentile,GSCO | 21236 | 25.4779232 | Stage-IV,25,Other Than Home University Seats Allotted to Other Than Home University Candidates,495fc7a8fe7c09a18ca275caabccc2d34b6bb36277f284111a827be35ec81ca4
a364fccf8115-PG_MCA_CAP3_Cutoff_All_Institutes_2025_26.pdf,2622,"Jay Bhavani Institute of Management, Badnapur, Jalna",0262224110,2025-26,3,Maharashtra,GOBCO,GOBCO,HU,16.9789978,percentile,GOBCO | 22787 | 16.9789978 | Stage-I,25,Other Than Home University Seats Allotted to Home University Candidates,3eaf6d24bc8da386601989075174b6e7026d3d4c8b4d4e4f47652cbc89e0b63d
a364fccf8115-PG_MCA_CAP3_Cutoff_All_Institutes_2025_26.pdf,2633,"Yashodeep Institute of Computer Application, MCA",0263324110,2025-26,3,Maharashtra,GOPENH,GOPENH,HU,51.4093808,percentile,GOPENH | 14670 | 51.4093808 | Stage-I,26,Home University Seats Allotted to Home University Candidates,701c5efd963efd5f5622c9eb25ec7218580b091b1dd0c2972e3d3d0eab48388f
a364fccf8115-PG_MCA_CAP3_Cutoff_All_Institutes_2025_26.pdf,2633,"Yashodeep Institute of Computer Application, MCA",0263324110,2025-26,3,Maharashtra,GSCH,GSCH,HU,25.4779232,percentile,GSCH | 21160 | 25.4779232 | Stage-I,26,Home University Seats Allotted to Home University Candidates,951f3be72758e9b7ff4b100ed95389c2d539d104ff6dba3ba8ace0e290538816
a364fccf8115-PG_MCA_CAP3_Cutoff_All_Institutes_2025_26.pdf,2633,"Yashodeep Institute of Computer Application, MCA",0263324110,2025-26,3,Maharashtra,GSTH,GSTH,HU,25.4779232,percentile,GSTH | 20992 | 25.4779232 | Stage-I,26,Home University Seats Allotted to Home University Candidates,9208ed81a55fe8e0c06b5719600d0f501f1a42f795d2783db0be84c5b6ded0fb
a364fccf8115-PG_MCA_CAP3_Cutoff_All_Institutes_2025_26.pdf,2633,"Yashodeep Institute of Computer Application, MCA",0263324110,2025-26,3,Maharashtra,GOPENO,GOPENO,HU,2.0301121,percentile,GOPENO | 25266 | 2.0301121 | Stage-I,26,Other Than Home University Seats Allotted to Other Than Home University Candidates,879f3246a36d6c418ba4e5231cf03fa0660d1144df7c14d3f92cdd02e16f8f67
a364fccf8115-PG_MCA_CAP3_Cutoff_All_Institutes_2025_26.pdf,2633,"Yashodeep Institute of Computer Application, MCA",0263324110,2025-26,3,Maharashtra,GOPENO,GOPENO,HU,34.5198145,percentile,GOPENO | 18969 | 34.5198145 | Stage-I,26,Other Than Home University Seats Allotted to Home University Candidates,5cdac407adc17afec5b829e524b96dca4a0dc10c6eb4f2d00f431e9dc35745e6
a364fccf8115-PG_MCA_CAP3_Cutoff_All_Institutes_2025_26.pdf,2633,"Yashodeep Institute of Computer Application, MCA",0263324110,2025-26,3,Maharashtra,GSCO,GSCO,HU,1.3498737,percentile,GSCO | 25343 | 1.3498737 | Stage-I,26,Other Than Home University Seats Allotted to Home University Candidates,874d96d1a1dcde998a5d76e7c8f165095db696c3f3fa5c9d3808d3a2158d6c29
a364fccf8115-PG_MCA_CAP3_Cutoff_All_Institutes_2025_26.pdf,2635,"Shri. Sambhaji College of Management & Technology, Degaon Road, Opp. Nadla Digras, Khadkut, Nanded",0263524110,2025-26,3,Maharashtra,GOPENH,GOPENH,HU,69.7143504,percentile,GOPENH | 10035 | 69.7143504 | Stage-I,27,Home University Seats Allotted to Home University Candidates,48b837018a354954d8127774b35141a8c8d1ee0cfd1d16c8170131cfb3957d03
a364fccf8115-PG_MCA_CAP3_Cutoff_All_Institutes_2025_26.pdf,2635,"Shri. Sambhaji College of Management & Technology, Degaon Road, Opp. Nadla Digras, Khadkut, Nanded",0263524110,2025-26,3,Maharashtra,GSCH,GSCH,HU,5.9311489,percentile,GSCH | 24549 | 5.9311489 | Stage-I,27,Home University Seats Allotted to Home University Candidates,d748015c03526a429ccd3c0984f1b66dcec9f415a0a0a21344b89e8cc23f674c
a364fccf8115-PG_MCA_CAP3_Cutoff_All_Institutes_2025_26.pdf,2635,"Shri. Sambhaji College of Management & Technology, Degaon Road, Opp. Nadla Digras, Khadkut, Nanded",0263524110,2025-26,3,Maharashtra,GSTH,GSTH,HU,1.3622127,percentile,GSTH | 25304 | 1.3622127 | Stage-I,27,Home University Seats Allotted to Home University Candidates,2449b1c248c42b408e475a1cae53ec51d1b6809e4a7fffb11888dbf79647e946
a364fccf8115-PG_MCA_CAP3_Cutoff_All_Institutes_2025_26.pdf,2635,"Shri. Sambhaji College of Management & Technology, Degaon Road, Opp. Nadla Digras, Khadkut, Nanded",0263524110,2025-26,3,Maharashtra,GOPENO,GOPENO,HU,39.3989669,percentile,GOPENO | 17837 | 39.3989669 | Stage-I,27,Other Than Home University Seats Allotted to Home University Candidates,85bc7a8402071ea4b386765749d81eb1c5c7afa8ba44eb215d4d0f7411916a6c
a364fccf8115-PG_MCA_CAP3_Cutoff_All_Institutes_2025_26.pdf,2635,"Shri. Sambhaji College of Management & Technology, Degaon Road, Opp. Nadla Digras, Khadkut, Nanded",0263524110,2025-26,3,Maharashtra,GSCO,GSCO,HU,2.8640429,percentile,GSCO | 25160 | 2.8640429 | Stage-I,27,Other Than Home University Seats Allotted to Home University Candidates,22558ac509228da83564ff7a1514b42f0b2cdc242941e18cebccc13cad59b50d
a364fccf8115-PG_MCA_CAP3_Cutoff_All_Institutes_2025_26.pdf,2635,"Shri. Sambhaji College of Management & Technology, Degaon Road, Opp. Nadla Digras, Khadkut, Nanded",0263524110,2025-26,3,Maharashtra,GNTBO,GNTBO,HU,27.2744425,percentile,GNTBO | 20559 | 27.2744425 | Stage-I,27,Other Than Home University Seats Allotted to Home University Candidates,c08a34aee463b453a0948c8630daa9fefbee72e32162e2d55f58bd433b484385
a364fccf8115-PG_MCA_CAP3_Cutoff_All_Institutes_2025_26.pdf,2664,"Deogiri College, Chh. Sambhaji Nagar",0266424110,2025-26,3,Maharashtra,GOPENH,GOPENH,HU,80.5399495,percentile,GOPENH | 6250 | 80.5399495 | Stage-I,28,Home University Seats Allotted to Home University Candidates,86f0e01546a1849d7caf89144833aa7e90465d855d6e5d1a9c72fffe7bc42229
a364fccf8115-PG_MCA_CAP3_Cutoff_All_Institutes_2025_26.pdf,2664,"Deogiri College, Chh. Sambhaji Nagar",0266424110,2025-26,3,Maharashtra,GSTH,GSTH,HU,63.1574978,percentile,GSTH | 11481 | 63.1574978 | Stage-I,28,Home University Seats Allotted to Home University Candidates,ceda27f5f1f30688091807f71bfa9d9b69328bef7e971135295b7477cf173692
a364fccf8115-PG_MCA_CAP3_Cutoff_All_Institutes_2025_26.pdf,2664,"Deogiri College, Chh. Sambhaji Nagar",0266424110,2025-26,3,Maharashtra,GOPENO,GOPENO,HU,39.3989669,percentile,GOPENO | 17700 | 39.3989669 | Stage-I,28,Other Than Home University Seats Allotted to Other Than Home University Candidates,23b68ab2142de1f21e2c656fda2e6979abdc31303ea547dc72f4799f5fcbcbf5
a364fccf8115-PG_MCA_CAP3_Cutoff_All_Institutes_2025_26.pdf,2664,"Deogiri College, Chh. Sambhaji Nagar",0266424110,2025-26,3,Maharashtra,GSTO,GSTO,HU,27.2744425,percentile,GSTO | 20497 | 27.2744425 | Stage-I,28,Other Than Home University Seats Allotted to Other Than Home University Candidates,ccf07055e5576b731d7e621a29ce0468485b14b3f1662cfaf7597dfcd28ba424
a364fccf8115-PG_MCA_CAP3_Cutoff_All_Institutes_2025_26.pdf,2664,"Deogiri College, Chh. Sambhaji Nagar",0266424110,2025-26,3,Maharashtra,GSEBCO,GSEBCO,HU,56.5488095,percentile,GSEBCO | 13584 | 56.5488095 | Stage-I,28,Other Than Home University Seats Allotted to Home University Candidates,c16fa74f49a9cea7e8229fe9d864ba49fc36610339299b2168d23415b77d8bee
a364fccf8115-PG_MCA_CAP3_Cutoff_All_Institutes_2025_26.pdf,2665,"Royal Institute of Technical Education, Latur",0266524110,2025-26,3,Maharashtra,GOPENH,GOPENH,HU,71.1549338,percentile,GOPENH | 9337 | 71.1549338 | Stage-I,29,Home University Seats Allotted to Home University Candidates,6e61a36f59fa9fac74229bc1279c21f427b59cd298816439669139082d16adb3
a364fccf8115-PG_MCA_CAP3_Cutoff_All_Institutes_2025_26.pdf,2665,"Royal Institute of Technical Education, Latur",0266524110,2025-26,3,Maharashtra,GSTH,GSTH,HU,58.7911466,percentile,GSTH | 12812 | 58.7911466 | Stage-I,29,Home University Seats Allotted to Home University Candidates,00f1a1d6b5f8f9c7747594c49e64d70c3d061b4d7a0df1f83542a0ef37b0371f
a364fccf8115-PG_MCA_CAP3_Cutoff_All_Institutes_2025_26.pdf,2665,"Royal Institute of Technical Education, Latur",0266524110,2025-26,3,Maharashtra,GOBCO,GOBCO,HU,51.4093808,percentile,GOBCO | 14628 | 51.4093808 | Stage-I,29,Other Than Home University Seats Allotted to Home University Candidates,f11e3bb4aca936934fd40912040fc4946ad1ecdb89dd0e18f1b695aa5956f056
a364fccf8115-PG_MCA_CAP3_Cutoff_All_Institutes_2025_26.pdf,2667,DAYANAND COLLEGE OF COMMERCE LATUR,0266524110,2025-26,3,Maharashtra,GOPENH,GOPENH,HU,89.1331398,percentile,GOPENH | 3603 | 89.1331398 | Stage-I,30,Home University Seats Allotted to Home University Candidates,7234926a096c85f7849da09084f88e553b48db1498dc180950cd931073f767a5
a364fccf8115-PG_MCA_CAP3_Cutoff_All_Institutes_2025_26.pdf,2667,DAYANAND COLLEGE OF COMMERCE LATUR,0266524110,2025-26,3,Maharashtra,GSTH,GSTH,HU,46.3793819,percentile,GSTH | 15958 | 46.3793819 | Stage-I,30,Home University Seats Allotted to Home University Candidates,b4f153899b513c9b07b1e4e9454c6d8d535395db7a0dd76e583e7e70125b484c
a364fccf8115-PG_MCA_CAP3_Cutoff_All_Institutes_2025_26.pdf,2667,DAYANAND COLLEGE OF COMMERCE LATUR,0266524110,2025-26,3,Maharashtra,GNTCH,GNTCH,HU,23.1010151,percentile,GNTCH | 21649 | 23.1010151 | Stage-I,30,Home University Seats Allotted to Home University Candidates,68ca836a6da5b690bfb4e58e7b8846f5854be02df34133a652442413aa1388f8
a364fccf8115-PG_MCA_CAP3_Cutoff_All_Institutes_2025_26.pdf,2667,DAYANAND COLLEGE OF COMMERCE LATUR,0266524110,2025-26,3,Maharashtra,GOPENO,GOPENO,HU,51.4093808,percentile,GOPENO | 14629 | 51.4093808 | Stage-I,30,Other Than Home University Seats Allotted to Other Than Home University Candidates,52b236dfc5d323c10ea7e4ee5ef4895873f4ab63c53d622e62ed29157825ce56
a364fccf8115-PG_MCA_CAP3_Cutoff_All_Institutes_2025_26.pdf,2667,DAYANAND COLLEGE OF COMMERCE LATUR,0266524110,2025-26,3,Maharashtra,GNTCO,GNTCO,HU,44.5345198,percentile,GNTCO | 17024 | 44.5345198 | Stage-I,30,Other Than Home University Seats Allotted to Home University Candidates,1ea2706ee5c15986e27ffa13578081380629f62af00501f6a0a01f2694ee4487
a364fccf8115-PG_MCA_CAP3_Cutoff_All_Institutes_2025_26.pdf,2672,ARTS SCIENCE AND COMMERCE COLLEGE,0266524110,2025-26,3,Maharashtra,GOPENH,GOPENH,HU,89.1966341,percentile,GOPENH | 3252 | 89.1966341 | Stage-I,31,Home University Seats Allotted to Home University Candidates,cfaa39b9ce9cb84934af8669682c3d2f64ba0948827c75429abbbbd21e185dc7
a364fccf8115-PG_MCA_CAP3_Cutoff_All_Institutes_2025_26.pdf,2672,ARTS SCIENCE AND COMMERCE COLLEGE,0266524110,2025-26,3,Maharashtra,GSCH,GSCH,HU,31.6629561,percentile,GSCH | 19513 | 31.6629561 | Stage-I,31,Home University Seats Allotted to Home University Candidates,f21b03b0202226212a03850f594a6654a088fe1e094528c42ea63d30e17b9373
a364fccf8115-PG_MCA_CAP3_Cutoff_All_Institutes_2025_26.pdf,2672,ARTS SCIENCE AND COMMERCE COLLEGE,0266524110,2025-26,3,Maharashtra,GNTBH,GNTBH,HU,41.4550394,percentile,GNTBH | 17401 | 41.4550394 | Stage-I,31,Home University Seats Allotted to Home University Candidates,a2ccd8e0b8dd06475d8d1a2efa272bd6e94a394ec54328f12d17a3fe14130270
a364fccf8115-PG_MCA_CAP3_Cutoff_All_Institutes_2025_26.pdf,2672,ARTS SCIENCE AND COMMERCE COLLEGE,0266524110,2025-26,3,Maharashtra,GOBCH,GOBCH,HU,36.496736,percentile,GOBCH | 18483 | 36.496736 | Stage-I,31,Home University Seats Allotted to Home University Candidates,017562e74d09dfc89b347f6f96d32e39d0e76441abf7277745e19fbb3d596048
a364fccf8115-PG_MCA_CAP3_Cutoff_All_Institutes_2025_26.pdf,2672,ARTS SCIENCE AND COMMERCE COLLEGE,0266524110,2025-26,3,Maharashtra,GOPENO,GOPENO,HU,13.5402134,percentile,GOPENO | 23192 | 13.5402134 | Stage-I,31,Other Than Home University Seats Allotted to Other Than Home University Candidates,7ee876408566d28c92c333be552fd8af995e88f563c7e636dc67f792e0bef9da
a364fccf8115-PG_MCA_CAP3_Cutoff_All_Institutes_2025_26.pdf,2672,ARTS SCIENCE AND COMMERCE COLLEGE,0266524110,2025-26,3,Maharashtra,GSCO,GSCO,HU,29.9046039,percentile,GSCO | 19883 | 29.9046039 | Stage-IV,31,Other Than Home University Seats Allotted to Home University Candidates,bc99c5a82807673cba6c7e6c6ff842d87cb1db8685efb550b2865e6aa18fb8c0
a364fccf8115-PG_MCA_CAP3_Cutoff_All_Institutes_2025_26.pdf,2672,ARTS SCIENCE AND COMMERCE COLLEGE,0266524110,2025-26,3,Maharashtra,GOBCO,GOBCO,HU,31.6629561,percentile,GOBCO | 19746 | 31.6629561 | Stage-IV,31,Other Than Home University Seats Allotted to Home University Candidates,4da1fb37d17e2d5105af01f18e540935b8619efc1614569b20c5a6781847d661
a364fccf8115-PG_MCA_CAP3_Cutoff_All_Institutes_2025_26.pdf,2674,MAHARASHTRA MAHAVIDYALAYA NILANGA,0266524110,2025-26,3,Maharashtra,GOPENH,GOPENH,HU,73.5368477,percentile,GOPENH | 8973 | 73.5368477 | Stage-I,32,Home University Seats Allotted to Home University Candidates,354427233dd2647025c87c54a58f2af5f86f093cd9585379213acd25f4e39286
a364fccf8115-PG_MCA_CAP3_Cutoff_All_Institutes_2025_26.pdf,2674,MAHARASHTRA MAHAVIDYALAYA NILANGA,0266524110,2025-26,3,Maharashtra,GSTH,GSTH,HU,1.3498737,percentile,GSTH | 25335 | 1.3498737 | Stage-I,32,Home University Seats Allotted to Home University Candidates,02dd8410a21e096157e8b3cdc22b8c15445a07af52dbc8e92d9455725dcb4814
a364fccf8115-PG_MCA_CAP3_Cutoff_All_Institutes_2025_26.pdf,2674,MAHARASHTRA MAHAVIDYALAYA NILANGA,0266524110,2025-26,3,Maharashtra,GNTDH,GNTDH,HU,7.9446476,percentile,GNTDH | 24154 | 7.9446476 | Stage-I,32,Home University Seats Allotted to Home University Candidates,d1ca40bba88a8c95d3bd0bb1beb8002974f0a311462d5f54b63ad983e93b101c
a364fccf8115-PG_MCA_CAP3_Cutoff_All_Institutes_2025_26.pdf,2674,MAHARASHTRA MAHAVIDYALAYA NILANGA,0266524110,2025-26,3,Maharashtra,GOPENO,GOPENO,HU,51.4093808,percentile,GOPENO | 15067 | 51.4093808 | Stage-I,32,Other Than Home University Seats Allotted to Home University Candidates,f6812022b1772545bd86d95f83e74bb54ccdd1ccdff3a2696e97b461748437d9
a364fccf8115-PG_MCA_CAP3_Cutoff_All_Institutes_2025_26.pdf,2694,JAY BHARAT COLLEGE OF MCA DAPKA TQ.NILANGA DIST LATUR,0269424210,2025-26,3,Maharashtra,GOPENH,GOPENH,HU,49.3533426,percentile,GOPENH | 15433 | 49.3533426 | Stage-I,33,Home University Seats Allotted to Home University Candidates,54ca24b7417c767449bbb71dc5110b689088212d5620d0709afd5d20539fc95c
a364fccf8115-PG_MCA_CAP3_Cutoff_All_Institutes_2025_26.pdf,2694,JAY BHARAT COLLEGE OF MCA DAPKA TQ.NILANGA DIST LATUR,0269424210,2025-26,3,Maharashtra,GSCH,GSCH,HU,29.9046039,percentile,GSCH | 19869 | 29.9046039 | Stage-I,33,Home University Seats Allotted to Home University Candidates,4b43a40b633b642755d0ce4d4eb9f6802650169180ae91bc1346f8d29db78b0c
a364fccf8115-PG_MCA_CAP3_Cutoff_All_Institutes_2025_26.pdf,2694,JAY BHARAT COLLEGE OF MCA DAPKA TQ.NILANGA DIST LATUR,0269424210,2025-26,3,Maharashtra,GOPENO,GOPENO,HU,39.3989669,percentile,GOPENO | 17712 | 39.3989669 | Stage-I,33,Other Than Home University Seats Allotted to Home University Candidates,077d0a9c72e33092fc1ee70b130c96e7b565f6daefa1a97e282f16469e9b9ac4
a364fccf8115-PG_MCA_CAP3_Cutoff_All_Institutes_2025_26.pdf,2694,JAY BHARAT COLLEGE OF MCA DAPKA TQ.NILANGA DIST LATUR,0269424210,2025-26,3,Maharashtra,EWS,EWS,SL,21.0059952,percentile,EWS | 21958 | 21.0059952 | Stage-I,33,Other Than Home University Seats Allotted to Home University Candidates,f0a038d5a9cf9349c050186856330cd9106509e933186dd2c48fd25657649da6
a364fccf8115-PG_MCA_CAP3_Cutoff_All_Institutes_2025_26.pdf,2694,JAY BHARAT COLLEGE OF MCA DAPKA TQ.NILANGA DIST LATUR,0269424210,2025-26,3,Maharashtra,TFWS,TFWS,SL,97.8055126,percentile,TFWS | 602 | 97.8055126 | Stage-I,33,Other Than Home University Seats Allotted to Home University Candidates,a7ba056e422d9b419cd3abc2d208239609914ba677bdbcf5b5fd2aeaa7f6b140
a364fccf8115-PG_MCA_CAP3_Cutoff_All_Institutes_2025_26.pdf,2695,"MARATHWADA INSTITUTE OF TECHNOLOGY CIDCO ,CHHATRAPATI SAMBHAJINAGAR",0269524110,2025-26,3,Maharashtra,GOPENH,GOPENH,HU,44.5345198,percentile,GOPENH | 16889 | 44.5345198 | Stage-I,34,Home University Seats Allotted to Home University Candidates,9161d65fcc014919e6e57a6177b17869d2fcc325c985e9a269fbbee83efd7802
a364fccf8115-PG_MCA_CAP3_Cutoff_All_Institutes_2025_26.pdf,2695,"MARATHWADA INSTITUTE OF TECHNOLOGY CIDCO ,CHHATRAPATI SAMBHAJINAGAR",0269524110,2025-26,3,Maharashtra,GSCH,GSCH,HU,4.302251,percentile,GSCH | 24784 | 4.302251 | Stage-I,34,Home University Seats Allotted to Home University Candidates,05fbc975d40d349f57ec893ab34388414f1540fa60bef05f37e43fea3edea2c6
a364fccf8115-PG_MCA_CAP3_Cutoff_All_Institutes_2025_26.pdf,2695,"MARATHWADA INSTITUTE OF TECHNOLOGY CIDCO ,CHHATRAPATI SAMBHAJINAGAR",0269524110,2025-26,3,Maharashtra,GSTH,GSTH,HU,34.5198145,percentile,GSTH | 19280 | 34.5198145 | Stage-I,34,Home University Seats Allotted to Home University Candidates,16241e877fffcbb7f66fbcfca5d9ee96a2ee139977053b9e0a6d8403bac25237
a364fccf8115-PG_MCA_CAP3_Cutoff_All_Institutes_2025_26.pdf,2695,"MARATHWADA INSTITUTE OF TECHNOLOGY CIDCO ,CHHATRAPATI SAMBHAJINAGAR",0269524110,2025-26,3,Maharashtra,GOPENO,GOPENO,HU,19.1539942,percentile,GOPENO | 22443 | 19.1539942 | Stage-I,34,Other Than Home University Seats Allotted to Other Than Home University Candidates,06aa314aab562a79ae6f43ac0618407f3c399275ad495559c37645cd53ce70c7
a364fccf8115-PG_MCA_CAP3_Cutoff_All_Institutes_2025_26.pdf,2695,"MARATHWADA INSTITUTE OF TECHNOLOGY CIDCO ,CHHATRAPATI SAMBHAJINAGAR",0269524110,2025-26,3,Maharashtra,GSCO,GSCO,HU,7.4072677,percentile,GSCO | 24408 | 7.4072677 | Stage-I,34,Other Than Home University Seats Allotted to Other Than Home University Candidates,c6f1b2d0225fd342c9a5e8f392d03aded952621afb68b7029a2249fde988ff25
a364fccf8115-PG_MCA_CAP3_Cutoff_All_Institutes_2025_26.pdf,2695,"MARATHWADA INSTITUTE OF TECHNOLOGY CIDCO ,CHHATRAPATI SAMBHAJINAGAR",0269524110,2025-26,3,Maharashtra,GNTBO,GNTBO,HU,15.5994113,percentile,GNTBO | 22838 | 15.5994113 | Stage-IV,34,Other Than Home University Seats Allotted to Home University Candidates,d817bcd38b4c26df5dfcc00c2c7f24bdf54245f29e33936279acdd25841a9974
a364fccf8115-PG_MCA_CAP3_Cutoff_All_Institutes_2025_26.pdf,2695,"MARATHWADA INSTITUTE OF TECHNOLOGY CIDCO ,CHHATRAPATI SAMBHAJINAGAR",0269524110,2025-26,3,Maharashtra,GOBCO,GOBCO,HU,15.5994113,percentile,GOBCO | 22920 | 15.5994113 | Stage-IV,34,Other Than Home University Seats Allotted to Home University Candidates,5c712c02cb6950f82ef06750dd2b08b17cee2703a634337fad2372df76276af6
a364fccf8115-PG_MCA_CAP3_Cutoff_All_Institutes_2025_26.pdf,2695,"MARATHWADA INSTITUTE OF TECHNOLOGY CIDCO ,CHHATRAPATI SAMBHAJINAGAR",0269524110,2025-26,3,Maharashtra,EWS,EWS,SL,77.8251197,percentile,EWS | 7232 | 77.8251197 | Stage-I,34,Other Than Home University Seats Allotted to Home University Candidates,ee64c8c3fa30f6880b1643602bb3dc18e4f3aa24737debf3e4384c0b6d8d6298
a364fccf8115-PG_MCA_CAP3_Cutoff_All_Institutes_2025_26.pdf,2695,"MARATHWADA INSTITUTE OF TECHNOLOGY CIDCO ,CHHATRAPATI SAMBHAJINAGAR",0269524110,2025-26,3,Maharashtra,TFWS,TFWS,SL,63.1574978,percentile,TFWS | 11459 | 63.1574978 | Stage-I,34,Other Than Home University Seats Allotted to Home University Candidates,ccf5c427262c67cc1397a93aefe5e97aad0f691986e66e4fad12d093ffed113e
a364fccf8115-PG_MCA_CAP3_Cutoff_All_Institutes_2025_26.pdf,3032,"S.N.D.T Women's University P.G.D. of Computer Science, Mumbai",0269524110,2025-26,3,Maharashtra,GOPENS,GOPENS,SL,89.1331398,percentile,GOPENS | 3658 | 89.1331398 | Stage-I,35,,752616d5322f7b3cd7bf1444403b5f0935ac4ce373038cbc53200a2438b4d95a
a364fccf8115-PG_MCA_CAP3_Cutoff_All_Institutes_2025_26.pdf,3032,"S.N.D.T Women's University P.G.D. of Computer Science, Mumbai",0269524110,2025-26,3,Maharashtra,GSCS,GSCS,SL,65.8578922,percentile,GSCS | 11326 | 65.8578922 | Stage-I,35,,e9f878253a297d2ac9066b7f1a9c238f91e1a60373559bf6ed664ce9b1bb7c8b
a364fccf8115-PG_MCA_CAP3_Cutoff_All_Institutes_2025_26.pdf,3032,"S.N.D.T Women's University P.G.D. of Computer Science, Mumbai",0269524110,2025-26,3,Maharashtra,GSTS,GSTS,SL,27.2744425,percentile,GSTS | 20641 | 27.2744425 | Stage-I,35,,69beb26bd33116af29060c854c2bd97281000636eea3e0045d8bdd10fbbabe15
a364fccf8115-PG_MCA_CAP3_Cutoff_All_Institutes_2025_26.pdf,3032,"S.N.D.T Women's University P.G.D. of Computer Science, Mumbai",0269524110,2025-26,3,Maharashtra,GNTAS,GNTAS,SL,69.7143504,percentile,GNTAS | 10128 | 69.7143504 | Stage-I,35,,1f6eaa5ebaa74b642d32dea7d4085eb0df961fadcf8ae7c0f1081ab82fd3d544
a364fccf8115-PG_MCA_CAP3_Cutoff_All_Institutes_2025_26.pdf,3032,"S.N.D.T Women's University P.G.D. of Computer Science, Mumbai",0269524110,2025-26,3,Maharashtra,GNTBS,GNTBS,SL,65.8578922,percentile,GNTBS | 10983 | 65.8578922 | Stage-I,35,,0130db18ae659d9f439a579b210793042e734e8fb4ddc3672a69dff07d533f1a
a364fccf8115-PG_MCA_CAP3_Cutoff_All_Institutes_2025_26.pdf,3032,"S.N.D.T Women's University P.G.D. of Computer Science, Mumbai",0269524110,2025-26,3,Maharashtra,GNTCS,GNTCS,SL,97.0718086,percentile,GNTCS | 783 | 97.0718086 | Stage-I,35,,da072f4a97d34d050c80fd13aebcda612352ba2b35f971c2242a629b5bdc08a1
a364fccf8115-PG_MCA_CAP3_Cutoff_All_Institutes_2025_26.pdf,3033,"Dr. Babasaheb Ambedkar Technological University, Lonere",0303324110,2025-26,3,Maharashtra,GOPENS,GOPENS,SL,61.2807064,percentile,GOPENS | 12536 | 61.2807064 | Stage-I,36,,2dfd691cc191d648831c196ba7f9270f1be30024060c8418cf57fa13666266b3
a364fccf8115-PG_MCA_CAP3_Cutoff_All_Institutes_2025_26.pdf,3109,"S.I.E.S. College of Management Studies, Mumbai",0310924110,2025-26,3,Maharashtra,GOPENH,GOPENH,HU,97.6265047,percentile,GOPENH | 691 | 97.6265047 | Stage-I,37,Home University Seats Allotted to Home University Candidates,c6b1c746639bbf95ace42cfc53585fa94652f0fac091078327b798f93ae04f0b
a364fccf8115-PG_MCA_CAP3_Cutoff_All_Institutes_2025_26.pdf,3109,"S.I.E.S. College of Management Studies, Mumbai",0310924110,2025-26,3,Maharashtra,GOPENO,GOPENO,HU,96.1125146,percentile,GOPENO | 1122 | 96.1125146 | Stage-I,37,Other Than Home University Seats Allotted to Other Than Home University Candidates,8f344237044918e37b1fba44bfdf086acf62805b19753aeba349ccf53e21efe9
a364fccf8115-PG_MCA_CAP3_Cutoff_All_Institutes_2025_26.pdf,3109,"S.I.E.S. College of Management Studies, Mumbai",0310924110,2025-26,3,Maharashtra,MI-MH,MI-MH,MI,95.2942951,percentile,MI-MH | 1411 | 95.2942951 | Stage-MI-MH,37,Minority Seats : Minority Seats Allotted to Non Minority Candidates,64277c79b05b450f4afc2199a051f9c53105ec16333fcbe13256a43066b7243a
a364fccf8115-PG_MCA_CAP3_Cutoff_All_Institutes_2025_26.pdf,3117,"Gurunanak Institute of Management Studies, Mumbai",0311724110,2025-26,3,Maharashtra,GOPENH,GOPENH,HU,95.2942951,percentile,GOPENH | 1463 | 95.2942951 | Stage-I,38,Home University Seats Allotted to Home University Candidates,5e64bfa2d9ad781003d09149a7127c2463f02e21c1d984842d3b847a6160b3f8
a364fccf8115-PG_MCA_CAP3_Cutoff_All_Institutes_2025_26.pdf,3117,"Gurunanak Institute of Management Studies, Mumbai",0311724110,2025-26,3,Maharashtra,GOPENO,GOPENO,HU,90.9663786,percentile,GOPENO | 2828 | 90.9663786 | Stage-I,38,Other Than Home University Seats Allotted to Other Than Home University Candidates,76157bf1f035710a37e722aed656ce7159f830a789852e7d8d107ce450664af1
a364fccf8115-PG_MCA_CAP3_Cutoff_All_Institutes_2025_26.pdf,3117,"Gurunanak Institute of Management Studies, Mumbai",0311724110,2025-26,3,Maharashtra,TFWS,TFWS,SL,97.390747,percentile,TFWS | 765 | 97.390747 | Stage-I,38,Other Than Home University Seats Allotted to Other Than Home University Candidates,e5b6218135f46003e219065efadc22eb2954c9ce581ca17f6d770a806440a577
a364fccf8115-PG_MCA_CAP3_Cutoff_All_Institutes_2025_26.pdf,3117,"Gurunanak Institute of Management Studies, Mumbai",0311724110,2025-26,3,Maharashtra,MI-MH,MI-MH,MI,92.3361383,percentile,MI-MH | 2369 | 92.3361383 | Stage-MI-MH,38,Minority Seats : Minority Seats Allotted to Non Minority Candidates,bb2816ede3f56d3bf2102a2ca88ca56cffd263c922837ff639ff4d41f370a2a7
a364fccf8115-PG_MCA_CAP3_Cutoff_All_Institutes_2025_26.pdf,3127,"NCRD's Sterling Institute of Management Studies, Navi Mumbai",0312724110,2025-26,3,Maharashtra,GOPENH,GOPENH,HU,90.9663786,percentile,GOPENH | 2957 | 90.9663786 | Stage-I,39,Home University Seats Allotted to Home University Candidates,629bff22ffb0f4dbf5b7401f036be16aa9d8ddc3a6f7d3990060cf1f25b14f77
a364fccf8115-PG_MCA_CAP3_Cutoff_All_Institutes_2025_26.pdf,3127,"NCRD's Sterling Institute of Management Studies, Navi Mumbai",0312724110,2025-26,3,Maharashtra,GSCH,GSCH,HU,85.2118788,percentile,GSCH | 5052 | 85.2118788 | Stage-I,39,Home University Seats Allotted to Home University Candidates,9d479a8e938ec66213b0492e7e030a056cda87e224312658eae83e4c37494284
a364fccf8115-PG_MCA_CAP3_Cutoff_All_Institutes_2025_26.pdf,3127,"NCRD's Sterling Institute of Management Studies, Navi Mumbai",0312724110,2025-26,3,Maharashtra,GSTH,GSTH,HU,82.9644433,percentile,GSTH | 5275 | 82.9644433 | Stage-I,39,Home University Seats Allotted to Home University Candidates,076b4165e4b6d5de549205ca9e16c2f298715c74178aeb5d43d899f359b12d23
a364fccf8115-PG_MCA_CAP3_Cutoff_All_Institutes_2025_26.pdf,3127,"NCRD's Sterling Institute of Management Studies, Navi Mumbai",0312724110,2025-26,3,Maharashtra,GOBCH,GOBCH,HU,49.3533426,percentile,GOBCH | 15546 | 49.3533426 | Stage-I,39,Home University Seats Allotted to Home University Candidates,5078ebbfc6f8fc55b41bc95a9016a2efe784df4b0850ddd97a1b6c1944d9a8df
a364fccf8115-PG_MCA_CAP3_Cutoff_All_Institutes_2025_26.pdf,3127,"NCRD's Sterling Institute of Management Studies, Navi Mumbai",0312724110,2025-26,3,Maharashtra,GNTAH,GNTAH,HU,61.2807064,percentile,GNTAH | 12208 | 61.2807064 | Stage-I,39,Home University Seats Allotted to Other Than Home University Candidates,5043a4be8fd62c8830e07d3f2179dee373a760939913400828adba84c3275cfc
a364fccf8115-PG_MCA_CAP3_Cutoff_All_Institutes_2025_26.pdf,3127,"NCRD's Sterling Institute of Management Studies, Navi Mumbai",0312724110,2025-26,3,Maharashtra,GOPENO,GOPENO,HU,85.3851665,percentile,GOPENO | 4541 | 85.3851665 | Stage-I,39,Other Than Home University Seats Allotted to Other Than Home University Candidates,84dc6d28fdd477efe47463167a3aaa14f0fa6da854efd982778111cc9a5cb5ec
a364fccf8115-PG_MCA_CAP3_Cutoff_All_Institutes_2025_26.pdf,3127,"NCRD's Sterling Institute of Management Studies, Navi Mumbai",0312724110,2025-26,3,Maharashtra,GSCO,GSCO,HU,44.5345198,percentile,GSCO | 16506 | 44.5345198 | Stage-I,39,Other Than Home University Seats Allotted to Other Than Home University Candidates,ee5c92f176e01ce0e7e7edca35788e0c151268db723653ef1abfe0ecc70be32b
a364fccf8115-PG_MCA_CAP3_Cutoff_All_Institutes_2025_26.pdf,3127,"NCRD's Sterling Institute of Management Studies, Navi Mumbai",0312724110,2025-26,3,Maharashtra,GSTO,GSTO,HU,67.3579428,percentile,GSTO | 10452 | 67.3579428 | Stage-I,39,Other Than Home University Seats Allotted to Other Than Home University Candidates,a8d717996224a525ce5cef6ff06e54b32a8b9959c8707affb82f41fd8f880eca
a364fccf8115-PG_MCA_CAP3_Cutoff_All_Institutes_2025_26.pdf,3127,"NCRD's Sterling Institute of Management Studies, Navi Mumbai",0312724110,2025-26,3,Maharashtra,GOBCO,GOBCO,HU,41.4550394,percentile,GOBCO | 17389 | 41.4550394 | Stage-I,39,Other Than Home University Seats Allotted to Other Than Home University Candidates,62d4615a45ddf30bd2135350d77287eb3355a66b8a00ed44ab53b2ef336cd0d4
a364fccf8115-PG_MCA_CAP3_Cutoff_All_Institutes_2025_26.pdf,3127,"NCRD's Sterling Institute of Management Studies, Navi Mumbai",0312724110,2025-26,3,Maharashtra,EWS,EWS,SL,2.8640429,percentile,EWS | 25175 | 2.8640429 | Stage-I,39,Other Than Home University Seats Allotted to Other Than Home University Candidates,89af61abfb1868566b896d2ae3f6f02e6b507f80dbc1e611783bb07fe019a103
a364fccf8115-PG_MCA_CAP3_Cutoff_All_Institutes_2025_26.pdf,3127,"NCRD's Sterling Institute of Management Studies, Navi Mumbai",0312724110,2025-26,3,Maharashtra,TFWS,TFWS,SL,94.4270578,percentile,TFWS | 1826 | 94.4270578 | Stage-I,39,Other Than Home University Seats Allotted to Other Than Home University Candidates,27d6d6f122e35632378f62f1c42083e1d354cd0eb6d821956df94aec46606da4
a364fccf8115-PG_MCA_CAP3_Cutoff_All_Institutes_2025_26.pdf,3129,"Mumbai Institute of Management & Research, Mumbai",0312924210,2025-26,3,Maharashtra,GOPENH,GOPENH,HU,85.2118788,percentile,GOPENH | 5073 | 85.2118788 | Stage-I,40,Home University Seats Allotted to Home University Candidates,16ffd567f9e42cf51781a0c322ede8a93c9d874d71a36409258bd2a9d793af1b
a364fccf8115-PG_MCA_CAP3_Cutoff_All_Institutes_2025_26.pdf,3129,"Mumbai Institute of Management & Research, Mumbai",0312924210,2025-26,3,Maharashtra,GSCH,GSCH,HU,41.4550394,percentile,GSCH | 17638 | 41.4550394 | Stage-I,40,Home University Seats Allotted to Home University Candidates,2fd2d4261386a6d87d49dfef6ee6639afda40523c6a18284011ba02ed7c292ab
a364fccf8115-PG_MCA_CAP3_Cutoff_All_Institutes_2025_26.pdf,3129,"Mumbai Institute of Management & Research, Mumbai",0312924210,2025-26,3,Maharashtra,GSTH,GSTH,HU,56.5488095,percentile,GSTH | 13607 | 56.5488095 | Stage-I,40,Home University Seats Allotted to Home University Candidates,e0091f8f08fe95d64b3ad9b4db1249d1b6c6227b62e149b20f6d7606b0ffa6a4
a364fccf8115-PG_MCA_CAP3_Cutoff_All_Institutes_2025_26.pdf,3129,"Mumbai Institute of Management & Research, Mumbai",0312924210,2025-26,3,Maharashtra,GNTBH,GNTBH,HU,21.0059952,percentile,GNTBH | 21906 | 21.0059952 | Stage-I,40,Home University Seats Allotted to Other Than Home University Candidates,6d469fee4fd178384f3c12c0124e22d3b98012bc1d471ac48495e7e06b55b8bb
a364fccf8115-PG_MCA_CAP3_Cutoff_All_Institutes_2025_26.pdf,3129,"Mumbai Institute of Management & Research, Mumbai",0312924210,2025-26,3,Maharashtra,GNTCH,GNTCH,HU,39.3989669,percentile,GNTCH | 18127 | 39.3989669 | Stage-I,40,Home University Seats Allotted to Other Than Home University Candidates,2a8170cd25b4033c10b2144f0f843698c27f5293338016c4cb7044fdd4b7d840
a364fccf8115-PG_MCA_CAP3_Cutoff_All_Institutes_2025_26.pdf,3129,"Mumbai Institute of Management & Research, Mumbai",0312924210,2025-26,3,Maharashtra,GOPENO,GOPENO,HU,74.782248,percentile,GOPENO | 7998 | 74.782248 | Stage-I,40,Other Than Home University Seats Allotted to Other Than Home University Candidates,f22a4f43c20452952c071ff7f693cb940e5e960d18cec726dd935b5fe2d0d12f
a364fccf8115-PG_MCA_CAP3_Cutoff_All_Institutes_2025_26.pdf,3129,"Mumbai Institute of Management & Research, Mumbai",0312924210,2025-26,3,Maharashtra,GSCO,GSCO,HU,29.9046039,percentile,GSCO | 20275 | 29.9046039 | Stage-I,40,Other Than Home University Seats Allotted to Other Than Home University Candidates,ade80a916809020e62a7d5bbb42ff1e21be5c240606eea2fe324868f2ab03c89
a364fccf8115-PG_MCA_CAP3_Cutoff_All_Institutes_2025_26.pdf,3129,"Mumbai Institute of Management & Research, Mumbai",0312924210,2025-26,3,Maharashtra,GSTO,GSTO,HU,34.5198145,percentile,GSTO | 18881 | 34.5198145 | Stage-I,40,Other Than Home University Seats Allotted to Other Than Home University Candidates,bbed9fc12ab3a6049d005a749ac5c4da86484770c180d61e297607ed717e814f
a364fccf8115-PG_MCA_CAP3_Cutoff_All_Institutes_2025_26.pdf,3129,"Mumbai Institute of Management & Research, Mumbai",0312924210,2025-26,3,Maharashtra,GNTAO,GNTAO,HU,44.5345198,percentile,GNTAO | 16670 | 44.5345198 | Stage-I,40,Other Than Home University Seats Allotted to Other Than Home University Candidates,dbf8d3eede5e85c446520145b6a5cfbcaeffcd19f2825980a0f6a5721e516fab
a364fccf8115-PG_MCA_CAP3_Cutoff_All_Institutes_2025_26.pdf,3129,"Mumbai Institute of Management & Research, Mumbai",0312924210,2025-26,3,Maharashtra,GNTBO,GNTBO,HU,56.5488095,percentile,GNTBO | 13483 | 56.5488095 | Stage-I,40,Other Than Home University Seats Allotted to Other Than Home University Candidates,b61049c8bb5d272e02bb0d03e93738836b2a553f6235dba90a05ba60eda7f63e
a364fccf8115-PG_MCA_CAP3_Cutoff_All_Institutes_2025_26.pdf,3129,"Mumbai Institute of Management & Research, Mumbai",0312924210,2025-26,3,Maharashtra,TFWS,TFWS,SL,80.5399495,percentile,TFWS | 6192 | 80.5399495 | Stage-I,40,Other Than Home University Seats Allotted to Other Than Home University Candidates,b04356bdcf2efa2a1f2f43e532119e25c49d2cd95188f11784c5eba28d67fbbd
a364fccf8115-PG_MCA_CAP3_Cutoff_All_Institutes_2025_26.pdf,3133,"Swayamsiddhi Mitra Sangh's College of Management & Research, Thane",0313324110,2025-26,3,Maharashtra,GOPENH,GOPENH,HU,82.8308366,percentile,GOPENH | 6068 | 82.8308366 | Stage-I,41,Home University Seats Allotted to Home University Candidates,eef6cd27fc561cbc01fcb7cc9d2ace527ef674156162d027adbc6a9b913448ff
a364fccf8115-PG_MCA_CAP3_Cutoff_All_Institutes_2025_26.pdf,3133,"Swayamsiddhi Mitra Sangh's College of Management & Research, Thane",0313324110,2025-26,3,Maharashtra,GSCH,GSCH,HU,49.3533426,percentile,GSCH | 15576 | 49.3533426 | Stage-I,41,Home University Seats Allotted to Home University Candidates,dc19e8d741f27e0179c65610ad8bf87a34f0b4df4341e09648633d8d730f6339
a364fccf8115-PG_MCA_CAP3_Cutoff_All_Institutes_2025_26.pdf,3133,"Swayamsiddhi Mitra Sangh's College of Management & Research, Thane",0313324110,2025-26,3,Maharashtra,GSTH,GSTH,HU,80.5399495,percentile,GSTH | 6332 | 80.5399495 | Stage-I,41,Home University Seats Allotted to Home University Candidates,f5deba2b62b897469206ce1bfc96d71d49760e421626ac4d8f5d0e847ab8109f
a364fccf8115-PG_MCA_CAP3_Cutoff_All_Institutes_2025_26.pdf,3133,"Swayamsiddhi Mitra Sangh's College of Management & Research, Thane",0313324110,2025-26,3,Maharashtra,GOPENO,GOPENO,HU,41.4550394,percentile,GOPENO | 17120 | 41.4550394 | Stage-I,41,Other Than Home University Seats Allotted to Other Than Home University Candidates,fe91eedaceffcdafb7390b7093b09c5d9e9086cbf1fa3ed9b32affcacbf5693a
a364fccf8115-PG_MCA_CAP3_Cutoff_All_Institutes_2025_26.pdf,3133,"Swayamsiddhi Mitra Sangh's College of Management & Research, Thane",0313324110,2025-26,3,Maharashtra,GSTO,GSTO,HU,21.0059952,percentile,GSTO | 21698 | 21.0059952 | Stage-I,41,Other Than Home University Seats Allotted to Other Than Home University Candidates,225149de13aa7b7a85d7b518e55ac46756dd30c8f2b201c7a48fb63a3a813d07
a364fccf8115-PG_MCA_CAP3_Cutoff_All_Institutes_2025_26.pdf,3162,"Bharti Vidyapeeth's Institute of Management & Information Technology, Navi Mumbai",0316224110,2025-26,3,Maharashtra,GOPENH,GOPENH,HU,95.2942951,percentile,GOPENH | 1432 | 95.2942951 | Stage-I,42,Home University Seats Allotted to Home University Candidates,ad51b8da1def018d6e137f8562c4db9c595c015b92d82446670d8ff130fb38ce
a364fccf8115-PG_MCA_CAP3_Cutoff_All_Institutes_2025_26.pdf,3162,"Bharti Vidyapeeth's Institute of Management & Information Technology, Navi Mumbai",0316224110,2025-26,3,Maharashtra,GSTH,GSTH,HU,87.3496474,percentile,GSTH | 4124 | 87.3496474 | Stage-I,42,Home University Seats Allotted to Home University Candidates,c94f2d99db7bf257cb2f10dd888758a55a119bcbe1e9565ecbfa676cb5dfe4da
a364fccf8115-PG_MCA_CAP3_Cutoff_All_Institutes_2025_26.pdf,3162,"Bharti Vidyapeeth's Institute of Management & Information Technology, Navi Mumbai",0316224110,2025-26,3,Maharashtra,GNTCH,GNTCH,HU,92.1797821,percentile,GNTCH | 2484 | 92.1797821 | Stage-I,42,Home University Seats Allotted to Home University Candidates,ca9c459b0664d9b668b33ac07ed004287e0039ddde7a0e981a569c15e1967636
a364fccf8115-PG_MCA_CAP3_Cutoff_All_Institutes_2025_26.pdf,3162,"Bharti Vidyapeeth's Institute of Management & Information Technology, Navi Mumbai",0316224110,2025-26,3,Maharashtra,GOPENO,GOPENO,HU,94.4270578,percentile,GOPENO | 1690 | 94.4270578 | Stage-I,42,Other Than Home University Seats Allotted to Other Than Home University Candidates,0ff49d4d0b459d14efb67fad8db18785585fc8c13e4046b28acf1c0cceeb560d
a364fccf8115-PG_MCA_CAP3_Cutoff_All_Institutes_2025_26.pdf,3162,"Bharti Vidyapeeth's Institute of Management & Information Technology, Navi Mumbai",0316224110,2025-26,3,Maharashtra,GSCO,GSCO,HU,89.1966341,percentile,GSCO | 3292 | 89.1966341 | Stage-I,42,Other Than Home University Seats Allotted to Other Than Home University Candidates,e8bbf4819691941ef36ed7cd046b0f5654f8e04d9f664d7497e945a0df822986
a364fccf8115-PG_MCA_CAP3_Cutoff_All_Institutes_2025_26.pdf,3162,"Bharti Vidyapeeth's Institute of Management & Information Technology, Navi Mumbai",0316224110,2025-26,3,Maharashtra,GOBCO,GOBCO,HU,89.1331398,percentile,GOBCO | 3567 | 89.1331398 | Stage-I,42,Other Than Home University Seats Allotted to Other Than Home University Candidates,7a55cc4700483d144b2e91aa1010ba6f65427008234727cd8f19e5a763e08bbc
a364fccf8115-PG_MCA_CAP3_Cutoff_All_Institutes_2025_26.pdf,3162,"Bharti Vidyapeeth's Institute of Management & Information Technology, Navi Mumbai",0316224110,2025-26,3,Maharashtra,EWS,EWS,SL,80.5399495,percentile,EWS | 6219 | 80.5399495 | Stage-I,42,Other Than Home University Seats Allotted to Other Than Home University Candidates,29fa1f2e93fa243d56be64bacc45e2caafff342fdcc855555f83e68c33199eb7
a364fccf8115-PG_MCA_CAP3_Cutoff_All_Institutes_2025_26.pdf,3162,"Bharti Vidyapeeth's Institute of Management & Information Technology, Navi Mumbai",0316224110,2025-26,3,Maharashtra,TFWS,TFWS,SL,96.828928,percentile,TFWS | 951 | 96.828928 | Stage-I,42,Other Than Home University Seats Allotted to Other Than Home University Candidates,6c8ea3ccc1bb29bccdef8677ddc424abc80b205c5b17a3f42b15143c6dd5d27c
a364fccf8115-PG_MCA_CAP3_Cutoff_All_Institutes_2025_26.pdf,3167,"Mumbai Education Trust's Institute of Computer Science, Bandra (W), Mumbai",0316724110,2025-26,3,Maharashtra,GSTH,GSTH,HU,98.2089665,percentile,GSTH | 456 | 98.2089665 | Stage-IV,43,Home University Seats Allotted to Home University Candidates,b53a67811b3e9aa586ec5e44cafc596766caa575c244c6c60e0151afc02e25c0
a364fccf8115-PG_MCA_CAP3_Cutoff_All_Institutes_2025_26.pdf,3167,"Mumbai Education Trust's Institute of Computer Science, Bandra (W), Mumbai",0316724110,2025-26,3,Maharashtra,GOPENO,GOPENO,HU,97.390747,percentile,GOPENO | 737 | 97.390747 | Stage-I,43,Other Than Home University Seats Allotted to Other Than Home University Candidates,31bb0890b555eca9dbbb4228017e225c05e014aa5516916c958926acd7ca0ee0
a364fccf8115-PG_MCA_CAP3_Cutoff_All_Institutes_2025_26.pdf,3167,"Mumbai Education Trust's Institute of Computer Science, Bandra (W), Mumbai",0316724110,2025-26,3,Maharashtra,GOBCO,GOBCO,HU,95.2942951,percentile,GOBCO | 1360 | 95.2942951 | Stage-I,43,Other Than Home University Seats Allotted to Other Than Home University Candidates,5fe7bb9551f5aa8614575d13979c70994551e2f4ce2b63c9b8a0d0cd82ca9d88
a364fccf8115-PG_MCA_CAP3_Cutoff_All_Institutes_2025_26.pdf,3167,"Mumbai Education Trust's Institute of Computer Science, Bandra (W), Mumbai",0316724110,2025-26,3,Maharashtra,GSEBCO,GSEBCO,HU,90.9663786,percentile,GSEBCO | 2969 | 90.9663786 | Stage-I,43,Other Than Home University Seats Allotted to Other Than Home University Candidates,91a0fb458bf007db57a9cc92e64ab43309962300ba595d91cbf25b9266996548
a364fccf8115-PG_MCA_CAP3_Cutoff_All_Institutes_2025_26.pdf,3168,"Thakur Institute of Management Studies Career Development & Research, Kandivali (E), Mumbai",0316824110,2025-26,3,Maharashtra,GOPENH,GOPENH,HU,94.6454851,percentile,GOPENH | 1615 | 94.6454851 | Stage-I,44,Home University Seats Allotted to Home University Candidates,4f3a20fb858d5dea8165a2b92ed26a7c862c8947cf310f524c223808b61d3464
a364fccf8115-PG_MCA_CAP3_Cutoff_All_Institutes_2025_26.pdf,3168,"Thakur Institute of Management Studies Career Development & Research, Kandivali (E), Mumbai",0316824110,2025-26,3,Maharashtra,GOPENO,GOPENO,HU,89.1966341,percentile,GOPENO | 3535 | 89.1966341 | Stage-I,44,Other Than Home University Seats Allotted to Other Than Home University Candidates,6e3b8f9eda7d6bbc364e86861385a0c6c890f1feea27bd4cf4a7fd400c325fc7
a364fccf8115-PG_MCA_CAP3_Cutoff_All_Institutes_2025_26.pdf,3169,"Late Bhausaheb Hiray S. S. Trust's Institute of Computer Application, Bandra (E), Mumbai",0316924110,2025-26,3,Maharashtra,GOPENH,GOPENH,HU,90.7733494,percentile,GOPENH | 3056 | 90.7733494 | Stage-I,45,Home University Seats Allotted to Home University Candidates,88f0acc13ee797cb59b52ec347e86ace43f6159193afd6dba8fad9aca848535e
a364fccf8115-PG_MCA_CAP3_Cutoff_All_Institutes_2025_26.pdf,3169,"Late Bhausaheb Hiray S. S. Trust's Institute of Computer Application, Bandra (E), Mumbai",0316924110,2025-26,3,Maharashtra,GSCH,GSCH,HU,61.2807064,percentile,GSCH | 12296 | 61.2807064 | Stage-I,45,Home University Seats Allotted to Home University Candidates,c1f1a251dc3870b4b1b82a6db0f943ff56495f92e714e53ae6f93669b9768de1
a364fccf8115-PG_MCA_CAP3_Cutoff_All_Institutes_2025_26.pdf,3169,"Late Bhausaheb Hiray S. S. Trust's Institute of Computer Application, Bandra (E), Mumbai",0316924110,2025-26,3,Maharashtra,GNTBH,GNTBH,HU,49.3533426,percentile,GNTBH | 15856 | 49.3533426 | Stage-I,45,Home University Seats Allotted to Home University Candidates,1afe446166fbfdf9e0711a2ff3d6096904603e8e3614af963f818b3ea6a4347e
a364fccf8115-PG_MCA_CAP3_Cutoff_All_Institutes_2025_26.pdf,3169,"Late Bhausaheb Hiray S. S. Trust's Institute of Computer Application, Bandra (E), Mumbai",0316924110,2025-26,3,Maharashtra,GNTCH,GNTCH,HU,80.5399495,percentile,GNTCH | 6478 | 80.5399495 | Stage-I,45,Home University Seats Allotted to Home University Candidates,6fca4787f7f8ed11215b3c7d12e6f121d975f04277f46c5f78663105548fbac5
a364fccf8115-PG_MCA_CAP3_Cutoff_All_Institutes_2025_26.pdf,3169,"Late Bhausaheb Hiray S. S. Trust's Institute of Computer Application, Bandra (E), Mumbai",0316924110,2025-26,3,Maharashtra,GOPENO,GOPENO,HU,39.3989669,percentile,GOPENO | 17772 | 39.3989669 | Stage-I,45,Other Than Home University Seats Allotted to Other Than Home University Candidates,140eef244355874db1e2b58cb5482fc3ecfc6f17cc03a674eee0b20ef0759061
a364fccf8115-PG_MCA_CAP3_Cutoff_All_Institutes_2025_26.pdf,3169,"Late Bhausaheb Hiray S. S. Trust's Institute of Computer Application, Bandra (E), Mumbai",0316924110,2025-26,3,Maharashtra,GSCO,GSCO,HU,39.3989669,percentile,GSCO | 17900 | 39.3989669 | Stage-I,45,Other Than Home University Seats Allotted to Other Than Home University Candidates,69946a705242e53ec74bf7e8f64c22b4a9fd674548e0810d4b993fb36e210ee8
a364fccf8115-PG_MCA_CAP3_Cutoff_All_Institutes_2025_26.pdf,3169,"Late Bhausaheb Hiray S. S. Trust's Institute of Computer Application, Bandra (E), Mumbai",0316924110,2025-26,3,Maharashtra,GSTO,GSTO,HU,21.0059952,percentile,GSTO | 21663 | 21.0059952 | Stage-I,45,Other Than Home University Seats Allotted to Other Than Home University Candidates,e0d02834038d6973864bdfc572672d687fa0f9fc70b7e52b68181c18d38c191c
a364fccf8115-PG_MCA_CAP3_Cutoff_All_Institutes_2025_26.pdf,3169,"Late Bhausaheb Hiray S. S. Trust's Institute of Computer Application, Bandra (E), Mumbai",0316924110,2025-26,3,Maharashtra,GSCO,GSCO,HU,58.7911466,percentile,GSCO | 13239 | 58.7911466 | Stage-I,45,Other Than Home University Seats Allotted to Home University Candidates,a607556809c0218690ee0a183553716cd7ffccc3b062f0838ae6e78b671a851d
a364fccf8115-PG_MCA_CAP3_Cutoff_All_Institutes_2025_26.pdf,3169,"Late Bhausaheb Hiray S. S. Trust's Institute of Computer Application, Bandra (E), Mumbai",0316924110,2025-26,3,Maharashtra,TFWS,TFWS,SL,95.5548847,percentile,TFWS | 1304 | 95.5548847 | Stage-I,46,,6f8dae7a00ef9e4b9c5d877f7687efa5f02f0f1cce24edec7d9689307d817951
a364fccf8115-PG_MCA_CAP3_Cutoff_All_Institutes_2025_26.pdf,3173,"Deccan Education Society's Navinchandra Mehta Institute of Technology & Development, Dadar, Mumbai",0317324110,2025-26,3,Maharashtra,GOPENH,GOPENH,HU,92.3361383,percentile,GOPENH | 2425 | 92.3361383 | Stage-I,47,Home University Seats Allotted to Home University Candidates,2e13140ffa3bc795a09a6cfb4e6cee1e6ca559a063a1b12bf4f50a42b16b068e
a364fccf8115-PG_MCA_CAP3_Cutoff_All_Institutes_2025_26.pdf,3173,"Deccan Education Society's Navinchandra Mehta Institute of Technology & Development, Dadar, Mumbai",0317324110,2025-26,3,Maharashtra,GSCH,GSCH,HU,82.9644433,percentile,GSCH | 5594 | 82.9644433 | Stage-I,47,Home University Seats Allotted to Home University Candidates,808760e9a2bd4b6b9c82804a3a52d8f05aa2ccbd89030d7f41e7c59223855c53
a364fccf8115-PG_MCA_CAP3_Cutoff_All_Institutes_2025_26.pdf,3173,"Deccan Education Society's Navinchandra Mehta Institute of Technology & Development, Dadar, Mumbai",0317324110,2025-26,3,Maharashtra,GSTH,GSTH,HU,44.5345198,percentile,GSTH | 17035 | 44.5345198 | Stage-I,47,Home University Seats Allotted to Home University Candidates,77c384ed1fe3c18c8fc0b7ad533f2c3342cebbdacb7c360774f26730e7a7c3f1
a364fccf8115-PG_MCA_CAP3_Cutoff_All_Institutes_2025_26.pdf,3173,"Deccan Education Society's Navinchandra Mehta Institute of Technology & Development, Dadar, Mumbai",0317324110,2025-26,3,Maharashtra,GNTCH,GNTCH,HU,85.3851665,percentile,GNTCH | 4818 | 85.3851665 | Stage-I,47,Home University Seats Allotted to Home University Candidates,64c54643292922bb5108ae65c37e5460018a4069fa4c61b1bec88d98e09aecc0
a364fccf8115-PG_MCA_CAP3_Cutoff_All_Institutes_2025_26.pdf,3173,"Deccan Education Society's Navinchandra Mehta Institute of Technology & Development, Dadar, Mumbai",0317324110,2025-26,3,Maharashtra,GOPENO,GOPENO,HU,82.8308366,percentile,GOPENO | 5831 | 82.8308366 | Stage-I,47,Other Than Home University Seats Allotted to Other Than Home University Candidates,cb235b63eef0fb06b6207e24874ae9d39fff88cc3226abc561eaf96b31fb166c
a364fccf8115-PG_MCA_CAP3_Cutoff_All_Institutes_2025_26.pdf,3173,"Deccan Education Society's Navinchandra Mehta Institute of Technology & Development, Dadar, Mumbai",0317324110,2025-26,3,Maharashtra,GSCO,GSCO,HU,65.8578922,percentile,GSCO | 10988 | 65.8578922 | Stage-I,47,Other Than Home University Seats Allotted to Other Than Home University Candidates,86a9da81a844ceb118e86432e5231875226486eee564f4e4bbac7489881c856f
a364fccf8115-PG_MCA_CAP3_Cutoff_All_Institutes_2025_26.pdf,3173,"Deccan Education Society's Navinchandra Mehta Institute of Technology & Development, Dadar, Mumbai",0317324110,2025-26,3,Maharashtra,GSTO,GSTO,HU,63.1574978,percentile,GSTO | 12024 | 63.1574978 | Stage-I,47,Other Than Home University Seats Allotted to Other Than Home University Candidates,bfa1378511924a49f0805605f858bbfe52a41c7a12edd07c0bc6a9eab80658e9
a364fccf8115-PG_MCA_CAP3_Cutoff_All_Institutes_2025_26.pdf,3173,"Deccan Education Society's Navinchandra Mehta Institute of Technology & Development, Dadar, Mumbai",0317324110,2025-26,3,Maharashtra,GNTAO,GNTAO,HU,74.782248,percentile,GNTAO | 7980 | 74.782248 | Stage-I,47,Other Than Home University Seats Allotted to Other Than Home University Candidates,abfd5c40ddac51ca8f212060590ebe69422418165fd06102f7a0e9146d348382
a364fccf8115-PG_MCA_CAP3_Cutoff_All_Institutes_2025_26.pdf,3173,"Deccan Education Society's Navinchandra Mehta Institute of Technology & Development, Dadar, Mumbai",0317324110,2025-26,3,Maharashtra,GNTCO,GNTCO,HU,44.5345198,percentile,GNTCO | 16940 | 44.5345198 | Stage-I,47,Other Than Home University Seats Allotted to Other Than Home University Candidates,5587f9cd2b0e04efa692046f9f1deb9d132c5679268cd0d9e33735d0a7757a34
a364fccf8115-PG_MCA_CAP3_Cutoff_All_Institutes_2025_26.pdf,3176,"Thakur College of Engineering and Technology, Kandivali, Mumbai",0317624210,2025-26,3,Maharashtra,GOPENH,GOPENH,HU,97.6265047,percentile,GOPENH | 675 | 97.6265047 | Stage-I,48,Home University Seats Allotted to Home University Candidates,0ee7d5740538b3656374044455eb10e8510b331e8bd01d6bd91694320b093554
a364fccf8115-PG_MCA_CAP3_Cutoff_All_Institutes_2025_26.pdf,3176,"Thakur College of Engineering and Technology, Kandivali, Mumbai",0317624210,2025-26,3,Maharashtra,GOPENO,GOPENO,HU,87.2080299,percentile,GOPENO | 4182 | 87.2080299 | Stage-I,48,Other Than Home University Seats Allotted to Other Than Home University Candidates,b33769f4e905064a3d7158498b0eb9d18ac34b62ada3cb6119864e00021b5780
a364fccf8115-PG_MCA_CAP3_Cutoff_All_Institutes_2025_26.pdf,3185,"Vivekanand Education Society's Institute of Technology, Chembur, Mumbai",0318524210,2025-26,3,Maharashtra,GOPENH,GOPENH,HU,98.6717482,percentile,GOPENH | 321 | 98.6717482 | Stage-I,49,Home University Seats Allotted to Home University Candidates,784ef576afbeeabc59483593ab34dd34eeb01cedc63c503b791657915aa7babb
a364fccf8115-PG_MCA_CAP3_Cutoff_All_Institutes_2025_26.pdf,3185,"Vivekanand Education Society's Institute of Technology, Chembur, Mumbai",0318524210,2025-26,3,Maharashtra,GOPENO,GOPENO,HU,98.7632442,percentile,GOPENO | 308 | 98.7632442 | Stage-I,49,Other Than Home University Seats Allotted to Other Than Home University Candidates,f35e88ad358392a87e103af537403a401dac3117c890161f198f747e229d1aea
a364fccf8115-PG_MCA_CAP3_Cutoff_All_Institutes_2025_26.pdf,3185,"Vivekanand Education Society's Institute of Technology, Chembur, Mumbai",0318524210,2025-26,3,Maharashtra,TFWS,TFWS,SL,99.113241,percentile,TFWS | 217 | 99.113241 | Stage-I,49,Other Than Home University Seats Allotted to Other Than Home University Candidates,51622ecc0ff6ee748e9875e20995706a981c983227cf6d02e61293bf286111ee
a364fccf8115-PG_MCA_CAP3_Cutoff_All_Institutes_2025_26.pdf,3185,"Vivekanand Education Society's Institute of Technology, Chembur, Mumbai",0318524210,2025-26,3,Maharashtra,MI-MH,MI-MH,MI,98.5181554,percentile,MI-MH | 365 | 98.5181554 | Stage-MI-MH,50,Minority Seats : Minority Seats Allotted to Non Minority Candidates,632c0ead01cbbee0f0f08323e8db495347621c6a584643928623c6a34a9b6d8c
a364fccf8115-PG_MCA_CAP3_Cutoff_All_Institutes_2025_26.pdf,3200,"Hope Foundation and research center's Finolex Academy of Management and Technology, Ratnagiri",0320024110,2025-26,3,Maharashtra,GOPENH,GOPENH,HU,80.5399495,percentile,GOPENH | 6412 | 80.5399495 | Stage-I,51,Home University Seats Allotted to Home University Candidates,2cc57cb34841985b8a4f87d3997e13865a9ccc98f2f3aca5e8c2aef7ea305249
a364fccf8115-PG_MCA_CAP3_Cutoff_All_Institutes_2025_26.pdf,3200,"Hope Foundation and research center's Finolex Academy of Management and Technology, Ratnagiri",0320024110,2025-26,3,Maharashtra,GOPENO,GOPENO,HU,34.5198145,percentile,GOPENO | 19223 | 34.5198145 | Stage-I,51,Other Than Home University Seats Allotted to Other Than Home University Candidates,3d96e143e370ff23f6a0d79d624539a56ccadd0337cda8d76b07acacc08aa1ae
a364fccf8115-PG_MCA_CAP3_Cutoff_All_Institutes_2025_26.pdf,3215,"Bhartiya Vidya Bhavan's Sardar Patel Institute of Technology , Andheri, Mumbai",0321524110,2025-26,3,Maharashtra,GOPENH,GOPENH,HU,99.5814637,percentile,GOPENH | 85 | 99.5814637 | Stage-I,52,Home University Seats Allotted to Home University Candidates,49b5e0a403c732c7501e08b826c161048cfb21bd2dd568a041311f81a030edde
a364fccf8115-PG_MCA_CAP3_Cutoff_All_Institutes_2025_26.pdf,3215,"Bhartiya Vidya Bhavan's Sardar Patel Institute of Technology , Andheri, Mumbai",0321524110,2025-26,3,Maharashtra,GOBCO,GOBCO,HU,99.113241,percentile,GOBCO | 197 | 99.113241 | Stage-I,52,Other Than Home University Seats Allotted to Other Than Home University Candidates,aeafd412287bc571947f7210ba5a778145dfe9040c43b281ff60fc4b1f22f457
a364fccf8115-PG_MCA_CAP3_Cutoff_All_Institutes_2025_26.pdf,3216,"Gharda Foundation's Gharda Institute of Technology,Khed, Ratnagiri",0321624210,2025-26,3,Maharashtra,GOPENH,GOPENH,HU,46.3793819,percentile,GOPENH | 16235 | 46.3793819 | Stage-I,53,Home University Seats Allotted to Home University Candidates,5608065f518ee8e018d31c09f182c7e22c12d5d321b2794e89b7ed67b61524c4
a364fccf8115-PG_MCA_CAP3_Cutoff_All_Institutes_2025_26.pdf,3216,"Gharda Foundation's Gharda Institute of Technology,Khed, Ratnagiri",0321624210,2025-26,3,Maharashtra,GOPENO,GOPENO,HU,9.7430286,percentile,GOPENO | 23980 | 9.7430286 | Stage-I,53,Other Than Home University Seats Allotted to Other Than Home University Candidates,cdb10964cc334b16149e338529e878a50a5389ece1f0021da273b35ffe228088
a364fccf8115-PG_MCA_CAP3_Cutoff_All_Institutes_2025_26.pdf,3216,"Gharda Foundation's Gharda Institute of Technology,Khed, Ratnagiri",0321624210,2025-26,3,Maharashtra,TFWS,TFWS,SL,69.7143504,percentile,TFWS | 10101 | 69.7143504 | Stage-I,53,Other Than Home University Seats Allotted to Other Than Home University Candidates,9c3d3ca3700373f6bf0572de35db12f6f551025cd6219bb673ef7ecf44d8ba6c
a364fccf8115-PG_MCA_CAP3_Cutoff_All_Institutes_2025_26.pdf,3218,"Aldel Education Trust's St. John College of Engineering & Management, Vevoor, Palghar",0321824110,2025-26,3,Maharashtra,GOPENH,GOPENH,HU,61.2807064,percentile,GOPENH | 12470 | 61.2807064 | Stage-I,54,Home University Seats Allotted to Home University Candidates,4f2a78208a32f96e61ea7764d560685f83c84cbcf12e2a0093c990b3f250ca4a
a364fccf8115-PG_MCA_CAP3_Cutoff_All_Institutes_2025_26.pdf,3218,"Aldel Education Trust's St. John College of Engineering & Management, Vevoor, Palghar",0321824110,2025-26,3,Maharashtra,GOPENO,GOPENO,HU,31.6629561,percentile,GOPENO | 19655 | 31.6629561 | Stage-I,54,Other Than Home University Seats Allotted to Other Than Home University Candidates,bbcad4f01ad0488cdd3a879558150875d1af4995d1477cc06a064f6aa62e768f
a364fccf8115-PG_MCA_CAP3_Cutoff_All_Institutes_2025_26.pdf,3218,"Aldel Education Trust's St. John College of Engineering & Management, Vevoor, Palghar",0321824110,2025-26,3,Maharashtra,GOPENO,GOPENO,HU,23.1010151,percentile,GOPENO | 21420 | 23.1010151 | Stage-I,54,Other Than Home University Seats Allotted to Home University Candidates,b63c407fff3175aa3082e265f17baa914d44bee5b511bb10241f5e74230a7639
a364fccf8115-PG_MCA_CAP3_Cutoff_All_Institutes_2025_26.pdf,3221,"Vishnu Waman Thakur Charitable Trust's VIVA Institute of Technology, Virar",0322124110,2025-26,3,Maharashtra,GOPENH,GOPENH,HU,67.3579428,percentile,GOPENH | 10677 | 67.3579428 | Stage-I,55,Home University Seats Allotted to Home University Candidates,54502627d679caf8ed226dc5d2cea558866ad6bcaa4b64bcfb12150cb386b40d
a364fccf8115-PG_MCA_CAP3_Cutoff_All_Institutes_2025_26.pdf,3221,"Vishnu Waman Thakur Charitable Trust's VIVA Institute of Technology, Virar",0322124110,2025-26,3,Maharashtra,GOPENO,GOPENO,HU,25.4779232,percentile,GOPENO | 21002 | 25.4779232 | Stage-I,55,Other Than Home University Seats Allotted to Other Than Home University Candidates,72836cb224be873187b1b19198175a12640441a8ea2ccc1b5db68e62c490d64f
a364fccf8115-PG_MCA_CAP3_Cutoff_All_Institutes_2025_26.pdf,3221,"Vishnu Waman Thakur Charitable Trust's VIVA Institute of Technology, Virar",0322124110,2025-26,3,Maharashtra,GOPENO,GOPENO,HU,46.3793819,percentile,GOPENO | 16274 | 46.3793819 | Stage-I,55,Other Than Home University Seats Allotted to Home University Candidates,9f7c4ad70eb00dcfc45d8b422139df4d37324c6eb01693c2587ad5b832ade18f
a364fccf8115-PG_MCA_CAP3_Cutoff_All_Institutes_2025_26.pdf,3221,"Vishnu Waman Thakur Charitable Trust's VIVA Institute of Technology, Virar",0322124110,2025-26,3,Maharashtra,TFWS,TFWS,SL,31.6629561,percentile,TFWS | 19455 | 31.6629561 | Stage-I,55,Other Than Home University Seats Allotted to Home University Candidates,621081597772e5dd86aa321379fbfdcc85deadd08fc2cafc7c26413ce1b83520
a364fccf8115-PG_MCA_CAP3_Cutoff_All_Institutes_2025_26.pdf,3223,"Mahatma Education Society's Pillai HOC College of Engineering & Technology, Tal. Khalapur. Dist. Raigad",0322324210,2025-26,3,Maharashtra,GOPENH,GOPENH,HU,71.1549338,percentile,GOPENH | 9342 | 71.1549338 | Stage-I,56,Home University Seats Allotted to Home University Candidates,656adf1e4dbcb67b650403b1daddbf19a01c4d3075a7ef36437ee2baebd00366
a364fccf8115-PG_MCA_CAP3_Cutoff_All_Institutes_2025_26.pdf,3223,"Mahatma Education Society's Pillai HOC College of Engineering & Technology, Tal. Khalapur. Dist. Raigad",0322324210,2025-26,3,Maharashtra,GOPENO,GOPENO,HU,34.5198145,percentile,GOPENO | 19243 | 34.5198145 | Stage-I,56,Other Than Home University Seats Allotted to Other Than Home University Candidates,672142c4fbec44dc3224a0c38b007cec795b1f5f1b6eda5868e8e634b94eb441
a364fccf8115-PG_MCA_CAP3_Cutoff_All_Institutes_2025_26.pdf,3223,"Mahatma Education Society's Pillai HOC College of Engineering & Technology, Tal. Khalapur. Dist. Raigad",0322324210,2025-26,3,Maharashtra,MI-MH,MI-MH,MI,29.9046039,percentile,MI-MH | 20054 | 29.9046039 | Stage-MI-MH,56,Minority Seats : Minority Seats Allotted to Non Minority Candidates,791b33d07e66fa06a4bd194dd811117908ccfec1e9f6315b22c90f250db772ab
a364fccf8115-PG_MCA_CAP3_Cutoff_All_Institutes_2025_26.pdf,3438,"Aditya Institute of Management Studies & Research, Borivali",0343824110,2025-26,3,Maharashtra,GOPENH,GOPENH,HU,89.1331398,percentile,GOPENH | 3821 | 89.1331398 | Stage-I,57,Home University Seats Allotted to Home University Candidates,e0e844879cdd7bb57be6731041254247e1800bfa5dc240afc9be34818201c329
a364fccf8115-PG_MCA_CAP3_Cutoff_All_Institutes_2025_26.pdf,3438,"Aditya Institute of Management Studies & Research, Borivali",0343824110,2025-26,3,Maharashtra,GOPENO,GOPENO,HU,82.9644433,percentile,GOPENO | 5487 | 82.9644433 | Stage-I,57,Other Than Home University Seats Allotted to Other Than Home University Candidates,290159a63dfef49fced40cb3858bb647a828bf5e470250e5baf5218b6766327a
a364fccf8115-PG_MCA_CAP3_Cutoff_All_Institutes_2025_26.pdf,3438,"Aditya Institute of Management Studies & Research, Borivali",0343824110,2025-26,3,Maharashtra,TFWS,TFWS,SL,90.7733494,percentile,TFWS | 3098 | 90.7733494 | Stage-I,57,Other Than Home University Seats Allotted to Other Than Home University Candidates,cf50e7eabff7bb877a60252892c36d489848bdd1a8d8edcd766c78e9f749a491
a364fccf8115-PG_MCA_CAP3_Cutoff_All_Institutes_2025_26.pdf,3438,"Aditya Institute of Management Studies & Research, Borivali",0343824110,2025-26,3,Maharashtra,MI-MH,MI-MH,MI,79.9969812,percentile,MI-MH | 6866 | 79.9969812 | Stage-MI-MH,58,Minority Seats : Minority Seats Allotted to Non Minority Candidates,d3d06bf91968c2214cbc531d8eccdc47b9979d25ec8e090edb6151f8fe735725
a364fccf8115-PG_MCA_CAP3_Cutoff_All_Institutes_2025_26.pdf,3539,"St. Wilfred's College of Computer Sciences, Mira Road(E)",0353924110,2025-26,3,Maharashtra,GOPENH,GOPENH,HU,63.1574978,percentile,GOPENH | 11946 | 63.1574978 | Stage-I,59,Home University Seats Allotted to Home University Candidates,3dfcc012fc8a32efe9f06900daabccf8e775795de5999be859f3f4f88011745b
a364fccf8115-PG_MCA_CAP3_Cutoff_All_Institutes_2025_26.pdf,3539,"St. Wilfred's College of Computer Sciences, Mira Road(E)",0353924110,2025-26,3,Maharashtra,GSCH,GSCH,HU,31.6629561,percentile,GSCH | 19691 | 31.6629561 | Stage-I,59,Home University Seats Allotted to Home University Candidates,a23e9de5e8b406d37c27818530d05aeb38d7526ece227aca2e7ef98e8b203a1c
a364fccf8115-PG_MCA_CAP3_Cutoff_All_Institutes_2025_26.pdf,3539,"St. Wilfred's College of Computer Sciences, Mira Road(E)",0353924110,2025-26,3,Maharashtra,GSTH,GSTH,HU,25.4779232,percentile,GSTH | 21124 | 25.4779232 | Stage-I,59,Home University Seats Allotted to Home University Candidates,15fee182940fc9c9aa1cc4840751c0a4e3d1a1106b1210ede8a9a9e193e2efd2
a364fccf8115-PG_MCA_CAP3_Cutoff_All_Institutes_2025_26.pdf,3539,"St. Wilfred's College of Computer Sciences, Mira Road(E)",0353924110,2025-26,3,Maharashtra,GNTAH,GNTAH,HU,92.1797821,percentile,GNTAH | 2536 | 92.1797821 | Stage-I,59,Home University Seats Allotted to Home University Candidates,130f894393520c3da9fc48f0b830a8f4ea78989ed82c03943ecf1d2c8f50cef7
a364fccf8115-PG_MCA_CAP3_Cutoff_All_Institutes_2025_26.pdf,3539,"St. Wilfred's College of Computer Sciences, Mira Road(E)",0353924110,2025-26,3,Maharashtra,GOPENO,GOPENO,HU,23.1010151,percentile,GOPENO | 21581 | 23.1010151 | Stage-I,59,Other Than Home University Seats Allotted to Other Than Home University Candidates,e4bd5c03264f132be06e7ffce81c47e071fe0561725418d3bdc35b9d37ab3d87
a364fccf8115-PG_MCA_CAP3_Cutoff_All_Institutes_2025_26.pdf,3539,"St. Wilfred's College of Computer Sciences, Mira Road(E)",0353924110,2025-26,3,Maharashtra,GOPENO,GOPENO,HU,21.0059952,percentile,GOPENO | 22062 | 21.0059952 | Stage-I,59,Other Than Home University Seats Allotted to Home University Candidates,3e09bee3b0252fb7872c9b0db048d6d9ff2579984d7030c02c22eac3db26b49f
a364fccf8115-PG_MCA_CAP3_Cutoff_All_Institutes_2025_26.pdf,3651,KANDIVLI EDUCATION SOCIETY'S B K SHROFF COLLEGE OF ARTS AND M H SHROFF COLLEGE OF COMMERCE,0365124110,2025-26,3,Maharashtra,GOPENH,GOPENH,HU,93.5511867,percentile,GOPENH | 1964 | 93.5511867 | Stage-I,60,Home University Seats Allotted to Home University Candidates,a543ce0c0548756bea90c059bb9529424269b83341395850645dab5e9c517856
a364fccf8115-PG_MCA_CAP3_Cutoff_All_Institutes_2025_26.pdf,3651,KANDIVLI EDUCATION SOCIETY'S B K SHROFF COLLEGE OF ARTS AND M H SHROFF COLLEGE OF COMMERCE,0365124110,2025-26,3,Maharashtra,GOPENO,GOPENO,HU,69.7143504,percentile,GOPENO | 9846 | 69.7143504 | Stage-I,60,Other Than Home University Seats Allotted to Other Than Home University Candidates,4ce070d1bea92d876a682b502487e8d2108ea2195096ac27814fe644537a7748
a364fccf8115-PG_MCA_CAP3_Cutoff_All_Institutes_2025_26.pdf,3651,KANDIVLI EDUCATION SOCIETY'S B K SHROFF COLLEGE OF ARTS AND M H SHROFF COLLEGE OF COMMERCE,0365124110,2025-26,3,Maharashtra,MI-MH,MI-MH,MI,79.9969812,percentile,MI-MH | 6639 | 79.9969812 | Stage-MI-MH,60,Minority Seats : Minority Seats Allotted to Non Minority Candidates,68c63121826fc02ff706d5419dcad5e12d4cafe22b21c5f848fc9e02adaabe24
a364fccf8115-PG_MCA_CAP3_Cutoff_All_Institutes_2025_26.pdf,4003,"Inter Institutional Computer Center and Dept. of Computer Science & Electronics, RTM Nagpur University",0400324110,2025-26,3,Maharashtra,GSCH,GSCH,HU,94.6454851,percentile,GSCH | 1495 | 94.6454851 | Stage-I,61,Home University Seats Allotted to Home University Candidates,db63cb2361274ae7cfbfc111e53bd1a5fb0092222ff2920779b0c3db33d013ca
a364fccf8115-PG_MCA_CAP3_Cutoff_All_Institutes_2025_26.pdf,4003,"Inter Institutional Computer Center and Dept. of Computer Science & Electronics, RTM Nagpur University",0400324110,2025-26,3,Maharashtra,GOBCH,GOBCH,HU,85.2118788,percentile,GOBCH | 4909 | 85.2118788 | Stage-I,61,Home University Seats Allotted to Home University Candidates,11912a141984949768ce85c527a3c36fa695e24702cf736a3aa25a6354dc9556
a364fccf8115-PG_MCA_CAP3_Cutoff_All_Institutes_2025_26.pdf,4003,"Inter Institutional Computer Center and Dept. of Computer Science & Electronics, RTM Nagpur University",0400324110,2025-26,3,Maharashtra,GSEBCH,GSEBCH,HU,49.3533426,percentile,GSEBCH | 15232 | 49.3533426 | Stage-I,61,Home University Seats Allotted to Other Than Home University Candidates,96a8c58701192eafd3dabd0467f6e2a887335cb6b8be96b03717deea59c2479b
a364fccf8115-PG_MCA_CAP3_Cutoff_All_Institutes_2025_26.pdf,4003,"Inter Institutional Computer Center and Dept. of Computer Science & Electronics, RTM Nagpur University",0400324110,2025-26,3,Maharashtra,GOPENO,GOPENO,HU,92.1797821,percentile,GOPENO | 2434 | 92.1797821 | Stage-I,61,Other Than Home University Seats Allotted to Other Than Home University Candidates,19f1111671f0683fa81d856d9e64b76d7f2b00fb2e4c9da78e0fe1f7ad9cf518
a364fccf8115-PG_MCA_CAP3_Cutoff_All_Institutes_2025_26.pdf,4003,"Inter Institutional Computer Center and Dept. of Computer Science & Electronics, RTM Nagpur University",0400324110,2025-26,3,Maharashtra,GSCO,GSCO,HU,87.2080299,percentile,GSCO | 4174 | 87.2080299 | Stage-I,61,Other Than Home University Seats Allotted to Other Than Home University Candidates,59d65758888593d30b2947b1e6b6318df7b20bc8b011416b5238724920d22390
a364fccf8115-PG_MCA_CAP3_Cutoff_All_Institutes_2025_26.pdf,4124,"Amar Seva Mandal's Kamla Nehru Mahavidyalaya, Nagpur",0412424110,2025-26,3,Maharashtra,GOPENH,GOPENH,HU,49.3533426,percentile,GOPENH | 15425 | 49.3533426 | Stage-I,62,Home University Seats Allotted to Home University Candidates,58f25725d5e2c9995b767b5a6c681bb5c1a585d7c440d899567155c002e2f885
a364fccf8115-PG_MCA_CAP3_Cutoff_All_Institutes_2025_26.pdf,4124,"Amar Seva Mandal's Kamla Nehru Mahavidyalaya, Nagpur",0412424110,2025-26,3,Maharashtra,GSCH,GSCH,HU,36.496736,percentile,GSCH | 18775 | 36.496736 | Stage-I,62,Home University Seats Allotted to Home University Candidates,cdbdc649fb4a50809eced267a890ea8b2ee16cbaf03e22edb16cfa18f4cb74aa
a364fccf8115-PG_MCA_CAP3_Cutoff_All_Institutes_2025_26.pdf,4124,"Amar Seva Mandal's Kamla Nehru Mahavidyalaya, Nagpur",0412424110,2025-26,3,Maharashtra,GSTH,GSTH,HU,39.3989669,percentile,GSTH | 18075 | 39.3989669 | Stage-I,62,Home University Seats Allotted to Home University Candidates,ffe976c76961cf3ba073872d87d7963d02a7b3ac0063ec74dc5abe4b00d69075
a364fccf8115-PG_MCA_CAP3_Cutoff_All_Institutes_2025_26.pdf,4124,"Amar Seva Mandal's Kamla Nehru Mahavidyalaya, Nagpur",0412424110,2025-26,3,Maharashtra,GOPENO,GOPENO,HU,25.4779232,percentile,GOPENO | 21149 | 25.4779232 | Stage-I,62,Other Than Home University Seats Allotted to Other Than Home University Candidates,ab48fbe80f3c9734cb990b280b9cf593baf837def51c9b0f6113040fc73a2eea
a364fccf8115-PG_MCA_CAP3_Cutoff_All_Institutes_2025_26.pdf,4124,"Amar Seva Mandal's Kamla Nehru Mahavidyalaya, Nagpur",0412424110,2025-26,3,Maharashtra,GSTO,GSTO,HU,12.4750009,percentile,GSTO | 23646 | 12.4750009 | Stage-I,62,Other Than Home University Seats Allotted to Other Than Home University Candidates,edec550072097c8522c0feb28f33c2ff29c1e50408117a7210226995cbbe186b
a364fccf8115-PG_MCA_CAP3_Cutoff_All_Institutes_2025_26.pdf,4124,"Amar Seva Mandal's Kamla Nehru Mahavidyalaya, Nagpur",0412424110,2025-26,3,Maharashtra,GSCO,GSCO,HU,29.9046039,percentile,GSCO | 20130 | 29.9046039 | Stage-I,62,Other Than Home University Seats Allotted to Home University Candidates,f00204bef4cfb991b8f093e47cb9a5932931476e464e820aca1e91a184cb8330
a364fccf8115-PG_MCA_CAP3_Cutoff_All_Institutes_2025_26.pdf,4128,"Ranibai Agnihotri Institute of Computer Information Technology, Wardha",0412824110,2025-26,3,Maharashtra,GSEBCH,GSEBCH,HU,15.5994113,percentile,GSEBCH | 22970 | 15.5994113 | Stage-IV,63,Home University Seats Allotted to Home University Candidates,e2211111f62d2536165c6ebde835cce23056ac97b7e667c7c0b56b43288d838b
a364fccf8115-PG_MCA_CAP3_Cutoff_All_Institutes_2025_26.pdf,4128,"Ranibai Agnihotri Institute of Computer Information Technology, Wardha",0412824110,2025-26,3,Maharashtra,GSTO,GSTO,HU,29.9046039,percentile,GSTO | 20151 | 29.9046039 | Stage-IV,63,Other Than Home University Seats Allotted to Other Than Home University Candidates,740da4aeb72643aae393197494ba0aeecd8b7c0d1f4cf48d42ea1d99c0c5d03f
a364fccf8115-PG_MCA_CAP3_Cutoff_All_Institutes_2025_26.pdf,4128,"Ranibai Agnihotri Institute of Computer Information Technology, Wardha",0412824110,2025-26,3,Maharashtra,GNTBO,GNTBO,HU,16.9789978,percentile,GNTBO | 22580 | 16.9789978 | Stage-IV,63,Other Than Home University Seats Allotted to Other Than Home University Candidates,fb94a043f176e252970700457d199330f1f81d6a9002199c4a9adaf7aa4677b4
a364fccf8115-PG_MCA_CAP3_Cutoff_All_Institutes_2025_26.pdf,4128,"Ranibai Agnihotri Institute of Computer Information Technology, Wardha",0412824110,2025-26,3,Maharashtra,GOBCO,GOBCO,HU,5.9311489,percentile,GOBCO | 24603 | 5.9311489 | Stage-IV,63,Other Than Home University Seats Allotted to Other Than Home University Candidates,956db2813be01353ff7de944e872c3edb944c00feab9f4f0d5b3cc61d5e7b2ea
a364fccf8115-PG_MCA_CAP3_Cutoff_All_Institutes_2025_26.pdf,4133,"Sanmarg Shikshan Sanstha's Smt. Radhikatai Pandav College of Engineering, Nagpur",0413324110,2025-26,3,Maharashtra,GOPENH,GOPENH,HU,46.3793819,percentile,GOPENH | 16232 | 46.3793819 | Stage-I,64,Home University Seats Allotted to Home University Candidates,0723cdd15ddfeafdfd88fc1996e68fc312fd011ba5ce15ae9226955811bc94a5
a364fccf8115-PG_MCA_CAP3_Cutoff_All_Institutes_2025_26.pdf,4133,"Sanmarg Shikshan Sanstha's Smt. Radhikatai Pandav College of Engineering, Nagpur",0413324110,2025-26,3,Maharashtra,GSTH,GSTH,HU,19.1539942,percentile,GSTH | 22243 | 19.1539942 | Stage-I,64,Home University Seats Allotted to Home University Candidates,4ac5ef0c816254bf3db472135c03ce611c1b44c6e0cb62a22eefd8290b771677
a364fccf8115-PG_MCA_CAP3_Cutoff_All_Institutes_2025_26.pdf,4133,"Sanmarg Shikshan Sanstha's Smt. Radhikatai Pandav College of Engineering, Nagpur",0413324110,2025-26,3,Maharashtra,GNTBH,GNTBH,HU,36.496736,percentile,GNTBH | 18428 | 36.496736 | Stage-I,64,Home University Seats Allotted to Home University Candidates,ea1a2f644f873f7ca7fe9ba1fdd554370f9902f6bf62edf1dcd00674102fe4e4
a364fccf8115-PG_MCA_CAP3_Cutoff_All_Institutes_2025_26.pdf,4133,"Sanmarg Shikshan Sanstha's Smt. Radhikatai Pandav College of Engineering, Nagpur",0413324110,2025-26,3,Maharashtra,GOPENO,GOPENO,HU,51.4093808,percentile,GOPENO | 14870 | 51.4093808 | Stage-I,64,Other Than Home University Seats Allotted to Other Than Home University Candidates,4b1ec7ac9a97b8c0fa077c512ba52e26999c31a68a079944afa4cd564f26cb41
a364fccf8115-PG_MCA_CAP3_Cutoff_All_Institutes_2025_26.pdf,4133,"Sanmarg Shikshan Sanstha's Smt. Radhikatai Pandav College of Engineering, Nagpur",0413324110,2025-26,3,Maharashtra,GSCO,GSCO,HU,16.9789978,percentile,GSCO | 22581 | 16.9789978 | Stage-I,64,Other Than Home University Seats Allotted to Other Than Home University Candidates,17cd05e71520892dd82af3ff1287562cf3f9dda625598c951460f7ccdf858c78
a364fccf8115-PG_MCA_CAP3_Cutoff_All_Institutes_2025_26.pdf,4137,"Sir Shantilal Badjate Charitable Trust's S. B. Jain Institute of technology, Management & Research, Nagpur",0413724210,2025-26,3,Maharashtra,GOPENH,GOPENH,HU,51.4093808,percentile,GOPENH | 15221 | 51.4093808 | Stage-I,65,Home University Seats Allotted to Home University Candidates,bd90e8050c9b52a6ccb7bb09f9ea320879b7b45f611fc1fd49cccc85445139e0
a364fccf8115-PG_MCA_CAP3_Cutoff_All_Institutes_2025_26.pdf,4137,"Sir Shantilal Badjate Charitable Trust's S. B. Jain Institute of technology, Management & Research, Nagpur",0413724210,2025-26,3,Maharashtra,GOPENO,GOPENO,HU,29.9046039,percentile,GOPENO | 19968 | 29.9046039 | Stage-I,65,Other Than Home University Seats Allotted to Other Than Home University Candidates,ed90114a39460cdfa0e3b232565ae82b514e412bb50eae44118df802f2e9a5b5
a364fccf8115-PG_MCA_CAP3_Cutoff_All_Institutes_2025_26.pdf,4137,"Sir Shantilal Badjate Charitable Trust's S. B. Jain Institute of technology, Management & Research, Nagpur",0413724210,2025-26,3,Maharashtra,MI-MH,MI-MH,MI,49.3533426,percentile,MI-MH | 15770 | 49.3533426 | Stage-MI-MH,65,Minority Seats : Minority Seats Allotted to Non Minority Candidates,b1cc6cf630720614bb64e54c573587a0b85b4612eb661224107516f7b24e6195
a364fccf8115-PG_MCA_CAP3_Cutoff_All_Institutes_2025_26.pdf,4138,"Jaidev Education Society, J D College of Engineering and Management, Nagpur",0413824110,2025-26,3,Maharashtra,GOPENH,GOPENH,HU,44.5345198,percentile,GOPENH | 16910 | 44.5345198 | Stage-I,66,Home University Seats Allotted to Home University Candidates,fa14b54768f10b8d7efa5a82d063f67206fb004587f28f4ede8aad050dccfe41
a364fccf8115-PG_MCA_CAP3_Cutoff_All_Institutes_2025_26.pdf,4138,"Jaidev Education Society, J D College of Engineering and Management, Nagpur",0413824110,2025-26,3,Maharashtra,GOPENO,GOPENO,HU,15.5994113,percentile,GOPENO | 22871 | 15.5994113 | Stage-I,66,Other Than Home University Seats Allotted to Other Than Home University Candidates,0c03c55dc635ea35c25500ef8ad91274a3b4e3e717d731afe44d6fcad945b7ac
a364fccf8115-PG_MCA_CAP3_Cutoff_All_Institutes_2025_26.pdf,4138,"Jaidev Education Society, J D College of Engineering and Management, Nagpur",0413824110,2025-26,3,Maharashtra,TFWS,TFWS,SL,9.7430286,percentile,TFWS | 24004 | 9.7430286 | Stage-I,66,Other Than Home University Seats Allotted to Other Than Home University Candidates,2ee1d62bb061dca06afdd08d42d26779132023e61fd1bf955c7ca56bd5159c56
a364fccf8115-PG_MCA_CAP3_Cutoff_All_Institutes_2025_26.pdf,4138,"Jaidev Education Society, J D College of Engineering and Management, Nagpur",0413824110,2025-26,3,Maharashtra,MI-MH,MI-MH,MI,15.5994113,percentile,MI-MH | 22951 | 15.5994113 | Stage-MI-MH,66,Minority Seats : Minority Seats Allotted to Non Minority Candidates,57ed788c8e2df7b0b46c8a81911b88b4bdedc24193d1da848d8bd784f7fd6079
a364fccf8115-PG_MCA_CAP3_Cutoff_All_Institutes_2025_26.pdf,4142,"G H Raisoni College of Engineering & Management, Nagpur",0414224110,2025-26,3,Maharashtra,GOPENH,GOPENH,HU,87.3496474,percentile,GOPENH | 3988 | 87.3496474 | Stage-I,67,Home University Seats Allotted to Home University Candidates,7a3669e6c6b5053e0420aebe44d0ef359a128a168261d381fd1f382e216f8129
a364fccf8115-PG_MCA_CAP3_Cutoff_All_Institutes_2025_26.pdf,4142,"G H Raisoni College of Engineering & Management, Nagpur",0414224110,2025-26,3,Maharashtra,GOPENO,GOPENO,HU,73.5368477,percentile,GOPENO | 8521 | 73.5368477 | Stage-I,67,Other Than Home University Seats Allotted to Other Than Home University Candidates,19f7506744329afa9b67ac903a8226e2db25a95e7775acc9f1ab924cf1ead1ff
a364fccf8115-PG_MCA_CAP3_Cutoff_All_Institutes_2025_26.pdf,4142,"G H Raisoni College of Engineering & Management, Nagpur",0414224110,2025-26,3,Maharashtra,TFWS,TFWS,SL,90.9663786,percentile,TFWS | 2840 | 90.9663786 | Stage-I,67,Other Than Home University Seats Allotted to Other Than Home University Candidates,7cd6d5b28e6a0dc45a5b4e5792cea880dd523a93fb0a8ed754330cc0d63c9f47
a364fccf8115-PG_MCA_CAP3_Cutoff_All_Institutes_2025_26.pdf,4142,"G H Raisoni College of Engineering & Management, Nagpur",0414224110,2025-26,3,Maharashtra,MI-MH,MI-MH,MI,58.7911466,percentile,MI-MH | 13206 | 58.7911466 | Stage-MI-MH,67,Minority Seats : Minority Seats Allotted to Non Minority Candidates,692883ac39beae01681377d53f7e68bfe82e3fcc236139234ea8201fabbe12fd
a364fccf8115-PG_MCA_CAP3_Cutoff_All_Institutes_2025_26.pdf,4145,"Wainganga College of Engineering and Management, Dongargaon, Nagpur",0414524110,2025-26,3,Maharashtra,GOPENH,GOPENH,HU,41.4550394,percentile,GOPENH | 17054 | 41.4550394 | Stage-I,68,Home University Seats Allotted to Home University Candidates,c26a3d9fb3384a857d0dc1e3ff74f4b04b10e926adc2be6c626bf05f709f31ac
a364fccf8115-PG_MCA_CAP3_Cutoff_All_Institutes_2025_26.pdf,4145,"Wainganga College of Engineering and Management, Dongargaon, Nagpur",0414524110,2025-26,3,Maharashtra,GSCH,GSCH,HU,27.2744425,percentile,GSCH | 20353 | 27.2744425 | Stage-I,68,Home University Seats Allotted to Home University Candidates,1e1854b0ae745cf0c1f9018ebc84af204fff5b4f271045bc1824b2ef93ee350a
a364fccf8115-PG_MCA_CAP3_Cutoff_All_Institutes_2025_26.pdf,4145,"Wainganga College of Engineering and Management, Dongargaon, Nagpur",0414524110,2025-26,3,Maharashtra,GSTH,GSTH,HU,27.2744425,percentile,GSTH | 20645 | 27.2744425 | Stage-I,68,Home University Seats Allotted to Home University Candidates,651e13dae66c5b3e5b760fffe4e7147409dc2101f9ed1907de84b2ea2d0c157d
a364fccf8115-PG_MCA_CAP3_Cutoff_All_Institutes_2025_26.pdf,4145,"Wainganga College of Engineering and Management, Dongargaon, Nagpur",0414524110,2025-26,3,Maharashtra,GSTO,GSTO,HU,65.8578922,percentile,GSTO | 11207 | 65.8578922 | Stage-IV,68,Other Than Home University Seats Allotted to Other Than Home University Candidates,4e5726e27dd7eded08e34fdeefca92a43c2ada1c1828697337a7c835bdf02aec
a364fccf8115-PG_MCA_CAP3_Cutoff_All_Institutes_2025_26.pdf,4145,"Wainganga College of Engineering and Management, Dongargaon, Nagpur",0414524110,2025-26,3,Maharashtra,GNTBO,GNTBO,HU,36.496736,percentile,GNTBO | 18416 | 36.496736 | Stage-IV,68,Other Than Home University Seats Allotted to Other Than Home University Candidates,5684b70beaccdb6018b6450ad2d67efedb7cbce08d402724de0f2f1bfa0bed0b
a364fccf8115-PG_MCA_CAP3_Cutoff_All_Institutes_2025_26.pdf,4145,"Wainganga College of Engineering and Management, Dongargaon, Nagpur",0414524110,2025-26,3,Maharashtra,TFWS,TFWS,SL,9.7430286,percentile,TFWS | 24081 | 9.7430286 | Stage-I,68,Other Than Home University Seats Allotted to Other Than Home University Candidates,80676745e7d1c92c7d5ad2411dd300c83f4670d1590a41bf4075d2f6fcd0ad5d
a364fccf8115-PG_MCA_CAP3_Cutoff_All_Institutes_2025_26.pdf,4147,"K.D.K. College of Engineering, Nagpur",0414724110,2025-26,3,Maharashtra,GOPENH,GOPENH,HU,85.2118788,percentile,GOPENH | 5088 | 85.2118788 | Stage-I,69,Home University Seats Allotted to Home University Candidates,1b2aa6ca4b5c4ce6581d2c682a0f600ac930fc34dcc85c93e2ed0840a12d533d
a364fccf8115-PG_MCA_CAP3_Cutoff_All_Institutes_2025_26.pdf,4147,"K.D.K. College of Engineering, Nagpur",0414724110,2025-26,3,Maharashtra,GNTAH,GNTAH,HU,71.1549338,percentile,GNTAH | 9073 | 71.1549338 | Stage-I,69,Home University Seats Allotted to Home University Candidates,6a7ebad9ef2619b6ad498812ab8e5e50a379267273366a36561418874b0affa4
a364fccf8115-PG_MCA_CAP3_Cutoff_All_Institutes_2025_26.pdf,4147,"K.D.K. College of Engineering, Nagpur",0414724110,2025-26,3,Maharashtra,GOPENO,GOPENO,HU,67.3579428,percentile,GOPENO | 10776 | 67.3579428 | Stage-I,69,Other Than Home University Seats Allotted to Other Than Home University Candidates,ca325ea810228ae0ef58f06db057677a399c314063e46512ce81e1d6e9db44df
a364fccf8115-PG_MCA_CAP3_Cutoff_All_Institutes_2025_26.pdf,4147,"K.D.K. College of Engineering, Nagpur",0414724110,2025-26,3,Maharashtra,GSCO,GSCO,HU,49.3533426,percentile,GSCO | 15414 | 49.3533426 | Stage-I,69,Other Than Home University Seats Allotted to Other Than Home University Candidates,96ef1873db4cc9f1619bce7db206bb4d03477fccbd720d5fc53b86e133be44cb
a364fccf8115-PG_MCA_CAP3_Cutoff_All_Institutes_2025_26.pdf,4147,"K.D.K. College of Engineering, Nagpur",0414724110,2025-26,3,Maharashtra,GSTO,GSTO,HU,31.6629561,percentile,GSTO | 19482 | 31.6629561 | Stage-I,69,Other Than Home University Seats Allotted to Other Than Home University Candidates,64547d5d46a7b22f60d14d3e219af70cb79c7bb8279b8affdc102ac2e6189ce1
a364fccf8115-PG_MCA_CAP3_Cutoff_All_Institutes_2025_26.pdf,4147,"K.D.K. College of Engineering, Nagpur",0414724110,2025-26,3,Maharashtra,GNTDO,GNTDO,HU,51.4093808,percentile,GNTDO | 14854 | 51.4093808 | Stage-I,69,Other Than Home University Seats Allotted to Other Than Home University Candidates,24ac5b11ca651611dea779ab1ca3be4bfa342af7398811a86ad5f8162b1fdcb5
a364fccf8115-PG_MCA_CAP3_Cutoff_All_Institutes_2025_26.pdf,4147,"K.D.K. College of Engineering, Nagpur",0414724110,2025-26,3,Maharashtra,TFWS,TFWS,SL,51.4093808,percentile,TFWS | 14674 | 51.4093808 | Stage-I,69,Other Than Home University Seats Allotted to Other Than Home University Candidates,9b1841528c206713b7cd824ee11949a0f84fa898909066cc553f7dffd007303c
a364fccf8115-PG_MCA_CAP3_Cutoff_All_Institutes_2025_26.pdf,4151,"Tulsiramji Gaikwad Patil College of Engineering & Technology, Nagpur",0415124110,2025-26,3,Maharashtra,GOPENH,GOPENH,HU,36.496736,percentile,GOPENH | 18436 | 36.496736 | Stage-I,70,Home University Seats Allotted to Home University Candidates,18afbb1f58683ad48577ac76e7575908676c90eeb9d429777c95e75a79879e4f
a364fccf8115-PG_MCA_CAP3_Cutoff_All_Institutes_2025_26.pdf,4151,"Tulsiramji Gaikwad Patil College of Engineering & Technology, Nagpur",0415124110,2025-26,3,Maharashtra,GSCH,GSCH,HU,16.9789978,percentile,GSCH | 22771 | 16.9789978 | Stage-I,70,Home University Seats Allotted to Home University Candidates,c2276f2ed00bb65b3b7eaa7b9869111a90d35aa2347a8b26d1c064d1d4aaeff4
a364fccf8115-PG_MCA_CAP3_Cutoff_All_Institutes_2025_26.pdf,4151,"Tulsiramji Gaikwad Patil College of Engineering & Technology, Nagpur",0415124110,2025-26,3,Maharashtra,GSTH,GSTH,HU,23.1010151,percentile,GSTH | 21251 | 23.1010151 | Stage-I,70,Home University Seats Allotted to Home University Candidates,592de9b509ad56296e5c02fcc3a49282145d1fe709970ce7e8e3c4e509972603
a364fccf8115-PG_MCA_CAP3_Cutoff_All_Institutes_2025_26.pdf,4151,"Tulsiramji Gaikwad Patil College of Engineering & Technology, Nagpur",0415124110,2025-26,3,Maharashtra,GNTBH,GNTBH,HU,27.2744425,percentile,GNTBH | 20425 | 27.2744425 | Stage-I,70,Home University Seats Allotted to Home University Candidates,5d058d55c9ff4b11556dee0b3bca0fca5ccdaa68ebc212030813660bc14dec07
a364fccf8115-PG_MCA_CAP3_Cutoff_All_Institutes_2025_26.pdf,4151,"Tulsiramji Gaikwad Patil College of Engineering & Technology, Nagpur",0415124110,2025-26,3,Maharashtra,GNTAH,GNTAH,HU,12.4750009,percentile,GNTAH | 23479 | 12.4750009 | Stage-I,70,Home University Seats Allotted to Other Than Home University Candidates,f90b37adb6fa531779296e60e6eb0bf93cb5c0b68c4d9d16108d898b5ff00413
a364fccf8115-PG_MCA_CAP3_Cutoff_All_Institutes_2025_26.pdf,4151,"Tulsiramji Gaikwad Patil College of Engineering & Technology, Nagpur",0415124110,2025-26,3,Maharashtra,GOPENO,GOPENO,HU,73.5368477,percentile,GOPENO | 8681 | 73.5368477 | Stage-I,70,Other Than Home University Seats Allotted to Other Than Home University Candidates,30aa84872ee8406cc7ec952bb209b8d1828c1ecba6365f838ac0cd005ad5f341
a364fccf8115-PG_MCA_CAP3_Cutoff_All_Institutes_2025_26.pdf,4151,"Tulsiramji Gaikwad Patil College of Engineering & Technology, Nagpur",0415124110,2025-26,3,Maharashtra,GSCO,GSCO,HU,21.0059952,percentile,GSCO | 21811 | 21.0059952 | Stage-I,70,Other Than Home University Seats Allotted to Other Than Home University Candidates,40cc557b611f0450aebdc4cbe059507ae790e2f305a3b3dbeea36bb60fa4be57
a364fccf8115-PG_MCA_CAP3_Cutoff_All_Institutes_2025_26.pdf,4151,"Tulsiramji Gaikwad Patil College of Engineering & Technology, Nagpur",0415124110,2025-26,3,Maharashtra,GSTO,GSTO,HU,39.3989669,percentile,GSTO | 17916 | 39.3989669 | Stage-I,70,Other Than Home University Seats Allotted to Other Than Home University Candidates,09897d143a790517c7dbe7d78f4f793b7b209999ec60031ae1ef3a6a28425732
a364fccf8115-PG_MCA_CAP3_Cutoff_All_Institutes_2025_26.pdf,4151,"Tulsiramji Gaikwad Patil College of Engineering & Technology, Nagpur",0415124110,2025-26,3,Maharashtra,TFWS,TFWS,SL,29.9046039,percentile,TFWS | 20068 | 29.9046039 | Stage-I,70,Other Than Home University Seats Allotted to Other Than Home University Candidates,11f25655eccb391daae8e3df4cb667dd9b2d62d1b54ea53a36f27870b2b2cf38
a364fccf8115-PG_MCA_CAP3_Cutoff_All_Institutes_2025_26.pdf,4152,"Shri Shivaji Education Society Amravati's Science College (MCA), Nagpur",0415224110,2025-26,3,Maharashtra,GOPENH,GOPENH,HU,71.1549338,percentile,GOPENH | 9560 | 71.1549338 | Stage-I,71,Home University Seats Allotted to Home University Candidates,ae012607d385eee7a2c49010a4464ce377cfd3fae03f24fe5f698fc0eeb06d45
a364fccf8115-PG_MCA_CAP3_Cutoff_All_Institutes_2025_26.pdf,4152,"Shri Shivaji Education Society Amravati's Science College (MCA), Nagpur",0415224110,2025-26,3,Maharashtra,GSCH,GSCH,HU,69.7143504,percentile,GSCH | 9619 | 69.7143504 | Stage-I,71,Home University Seats Allotted to Home University Candidates,94e536ccb5770a14fdc2817a316990e18617e06578890938122c767e7ed71cd6
a364fccf8115-PG_MCA_CAP3_Cutoff_All_Institutes_2025_26.pdf,4152,"Shri Shivaji Education Society Amravati's Science College (MCA), Nagpur",0415224110,2025-26,3,Maharashtra,GOBCH,GOBCH,HU,69.7143504,percentile,GOBCH | 9955 | 69.7143504 | Stage-I,71,Home University Seats Allotted to Home University Candidates,f0b177b60df6b72fea6dc27013d35eb25356eefdca636bf5dc51c7fd1443e97c
a364fccf8115-PG_MCA_CAP3_Cutoff_All_Institutes_2025_26.pdf,4152,"Shri Shivaji Education Society Amravati's Science College (MCA), Nagpur",0415224110,2025-26,3,Maharashtra,GOPENO,GOPENO,HU,87.3496474,percentile,GOPENO | 3994 | 87.3496474 | Stage-I,71,Other Than Home University Seats Allotted to Other Than Home University Candidates,e48c831be6249d18af37af553d161650b8a07772ac59311f46a9c5550a8ffee6
a364fccf8115-PG_MCA_CAP3_Cutoff_All_Institutes_2025_26.pdf,4152,"Shri Shivaji Education Society Amravati's Science College (MCA), Nagpur",0415224110,2025-26,3,Maharashtra,GNTAO,GNTAO,HU,67.3579428,percentile,GNTAO | 10445 | 67.3579428 | Stage-I,71,Other Than Home University Seats Allotted to Other Than Home University Candidates,b5118f2eff2f57bf3e9829a741c4459fdb9ef4e105190c2b9a15e5bac01612fc
a364fccf8115-PG_MCA_CAP3_Cutoff_All_Institutes_2025_26.pdf,4153,"Sarvodaya Shikshan Mandal's Sardar Patel Mahavidayalaya, Dept. of Computer Studies & Research, Chandrapur",0415324110,2025-26,3,Maharashtra,GOPENO,GOPENO,HU,9.7430286,percentile,GOPENO | 23963 | 9.7430286 | Stage-I,72,Other Than Home University Seats Allotted to Home University Candidates,f43a052c6ac4712c6de0bc379ddc26acf845edab9c47625c208c5231f1983eee
a364fccf8115-PG_MCA_CAP3_Cutoff_All_Institutes_2025_26.pdf,4157,"V. M. Vasant Commerce, J.M. Thakar Arts & J.J. Patel Science College,Nagpur",0415724110,2025-26,3,Maharashtra,GOPENH,GOPENH,HU,49.3533426,percentile,GOPENH | 15630 | 49.3533426 | Stage-I,73,Home University Seats Allotted to Home University Candidates,e7c74562b7ee9cdcfa51c842b0544c914c2df344e31e043d70fecabfbd0181a9
a364fccf8115-PG_MCA_CAP3_Cutoff_All_Institutes_2025_26.pdf,4157,"V. M. Vasant Commerce, J.M. Thakar Arts & J.J. Patel Science College,Nagpur",0415724110,2025-26,3,Maharashtra,GOPENO,GOPENO,HU,0.3660239,percentile,GOPENO | 25449 | 0.3660239 | Stage-I,73,Other Than Home University Seats Allotted to Other Than Home University Candidates,cf2f5f89a829c06aef4859a1f32bbb0472891eae33a31061b466e7d5f99ee6b3
a364fccf8115-PG_MCA_CAP3_Cutoff_All_Institutes_2025_26.pdf,4157,"V. M. Vasant Commerce, J.M. Thakar Arts & J.J. Patel Science College,Nagpur",0415724110,2025-26,3,Maharashtra,TFWS,TFWS,SL,82.8308366,percentile,TFWS | 5799 | 82.8308366 | Stage-I,73,Other Than Home University Seats Allotted to Other Than Home University Candidates,7d1880454cabb3e71912bfec0287b619ee3e07c3e9f58fee096c3d3821ad7652
a364fccf8115-PG_MCA_CAP3_Cutoff_All_Institutes_2025_26.pdf,4157,"V. M. Vasant Commerce, J.M. Thakar Arts & J.J. Patel Science College,Nagpur",0415724110,2025-26,3,Maharashtra,MI-MH,MI-MH,MI,1.3498737,percentile,MI-MH | 25340 | 1.3498737 | Stage-MI-MH,73,Minority Seats : Minority Seats Allotted to Non Minority Candidates,2cce39c81574d78c152ea45261f7b0102b270fdc2fda27b968e476e550e46be1
a364fccf8115-PG_MCA_CAP3_Cutoff_All_Institutes_2025_26.pdf,4613,"Suryodaya College of Engineering & Technology, Nagpur",0461324110,2025-26,3,Maharashtra,GOPENH,GOPENH,HU,56.5488095,percentile,GOPENH | 13636 | 56.5488095 | Stage-I,74,Home University Seats Allotted to Home University Candidates,80a6a9bc16547e884ce1756b88ee6b9f14c773a59a14fa720f8638edf2b34829
a364fccf8115-PG_MCA_CAP3_Cutoff_All_Institutes_2025_26.pdf,4613,"Suryodaya College of Engineering & Technology, Nagpur",0461324110,2025-26,3,Maharashtra,GSCH,GSCH,HU,41.4550394,percentile,GSCH | 17137 | 41.4550394 | Stage-I,74,Home University Seats Allotted to Home University Candidates,969ffe4f4b0a12cacf9cfcd6a45800884439081bcded9eb57ad8dd0b60b51744
a364fccf8115-PG_MCA_CAP3_Cutoff_All_Institutes_2025_26.pdf,4613,"Suryodaya College of Engineering & Technology, Nagpur",0461324110,2025-26,3,Maharashtra,GNTCH,GNTCH,HU,56.5488095,percentile,GNTCH | 13927 | 56.5488095 | Stage-I,74,Home University Seats Allotted to Home University Candidates,e2d46735a5f2457540590dec75989c1515938c7836e343c1031be3514561bc0d
a364fccf8115-PG_MCA_CAP3_Cutoff_All_Institutes_2025_26.pdf,4613,"Suryodaya College of Engineering & Technology, Nagpur",0461324110,2025-26,3,Maharashtra,GOPENO,GOPENO,HU,58.7911466,percentile,GOPENO | 13298 | 58.7911466 | Stage-I,74,Other Than Home University Seats Allotted to Other Than Home University Candidates,e663869466a1d7b20177d2edd8dfd58c0b5ddfed30f3d73efd23ed90a28b1aea
a364fccf8115-PG_MCA_CAP3_Cutoff_All_Institutes_2025_26.pdf,4613,"Suryodaya College of Engineering & Technology, Nagpur",0461324110,2025-26,3,Maharashtra,GNTAO,GNTAO,HU,36.496736,percentile,GNTAO | 18398 | 36.496736 | Stage-I,74,Other Than Home University Seats Allotted to Other Than Home University Candidates,6e92c21934d086d0cc19a602b27fc407cf0412ef8995a7fa39fbac0b8c98bf15
a364fccf8115-PG_MCA_CAP3_Cutoff_All_Institutes_2025_26.pdf,4613,"Suryodaya College of Engineering & Technology, Nagpur",0461324110,2025-26,3,Maharashtra,GSCO,GSCO,HU,39.3989669,percentile,GSCO | 17965 | 39.3989669 | Stage-I,74,Other Than Home University Seats Allotted to Home University Candidates,fad5c27523e1eec04e7fbbd3fe32092b8c0e4dab338e99aa15f9c02946e5023f
a364fccf8115-PG_MCA_CAP3_Cutoff_All_Institutes_2025_26.pdf,4613,"Suryodaya College of Engineering & Technology, Nagpur",0461324110,2025-26,3,Maharashtra,EWS,EWS,SL,56.5488095,percentile,EWS | 13830 | 56.5488095 | Stage-I,74,Other Than Home University Seats Allotted to Home University Candidates,ada1f804a738721b47d473cd7172d43ca931e42f405bffd74a7c4d7e24a89650
a364fccf8115-PG_MCA_CAP3_Cutoff_All_Institutes_2025_26.pdf,4613,"Suryodaya College of Engineering & Technology, Nagpur",0461324110,2025-26,3,Maharashtra,TFWS,TFWS,SL,76.9216256,percentile,TFWS | 7547 | 76.9216256 | Stage-I,74,Other Than Home University Seats Allotted to Home University Candidates,75ae1704033521b1c79f8eaf4a72a9f080bceb8671880cfd9eb579adb27a720e
a364fccf8115-PG_MCA_CAP3_Cutoff_All_Institutes_2025_26.pdf,4679,"Karanjekar College of Engineering & Management, Sakoli",0467924110,2025-26,3,Maharashtra,GSTH,GSTH,HU,12.4750009,percentile,GSTH | 23580 | 12.4750009 | Stage-IV,75,Home University Seats Allotted to Home University Candidates,8fbade405b20f98771e7face9a98c0522d5a0b1b36d5b793f50793fb2f50c1b7
a364fccf8115-PG_MCA_CAP3_Cutoff_All_Institutes_2025_26.pdf,4679,"Karanjekar College of Engineering & Management, Sakoli",0467924110,2025-26,3,Maharashtra,GNTDH,GNTDH,HU,2.0301121,percentile,GNTDH | 25272 | 2.0301121 | Stage-IV,75,Home University Seats Allotted to Other Than Home University Candidates,6a4ac77406aee8a84c989d8b7f8503e9cda2e74d95f761a9a8e0bfe34bde75b5
a364fccf8115-PG_MCA_CAP3_Cutoff_All_Institutes_2025_26.pdf,4679,"Karanjekar College of Engineering & Management, Sakoli",0467924110,2025-26,3,Maharashtra,GSEBCH,GSEBCH,HU,1.3622127,percentile,GSEBCH | 25328 | 1.3622127 | Stage-IV,75,Home University Seats Allotted to Other Than Home University Candidates,e078a8ed6c34e835837a0ccc059a17d69f08cbfeab8a6c1a91bc734fd646c890
a364fccf8115-PG_MCA_CAP3_Cutoff_All_Institutes_2025_26.pdf,4679,"Karanjekar College of Engineering & Management, Sakoli",0467924110,2025-26,3,Maharashtra,GOPENO,GOPENO,HU,29.9046039,percentile,GOPENO | 20221 | 29.9046039 | Stage-I,75,Other Than Home University Seats Allotted to Other Than Home University Candidates,27981144578f96f74c41fc2e32a628057d51da42847b76683ef8771139b1c2fe
a364fccf8115-PG_MCA_CAP3_Cutoff_All_Institutes_2025_26.pdf,4701,"Dr.S.C. Gulhane Prerna College of Management and Technology, Nagpur",0470124110,2025-26,3,Maharashtra,GOPENH,GOPENH,HU,51.4093808,percentile,GOPENH | 15167 | 51.4093808 | Stage-I,76,Home University Seats Allotted to Home University Candidates,7a19feb9c74977b428064a2dca376e605c7a71eece44890c5f615bbf3b9645cc
a364fccf8115-PG_MCA_CAP3_Cutoff_All_Institutes_2025_26.pdf,4701,"Dr.S.C. Gulhane Prerna College of Management and Technology, Nagpur",0470124110,2025-26,3,Maharashtra,GSCH,GSCH,HU,36.496736,percentile,GSCH | 18786 | 36.496736 | Stage-I,76,Home University Seats Allotted to Home University Candidates,8fd616684d292e8f44c4635b3f78c917795880a8b7d4fdd4be9c9485adc58bfd
a364fccf8115-PG_MCA_CAP3_Cutoff_All_Institutes_2025_26.pdf,4701,"Dr.S.C. Gulhane Prerna College of Management and Technology, Nagpur",0470124110,2025-26,3,Maharashtra,GOPENO,GOPENO,HU,21.0059952,percentile,GOPENO | 21759 | 21.0059952 | Stage-I,76,Other Than Home University Seats Allotted to Other Than Home University Candidates,18f8dd9efed2fd02e0823e3b3f6513bf52ef2c18c4d582a743adea1ef3830a2b
a364fccf8115-PG_MCA_CAP3_Cutoff_All_Institutes_2025_26.pdf,4701,"Dr.S.C. Gulhane Prerna College of Management and Technology, Nagpur",0470124110,2025-26,3,Maharashtra,GSCO,GSCO,HU,12.4750009,percentile,GSCO | 23563 | 12.4750009 | Stage-I,76,Other Than Home University Seats Allotted to Other Than Home University Candidates,9b062663b1224e374884be8bb43835ddd8c2d63b7b9ad9939457baaae9492962
a364fccf8115-PG_MCA_CAP3_Cutoff_All_Institutes_2025_26.pdf,4701,"Dr.S.C. Gulhane Prerna College of Management and Technology, Nagpur",0470124110,2025-26,3,Maharashtra,TFWS,TFWS,SL,89.1331398,percentile,TFWS | 3799 | 89.1331398 | Stage-I,76,Other Than Home University Seats Allotted to Other Than Home University Candidates,b3953edc39c97d7f5792abee8353cb5a826edc1b2988b185c48bff100c059172
a364fccf8115-PG_MCA_CAP3_Cutoff_All_Institutes_2025_26.pdf,5002,"Department of Computer Science, North Maharashtra University, Jalgaon",0500224110,2025-26,3,Maharashtra,GSCH,GSCH,HU,79.9969812,percentile,GSCH | 6684 | 79.9969812 | Stage-IV,77,Home University Seats Allotted to Home University Candidates,d3282de6d6ed4892ff42da6aa3dcd2dc23b98829d59dcf0aa9e4ff080fecc412
a364fccf8115-PG_MCA_CAP3_Cutoff_All_Institutes_2025_26.pdf,5002,"Department of Computer Science, North Maharashtra University, Jalgaon",0500224110,2025-26,3,Maharashtra,GSTH,GSTH,HU,80.5399495,percentile,GSTH | 6411 | 80.5399495 | Stage-IV,77,Home University Seats Allotted to Home University Candidates,13c7b9594ffcd9a2f02fb212d543242ecefe497b60aa671678c387bf16b66ad7
a364fccf8115-PG_MCA_CAP3_Cutoff_All_Institutes_2025_26.pdf,5002,"Department of Computer Science, North Maharashtra University, Jalgaon",0500224110,2025-26,3,Maharashtra,GOPENO,GOPENO,HU,51.4093808,percentile,GOPENO | 14713 | 51.4093808 | Stage-I,77,Other Than Home University Seats Allotted to Other Than Home University Candidates,7c30cde8445e1162c0003ced90c236eac2c82f0e5c7522bf5d9c8e7d96c9fbe1
a364fccf8115-PG_MCA_CAP3_Cutoff_All_Institutes_2025_26.pdf,5002,"Department of Computer Science, North Maharashtra University, Jalgaon",0500224110,2025-26,3,Maharashtra,GSCO,GSCO,HU,31.6629561,percentile,GSCO | 19644 | 31.6629561 | Stage-I,77,Other Than Home University Seats Allotted to Other Than Home University Candidates,ee388b8cf94e83d528762c610c5bf952155424d13d0c5367a79fe31484af4081
a364fccf8115-PG_MCA_CAP3_Cutoff_All_Institutes_2025_26.pdf,5101,"Khandesh College Education Society's Institute of Management & Research, Jalgaon",0510124110,2025-26,3,Maharashtra,GOPENH,GOPENH,HU,63.1574978,percentile,GOPENH | 11594 | 63.1574978 | Stage-I,78,Home University Seats Allotted to Home University Candidates,c9619b525b658ebeb84eaf956332467d4b2cf57bb27051b364512027e9aab5ef
a364fccf8115-PG_MCA_CAP3_Cutoff_All_Institutes_2025_26.pdf,5101,"Khandesh College Education Society's Institute of Management & Research, Jalgaon",0510124110,2025-26,3,Maharashtra,GSCH,GSCH,HU,63.1574978,percentile,GSCH | 11700 | 63.1574978 | Stage-I,78,Home University Seats Allotted to Home University Candidates,8bfcaa6b35e6ef4e1fa91474dea383ec9ce46c3ad1ba2f10dbea81c01929e263
a364fccf8115-PG_MCA_CAP3_Cutoff_All_Institutes_2025_26.pdf,5101,"Khandesh College Education Society's Institute of Management & Research, Jalgaon",0510124110,2025-26,3,Maharashtra,GSTH,GSTH,HU,53.942159,percentile,GSTH | 14044 | 53.942159 | Stage-I,78,Home University Seats Allotted to Home University Candidates,51a2bf3de72735f89e1abac3032b6969c60aaf8cb4a879f1209530e55050bc79
a364fccf8115-PG_MCA_CAP3_Cutoff_All_Institutes_2025_26.pdf,5101,"Khandesh College Education Society's Institute of Management & Research, Jalgaon",0510124110,2025-26,3,Maharashtra,GNTBH,GNTBH,HU,31.6629561,percentile,GNTBH | 19515 | 31.6629561 | Stage-I,78,Home University Seats Allotted to Home University Candidates,45a5230e25a24b34792393b46220f402019a10cd8658b52816a66b0ed2601f8c
a364fccf8115-PG_MCA_CAP3_Cutoff_All_Institutes_2025_26.pdf,5101,"Khandesh College Education Society's Institute of Management & Research, Jalgaon",0510124110,2025-26,3,Maharashtra,GOPENO,GOPENO,HU,15.5994113,percentile,GOPENO | 22925 | 15.5994113 | Stage-I,78,Other Than Home University Seats Allotted to Other Than Home University Candidates,178358488b8f837593e5793b6415df13592683786e7cf86659c02621c2b8d46e
a364fccf8115-PG_MCA_CAP3_Cutoff_All_Institutes_2025_26.pdf,5101,"Khandesh College Education Society's Institute of Management & Research, Jalgaon",0510124110,2025-26,3,Maharashtra,GOBCO,GOBCO,HU,12.4750009,percentile,GOBCO | 23470 | 12.4750009 | Stage-I,78,Other Than Home University Seats Allotted to Other Than Home University Candidates,8d9175871159895271c8f108486f4124cb24035c3bcc5656a73369922733fc71
a364fccf8115-PG_MCA_CAP3_Cutoff_All_Institutes_2025_26.pdf,5101,"Khandesh College Education Society's Institute of Management & Research, Jalgaon",0510124110,2025-26,3,Maharashtra,GNTAO,GNTAO,HU,51.4093808,percentile,GNTAO | 14821 | 51.4093808 | Stage-I,78,Other Than Home University Seats Allotted to Home University Candidates,7b2dd8128e179003bbdafbfbaba444e9544cb5f63d843bbdd9c7cf89585e1caa
a364fccf8115-PG_MCA_CAP3_Cutoff_All_Institutes_2025_26.pdf,5102,"Godavari Institute of Management & Research, Jalgaon",0510224110,2025-26,3,Maharashtra,GOPENH,GOPENH,HU,63.1574978,percentile,GOPENH | 11490 | 63.1574978 | Stage-I,79,Home University Seats Allotted to Home University Candidates,482b2a5c36d8a588899e80dcdc56c0105b00177b156c24ef2203cc251af8e387
a364fccf8115-PG_MCA_CAP3_Cutoff_All_Institutes_2025_26.pdf,5102,"Godavari Institute of Management & Research, Jalgaon",0510224110,2025-26,3,Maharashtra,GSCH,GSCH,HU,34.5198145,percentile,GSCH | 19010 | 34.5198145 | Stage-I,79,Home University Seats Allotted to Home University Candidates,8661b3934e8c1b69789da4745341783f715b249c05b0997fbbe716844cb0cbc0
a364fccf8115-PG_MCA_CAP3_Cutoff_All_Institutes_2025_26.pdf,5102,"Godavari Institute of Management & Research, Jalgaon",0510224110,2025-26,3,Maharashtra,GSTH,GSTH,HU,51.4093808,percentile,GSTH | 14796 | 51.4093808 | Stage-I,79,Home University Seats Allotted to Home University Candidates,ae879ab624ead52bb6971f745afb55e2a0e0648d3adbf7898d113b8ec2ceda56
a364fccf8115-PG_MCA_CAP3_Cutoff_All_Institutes_2025_26.pdf,5102,"Godavari Institute of Management & Research, Jalgaon",0510224110,2025-26,3,Maharashtra,GOPENO,GOPENO,HU,7.4072677,percentile,GOPENO | 24379 | 7.4072677 | Stage-I,79,Other Than Home University Seats Allotted to Other Than Home University Candidates,6d127bc73ee2d2bb1a5984745de127200ece46148a7315c4cba4f413f3cfa71c
a364fccf8115-PG_MCA_CAP3_Cutoff_All_Institutes_2025_26.pdf,5102,"Godavari Institute of Management & Research, Jalgaon",0510224110,2025-26,3,Maharashtra,GOPENO,GOPENO,HU,49.3533426,percentile,GOPENO | 15318 | 49.3533426 | Stage-I,79,Other Than Home University Seats Allotted to Home University Candidates,de23382e11e8aeaa06fcc6647c2860539e6f3174f0f51a8975301941cdef377e
a364fccf8115-PG_MCA_CAP3_Cutoff_All_Institutes_2025_26.pdf,5102,"Godavari Institute of Management & Research, Jalgaon",0510224110,2025-26,3,Maharashtra,GOBCO,GOBCO,HU,44.5345198,percentile,GOBCO | 16502 | 44.5345198 | Stage-I,79,Other Than Home University Seats Allotted to Home University Candidates,0447ebf7ca8b02c11cff33ee00b3c204000e61ee06acba938288e7cb64969dac
a364fccf8115-PG_MCA_CAP3_Cutoff_All_Institutes_2025_26.pdf,5104,"Shramsadhana Bombay Trust, College of Engineering & Technology, Jalgaon",0510424110,2025-26,3,Maharashtra,GOPENH,GOPENH,HU,73.5368477,percentile,GOPENH | 8762 | 73.5368477 | Stage-I,80,Home University Seats Allotted to Home University Candidates,c0246e9b3bdd0669ef9f4cc45253326e29b7b142abde4cd3723e424cec076097
a364fccf8115-PG_MCA_CAP3_Cutoff_All_Institutes_2025_26.pdf,5104,"Shramsadhana Bombay Trust, College of Engineering & Technology, Jalgaon",0510424110,2025-26,3,Maharashtra,GSTH,GSTH,HU,39.3989669,percentile,GSTH | 17691 | 39.3989669 | Stage-I,80,Home University Seats Allotted to Home University Candidates,2b7313d381b04465a73cacbe917cef10ad115e2682465ec7f784ce02613e9e8f
a364fccf8115-PG_MCA_CAP3_Cutoff_All_Institutes_2025_26.pdf,5104,"Shramsadhana Bombay Trust, College of Engineering & Technology, Jalgaon",0510424110,2025-26,3,Maharashtra,GNTBH,GNTBH,HU,67.3579428,percentile,GNTBH | 10384 | 67.3579428 | Stage-I,80,Home University Seats Allotted to Home University Candidates,96b048c587a0a9850d3f1e29f7e233d9315060da8dd35af7ce3242351a54b572
a364fccf8115-PG_MCA_CAP3_Cutoff_All_Institutes_2025_26.pdf,5109,"Sandip Foundation, Sandip Institute of Technology and Research Centre, Mahiravani, Nashik",0510924110,2025-26,3,Maharashtra,GOPENH,GOPENH,HU,67.3579428,percentile,GOPENH | 10722 | 67.3579428 | Stage-I,81,Home University Seats Allotted to Home University Candidates,fde78b64d3a1f97a21f14c79c9a0f34f23fea3cf645194c49739ba7048b77234
a364fccf8115-PG_MCA_CAP3_Cutoff_All_Institutes_2025_26.pdf,5109,"Sandip Foundation, Sandip Institute of Technology and Research Centre, Mahiravani, Nashik",0510924110,2025-26,3,Maharashtra,GNTCH,GNTCH,HU,7.9446476,percentile,GNTCH | 24213 | 7.9446476 | Stage-I,81,Home University Seats Allotted to Home University Candidates,647d8f7d0373d7486c658514096a35b4aead2f1f24d23ccce0865ab74df21941
a364fccf8115-PG_MCA_CAP3_Cutoff_All_Institutes_2025_26.pdf,5109,"Sandip Foundation, Sandip Institute of Technology and Research Centre, Mahiravani, Nashik",0510924110,2025-26,3,Maharashtra,GOBCH,GOBCH,HU,51.4093808,percentile,GOBCH | 14706 | 51.4093808 | Stage-I,81,Home University Seats Allotted to Home University Candidates,3862f8ad054b1fb8ec2a6c50ee6f6b1d7fcbe701f43e69777d5d0c8c04603ef6
a364fccf8115-PG_MCA_CAP3_Cutoff_All_Institutes_2025_26.pdf,5109,"Sandip Foundation, Sandip Institute of Technology and Research Centre, Mahiravani, Nashik",0510924110,2025-26,3,Maharashtra,GSCH,GSCH,HU,44.5345198,percentile,GSCH | 16552 | 44.5345198 | Stage-I,81,Home University Seats Allotted to Other Than Home University Candidates,d714141b39d1c65b26a3ccf720dab18046c46fcbbdba404329b5691ee534308d
a364fccf8115-PG_MCA_CAP3_Cutoff_All_Institutes_2025_26.pdf,5109,"Sandip Foundation, Sandip Institute of Technology and Research Centre, Mahiravani, Nashik",0510924110,2025-26,3,Maharashtra,GOPENO,GOPENO,HU,77.8251197,percentile,GOPENO | 7215 | 77.8251197 | Stage-I,81,Other Than Home University Seats Allotted to Other Than Home University Candidates,65532d791c3faa5213862850c64f5a25c23ba958b973a16d5b412d62ddbb4716
a364fccf8115-PG_MCA_CAP3_Cutoff_All_Institutes_2025_26.pdf,5109,"Sandip Foundation, Sandip Institute of Technology and Research Centre, Mahiravani, Nashik",0510924110,2025-26,3,Maharashtra,GSCO,GSCO,HU,77.8251197,percentile,GSCO | 7303 | 77.8251197 | Stage-I,81,Other Than Home University Seats Allotted to Other Than Home University Candidates,c42f10a5ef44ca1ac6e7569300d58a48f91804f7577ec051406340e41cb9cdf4
a364fccf8115-PG_MCA_CAP3_Cutoff_All_Institutes_2025_26.pdf,5109,"Sandip Foundation, Sandip Institute of Technology and Research Centre, Mahiravani, Nashik",0510924110,2025-26,3,Maharashtra,GNTAO,GNTAO,HU,58.7911466,percentile,GNTAO | 13342 | 58.7911466 | Stage-I,81,Other Than Home University Seats Allotted to Other Than Home University Candidates,34e284e42d0bb20834c4646140e7d7587aa70a7f373305b0942949a0d0feba5e
a364fccf8115-PG_MCA_CAP3_Cutoff_All_Institutes_2025_26.pdf,5109,"Sandip Foundation, Sandip Institute of Technology and Research Centre, Mahiravani, Nashik",0510924110,2025-26,3,Maharashtra,GOBCO,GOBCO,HU,65.8578922,percentile,GOBCO | 11402 | 65.8578922 | Stage-I,81,Other Than Home University Seats Allotted to Other Than Home University Candidates,a5b94a6c85f040c12a2d43fae0d734fff7593402928a58b10a4fe3e6ca969cf2
a364fccf8115-PG_MCA_CAP3_Cutoff_All_Institutes_2025_26.pdf,5109,"Sandip Foundation, Sandip Institute of Technology and Research Centre, Mahiravani, Nashik",0510924110,2025-26,3,Maharashtra,GSTO,GSTO,HU,63.1574978,percentile,GSTO | 11794 | 63.1574978 | Stage-I,81,Other Than Home University Seats Allotted to Home University Candidates,d5d3d73f94b052a14538832d9e6d529d83af59a5ec27c49c2927b0941ff3aaee
a364fccf8115-PG_MCA_CAP3_Cutoff_All_Institutes_2025_26.pdf,5111,"B. P. Hivale Education Society's Institute of Management Studies Career Development Research, Ahmednagar",0511124110,2025-26,3,Maharashtra,GOPENH,GOPENH,HU,67.3579428,percentile,GOPENH | 10374 | 67.3579428 | Stage-I,83,Home University Seats Allotted to Home University Candidates,b4c3b330c5c6fbd48d8231870aabfdb06d7f220bc38cff452ad03eff8eb8c522
a364fccf8115-PG_MCA_CAP3_Cutoff_All_Institutes_2025_26.pdf,5111,"B. P. Hivale Education Society's Institute of Management Studies Career Development Research, Ahmednagar",0511124110,2025-26,3,Maharashtra,GOPENO,GOPENO,HU,2.8640429,percentile,GOPENO | 25114 | 2.8640429 | Stage-I,83,Other Than Home University Seats Allotted to Other Than Home University Candidates,fdd5a1e79cb412639a9abe1cc06df7c57c59049979f1257313425cd13e04d28a
a364fccf8115-PG_MCA_CAP3_Cutoff_All_Institutes_2025_26.pdf,5111,"B. P. Hivale Education Society's Institute of Management Studies Career Development Research, Ahmednagar",0511124110,2025-26,3,Maharashtra,TFWS,TFWS,SL,77.8251197,percentile,TFWS | 7237 | 77.8251197 | Stage-I,83,Other Than Home University Seats Allotted to Other Than Home University Candidates,06a00ecbd9614fe4aab4e35ad1c472ed300887319d5e653788f8839fbadf06c7
a364fccf8115-PG_MCA_CAP3_Cutoff_All_Institutes_2025_26.pdf,5111,"B. P. Hivale Education Society's Institute of Management Studies Career Development Research, Ahmednagar",0511124110,2025-26,3,Maharashtra,MI-MH,MI-MH,MI,49.3533426,percentile,MI-MH | 15515 | 49.3533426 | Stage-MI-MH,83,Minority Seats : Minority Seats Allotted to Non Minority Candidates,d011322978a8063a48abe5e4a1559ecf2023a8d2b6ac062310a79f815f902cfa
a364fccf8115-PG_MCA_CAP3_Cutoff_All_Institutes_2025_26.pdf,5112,"Padmashree Dr. Vithalrao Vikhe Patil Foundation's Institute of Business Management & Rural Development, Ahmednagar",0511224110,2025-26,3,Maharashtra,GOPENH,GOPENH,HU,74.782248,percentile,GOPENH | 8058 | 74.782248 | Stage-I,84,Home University Seats Allotted to Home University Candidates,9b3d45446723e600d1c06ab3b8d16111bb9cfbf0d9d5a91aff0da15e8d7ebaa4
a364fccf8115-PG_MCA_CAP3_Cutoff_All_Institutes_2025_26.pdf,5112,"Padmashree Dr. Vithalrao Vikhe Patil Foundation's Institute of Business Management & Rural Development, Ahmednagar",0511224110,2025-26,3,Maharashtra,GSTH,GSTH,HU,71.1549338,percentile,GSTH | 9439 | 71.1549338 | Stage-I,84,Home University Seats Allotted to Home University Candidates,9653b0ba4490991d0974627fab894ca182a584e502a26eeedc70cbb5022d1c61
a364fccf8115-PG_MCA_CAP3_Cutoff_All_Institutes_2025_26.pdf,5112,"Padmashree Dr. Vithalrao Vikhe Patil Foundation's Institute of Business Management & Rural Development, Ahmednagar",0511224110,2025-26,3,Maharashtra,GOBCH,GOBCH,HU,31.6629561,percentile,GOBCH | 19353 | 31.6629561 | Stage-I,84,Home University Seats Allotted to Home University Candidates,9f0f7ee20d59f48e9a021a621fad0d148b701a00c3ecf1100d0cff23ec863fb3
a364fccf8115-PG_MCA_CAP3_Cutoff_All_Institutes_2025_26.pdf,5112,"Padmashree Dr. Vithalrao Vikhe Patil Foundation's Institute of Business Management & Rural Development, Ahmednagar",0511224110,2025-26,3,Maharashtra,GOPENO,GOPENO,HU,12.4750009,percentile,GOPENO | 23476 | 12.4750009 | Stage-I,84,Other Than Home University Seats Allotted to Other Than Home University Candidates,43097d6f1397074e32ee0d4db9712170595c58199d526b736b5aaf70015c0a23
a364fccf8115-PG_MCA_CAP3_Cutoff_All_Institutes_2025_26.pdf,5112,"Padmashree Dr. Vithalrao Vikhe Patil Foundation's Institute of Business Management & Rural Development, Ahmednagar",0511224110,2025-26,3,Maharashtra,GOBCO,GOBCO,HU,53.942159,percentile,GOBCO | 14512 | 53.942159 | Stage-I,84,Other Than Home University Seats Allotted to Home University Candidates,1066f8e569155c910961420e480312525c42141df503e8ea5d99f5d93d6977a0
a364fccf8115-PG_MCA_CAP3_Cutoff_All_Institutes_2025_26.pdf,5113,"Nashik District Maratha Vidya Prasarak Samaj's Institute of Management Research & Technology, Nashik",0511324110,2025-26,3,Maharashtra,GOPENH,GOPENH,HU,41.4550394,percentile,GOPENH | 17460 | 41.4550394 | Stage-I,85,Home University Seats Allotted to Home University Candidates,c40635988ba774a47c234515980d76235ddce68d03ce1c8c2bc9515353239176
a364fccf8115-PG_MCA_CAP3_Cutoff_All_Institutes_2025_26.pdf,5113,"Nashik District Maratha Vidya Prasarak Samaj's Institute of Management Research & Technology, Nashik",0511324110,2025-26,3,Maharashtra,GSCH,GSCH,HU,15.5994113,percentile,GSCH | 23045 | 15.5994113 | Stage-I,85,Home University Seats Allotted to Home University Candidates,3ebeb5233a64430a9aa843108fca583ee22c0acdc91e479215fbe5ae02914992
a364fccf8115-PG_MCA_CAP3_Cutoff_All_Institutes_2025_26.pdf,5113,"Nashik District Maratha Vidya Prasarak Samaj's Institute of Management Research & Technology, Nashik",0511324110,2025-26,3,Maharashtra,GSTH,GSTH,HU,36.496736,percentile,GSTH | 18615 | 36.496736 | Stage-I,85,Home University Seats Allotted to Home University Candidates,427f68988f3ffd4f20b5f3bf704f5060f7100e278c254a64f4e58cd23be4d5e2
a364fccf8115-PG_MCA_CAP3_Cutoff_All_Institutes_2025_26.pdf,5113,"Nashik District Maratha Vidya Prasarak Samaj's Institute of Management Research & Technology, Nashik",0511324110,2025-26,3,Maharashtra,GNTCH,GNTCH,HU,29.9046039,percentile,GNTCH | 20026 | 29.9046039 | Stage-I,85,Home University Seats Allotted to Other Than Home University Candidates,7f6d587658bfc81e02b4ef4ff971eabc3fc0045a1cb8d2a0dd7face7491edf76
a364fccf8115-PG_MCA_CAP3_Cutoff_All_Institutes_2025_26.pdf,5113,"Nashik District Maratha Vidya Prasarak Samaj's Institute of Management Research & Technology, Nashik",0511324110,2025-26,3,Maharashtra,GSEBCH,GSEBCH,HU,44.5345198,percentile,GSEBCH | 16559 | 44.5345198 | Stage-I,85,Home University Seats Allotted to Other Than Home University Candidates,753e150a80fa354127d9989b12ec75ee36f92c7e683365f2f33cd6d7d0510dbe
a364fccf8115-PG_MCA_CAP3_Cutoff_All_Institutes_2025_26.pdf,5113,"Nashik District Maratha Vidya Prasarak Samaj's Institute of Management Research & Technology, Nashik",0511324110,2025-26,3,Maharashtra,GOPENO,GOPENO,HU,65.8578922,percentile,GOPENO | 11045 | 65.8578922 | Stage-I,85,Other Than Home University Seats Allotted to Other Than Home University Candidates,0c3faf3bfb720c83babef72c92c399c76019fb3fd976fce7a494eadecba47512
a364fccf8115-PG_MCA_CAP3_Cutoff_All_Institutes_2025_26.pdf,5113,"Nashik District Maratha Vidya Prasarak Samaj's Institute of Management Research & Technology, Nashik",0511324110,2025-26,3,Maharashtra,TFWS,TFWS,SL,41.4550394,percentile,TFWS | 17188 | 41.4550394 | Stage-I,85,Other Than Home University Seats Allotted to Other Than Home University Candidates,517080b802a3afc07065864d01ace75ec7fb67ac5d98f0682be3fb0d382090dc
a364fccf8115-PG_MCA_CAP3_Cutoff_All_Institutes_2025_26.pdf,5117,Pirens Institute Of Business Management And Administration (IBMA) Loni (BK),0511724110,2025-26,3,Maharashtra,GOPENH,GOPENH,HU,74.782248,percentile,GOPENH | 8285 | 74.782248 | Stage-I,86,Home University Seats Allotted to Home University Candidates,748410a75fd989eaa5be381928f87fe2cd54ca8a5e80846d64a84f4850dd6f33
a364fccf8115-PG_MCA_CAP3_Cutoff_All_Institutes_2025_26.pdf,5117,Pirens Institute Of Business Management And Administration (IBMA) Loni (BK),0511724110,2025-26,3,Maharashtra,GSCH,GSCH,HU,15.5994113,percentile,GSCH | 22874 | 15.5994113 | Stage-I,86,Home University Seats Allotted to Home University Candidates,cfc6da831e384fda7c52f9e7b49955cf7b192101e89079cf818436d1d22b970a
a364fccf8115-PG_MCA_CAP3_Cutoff_All_Institutes_2025_26.pdf,5117,Pirens Institute Of Business Management And Administration (IBMA) Loni (BK),0511724110,2025-26,3,Maharashtra,GSTH,GSTH,HU,23.1010151,percentile,GSTH | 21496 | 23.1010151 | Stage-I,86,Home University Seats Allotted to Home University Candidates,5904821bcafeb57c7273c5324891175e60dc0787517998d9788be793d79a0229
a364fccf8115-PG_MCA_CAP3_Cutoff_All_Institutes_2025_26.pdf,5117,Pirens Institute Of Business Management And Administration (IBMA) Loni (BK),0511724110,2025-26,3,Maharashtra,GNTBH,GNTBH,HU,51.4093808,percentile,GNTBH | 15079 | 51.4093808 | Stage-I,86,Home University Seats Allotted to Home University Candidates,0d73b2f1e9a412996acfa67d5080e8b0ebb25ebfb5e7c9e73510679dec0bee51
a364fccf8115-PG_MCA_CAP3_Cutoff_All_Institutes_2025_26.pdf,5117,Pirens Institute Of Business Management And Administration (IBMA) Loni (BK),0511724110,2025-26,3,Maharashtra,GOPENO,GOPENO,HU,2.0301121,percentile,GOPENO | 25248 | 2.0301121 | Stage-I,86,Other Than Home University Seats Allotted to Other Than Home University Candidates,82cd4853ab2a0f4e159605fe7c40b9f28851f8b9440e4f569f169209ce8e8344
a364fccf8115-PG_MCA_CAP3_Cutoff_All_Institutes_2025_26.pdf,5117,Pirens Institute Of Business Management And Administration (IBMA) Loni (BK),0511724110,2025-26,3,Maharashtra,GOPENO,GOPENO,HU,41.4550394,percentile,GOPENO | 17637 | 41.4550394 | Stage-I,86,Other Than Home University Seats Allotted to Home University Candidates,37869afebb7b5f78ec37150f15d25a476caed772dbb01ddb1bce594165d6144e
a364fccf8115-PG_MCA_CAP3_Cutoff_All_Institutes_2025_26.pdf,5117,Pirens Institute Of Business Management And Administration (IBMA) Loni (BK),0511724110,2025-26,3,Maharashtra,GSCO,GSCO,HU,7.4072677,percentile,GSCO | 24409 | 7.4072677 | Stage-I,86,Other Than Home University Seats Allotted to Home University Candidates,a0eed6705b9849b094c77234703efc4e4d14b74640851251112a5d54164ca6ba
a364fccf8115-PG_MCA_CAP3_Cutoff_All_Institutes_2025_26.pdf,5117,Pirens Institute Of Business Management And Administration (IBMA) Loni (BK),0511724110,2025-26,3,Maharashtra,GSTO,GSTO,HU,34.5198145,percentile,GSTO | 19129 | 34.5198145 | Stage-I,86,Other Than Home University Seats Allotted to Home University Candidates,5f5adbc873b8595e907335dc73a74db8ee4cb8fb6ae29c3eda799aa34682dd91
a364fccf8115-PG_MCA_CAP3_Cutoff_All_Institutes_2025_26.pdf,5117,Pirens Institute Of Business Management And Administration (IBMA) Loni (BK),0511724110,2025-26,3,Maharashtra,GNTBO,GNTBO,HU,39.3989669,percentile,GNTBO | 18016 | 39.3989669 | Stage-I,86,Other Than Home University Seats Allotted to Home University Candidates,cbf5638a23b5e9ac3baf0c6f968d79de9e8e59d683f26e3986790c34cfe1488f
a364fccf8115-PG_MCA_CAP3_Cutoff_All_Institutes_2025_26.pdf,5117,Pirens Institute Of Business Management And Administration (IBMA) Loni (BK),0511724110,2025-26,3,Maharashtra,TFWS,TFWS,SL,80.5399495,percentile,TFWS | 6199 | 80.5399495 | Stage-I,86,Other Than Home University Seats Allotted to Home University Candidates,991abb22331c369f1b8ec5204c66db1fd8cfe38623cf016d40c7b5559051e56c
a364fccf8115-PG_MCA_CAP3_Cutoff_All_Institutes_2025_26.pdf,5119,"C.H.M.E. Society's Dr. Moonje Institute for Management & Computer Studies, Nashik",0511924110,2025-26,3,Maharashtra,GOPENH,GOPENH,HU,79.9969812,percentile,GOPENH | 6746 | 79.9969812 | Stage-I,87,Home University Seats Allotted to Home University Candidates,ff1c6251a7ab56700d334f5514ee643531b6460d8daf8c0c8b1e8fcda702be16
a364fccf8115-PG_MCA_CAP3_Cutoff_All_Institutes_2025_26.pdf,5119,"C.H.M.E. Society's Dr. Moonje Institute for Management & Computer Studies, Nashik",0511924110,2025-26,3,Maharashtra,GOPENO,GOPENO,HU,51.4093808,percentile,GOPENO | 14773 | 51.4093808 | Stage-I,87,Other Than Home University Seats Allotted to Other Than Home University Candidates,8063456c95ded442df2a1ab8ddb6808b19f2dcdfebca6aca6c8aa783aa1f13c8
a364fccf8115-PG_MCA_CAP3_Cutoff_All_Institutes_2025_26.pdf,5119,"C.H.M.E. Society's Dr. Moonje Institute for Management & Computer Studies, Nashik",0511924110,2025-26,3,Maharashtra,GSCO,GSCO,HU,36.496736,percentile,GSCO | 18422 | 36.496736 | Stage-I,87,Other Than Home University Seats Allotted to Other Than Home University Candidates,4ec02a411651e82c292b31153a9cc24eec67b9ff646120d2653f8ffc4b02fa10
a364fccf8115-PG_MCA_CAP3_Cutoff_All_Institutes_2025_26.pdf,5120,"MET's Institute of Management, Adgaon, Nashik",0512024110,2025-26,3,Maharashtra,GOPENH,GOPENH,HU,76.9216256,percentile,GOPENH | 7485 | 76.9216256 | Stage-I,88,Home University Seats Allotted to Home University Candidates,8e0f03411444445caad3f93d57ffa35be8a0602f365a92e25b581423140fdb47
a364fccf8115-PG_MCA_CAP3_Cutoff_All_Institutes_2025_26.pdf,5120,"MET's Institute of Management, Adgaon, Nashik",0512024110,2025-26,3,Maharashtra,GSEBCH,GSEBCH,HU,53.942159,percentile,GSEBCH | 14325 | 53.942159 | Stage-I,88,Home University Seats Allotted to Other Than Home University Candidates,394c729d8f6bc3ce0d3b684a2af9d9675b0ddffc2a8dec2e3d5c30828fad9927
a364fccf8115-PG_MCA_CAP3_Cutoff_All_Institutes_2025_26.pdf,5120,"MET's Institute of Management, Adgaon, Nashik",0512024110,2025-26,3,Maharashtra,GOPENO,GOPENO,HU,77.8251197,percentile,GOPENO | 7160 | 77.8251197 | Stage-I,88,Other Than Home University Seats Allotted to Other Than Home University Candidates,b1abf64f66629226237704ccae0b709e24f5f67196fa4c4508bed5c1ae7c8009
a364fccf8115-PG_MCA_CAP3_Cutoff_All_Institutes_2025_26.pdf,5120,"MET's Institute of Management, Adgaon, Nashik",0512024110,2025-26,3,Maharashtra,GSTO,GSTO,HU,77.8251197,percentile,GSTO | 7282 | 77.8251197 | Stage-I,88,Other Than Home University Seats Allotted to Other Than Home University Candidates,e49c542971a02f3d6081c4c6361231f4d30060ff20bfb272d41e2f07c7e7986c
a364fccf8115-PG_MCA_CAP3_Cutoff_All_Institutes_2025_26.pdf,5121,"K. K. Wagh Institute of Engineering Education and Research, Nashik",0512124110,2025-26,3,Maharashtra,GOPENH,GOPENH,HU,92.1797821,percentile,GOPENH | 2502 | 92.1797821 | Stage-I,89,Home University Seats Allotted to Home University Candidates,285a0814588cd64b528fde3c4599aac31c8e05990117d4175e6a65e565b07cc2
a364fccf8115-PG_MCA_CAP3_Cutoff_All_Institutes_2025_26.pdf,5121,"K. K. Wagh Institute of Engineering Education and Research, Nashik",0512124110,2025-26,3,Maharashtra,GOBCH,GOBCH,HU,85.3851665,percentile,GOBCH | 4450 | 85.3851665 | Stage-I,89,Home University Seats Allotted to Home University Candidates,4cd1cbc6e65cb1f669877732b20bdf89f28007b1cdb5a638dea2a9a2feb5928d
a364fccf8115-PG_MCA_CAP3_Cutoff_All_Institutes_2025_26.pdf,5121,"K. K. Wagh Institute of Engineering Education and Research, Nashik",0512124110,2025-26,3,Maharashtra,GOPENO,GOPENO,HU,89.1331398,percentile,GOPENO | 3721 | 89.1331398 | Stage-I,89,Other Than Home University Seats Allotted to Other Than Home University Candidates,f6a1124db18f084cc5c21959742bb8beb65eb48158333d41dc18cfa513be3a3e
a364fccf8115-PG_MCA_CAP3_Cutoff_All_Institutes_2025_26.pdf,5124,"Jagadamba Education Soc. Nashik's S.N.D. College of Engineering & Reserch, Babulgaon",0512424210,2025-26,3,Maharashtra,GNTDH,GNTDH,HU,31.6629561,percentile,GNTDH | 19610 | 31.6629561 | Stage-IV,90,Home University Seats Allotted to Home University Candidates,63e58f1d0246a0db440b4f853ac26f16a187982eba38f88daf8c1fcbaacf638a
a364fccf8115-PG_MCA_CAP3_Cutoff_All_Institutes_2025_26.pdf,5124,"Jagadamba Education Soc. Nashik's S.N.D. College of Engineering & Reserch, Babulgaon",0512424210,2025-26,3,Maharashtra,GSEBCH,GSEBCH,HU,58.7911466,percentile,GSEBCH | 12881 | 58.7911466 | Stage-IV,90,Home University Seats Allotted to Home University Candidates,fa4c28f8dd491ee8e3f559a89d69c2e7ea719cdb3fa21bd91689d36e64be6e12
a364fccf8115-PG_MCA_CAP3_Cutoff_All_Institutes_2025_26.pdf,5124,"Jagadamba Education Soc. Nashik's S.N.D. College of Engineering & Reserch, Babulgaon",0512424210,2025-26,3,Maharashtra,GSCO,GSCO,HU,27.2744425,percentile,GSCO | 20480 | 27.2744425 | Stage-I,90,Other Than Home University Seats Allotted to Other Than Home University Candidates,4f6ce21112c3d9181cb15c864f4a5d03bc0a311824572e28dfd8c09dd03ec006
a364fccf8115-PG_MCA_CAP3_Cutoff_All_Institutes_2025_26.pdf,5131,"C.H.M.E. Society's Dr. Moonje Institute of Management & Information Technology, Nashik",0513124110,2025-26,3,Maharashtra,GOPENH,GOPENH,HU,67.3579428,percentile,GOPENH | 10652 | 67.3579428 | Stage-I,91,Home University Seats Allotted to Home University Candidates,0618fdbee3e1440e48536b79ad93b7487efc71dde2032c04882c8c19f2d661a4
a364fccf8115-PG_MCA_CAP3_Cutoff_All_Institutes_2025_26.pdf,5131,"C.H.M.E. Society's Dr. Moonje Institute of Management & Information Technology, Nashik",0513124110,2025-26,3,Maharashtra,GOPENO,GOPENO,HU,46.3793819,percentile,GOPENO | 16047 | 46.3793819 | Stage-I,91,Other Than Home University Seats Allotted to Other Than Home University Candidates,514d2b09adcb14aa01cad6c7086cc647295c83e13b2a3f835538b75546af9e20
a364fccf8115-PG_MCA_CAP3_Cutoff_All_Institutes_2025_26.pdf,5131,"C.H.M.E. Society's Dr. Moonje Institute of Management & Information Technology, Nashik",0513124110,2025-26,3,Maharashtra,GNTAO,GNTAO,HU,41.4550394,percentile,GNTAO | 17149 | 41.4550394 | Stage-I,91,Other Than Home University Seats Allotted to Other Than Home University Candidates,a32d3ab29164599beb2724db3e207ca569cbd600f2fd34166a30574828c69b8d
a364fccf8115-PG_MCA_CAP3_Cutoff_All_Institutes_2025_26.pdf,5150,"R.C. Patel Educational Trust, Institute of Management Reasearch & Development, Shirpur",0515024110,2025-26,3,Maharashtra,GOPENH,GOPENH,HU,63.1574978,percentile,GOPENH | 11666 | 63.1574978 | Stage-I,92,Home University Seats Allotted to Home University Candidates,5c28716a5a5ab5ceae1cf25741db8c0d4b78fbd2dceb6a4bef15e47557fa3b0e
a364fccf8115-PG_MCA_CAP3_Cutoff_All_Institutes_2025_26.pdf,5150,"R.C. Patel Educational Trust, Institute of Management Reasearch & Development, Shirpur",0515024110,2025-26,3,Maharashtra,GOPENO,GOPENO,HU,10.5199653,percentile,GOPENO | 23724 | 10.5199653 | Stage-I,92,Other Than Home University Seats Allotted to Other Than Home University Candidates,7e5663df263357ca00ac3e27bda38889ff8385d62b9efdc14081f1a4432c57a5
a364fccf8115-PG_MCA_CAP3_Cutoff_All_Institutes_2025_26.pdf,5150,"R.C. Patel Educational Trust, Institute of Management Reasearch & Development, Shirpur",0515024110,2025-26,3,Maharashtra,MI-MH,MI-MH,MI,53.942159,percentile,MI-MH | 14078 | 53.942159 | Stage-MI-MH,92,Minority Seats : Minority Seats Allotted to Non Minority Candidates,6f05cd13ddd0541417972604ea3aad8cd46144de00144b438f88638c726f442b
a364fccf8115-PG_MCA_CAP3_Cutoff_All_Institutes_2025_26.pdf,5151,"MET Bhujbal Knowledge City MET League's Engineering College, Adgaon, Nashik.",0515124110,2025-26,3,Maharashtra,PWDOPENH,PWDOPENH,HU,85.2118788,percentile,PWDOPENH | 5100 | 85.2118788 | I-Non PWD / DEF,93,Home University Seats Allotted to Home University Candidates,734a11b432a10f3cca4de0578c4e106f6b0793b7037f9b934464282853e70a5b
a364fccf8115-PG_MCA_CAP3_Cutoff_All_Institutes_2025_26.pdf,5151,"MET Bhujbal Knowledge City MET League's Engineering College, Adgaon, Nashik.",0515124110,2025-26,3,Maharashtra,GOPENO,GOPENO,HU,82.9644433,percentile,GOPENO | 5425 | 82.9644433 | Stage-I,93,Other Than Home University Seats Allotted to Other Than Home University Candidates,68af19254366726c3bdbdee7014d186ea1c59dce7aedaf85c577ff002d60b304
a364fccf8115-PG_MCA_CAP3_Cutoff_All_Institutes_2025_26.pdf,5151,"MET Bhujbal Knowledge City MET League's Engineering College, Adgaon, Nashik.",0515124110,2025-26,3,Maharashtra,GSTO,GSTO,HU,7.9446476,percentile,GSTO | 24167 | 7.9446476 | Stage-I,93,Other Than Home University Seats Allotted to Other Than Home University Candidates,24b0f2d20e7cce245ef015ce640fb9270818069269f002ca1fefc6b11ce19408
a364fccf8115-PG_MCA_CAP3_Cutoff_All_Institutes_2025_26.pdf,5151,"MET Bhujbal Knowledge City MET League's Engineering College, Adgaon, Nashik.",0515124110,2025-26,3,Maharashtra,GOBCO,GOBCO,HU,82.8308366,percentile,GOBCO | 5930 | 82.8308366 | Stage-I,93,Other Than Home University Seats Allotted to Other Than Home University Candidates,92ef141df4ea1bcc8a74224814767f19f63a179b9fc66b5937299832d4759094
a364fccf8115-PG_MCA_CAP3_Cutoff_All_Institutes_2025_26.pdf,5151,"MET Bhujbal Knowledge City MET League's Engineering College, Adgaon, Nashik.",0515124110,2025-26,3,Maharashtra,TFWS,TFWS,SL,87.2080299,percentile,TFWS | 4268 | 87.2080299 | Stage-I,93,Other Than Home University Seats Allotted to Other Than Home University Candidates,96a8763f4731e88a46679f2f6508a1fe3ad7f9fa247ff6243d04e9ccaa348ff1
a364fccf8115-PG_MCA_CAP3_Cutoff_All_Institutes_2025_26.pdf,5152,"G H Raisoni College of Engineering and Management, Jalgaon",0515224110,2025-26,3,Maharashtra,GOPENH,GOPENH,HU,74.782248,percentile,GOPENH | 7952 | 74.782248 | Stage-I,94,Home University Seats Allotted to Home University Candidates,aa599f5f908638cf3cdfd3ed82349ef20fa41a494f7e90cb1023b0f32bbf7d0f
a364fccf8115-PG_MCA_CAP3_Cutoff_All_Institutes_2025_26.pdf,5152,"G H Raisoni College of Engineering and Management, Jalgaon",0515224110,2025-26,3,Maharashtra,GOPENO,GOPENO,HU,21.0059952,percentile,GOPENO | 21681 | 21.0059952 | Stage-I,94,Other Than Home University Seats Allotted to Other Than Home University Candidates,8edc12774a70c4fe85b29588dfb2eb62a8a596d3c8b6be03bdaaa7a11de3a0c4
a364fccf8115-PG_MCA_CAP3_Cutoff_All_Institutes_2025_26.pdf,5152,"G H Raisoni College of Engineering and Management, Jalgaon",0515224110,2025-26,3,Maharashtra,MI-MH,MI-MH,MI,49.3533426,percentile,MI-MH | 15258 | 49.3533426 | Stage-MI-MH,94,Minority Seats : Minority Seats Allotted to Non Minority Candidates,7b9884c3033cfaa294ac766a6393ea958e01f798125c68c54faf9ac969410b59
a364fccf8115-PG_MCA_CAP3_Cutoff_All_Institutes_2025_26.pdf,5153,"West Khandesh Bhagini Seva Mandal's Dr. Suryakanta R. Ajmera M.C.A. College for Women, Dhule",0515224110,2025-26,3,Maharashtra,MI-MH,MI-MH,MI,53.942159,percentile,MI-MH | 14055 | 53.942159 | Stage-MI-MH,95,Minority Seats : Minority Seats Allotted to Non Minority Candidates,a4ae88bdada085f36d98db7e3365295c7c9f57906db0e5ebe841e6bccf5c6276
a364fccf8115-PG_MCA_CAP3_Cutoff_All_Institutes_2025_26.pdf,5170,"Hindi Seva Mandal's Shri Sant Gadgebaba College of Engineering & Technology, Bhusawal",0517024110,2025-26,3,Maharashtra,GOPENO,GOPENO,HU,65.8578922,percentile,GOPENO | 11075 | 65.8578922 | Stage-I,96,Other Than Home University Seats Allotted to Home University Candidates,2f1552421a175095130e6e88ecd7cf4d2fd2aa1b248d003b71c83ea69c9e42c5
a364fccf8115-PG_MCA_CAP3_Cutoff_All_Institutes_2025_26.pdf,5170,"Hindi Seva Mandal's Shri Sant Gadgebaba College of Engineering & Technology, Bhusawal",0517024110,2025-26,3,Maharashtra,MI-MH,MI-MH,MI,25.4779232,percentile,MI-MH | 20995 | 25.4779232 | Stage-MI-MH,96,Minority Seats : Minority Seats Allotted to Non Minority Candidates,ac408e54c69efcca8793a38dbe0d134ed060557f89b6564e3c149bc69bf6858f
a364fccf8115-PG_MCA_CAP3_Cutoff_All_Institutes_2025_26.pdf,5177,"Matoshri College of Engineering and Research Centre, Eklahare, Nashik",0517724110,2025-26,3,Maharashtra,GOPENH,GOPENH,HU,58.7911466,percentile,GOPENH | 12773 | 58.7911466 | Stage-I,97,Home University Seats Allotted to Home University Candidates,e5d608c9651ab551cf41e6599ef40aa685b5a4a63fcef0fd09c5b48dfe901b1c
a364fccf8115-PG_MCA_CAP3_Cutoff_All_Institutes_2025_26.pdf,5177,"Matoshri College of Engineering and Research Centre, Eklahare, Nashik",0517724110,2025-26,3,Maharashtra,GSCH,GSCH,HU,15.5994113,percentile,GSCH | 23009 | 15.5994113 | Stage-I,97,Home University Seats Allotted to Home University Candidates,35402e4953ed679cad567660accd9f7de1c13827d3dca90af5785b01ee2db7c2
a364fccf8115-PG_MCA_CAP3_Cutoff_All_Institutes_2025_26.pdf,5177,"Matoshri College of Engineering and Research Centre, Eklahare, Nashik",0517724110,2025-26,3,Maharashtra,GSTH,GSTH,HU,46.3793819,percentile,GSTH | 16300 | 46.3793819 | Stage-I,97,Home University Seats Allotted to Home University Candidates,c6f15e5243185ccd6d43990055a6a691b24a0ff19149eff7053e4c5870839d3d
a364fccf8115-PG_MCA_CAP3_Cutoff_All_Institutes_2025_26.pdf,5177,"Matoshri College of Engineering and Research Centre, Eklahare, Nashik",0517724110,2025-26,3,Maharashtra,GOPENO,GOPENO,HU,67.3579428,percentile,GOPENO | 10257 | 67.3579428 | Stage-I,97,Other Than Home University Seats Allotted to Other Than Home University Candidates,2ed8c26540e1421835ed6805d44f33ae5f5347098850639da7c98007274ea4ad
a364fccf8115-PG_MCA_CAP3_Cutoff_All_Institutes_2025_26.pdf,5181,"Gokhale Education Society's, R.H. Sapat College of Engineering, Management Studies and Research, Nashik",0518124110,2025-26,3,Maharashtra,GOPENH,GOPENH,HU,74.782248,percentile,GOPENH | 8154 | 74.782248 | Stage-I,98,Home University Seats Allotted to Home University Candidates,aff548123caf411db196e936b9bcf2c05e38d2fbb3ebf9322e23077ad19bff25
a364fccf8115-PG_MCA_CAP3_Cutoff_All_Institutes_2025_26.pdf,5181,"Gokhale Education Society's, R.H. Sapat College of Engineering, Management Studies and Research, Nashik",0518124110,2025-26,3,Maharashtra,GSTH,GSTH,HU,67.3579428,percentile,GSTH | 10494 | 67.3579428 | Stage-I,98,Home University Seats Allotted to Home University Candidates,356fb1c1df522a9161cafbf105d18e6a40333eb43950c24ca4e7d2d35d60e4d2
a364fccf8115-PG_MCA_CAP3_Cutoff_All_Institutes_2025_26.pdf,5181,"Gokhale Education Society's, R.H. Sapat College of Engineering, Management Studies and Research, Nashik",0518124110,2025-26,3,Maharashtra,GOPENO,GOPENO,HU,80.5399495,percentile,GOPENO | 6129 | 80.5399495 | Stage-I,98,Other Than Home University Seats Allotted to Other Than Home University Candidates,53b24051beee6de089c76197a87eca46a27492be467c35d4e32128ae22c8db31
a364fccf8115-PG_MCA_CAP3_Cutoff_All_Institutes_2025_26.pdf,5181,"Gokhale Education Society's, R.H. Sapat College of Engineering, Management Studies and Research, Nashik",0518124110,2025-26,3,Maharashtra,GNTCO,GNTCO,HU,19.1539942,percentile,GNTCO | 22255 | 19.1539942 | Stage-I,98,Other Than Home University Seats Allotted to Other Than Home University Candidates,1ef1da4d2dea714eef2edcea0ffca30cc6c5ea6dae776e3358f91ca0346eff1e
a364fccf8115-PG_MCA_CAP3_Cutoff_All_Institutes_2025_26.pdf,5181,"Gokhale Education Society's, R.H. Sapat College of Engineering, Management Studies and Research, Nashik",0518124110,2025-26,3,Maharashtra,GSEBCO,GSEBCO,HU,69.7143504,percentile,GSEBCO | 10008 | 69.7143504 | Stage-I,98,Other Than Home University Seats Allotted to Other Than Home University Candidates,edf3ed82476c2660d5deabbafecb954af5cb8a3cd25c1971d2f33c41b8b33eb0
a364fccf8115-PG_MCA_CAP3_Cutoff_All_Institutes_2025_26.pdf,5303,"Hon. Shri. Babanrao Pachpute Vichardhara Trust, Group of Institutions (Integrated Campus)-Parikrama, Kashti Shrigondha,",0530324110,2025-26,3,Maharashtra,GSTH,GSTH,HU,53.942159,percentile,GSTH | 14462 | 53.942159 | Stage-IV,99,Home University Seats Allotted to Home University Candidates,0819814f709a9ede8642782c9cab645aa662493586ac4f326199438537c315f0
a364fccf8115-PG_MCA_CAP3_Cutoff_All_Institutes_2025_26.pdf,5303,"Hon. Shri. Babanrao Pachpute Vichardhara Trust, Group of Institutions (Integrated Campus)-Parikrama, Kashti Shrigondha,",0530324110,2025-26,3,Maharashtra,GNTAH,GNTAH,HU,69.7143504,percentile,GNTAH | 9892 | 69.7143504 | Stage-IV,99,Home University Seats Allotted to Home University Candidates,8713f7d05fdbb379e1d3d1e3f7bf81a68955a0a3a835005e7cb1f7f3f9750d1f
a364fccf8115-PG_MCA_CAP3_Cutoff_All_Institutes_2025_26.pdf,5303,"Hon. Shri. Babanrao Pachpute Vichardhara Trust, Group of Institutions (Integrated Campus)-Parikrama, Kashti Shrigondha,",0530324110,2025-26,3,Maharashtra,GOPENO,GOPENO,HU,2.0301121,percentile,GOPENO | 25240 | 2.0301121 | Stage-I,99,Other Than Home University Seats Allotted to Other Than Home University Candidates,128b7c12d32d0834b5bc244607ae1e545099cbba0efbf0d85f8169bd5c447b51
a364fccf8115-PG_MCA_CAP3_Cutoff_All_Institutes_2025_26.pdf,5331,"Sandip Foundation's, Sandip Institute of Engineering & Management, Nashik",0533124110,2025-26,3,Maharashtra,GOPENH,GOPENH,HU,65.8578922,percentile,GOPENH | 11407 | 65.8578922 | Stage-I,100,Home University Seats Allotted to Home University Candidates,bd2694dbef352ad3dda5e12bad5ce4083624175c17fcd87387974ea55cf9add1
a364fccf8115-PG_MCA_CAP3_Cutoff_All_Institutes_2025_26.pdf,5331,"Sandip Foundation's, Sandip Institute of Engineering & Management, Nashik",0533124110,2025-26,3,Maharashtra,GSTH,GSTH,HU,15.5994113,percentile,GSTH | 22988 | 15.5994113 | Stage-I,100,Home University Seats Allotted to Home University Candidates,891ee6cc97672040be845ca082d85a2671699374f2d7b0bd8915eac860cbd36d
a364fccf8115-PG_MCA_CAP3_Cutoff_All_Institutes_2025_26.pdf,5331,"Sandip Foundation's, Sandip Institute of Engineering & Management, Nashik",0533124110,2025-26,3,Maharashtra,GSCH,GSCH,HU,2.0301121,percentile,GSCH | 25275 | 2.0301121 | Stage-I,100,Home University Seats Allotted to Other Than Home University Candidates,a829a8b7c6da9232e39507c6d94cf9f15a19183a44d387b667cd8c1a5e03faf7
a364fccf8115-PG_MCA_CAP3_Cutoff_All_Institutes_2025_26.pdf,5331,"Sandip Foundation's, Sandip Institute of Engineering & Management, Nashik",0533124110,2025-26,3,Maharashtra,GOPENO,GOPENO,HU,53.942159,percentile,GOPENO | 14151 | 53.942159 | Stage-I,100,Other Than Home University Seats Allotted to Other Than Home University Candidates,599e265b4a788b8abf40a26730641cf04f836968594f2bb76be29a13576d203f
a364fccf8115-PG_MCA_CAP3_Cutoff_All_Institutes_2025_26.pdf,5380,"Adsul's Technical Campus, Chas Dist. Ahmednagar",0538024110,2025-26,3,Maharashtra,GOPENH,GOPENH,HU,56.5488095,percentile,GOPENH | 13477 | 56.5488095 | Stage-I,101,Home University Seats Allotted to Home University Candidates,9dc5b414fd61d39ca36454c6f1da3320b458d0538f4ef62c438e6a55e24a5bd2
a364fccf8115-PG_MCA_CAP3_Cutoff_All_Institutes_2025_26.pdf,5380,"Adsul's Technical Campus, Chas Dist. Ahmednagar",0538024110,2025-26,3,Maharashtra,GSTH,GSTH,HU,12.4750009,percentile,GSTH | 23549 | 12.4750009 | Stage-I,101,Home University Seats Allotted to Home University Candidates,c0bd56da2ba1a9f61e35b11da253b100a667e2cf35135c581a683c236a30c78c
a364fccf8115-PG_MCA_CAP3_Cutoff_All_Institutes_2025_26.pdf,5380,"Adsul's Technical Campus, Chas Dist. Ahmednagar",0538024110,2025-26,3,Maharashtra,GOPENO,GOPENO,HU,2.8640429,percentile,GOPENO | 25119 | 2.8640429 | Stage-I,101,Other Than Home University Seats Allotted to Other Than Home University Candidates,8237842c483aa70fc3ee988f59ee66a37017611e81ea637e32a486c2ed60ef40
a364fccf8115-PG_MCA_CAP3_Cutoff_All_Institutes_2025_26.pdf,5380,"Adsul's Technical Campus, Chas Dist. Ahmednagar",0538024110,2025-26,3,Maharashtra,GSTO,GSTO,HU,56.5488095,percentile,GSTO | 13753 | 56.5488095 | Stage-IV,101,Other Than Home University Seats Allotted to Home University Candidates,0feeb545a67bd67888fdf08af7baaeba181b5e0093b4f64772d98b8cf0bbd67c
a364fccf8115-PG_MCA_CAP3_Cutoff_All_Institutes_2025_26.pdf,5380,"Adsul's Technical Campus, Chas Dist. Ahmednagar",0538024110,2025-26,3,Maharashtra,GOBCO,GOBCO,HU,53.942159,percentile,GOBCO | 14257 | 53.942159 | Stage-IV,101,Other Than Home University Seats Allotted to Home University Candidates,bb6099453c3bf3b55ff6697ec700027d13056956c4ea3769c04e0d1e60973c69
a364fccf8115-PG_MCA_CAP3_Cutoff_All_Institutes_2025_26.pdf,5381,"Shri. Jaykumar Rawal Institute of Technology, Dondaicha.",0538124110,2025-26,3,Maharashtra,GOPENH,GOPENH,HU,61.2807064,percentile,GOPENH | 12265 | 61.2807064 | Stage-I,102,Home University Seats Allotted to Home University Candidates,e37f47dabd2c27d50024875a8c1dbc86c81c950011a881c9dfadf6a8243f94b6
a364fccf8115-PG_MCA_CAP3_Cutoff_All_Institutes_2025_26.pdf,5381,"Shri. Jaykumar Rawal Institute of Technology, Dondaicha.",0538124110,2025-26,3,Maharashtra,GSTH,GSTH,HU,29.9046039,percentile,GSTH | 20029 | 29.9046039 | Stage-I,102,Home University Seats Allotted to Home University Candidates,44d971e1ceac4eb06e09d4de490fb35593a3a2da95d0e3ebc6eae118ea5500be
a364fccf8115-PG_MCA_CAP3_Cutoff_All_Institutes_2025_26.pdf,5381,"Shri. Jaykumar Rawal Institute of Technology, Dondaicha.",0538124110,2025-26,3,Maharashtra,GSEBCH,GSEBCH,HU,3.0466423,percentile,GSEBCH | 25033 | 3.0466423 | Stage-I,102,Home University Seats Allotted to Home University Candidates,bac4c4e8f8a2b01274b9a75d4bcd74ab02aace2fb8a36c90211a4832cd05fd74
a364fccf8115-PG_MCA_CAP3_Cutoff_All_Institutes_2025_26.pdf,5381,"Shri. Jaykumar Rawal Institute of Technology, Dondaicha.",0538124110,2025-26,3,Maharashtra,GSCO,GSCO,HU,27.2744425,percentile,GSCO | 20482 | 27.2744425 | Stage-IV,102,Other Than Home University Seats Allotted to Other Than Home University Candidates,a3cad8f0bf7ca0dec820b8f0e4eff8b229c4796b08a099008b846f02e6135604
a364fccf8115-PG_MCA_CAP3_Cutoff_All_Institutes_2025_26.pdf,5381,"Shri. Jaykumar Rawal Institute of Technology, Dondaicha.",0538124110,2025-26,3,Maharashtra,GNTDO,GNTDO,HU,51.4093808,percentile,GNTDO | 14668 | 51.4093808 | Stage-IV,102,Other Than Home University Seats Allotted to Home University Candidates,9ad0b115a9a3f8b3a7bd7a7c58e46b7076330e93859b7c4e9e9b376ece2cd9fc
a364fccf8115-PG_MCA_CAP3_Cutoff_All_Institutes_2025_26.pdf,5385,"Akole Taluka Education Society,s Agasti Institute of Management, Computer Application & Research, Akole, Ahmednagar",0538524110,2025-26,3,Maharashtra,GSCH,GSCH,HU,25.4779232,percentile,GSCH | 20966 | 25.4779232 | Stage-IV,103,Home University Seats Allotted to Home University Candidates,b78bba7b0608a2e0ebea3b8da2a2b00119254a29bfb072c32c67036623c4d9a2
a364fccf8115-PG_MCA_CAP3_Cutoff_All_Institutes_2025_26.pdf,5385,"Akole Taluka Education Society,s Agasti Institute of Management, Computer Application & Research, Akole, Ahmednagar",0538524110,2025-26,3,Maharashtra,GSTH,GSTH,HU,29.9046039,percentile,GSTH | 20098 | 29.9046039 | Stage-IV,103,Home University Seats Allotted to Home University Candidates,78051c5cba49dcf28e8fd0de359ce2516c6231e836ae4cbac55db11bdfda6600
a364fccf8115-PG_MCA_CAP3_Cutoff_All_Institutes_2025_26.pdf,5385,"Akole Taluka Education Society,s Agasti Institute of Management, Computer Application & Research, Akole, Ahmednagar",0538524110,2025-26,3,Maharashtra,GNTBH,GNTBH,HU,27.2744425,percentile,GNTBH | 20726 | 27.2744425 | Stage-IV,103,Home University Seats Allotted to Home University Candidates,a3bc63ba5da0d3926fd35c9c248597dd048bc652dda3a81b89f175ce02cec1ca
a364fccf8115-PG_MCA_CAP3_Cutoff_All_Institutes_2025_26.pdf,5385,"Akole Taluka Education Society,s Agasti Institute of Management, Computer Application & Research, Akole, Ahmednagar",0538524110,2025-26,3,Maharashtra,GNTCH,GNTCH,HU,21.0059952,percentile,GNTCH | 21844 | 21.0059952 | Stage-IV,103,Home University Seats Allotted to Home University Candidates,49e34f8154ade9fa6175abc3c293838b71c9ba5a8041328cf3095fbb51b2db9b
a364fccf8115-PG_MCA_CAP3_Cutoff_All_Institutes_2025_26.pdf,5385,"Akole Taluka Education Society,s Agasti Institute of Management, Computer Application & Research, Akole, Ahmednagar",0538524110,2025-26,3,Maharashtra,GOPENO,GOPENO,HU,23.1010151,percentile,GOPENO | 21419 | 23.1010151 | Stage-I,103,Other Than Home University Seats Allotted to Other Than Home University Candidates,506d05e207865909e862d66766b15d0df49d5a4e10c4585c70894155e48745bb
a364fccf8115-PG_MCA_CAP3_Cutoff_All_Institutes_2025_26.pdf,5385,"Akole Taluka Education Society,s Agasti Institute of Management, Computer Application & Research, Akole, Ahmednagar",0538524110,2025-26,3,Maharashtra,GOBCO,GOBCO,HU,36.496736,percentile,GOBCO | 18609 | 36.496736 | Stage-I,103,Other Than Home University Seats Allotted to Home University Candidates,a29162fc797adce6cf3864c35042c1249aef2d2fad153d77e8665f1d315d1ff2
a364fccf8115-PG_MCA_CAP3_Cutoff_All_Institutes_2025_26.pdf,5386,"Dr. B.V. Hiray College of Management & Research Centre, Malegaon.",0538624110,2025-26,3,Maharashtra,GSCO,GSCO,HU,49.3533426,percentile,GSCO | 15524 | 49.3533426 | Stage-IV,104,Other Than Home University Seats Allotted to Other Than Home University Candidates,d1aca3ef5211259b73fc7140d47197f313ff545e03616e59b136dece6cfdd0d6
a364fccf8115-PG_MCA_CAP3_Cutoff_All_Institutes_2025_26.pdf,5386,"Dr. B.V. Hiray College of Management & Research Centre, Malegaon.",0538624110,2025-26,3,Maharashtra,GNTCO,GNTCO,HU,51.4093808,percentile,GNTCO | 14940 | 51.4093808 | Stage-I,104,Other Than Home University Seats Allotted to Home University Candidates,33ca2d3c703574aa2698b8b28b4049cc8c4480a64030858dfb81358d671dc7e9
a364fccf8115-PG_MCA_CAP3_Cutoff_All_Institutes_2025_26.pdf,5509,"Shri Swami Samarth Institute of Management and Technology, Malwadi-Bota",0550924110,2025-26,3,Maharashtra,GOPENH,GOPENH,HU,51.4093808,percentile,GOPENH | 15142 | 51.4093808 | Stage-I,105,Home University Seats Allotted to Home University Candidates,96f601c5dcf0f808906f8a703ac8d386a577658da4f850a64117821f89022976
a364fccf8115-PG_MCA_CAP3_Cutoff_All_Institutes_2025_26.pdf,5509,"Shri Swami Samarth Institute of Management and Technology, Malwadi-Bota",0550924110,2025-26,3,Maharashtra,GSCH,GSCH,HU,34.5198145,percentile,GSCH | 18965 | 34.5198145 | Stage-I,105,Home University Seats Allotted to Home University Candidates,d3a23a537dfeeb803931571750acce54606d56e26dd07caa9af0ef87ce63d9f3
a364fccf8115-PG_MCA_CAP3_Cutoff_All_Institutes_2025_26.pdf,5509,"Shri Swami Samarth Institute of Management and Technology, Malwadi-Bota",0550924110,2025-26,3,Maharashtra,GSTH,GSTH,HU,44.5345198,percentile,GSTH | 16481 | 44.5345198 | Stage-I,105,Home University Seats Allotted to Home University Candidates,e7fbc50e0d6ee64e6df05f794c06de20c927094087c6fc0d70343b3c5b1fe280
a364fccf8115-PG_MCA_CAP3_Cutoff_All_Institutes_2025_26.pdf,5509,"Shri Swami Samarth Institute of Management and Technology, Malwadi-Bota",0550924110,2025-26,3,Maharashtra,GNTBH,GNTBH,HU,34.5198145,percentile,GNTBH | 18981 | 34.5198145 | Stage-I,105,Home University Seats Allotted to Home University Candidates,dc89c9d5337eb08c12af2685fe113e4e3eb871678d09b348c10fa8b16ac1d62f
a364fccf8115-PG_MCA_CAP3_Cutoff_All_Institutes_2025_26.pdf,5509,"Shri Swami Samarth Institute of Management and Technology, Malwadi-Bota",0550924110,2025-26,3,Maharashtra,GOPENO,GOPENO,HU,36.496736,percentile,GOPENO | 18494 | 36.496736 | Stage-I,105,Other Than Home University Seats Allotted to Other Than Home University Candidates,bc8c4a0f23f92204e56b0ff4a6d062a5a11142799a1004cc6a33ca5afb934195
a364fccf8115-PG_MCA_CAP3_Cutoff_All_Institutes_2025_26.pdf,5509,"Shri Swami Samarth Institute of Management and Technology, Malwadi-Bota",0550924110,2025-26,3,Maharashtra,GSCO,GSCO,HU,36.496736,percentile,GSCO | 18676 | 36.496736 | Stage-I,105,Other Than Home University Seats Allotted to Other Than Home University Candidates,c840c00ee7863b32194f841cf03d4b76976d8318cbcca0b74854bd6dfa8051fc
a364fccf8115-PG_MCA_CAP3_Cutoff_All_Institutes_2025_26.pdf,5509,"Shri Swami Samarth Institute of Management and Technology, Malwadi-Bota",0550924110,2025-26,3,Maharashtra,GSTO,GSTO,HU,10.5199653,percentile,GSTO | 23844 | 10.5199653 | Stage-I,105,Other Than Home University Seats Allotted to Other Than Home University Candidates,e917b9f226524c4ebbe0847fa10e75845904cf17bd4d82c65f2c9387e7834076
a364fccf8115-PG_MCA_CAP3_Cutoff_All_Institutes_2025_26.pdf,5509,"Shri Swami Samarth Institute of Management and Technology, Malwadi-Bota",0550924110,2025-26,3,Maharashtra,TFWS,TFWS,SL,80.5399495,percentile,TFWS | 6365 | 80.5399495 | Stage-I,105,Other Than Home University Seats Allotted to Other Than Home University Candidates,d8a8f097fad4660970f614fbcde131543a9c755485cc5c2236f27864001b3ffe
a364fccf8115-PG_MCA_CAP3_Cutoff_All_Institutes_2025_26.pdf,5550,BHUSAWAL ARTS SCIENCE AND P O NAHATA COMMERCE COLLEGE BHUSAWAL,0550924110,2025-26,3,Maharashtra,GOPENH,GOPENH,HU,67.3579428,percentile,GOPENH | 10643 | 67.3579428 | Stage-I,106,Home University Seats Allotted to Home University Candidates,8f12d07556b72f40d8c1f56bf7fecc2ef29455f82f96f6594f449288afe37115
a364fccf8115-PG_MCA_CAP3_Cutoff_All_Institutes_2025_26.pdf,5550,BHUSAWAL ARTS SCIENCE AND P O NAHATA COMMERCE COLLEGE BHUSAWAL,0550924110,2025-26,3,Maharashtra,GSTH,GSTH,HU,13.5402134,percentile,GSTH | 23278 | 13.5402134 | Stage-I,106,Home University Seats Allotted to Home University Candidates,7b4292988a2281904d00fea4c2ab97ab86cad3868b3d4dd1a6489763f25f160e
a364fccf8115-PG_MCA_CAP3_Cutoff_All_Institutes_2025_26.pdf,5550,BHUSAWAL ARTS SCIENCE AND P O NAHATA COMMERCE COLLEGE BHUSAWAL,0550924110,2025-26,3,Maharashtra,GOPENO,GOPENO,HU,5.5960152,percentile,GOPENO | 24700 | 5.5960152 | Stage-I,106,Other Than Home University Seats Allotted to Other Than Home University Candidates,0147784ab5e7610c625fecbc46db59e0eb4a36f9521fc0610195377516f9573e
a364fccf8115-PG_MCA_CAP3_Cutoff_All_Institutes_2025_26.pdf,5550,BHUSAWAL ARTS SCIENCE AND P O NAHATA COMMERCE COLLEGE BHUSAWAL,0550924110,2025-26,3,Maharashtra,GOPENO,GOPENO,HU,27.2744425,percentile,GOPENO | 20586 | 27.2744425 | Stage-I,106,Other Than Home University Seats Allotted to Home University Candidates,b5a49b297f7f99805d7aa54d1330b9c52807666503aaedcba69401d8687264c7
a364fccf8115-PG_MCA_CAP3_Cutoff_All_Institutes_2025_26.pdf,5550,BHUSAWAL ARTS SCIENCE AND P O NAHATA COMMERCE COLLEGE BHUSAWAL,0550924110,2025-26,3,Maharashtra,GSCO,GSCO,HU,15.5994113,percentile,GSCO | 22972 | 15.5994113 | Stage-I,106,Other Than Home University Seats Allotted to Home University Candidates,dab8b0b229062d2364ee85fc6e605afacb6ce4e784a750b0a22b1192b6f04217
a364fccf8115-PG_MCA_CAP3_Cutoff_All_Institutes_2025_26.pdf,5550,BHUSAWAL ARTS SCIENCE AND P O NAHATA COMMERCE COLLEGE BHUSAWAL,0550924110,2025-26,3,Maharashtra,GNTAO,GNTAO,HU,25.4779232,percentile,GNTAO | 21060 | 25.4779232 | Stage-I,106,Other Than Home University Seats Allotted to Home University Candidates,080ea173e7155f6e477f331f72b5b080fe3a8ee8072e0ef4b55559bb69e1369f
a364fccf8115-PG_MCA_CAP3_Cutoff_All_Institutes_2025_26.pdf,5556,DADASAHEB DR.SURESH G.PATIL COLLEGE CHOPDA,0550924110,2025-26,3,Maharashtra,GSEBCO,GSEBCO,HU,82.8308366,percentile,GSEBCO | 5885 | 82.8308366 | Stage-IV,107,Other Than Home University Seats Allotted to Home University Candidates,44fa7b6ab97ec23e16b7b37c0faf818def073cc029d59cba2430e319d2470728
a364fccf8115-PG_MCA_CAP3_Cutoff_All_Institutes_2025_26.pdf,5569,SHRI SHIVAJI VIDYA PRASARAK SANSTHA L.K.DR.P.R.GHOGREY SCIENCE COLLEGE DHULE,0550924110,2025-26,3,Maharashtra,GOPENH,GOPENH,HU,51.4093808,percentile,GOPENH | 14620 | 51.4093808 | Stage-I,108,Home University Seats Allotted to Home University Candidates,fb32b3426b3aaeb2244bd4e777963b3d67ae50f35c7c158eb1292b0d0d303232
a364fccf8115-PG_MCA_CAP3_Cutoff_All_Institutes_2025_26.pdf,5569,SHRI SHIVAJI VIDYA PRASARAK SANSTHA L.K.DR.P.R.GHOGREY SCIENCE COLLEGE DHULE,0550924110,2025-26,3,Maharashtra,GSCH,GSCH,HU,46.3793819,percentile,GSCH | 16270 | 46.3793819 | Stage-I,108,Home University Seats Allotted to Home University Candidates,aa1512af13b1ba8234378f0f94216f6e6dc61ea1db86b3afaacbafe9a0c4ab2c
a364fccf8115-PG_MCA_CAP3_Cutoff_All_Institutes_2025_26.pdf,5569,SHRI SHIVAJI VIDYA PRASARAK SANSTHA L.K.DR.P.R.GHOGREY SCIENCE COLLEGE DHULE,0550924110,2025-26,3,Maharashtra,GOPENO,GOPENO,HU,10.5199653,percentile,GOPENO | 23746 | 10.5199653 | Stage-I,108,Other Than Home University Seats Allotted to Other Than Home University Candidates,1b5abd644983ec1732b6ccffd23d9bab201a963bed2d9e48b5097b312ee0fff1
a364fccf8115-PG_MCA_CAP3_Cutoff_All_Institutes_2025_26.pdf,5569,SHRI SHIVAJI VIDYA PRASARAK SANSTHA L.K.DR.P.R.GHOGREY SCIENCE COLLEGE DHULE,0550924110,2025-26,3,Maharashtra,GSTO,GSTO,HU,49.3533426,percentile,GSTO | 15354 | 49.3533426 | Stage-IV,108,Other Than Home University Seats Allotted to Home University Candidates,2dc7da637acd314a8d35ebb23e307727fd2d31ff07f4f2a3e2dd46122fc29703
a364fccf8115-PG_MCA_CAP3_Cutoff_All_Institutes_2025_26.pdf,5569,SHRI SHIVAJI VIDYA PRASARAK SANSTHA L.K.DR.P.R.GHOGREY SCIENCE COLLEGE DHULE,0550924110,2025-26,3,Maharashtra,GNTCO,GNTCO,HU,51.4093808,percentile,GNTCO | 14806 | 51.4093808 | Stage-IV,108,Other Than Home University Seats Allotted to Home University Candidates,89a57da2b5214cc411b52f3478a989639fc4a840558148de3e0717defc6bc8d3
a364fccf8115-PG_MCA_CAP3_Cutoff_All_Institutes_2025_26.pdf,5569,SHRI SHIVAJI VIDYA PRASARAK SANSTHA L.K.DR.P.R.GHOGREY SCIENCE COLLEGE DHULE,0550924110,2025-26,3,Maharashtra,GSEBCO,GSEBCO,HU,51.4093808,percentile,GSEBCO | 14778 | 51.4093808 | Stage-IV,108,Other Than Home University Seats Allotted to Home University Candidates,e6e1264785d344328fa7bfd1e10b0a7ba3910f6fa0e3eaea524d78ee894202fd
a364fccf8115-PG_MCA_CAP3_Cutoff_All_Institutes_2025_26.pdf,5597,VAMANRAO ITHAPE COLLEGE OF ENGINEERING AND MANAGEMENT,0559724110,2025-26,3,Maharashtra,GOPENH,GOPENH,HU,51.4093808,percentile,GOPENH | 15157 | 51.4093808 | Stage-I,109,Home University Seats Allotted to Home University Candidates,7052692d691ba3a4d1f4c2c5b83752ce86ba28102e9d31793551382931272cf4
a364fccf8115-PG_MCA_CAP3_Cutoff_All_Institutes_2025_26.pdf,5597,VAMANRAO ITHAPE COLLEGE OF ENGINEERING AND MANAGEMENT,0559724110,2025-26,3,Maharashtra,GSCH,GSCH,HU,34.5198145,percentile,GSCH | 18885 | 34.5198145 | Stage-I,109,Home University Seats Allotted to Home University Candidates,61eb80a3635b4798003771c60b88e4e9a1c533cd74268781c36a2ca70f310ce0
a364fccf8115-PG_MCA_CAP3_Cutoff_All_Institutes_2025_26.pdf,5597,VAMANRAO ITHAPE COLLEGE OF ENGINEERING AND MANAGEMENT,0559724110,2025-26,3,Maharashtra,GSTH,GSTH,HU,27.2744425,percentile,GSTH | 20441 | 27.2744425 | Stage-I,109,Home University Seats Allotted to Home University Candidates,368049554fe520c155b8115d36efe1ccfa1dd29399dfbdf1fef841669fb8b829
a364fccf8115-PG_MCA_CAP3_Cutoff_All_Institutes_2025_26.pdf,5597,VAMANRAO ITHAPE COLLEGE OF ENGINEERING AND MANAGEMENT,0559724110,2025-26,3,Maharashtra,GOPENO,GOPENO,HU,27.2744425,percentile,GOPENO | 20653 | 27.2744425 | Stage-I,109,Other Than Home University Seats Allotted to Other Than Home University Candidates,de5d4928fa67040413ad74e0c628b05ff40b6f47ac17341fc7be1dc3aa228664
a364fccf8115-PG_MCA_CAP3_Cutoff_All_Institutes_2025_26.pdf,5597,VAMANRAO ITHAPE COLLEGE OF ENGINEERING AND MANAGEMENT,0559724110,2025-26,3,Maharashtra,GOPENO,GOPENO,HU,31.6629561,percentile,GOPENO | 19450 | 31.6629561 | Stage-I,109,Other Than Home University Seats Allotted to Home University Candidates,4556ebbf9da86a6407486c553a7429bf62a7e2728e33ce9767802241cfa0d44a
a364fccf8115-PG_MCA_CAP3_Cutoff_All_Institutes_2025_26.pdf,5597,VAMANRAO ITHAPE COLLEGE OF ENGINEERING AND MANAGEMENT,0559724110,2025-26,3,Maharashtra,GSCO,GSCO,HU,29.9046039,percentile,GSCO | 20116 | 29.9046039 | Stage-I,109,Other Than Home University Seats Allotted to Home University Candidates,39e8860c3918d6a49eee9919291bd2b2722c680af77cf057c08da6a3f35ccf00
a364fccf8115-PG_MCA_CAP3_Cutoff_All_Institutes_2025_26.pdf,5597,VAMANRAO ITHAPE COLLEGE OF ENGINEERING AND MANAGEMENT,0559724110,2025-26,3,Maharashtra,GSTO,GSTO,HU,27.2744425,percentile,GSTO | 20628 | 27.2744425 | Stage-I,109,Other Than Home University Seats Allotted to Home University Candidates,80dc9c1643d87acbaf6e00d6ef1e185398696f624eb5a4b67132b4ee9c554507
a364fccf8115-PG_MCA_CAP3_Cutoff_All_Institutes_2025_26.pdf,5619,COMMERCE MANAGEMENT AND COMPUTER SCIENCE COLLEGE,0561924110,2025-26,3,Maharashtra,GOPENH,GOPENH,HU,46.3793819,percentile,GOPENH | 15984 | 46.3793819 | Stage-I,110,Home University Seats Allotted to Home University Candidates,e06bd7258c9f43a8720a5965ab66f7392960902e34aa52d94b995032b3574bb5
a364fccf8115-PG_MCA_CAP3_Cutoff_All_Institutes_2025_26.pdf,5619,COMMERCE MANAGEMENT AND COMPUTER SCIENCE COLLEGE,0561924110,2025-26,3,Maharashtra,GSCH,GSCH,HU,7.9446476,percentile,GSCH | 24300 | 7.9446476 | Stage-I,110,Home University Seats Allotted to Home University Candidates,13d6087a4ff8f688b9924294c53a56957caac6f1494c871a3a2c4a7b64b0ec55
a364fccf8115-PG_MCA_CAP3_Cutoff_All_Institutes_2025_26.pdf,5619,COMMERCE MANAGEMENT AND COMPUTER SCIENCE COLLEGE,0561924110,2025-26,3,Maharashtra,GNTDH,GNTDH,HU,34.5198145,percentile,GNTDH | 19027 | 34.5198145 | Stage-I,110,Home University Seats Allotted to Home University Candidates,434b79bd252a340dd41e5dbe8bc25c20a4a505fb77d708c4c56d8822d85f75df
a364fccf8115-PG_MCA_CAP3_Cutoff_All_Institutes_2025_26.pdf,5619,COMMERCE MANAGEMENT AND COMPUTER SCIENCE COLLEGE,0561924110,2025-26,3,Maharashtra,GOPENO,GOPENO,HU,41.4550394,percentile,GOPENO | 17407 | 41.4550394 | Stage-I,110,Other Than Home University Seats Allotted to Other Than Home University Candidates,da58402083d7155e07f9bb816fda5e2947354d4c835850c7c968d12b1c21a7dc
a364fccf8115-PG_MCA_CAP3_Cutoff_All_Institutes_2025_26.pdf,5619,COMMERCE MANAGEMENT AND COMPUTER SCIENCE COLLEGE,0561924110,2025-26,3,Maharashtra,TFWS,TFWS,SL,77.8251197,percentile,TFWS | 7208 | 77.8251197 | Stage-I,110,Other Than Home University Seats Allotted to Other Than Home University Candidates,74834fd369e12fcccfc59eb6a1cc2c42da5cd9bbd59929ea32b0309ea5254f25
a364fccf8115-PG_MCA_CAP3_Cutoff_All_Institutes_2025_26.pdf,5665,Vidya Niketan Institute of Management And Computer Applications,0566524210,2025-26,3,Maharashtra,GOPENH,GOPENH,HU,41.4550394,percentile,GOPENH | 17361 | 41.4550394 | Stage-I,111,Home University Seats Allotted to Home University Candidates,b2853a932421761738e5e49628d2c38fd0851bed4592c65805f03667a8d537e3
a364fccf8115-PG_MCA_CAP3_Cutoff_All_Institutes_2025_26.pdf,5665,Vidya Niketan Institute of Management And Computer Applications,0566524210,2025-26,3,Maharashtra,GSCH,GSCH,HU,16.9789978,percentile,GSCH | 22483 | 16.9789978 | Stage-I,111,Home University Seats Allotted to Home University Candidates,e437bc6595f9955bb5876c1a62c775bf3b7044e45f8a29699e752deb3008da74
a364fccf8115-PG_MCA_CAP3_Cutoff_All_Institutes_2025_26.pdf,5665,Vidya Niketan Institute of Management And Computer Applications,0566524210,2025-26,3,Maharashtra,GSTH,GSTH,HU,41.4550394,percentile,GSTH | 17420 | 41.4550394 | Stage-I,111,Home University Seats Allotted to Home University Candidates,7657cdf1eba212c810384ec98d19dcd43cc8db2a12608f19a78453d50d4d4c7a
a364fccf8115-PG_MCA_CAP3_Cutoff_All_Institutes_2025_26.pdf,5665,Vidya Niketan Institute of Management And Computer Applications,0566524210,2025-26,3,Maharashtra,GOPENO,GOPENO,HU,31.6629561,percentile,GOPENO | 19800 | 31.6629561 | Stage-I,111,Other Than Home University Seats Allotted to Other Than Home University Candidates,dae477149bf3272a76728f1cff073ca65625e0b1f924fb999c20156caf2bf99c
a364fccf8115-PG_MCA_CAP3_Cutoff_All_Institutes_2025_26.pdf,5665,Vidya Niketan Institute of Management And Computer Applications,0566524210,2025-26,3,Maharashtra,GSCO,GSCO,HU,29.9046039,percentile,GSCO | 20112 | 29.9046039 | Stage-I,111,Other Than Home University Seats Allotted to Other Than Home University Candidates,3e375befaae0354fd6af0e4e5442bb50e0aec0a5e5eae356d834211d3d3ac5b4
a364fccf8115-PG_MCA_CAP3_Cutoff_All_Institutes_2025_26.pdf,5665,Vidya Niketan Institute of Management And Computer Applications,0566524210,2025-26,3,Maharashtra,GNTAO,GNTAO,HU,39.3989669,percentile,GNTAO | 17814 | 39.3989669 | Stage-IV,111,Other Than Home University Seats Allotted to Home University Candidates,86f9eed088184cd857c4fbb1474b8f9a095332954ed8773c8c817969642e8126
a364fccf8115-PG_MCA_CAP3_Cutoff_All_Institutes_2025_26.pdf,5674,"Khandesh Education Society's Institute of Management and Technology, Amalner",0567424110,2025-26,3,Maharashtra,GOPENH,GOPENH,HU,82.8308366,percentile,GOPENH | 5784 | 82.8308366 | Stage-I,112,Home University Seats Allotted to Home University Candidates,f9d06d6746d35d911fdff178e857b3a1cf5bd18fa6f27ef194c5d9ee8b3dce26
a364fccf8115-PG_MCA_CAP3_Cutoff_All_Institutes_2025_26.pdf,6005,"Government College of Engineering, Karad",0600524110,2025-26,3,Maharashtra,GSCO,GSCO,HU,95.5548847,percentile,GSCO | 1246 | 95.5548847 | Stage-I,113,Other Than Home University Seats Allotted to Other Than Home University Candidates,bb98cc7ecd4516258879959cd78d897d374a19b782a24658873c3a4202355651
a364fccf8115-PG_MCA_CAP3_Cutoff_All_Institutes_2025_26.pdf,6029,"Yashwantrao Chavan School of Rural Development, Kolhapur",0602924110,2025-26,3,Maharashtra,GOPENH,GOPENH,HU,76.9216256,percentile,GOPENH | 7905 | 76.9216256 | Stage-I,114,Home University Seats Allotted to Home University Candidates,1fb164b31681721b8add92a90f6b320dbd2fa07cac248c9958072f0e9ca3d8c5
a364fccf8115-PG_MCA_CAP3_Cutoff_All_Institutes_2025_26.pdf,6029,"Yashwantrao Chavan School of Rural Development, Kolhapur",0602924110,2025-26,3,Maharashtra,GSCH,GSCH,HU,15.5994113,percentile,GSCH | 22864 | 15.5994113 | Stage-I,114,Home University Seats Allotted to Home University Candidates,f69a362fd24729fcffb842c2e1169603ef747230478e26eb992364e8582dd7f5
a364fccf8115-PG_MCA_CAP3_Cutoff_All_Institutes_2025_26.pdf,6029,"Yashwantrao Chavan School of Rural Development, Kolhapur",0602924110,2025-26,3,Maharashtra,GSTH,GSTH,HU,25.4779232,percentile,GSTH | 21105 | 25.4779232 | Stage-I,114,Home University Seats Allotted to Home University Candidates,8971303229e2a43d19d5bd64d8470dc196412657d3ac0e8bdc34cad20721107f
a364fccf8115-PG_MCA_CAP3_Cutoff_All_Institutes_2025_26.pdf,6029,"Yashwantrao Chavan School of Rural Development, Kolhapur",0602924110,2025-26,3,Maharashtra,GNTCH,GNTCH,HU,19.1539942,percentile,GNTCH | 22366 | 19.1539942 | Stage-I,114,Home University Seats Allotted to Home University Candidates,81b25f567aa694759febbe8a33f07ac39eedd0cf7630f6d698d7fe70f4c81233
a364fccf8115-PG_MCA_CAP3_Cutoff_All_Institutes_2025_26.pdf,6029,"Yashwantrao Chavan School of Rural Development, Kolhapur",0602924110,2025-26,3,Maharashtra,GOBCH,GOBCH,HU,71.1549338,percentile,GOBCH | 9422 | 71.1549338 | Stage-I,114,Home University Seats Allotted to Home University Candidates,be9e803a900d624b0702a096be6b2611c82900449f9e83e067329e1a079b998f
a364fccf8115-PG_MCA_CAP3_Cutoff_All_Institutes_2025_26.pdf,6029,"Yashwantrao Chavan School of Rural Development, Kolhapur",0602924110,2025-26,3,Maharashtra,GOPENO,GOPENO,HU,49.3533426,percentile,GOPENO | 15261 | 49.3533426 | Stage-I,114,Other Than Home University Seats Allotted to Other Than Home University Candidates,c37b85a61bd2beda99cf4a98f8b8664b78a0e9ee13bfb834830ea6fe2f52a7df
a364fccf8115-PG_MCA_CAP3_Cutoff_All_Institutes_2025_26.pdf,6029,"Yashwantrao Chavan School of Rural Development, Kolhapur",0602924110,2025-26,3,Maharashtra,TFWS,TFWS,SL,87.3496474,percentile,TFWS | 3984 | 87.3496474 | Stage-I,114,Other Than Home University Seats Allotted to Other Than Home University Candidates,f1c59c00f2019ff3c3b584e4b5b82eb24fc2ae493ed59530d55c8f4fda247dfc
a364fccf8115-PG_MCA_CAP3_Cutoff_All_Institutes_2025_26.pdf,6031,"Punyashlok Ahilyadevi Holkar Solapur University, Solapur",0603124110,2025-26,3,Maharashtra,GOPENO,GOPENO,HU,36.496736,percentile,GOPENO | 18375 | 36.496736 | Stage-I,115,Other Than Home University Seats Allotted to Other Than Home University Candidates,8cce150b0d3b643287ec09610fa8fc5f47c2def42f8ebe93c31495c422ca5f6b
a364fccf8115-PG_MCA_CAP3_Cutoff_All_Institutes_2025_26.pdf,6031,"Punyashlok Ahilyadevi Holkar Solapur University, Solapur",0603124110,2025-26,3,Maharashtra,GSTO,GSTO,HU,13.5402134,percentile,GSTO | 23379 | 13.5402134 | Stage-I,115,Other Than Home University Seats Allotted to Other Than Home University Candidates,e021a9e9332865eb472fe28cdb42d218723fc364c67e3d1476ccaa2edb3c2c92
a364fccf8115-PG_MCA_CAP3_Cutoff_All_Institutes_2025_26.pdf,6031,"Punyashlok Ahilyadevi Holkar Solapur University, Solapur",0603124110,2025-26,3,Maharashtra,GSCO,GSCO,HU,63.1574978,percentile,GSCO | 11572 | 63.1574978 | Stage-IV,115,Other Than Home University Seats Allotted to Home University Candidates,0f22c58dc152b1899472ade41d31ff1f7a44137df5f044d34e935a686cfe10b6
a364fccf8115-PG_MCA_CAP3_Cutoff_All_Institutes_2025_26.pdf,6031,"Punyashlok Ahilyadevi Holkar Solapur University, Solapur",0603124110,2025-26,3,Maharashtra,GNTAO,GNTAO,HU,63.1574978,percentile,GNTAO | 11417 | 63.1574978 | Stage-IV,115,Other Than Home University Seats Allotted to Home University Candidates,61cf90a96d6ddfcccdd2cb75708f7472bfb9ab1a5812df0aa9d887e02a3cafd5
a364fccf8115-PG_MCA_CAP3_Cutoff_All_Institutes_2025_26.pdf,6031,"Punyashlok Ahilyadevi Holkar Solapur University, Solapur",0603124110,2025-26,3,Maharashtra,EWS,EWS,SL,25.4779232,percentile,EWS | 21248 | 25.4779232 | Stage-I,115,Other Than Home University Seats Allotted to Home University Candidates,59edadf5d1ec174ab8a05a41ed4bba1678a92df5e999a82a5391a9e72201d2de
a364fccf8115-PG_MCA_CAP3_Cutoff_All_Institutes_2025_26.pdf,6031,"Punyashlok Ahilyadevi Holkar Solapur University, Solapur",0603124110,2025-26,3,Maharashtra,TFWS,TFWS,SL,29.9046039,percentile,TFWS | 19979 | 29.9046039 | Stage-I,115,Other Than Home University Seats Allotted to Home University Candidates,3bd26a768e1363ce2ce4648f9a778c162713c5e4e4e16e5f670320943e0679ed
a364fccf8115-PG_MCA_CAP3_Cutoff_All_Institutes_2025_26.pdf,6033,"Department of Computer Science, Savitribai Phule Pune University, Pune",0603324110,2025-26,3,Maharashtra,GOBCO,GOBCO,HU,99.008333,percentile,GOBCO | 224 | 99.008333 | Stage-I,116,Other Than Home University Seats Allotted to Other Than Home University Candidates,88a8ef6abace8f706792cc60e081207149211120774044ee62dcc582631278ae
a364fccf8115-PG_MCA_CAP3_Cutoff_All_Institutes_2025_26.pdf,6120,"Shri. Khanderai Pratishthans Dnyansagar Institute of Management and Research, Balewadi, Pune",0612024110,2025-26,3,Maharashtra,GOPENH,GOPENH,HU,65.8578922,percentile,GOPENH | 11399 | 65.8578922 | Stage-I,117,Home University Seats Allotted to Home University Candidates,1a53bf3a3b10e1e3c650b616d7ecbf847efe9ca5c5ddab41f9109ce3516586b2
a364fccf8115-PG_MCA_CAP3_Cutoff_All_Institutes_2025_26.pdf,6120,"Shri. Khanderai Pratishthans Dnyansagar Institute of Management and Research, Balewadi, Pune",0612024110,2025-26,3,Maharashtra,GSCH,GSCH,HU,15.5994113,percentile,GSCH | 22878 | 15.5994113 | Stage-I,117,Home University Seats Allotted to Home University Candidates,e4319841865dad8385f60aa24f703f9198e218921ebb2fc8b644e51f0d65da0b
a364fccf8115-PG_MCA_CAP3_Cutoff_All_Institutes_2025_26.pdf,6120,"Shri. Khanderai Pratishthans Dnyansagar Institute of Management and Research, Balewadi, Pune",0612024110,2025-26,3,Maharashtra,GSTH,GSTH,HU,46.3793819,percentile,GSTH | 16365 | 46.3793819 | Stage-I,117,Home University Seats Allotted to Home University Candidates,4ac3eea528b2b1130b7294e31add33b831d891c5da34327b58bb30f3e3899aee
a364fccf8115-PG_MCA_CAP3_Cutoff_All_Institutes_2025_26.pdf,6120,"Shri. Khanderai Pratishthans Dnyansagar Institute of Management and Research, Balewadi, Pune",0612024110,2025-26,3,Maharashtra,GNTCH,GNTCH,HU,49.3533426,percentile,GNTCH | 15785 | 49.3533426 | Stage-I,117,Home University Seats Allotted to Home University Candidates,4a1a30351c68aaa652430f0f3334597fc33b09b316d73666fb939b0247d78f0e
a364fccf8115-PG_MCA_CAP3_Cutoff_All_Institutes_2025_26.pdf,6120,"Shri. Khanderai Pratishthans Dnyansagar Institute of Management and Research, Balewadi, Pune",0612024110,2025-26,3,Maharashtra,GNTDH,GNTDH,HU,49.3533426,percentile,GNTDH | 15233 | 49.3533426 | Stage-I,117,Home University Seats Allotted to Home University Candidates,7a9637d67fdaab8a3402fc4d25fb0366b24e889cdb23f61033b75245cc540671
a364fccf8115-PG_MCA_CAP3_Cutoff_All_Institutes_2025_26.pdf,6120,"Shri. Khanderai Pratishthans Dnyansagar Institute of Management and Research, Balewadi, Pune",0612024110,2025-26,3,Maharashtra,GOBCH,GOBCH,HU,36.496736,percentile,GOBCH | 18709 | 36.496736 | Stage-I,117,Home University Seats Allotted to Home University Candidates,d53e4392798c86c4d349622a8c399638fa0297a80df74f4dfbaef079295e0eb5
a364fccf8115-PG_MCA_CAP3_Cutoff_All_Institutes_2025_26.pdf,6120,"Shri. Khanderai Pratishthans Dnyansagar Institute of Management and Research, Balewadi, Pune",0612024110,2025-26,3,Maharashtra,GNTAH,GNTAH,HU,23.1010151,percentile,GNTAH | 21501 | 23.1010151 | Stage-I,117,Home University Seats Allotted to Other Than Home University Candidates,3c7c8fb70e3d895005c5a1f7b24368bf752534108214d44cd13806d3079fdacd
a364fccf8115-PG_MCA_CAP3_Cutoff_All_Institutes_2025_26.pdf,6120,"Shri. Khanderai Pratishthans Dnyansagar Institute of Management and Research, Balewadi, Pune",0612024110,2025-26,3,Maharashtra,GOPENO,GOPENO,HU,71.1549338,percentile,GOPENO | 9082 | 71.1549338 | Stage-I,117,Other Than Home University Seats Allotted to Other Than Home University Candidates,18734225639b2773a076dfba912282680249263257b37c55d4d5aa2ffd8ca9c5
a364fccf8115-PG_MCA_CAP3_Cutoff_All_Institutes_2025_26.pdf,6120,"Shri. Khanderai Pratishthans Dnyansagar Institute of Management and Research, Balewadi, Pune",0612024110,2025-26,3,Maharashtra,GSCO,GSCO,HU,65.8578922,percentile,GSCO | 10897 | 65.8578922 | Stage-I,117,Other Than Home University Seats Allotted to Other Than Home University Candidates,e29fddfeaca45bfebb53dceddebcb0521225504154050e899ecf847e606e713c
a364fccf8115-PG_MCA_CAP3_Cutoff_All_Institutes_2025_26.pdf,6120,"Shri. Khanderai Pratishthans Dnyansagar Institute of Management and Research, Balewadi, Pune",0612024110,2025-26,3,Maharashtra,GSTO,GSTO,HU,25.4779232,percentile,GSTO | 20987 | 25.4779232 | Stage-I,117,Other Than Home University Seats Allotted to Other Than Home University Candidates,e05d16a5de1984e2043de658e8aa5f6224457509b2edb39bc9a0d44ddbc6c808
a364fccf8115-PG_MCA_CAP3_Cutoff_All_Institutes_2025_26.pdf,6120,"Shri. Khanderai Pratishthans Dnyansagar Institute of Management and Research, Balewadi, Pune",0612024110,2025-26,3,Maharashtra,GNTAO,GNTAO,HU,61.2807064,percentile,GNTAO | 12260 | 61.2807064 | Stage-I,117,Other Than Home University Seats Allotted to Other Than Home University Candidates,8ff15df543bf7afaef7ce664ccf53f8d6e725929a7ef84e6ee62601f9ae0e69b
a364fccf8115-PG_MCA_CAP3_Cutoff_All_Institutes_2025_26.pdf,6120,"Shri. Khanderai Pratishthans Dnyansagar Institute of Management and Research, Balewadi, Pune",0612024110,2025-26,3,Maharashtra,GNTCO,GNTCO,HU,67.3579428,percentile,GNTCO | 10188 | 67.3579428 | Stage-I,117,Other Than Home University Seats Allotted to Other Than Home University Candidates,e5219104c55ecc8c4c8024bc83649623c381df129ec2e77036465fb12ad73f15
a364fccf8115-PG_MCA_CAP3_Cutoff_All_Institutes_2025_26.pdf,6120,"Shri. Khanderai Pratishthans Dnyansagar Institute of Management and Research, Balewadi, Pune",0612024110,2025-26,3,Maharashtra,TFWS,TFWS,SL,93.5511867,percentile,TFWS | 1910 | 93.5511867 | Stage-I,117,Other Than Home University Seats Allotted to Other Than Home University Candidates,a6e15befc3a5cb6ee8557fbee8d846d6f998f32c868b4b2d4ce795a94d4031a6
a364fccf8115-PG_MCA_CAP3_Cutoff_All_Institutes_2025_26.pdf,6129,"Jayawant Shikshan Prasarak Mandal's Jayawant Institute of Management Studies, Tathawade Pune-411033",0612924110,2025-26,3,Maharashtra,GOPENH,GOPENH,HU,95.2942951,percentile,GOPENH | 1443 | 95.2942951 | Stage-I,118,Home University Seats Allotted to Home University Candidates,6a207c9583adc7dcda873dcf9bf6cb78198e6bd45fdbf25e6592beb0c425585e
a364fccf8115-PG_MCA_CAP3_Cutoff_All_Institutes_2025_26.pdf,6129,"Jayawant Shikshan Prasarak Mandal's Jayawant Institute of Management Studies, Tathawade Pune-411033",0612924110,2025-26,3,Maharashtra,GSCH,GSCH,HU,74.782248,percentile,GSCH | 8415 | 74.782248 | Stage-I,118,Home University Seats Allotted to Home University Candidates,bbc1625e8ebb283632e0eb8b30dd6a339f9f848751c3237f40ad98ba7133a204
a364fccf8115-PG_MCA_CAP3_Cutoff_All_Institutes_2025_26.pdf,6129,"Jayawant Shikshan Prasarak Mandal's Jayawant Institute of Management Studies, Tathawade Pune-411033",0612924110,2025-26,3,Maharashtra,GNTAH,GNTAH,HU,46.3793819,percentile,GNTAH | 16059 | 46.3793819 | Stage-I,118,Home University Seats Allotted to Home University Candidates,0f5d6a14488bd75f4056f9aa533132305704f110f723e6b78e548ff13bce9d78
a364fccf8115-PG_MCA_CAP3_Cutoff_All_Institutes_2025_26.pdf,6129,"Jayawant Shikshan Prasarak Mandal's Jayawant Institute of Management Studies, Tathawade Pune-411033",0612924110,2025-26,3,Maharashtra,GNTDH,GNTDH,HU,82.9644433,percentile,GNTDH | 5229 | 82.9644433 | Stage-I,118,Home University Seats Allotted to Home University Candidates,9bfd839847a5fd1bd2150e358d3d9ec3712f77b84460ff054a9f53f7545ea9dc
a364fccf8115-PG_MCA_CAP3_Cutoff_All_Institutes_2025_26.pdf,6129,"Jayawant Shikshan Prasarak Mandal's Jayawant Institute of Management Studies, Tathawade Pune-411033",0612924110,2025-26,3,Maharashtra,GOBCH,GOBCH,HU,93.5511867,percentile,GOBCH | 2004 | 93.5511867 | Stage-I,118,Home University Seats Allotted to Home University Candidates,0d9f6ea55c71e44170fd55b8e2a7c8eeccd470d567b825dd27dbe253a4745007
a364fccf8115-PG_MCA_CAP3_Cutoff_All_Institutes_2025_26.pdf,6129,"Jayawant Shikshan Prasarak Mandal's Jayawant Institute of Management Studies, Tathawade Pune-411033",0612924110,2025-26,3,Maharashtra,GOPENO,GOPENO,HU,95.2942951,percentile,GOPENO | 1380 | 95.2942951 | Stage-I,118,Other Than Home University Seats Allotted to Other Than Home University Candidates,9dfc695a140f30a0b9a6bac439e7f6b88fbf6196ec5e4edb0e4f4f2aebb7b622
a364fccf8115-PG_MCA_CAP3_Cutoff_All_Institutes_2025_26.pdf,6129,"Jayawant Shikshan Prasarak Mandal's Jayawant Institute of Management Studies, Tathawade Pune-411033",0612924110,2025-26,3,Maharashtra,GOBCO,GOBCO,HU,94.6454851,percentile,GOBCO | 1651 | 94.6454851 | Stage-I,118,Other Than Home University Seats Allotted to Other Than Home University Candidates,85e9328c894c6a074cb3de99cb782ab65e7178a1330a202faf2cb8c21e7fb7e9
a364fccf8115-PG_MCA_CAP3_Cutoff_All_Institutes_2025_26.pdf,6129,"Jayawant Shikshan Prasarak Mandal's Jayawant Institute of Management Studies, Tathawade Pune-411033",0612924110,2025-26,3,Maharashtra,EWS,EWS,SL,90.9663786,percentile,EWS | 2950 | 90.9663786 | Stage-I,118,Other Than Home University Seats Allotted to Other Than Home University Candidates,35495324c60f0963234ab55b6f33b645ce9fee449a72f7ac52bbb765289fbe0a
a364fccf8115-PG_MCA_CAP3_Cutoff_All_Institutes_2025_26.pdf,6129,"Jayawant Shikshan Prasarak Mandal's Jayawant Institute of Management Studies, Tathawade Pune-411033",0612924110,2025-26,3,Maharashtra,TFWS,TFWS,SL,97.390747,percentile,TFWS | 766 | 97.390747 | Stage-I,118,Other Than Home University Seats Allotted to Other Than Home University Candidates,02e0960844d14ab5542b962caa84ed94bd90d8f3975b7acf16aecf851dc228b9
a364fccf8115-PG_MCA_CAP3_Cutoff_All_Institutes_2025_26.pdf,6137,"Vidya Pratishthan Institute of Information Technology, Baramati, Pune",0613724110,2025-26,3,Maharashtra,GOPENH,GOPENH,HU,74.782248,percentile,GOPENH | 8050 | 74.782248 | Stage-I,119,Home University Seats Allotted to Home University Candidates,e0df69ab2af3c385b884bf1884e3b5c67e9399bf4d787400ebf4d78355910a91
a364fccf8115-PG_MCA_CAP3_Cutoff_All_Institutes_2025_26.pdf,6137,"Vidya Pratishthan Institute of Information Technology, Baramati, Pune",0613724110,2025-26,3,Maharashtra,GSCH,GSCH,HU,44.5345198,percentile,GSCH | 16436 | 44.5345198 | Stage-I,119,Home University Seats Allotted to Home University Candidates,4f262bb008f3ee0bc8a026dfbe71de5da1a5bc68463223f5828dd43734a51070
a364fccf8115-PG_MCA_CAP3_Cutoff_All_Institutes_2025_26.pdf,6137,"Vidya Pratishthan Institute of Information Technology, Baramati, Pune",0613724110,2025-26,3,Maharashtra,GSCO,GSCO,HU,82.9644433,percentile,GSCO | 5350 | 82.9644433 | Stage-I,119,Other Than Home University Seats Allotted to Other Than Home University Candidates,b419d2ced80f375a7e792896e8341e4a422dead396f2d2e3cc7eab17eedf1040
a364fccf8115-PG_MCA_CAP3_Cutoff_All_Institutes_2025_26.pdf,6137,"Vidya Pratishthan Institute of Information Technology, Baramati, Pune",0613724110,2025-26,3,Maharashtra,GSTO,GSTO,HU,82.8308366,percentile,GSTO | 5990 | 82.8308366 | Stage-I,119,Other Than Home University Seats Allotted to Other Than Home University Candidates,d7cf318dae38f0f434f09d40bb9d93e8bd9e1b4ef24d8fb14caa16d6fcbc1fc2
a364fccf8115-PG_MCA_CAP3_Cutoff_All_Institutes_2025_26.pdf,6137,"Vidya Pratishthan Institute of Information Technology, Baramati, Pune",0613724110,2025-26,3,Maharashtra,TFWS,TFWS,SL,90.9663786,percentile,TFWS | 2803 | 90.9663786 | Stage-I,119,Other Than Home University Seats Allotted to Other Than Home University Candidates,4b21e73139a9d57a9f3845736665e1a51fa963b7c3e51b92c4f633480c89d881
a364fccf8115-PG_MCA_CAP3_Cutoff_All_Institutes_2025_26.pdf,6138,"Genba Sopanrao Moze Trust Parvatibai Genba Moze College of Engineering,Wagholi, Pune",0613824110,2025-26,3,Maharashtra,GOPENH,GOPENH,HU,89.1331398,percentile,GOPENH | 3790 | 89.1331398 | Stage-I,120,Home University Seats Allotted to Home University Candidates,b85d27c6a438c6fe18397feaeb3f4a42e4c6c92967cdcac215a1b7c2c64373c7
a364fccf8115-PG_MCA_CAP3_Cutoff_All_Institutes_2025_26.pdf,6138,"Genba Sopanrao Moze Trust Parvatibai Genba Moze College of Engineering,Wagholi, Pune",0613824110,2025-26,3,Maharashtra,GSCH,GSCH,HU,34.5198145,percentile,GSCH | 19007 | 34.5198145 | Stage-I,120,Home University Seats Allotted to Home University Candidates,0c6968319132e971de419369e18903bd4721a7765505650cc58672080a763b85
a364fccf8115-PG_MCA_CAP3_Cutoff_All_Institutes_2025_26.pdf,6138,"Genba Sopanrao Moze Trust Parvatibai Genba Moze College of Engineering,Wagholi, Pune",0613824110,2025-26,3,Maharashtra,GSTH,GSTH,HU,46.3793819,percentile,GSTH | 16328 | 46.3793819 | Stage-I,120,Home University Seats Allotted to Home University Candidates,705975b331698855b3f8cc16889918d23ff29706c2496951ceed49f7d6e290c6
a364fccf8115-PG_MCA_CAP3_Cutoff_All_Institutes_2025_26.pdf,6138,"Genba Sopanrao Moze Trust Parvatibai Genba Moze College of Engineering,Wagholi, Pune",0613824110,2025-26,3,Maharashtra,GOPENO,GOPENO,HU,79.9969812,percentile,GOPENO | 6607 | 79.9969812 | Stage-I,120,Other Than Home University Seats Allotted to Other Than Home University Candidates,c9a6dd19221fbb228fa3c06280b87cc70b3aa330605f62cc9459d0d68ba03ac7
a364fccf8115-PG_MCA_CAP3_Cutoff_All_Institutes_2025_26.pdf,6138,"Genba Sopanrao Moze Trust Parvatibai Genba Moze College of Engineering,Wagholi, Pune",0613824110,2025-26,3,Maharashtra,GSCO,GSCO,HU,73.5368477,percentile,GSCO | 9017 | 73.5368477 | Stage-I,120,Other Than Home University Seats Allotted to Other Than Home University Candidates,6395cbe7e8e77ab833b91c68fed6ea16f43c17de9843cdf1aa4eb687ab116b39
a364fccf8115-PG_MCA_CAP3_Cutoff_All_Institutes_2025_26.pdf,6138,"Genba Sopanrao Moze Trust Parvatibai Genba Moze College of Engineering,Wagholi, Pune",0613824110,2025-26,3,Maharashtra,GSTO,GSTO,HU,77.8251197,percentile,GSTO | 7128 | 77.8251197 | Stage-I,120,Other Than Home University Seats Allotted to Other Than Home University Candidates,097bb4a76334c5eec099ec8e4e468916b437ed7dfa1a52a1a2468728797db1fd
a364fccf8115-PG_MCA_CAP3_Cutoff_All_Institutes_2025_26.pdf,6138,"Genba Sopanrao Moze Trust Parvatibai Genba Moze College of Engineering,Wagholi, Pune",0613824110,2025-26,3,Maharashtra,TFWS,TFWS,SL,92.3361383,percentile,TFWS | 2387 | 92.3361383 | Stage-I,120,Other Than Home University Seats Allotted to Other Than Home University Candidates,12d7e73c2b703099e6421a6cf5b4e2152d088e3d0d74aceafc5bc6693e979e32
a364fccf8115-PG_MCA_CAP3_Cutoff_All_Institutes_2025_26.pdf,6139,"Progressive Education Society's Modern College of Engineering, Pune",0613924110,2025-26,3,Maharashtra,GOPENH,GOPENH,HU,95.5548847,percentile,GOPENH | 1326 | 95.5548847 | Stage-I,121,Home University Seats Allotted to Home University Candidates,bfa925ecd8dd197dbe1e6cbd74d67010cf69c0237b88774101c000da09981487
a364fccf8115-PG_MCA_CAP3_Cutoff_All_Institutes_2025_26.pdf,6139,"Progressive Education Society's Modern College of Engineering, Pune",0613924110,2025-26,3,Maharashtra,GSTH,GSTH,HU,90.7733494,percentile,GSTH | 3170 | 90.7733494 | Stage-I,121,Home University Seats Allotted to Home University Candidates,8f79ba8d5dbb4c34cf464c989968e63e44dde4f551be7d78efd65a9306dd28f4
a364fccf8115-PG_MCA_CAP3_Cutoff_All_Institutes_2025_26.pdf,6139,"Progressive Education Society's Modern College of Engineering, Pune",0613924110,2025-26,3,Maharashtra,GNTCH,GNTCH,HU,93.5511867,percentile,GNTCH | 1882 | 93.5511867 | Stage-I,121,Home University Seats Allotted to Home University Candidates,fee682ee4985e7429c136e551ec5aa9f09ff5e5d716b9cf3f53fa3c488ee51bd
a364fccf8115-PG_MCA_CAP3_Cutoff_All_Institutes_2025_26.pdf,6139,"Progressive Education Society's Modern College of Engineering, Pune",0613924110,2025-26,3,Maharashtra,GOBCH,GOBCH,HU,90.7733494,percentile,GOBCH | 3200 | 90.7733494 | Stage-I,121,Home University Seats Allotted to Home University Candidates,a37e1255aecccc8d796b4f20d834de7dd3f60d5969b390ecbfbd88bfcd263e09
a364fccf8115-PG_MCA_CAP3_Cutoff_All_Institutes_2025_26.pdf,6139,"Progressive Education Society's Modern College of Engineering, Pune",0613924110,2025-26,3,Maharashtra,GOPENO,GOPENO,HU,96.828928,percentile,GOPENO | 969 | 96.828928 | Stage-I,121,Other Than Home University Seats Allotted to Other Than Home University Candidates,81737ed26c8167a234bcc72307baa0d4ce28bc2b35bfcfb9052b47f6fc2ee840
a364fccf8115-PG_MCA_CAP3_Cutoff_All_Institutes_2025_26.pdf,6139,"Progressive Education Society's Modern College of Engineering, Pune",0613924110,2025-26,3,Maharashtra,GSCO,GSCO,HU,95.2942951,percentile,GSCO | 1437 | 95.2942951 | Stage-I,121,Other Than Home University Seats Allotted to Other Than Home University Candidates,17cf4ba855182f66df1944549d0a5d0d0232f1d724282a48f38737156ab70075
a364fccf8115-PG_MCA_CAP3_Cutoff_All_Institutes_2025_26.pdf,6139,"Progressive Education Society's Modern College of Engineering, Pune",0613924110,2025-26,3,Maharashtra,GSTO,GSTO,HU,25.4779232,percentile,GSTO | 21238 | 25.4779232 | Stage-I,121,Other Than Home University Seats Allotted to Other Than Home University Candidates,0d5c909c2144651b71e5e1177cb90a1589539e1460598f0c7e228548860464ab
a364fccf8115-PG_MCA_CAP3_Cutoff_All_Institutes_2025_26.pdf,6139,"Progressive Education Society's Modern College of Engineering, Pune",0613924110,2025-26,3,Maharashtra,GNTAO,GNTAO,HU,94.6454851,percentile,GNTAO | 1542 | 94.6454851 | Stage-I,121,Other Than Home University Seats Allotted to Other Than Home University Candidates,fe7d75330ec691527850bd6bf0ecce0475ec04a83c02b3243471d7fa1b1064ae
a364fccf8115-PG_MCA_CAP3_Cutoff_All_Institutes_2025_26.pdf,6139,"Progressive Education Society's Modern College of Engineering, Pune",0613924110,2025-26,3,Maharashtra,GOBCO,GOBCO,HU,94.6454851,percentile,GOBCO | 1540 | 94.6454851 | Stage-I,121,Other Than Home University Seats Allotted to Other Than Home University Candidates,8ac63333f32b48e914830c2b663bb8d2659781b86218bae4bd4d1cb2a7f712d1
a364fccf8115-PG_MCA_CAP3_Cutoff_All_Institutes_2025_26.pdf,6139,"Progressive Education Society's Modern College of Engineering, Pune",0613924110,2025-26,3,Maharashtra,GSEBCO,GSEBCO,HU,96.1125146,percentile,GSEBCO | 1105 | 96.1125146 | Stage-I,121,Other Than Home University Seats Allotted to Other Than Home University Candidates,27fbed71948ea7b372bb4b95f99dc5df18c37ed87c2f6e573f7af0dc0f481ff2
a364fccf8115-PG_MCA_CAP3_Cutoff_All_Institutes_2025_26.pdf,6140,"Dnyan Kala Krida & Krishi Prathishtan's Maharashtra Institute of Management, Kalamb, Pune",0614024110,2025-26,3,Maharashtra,GOPENH,GOPENH,HU,58.7911466,percentile,GOPENH | 13332 | 58.7911466 | Stage-I,122,Home University Seats Allotted to Home University Candidates,063e8a411258a3935b30ae4c0a5e26cd7a78faa82e47cd6f93339de074576824
a364fccf8115-PG_MCA_CAP3_Cutoff_All_Institutes_2025_26.pdf,6140,"Dnyan Kala Krida & Krishi Prathishtan's Maharashtra Institute of Management, Kalamb, Pune",0614024110,2025-26,3,Maharashtra,GSCH,GSCH,HU,16.9789978,percentile,GSCH | 22502 | 16.9789978 | Stage-I,122,Home University Seats Allotted to Home University Candidates,6b1669c44fb0cdb4c9d1c19c49facbe3339521c07662d55f05b5d510f94f21ea
a364fccf8115-PG_MCA_CAP3_Cutoff_All_Institutes_2025_26.pdf,6140,"Dnyan Kala Krida & Krishi Prathishtan's Maharashtra Institute of Management, Kalamb, Pune",0614024110,2025-26,3,Maharashtra,GSTH,GSTH,HU,41.4550394,percentile,GSTH | 17365 | 41.4550394 | Stage-I,122,Home University Seats Allotted to Home University Candidates,133d819529f3a32b564a738e683e8658c8fc5cad3a69a231731f627fcae0d778
a364fccf8115-PG_MCA_CAP3_Cutoff_All_Institutes_2025_26.pdf,6140,"Dnyan Kala Krida & Krishi Prathishtan's Maharashtra Institute of Management, Kalamb, Pune",0614024110,2025-26,3,Maharashtra,GSEBCH,GSEBCH,HU,53.942159,percentile,GSEBCH | 14443 | 53.942159 | Stage-I,122,Home University Seats Allotted to Other Than Home University Candidates,f3c046915e15d4704ae4dfaf7642ad17806988aa1425ecd68b8ba73b5e6738df
a364fccf8115-PG_MCA_CAP3_Cutoff_All_Institutes_2025_26.pdf,6140,"Dnyan Kala Krida & Krishi Prathishtan's Maharashtra Institute of Management, Kalamb, Pune",0614024110,2025-26,3,Maharashtra,GOPENO,GOPENO,HU,65.8578922,percentile,GOPENO | 10879 | 65.8578922 | Stage-I,122,Other Than Home University Seats Allotted to Other Than Home University Candidates,85fed3df485a34d345c350b42df7415988bbfd772d0d06879511b2fa8fbdd7b0
a364fccf8115-PG_MCA_CAP3_Cutoff_All_Institutes_2025_26.pdf,6140,"Dnyan Kala Krida & Krishi Prathishtan's Maharashtra Institute of Management, Kalamb, Pune",0614024110,2025-26,3,Maharashtra,GSCO,GSCO,HU,53.942159,percentile,GSCO | 14413 | 53.942159 | Stage-I,122,Other Than Home University Seats Allotted to Other Than Home University Candidates,b3860d7071aa0dc4144c8f3010447b434d285132c1f1593c1133bc82ac360458
a364fccf8115-PG_MCA_CAP3_Cutoff_All_Institutes_2025_26.pdf,6140,"Dnyan Kala Krida & Krishi Prathishtan's Maharashtra Institute of Management, Kalamb, Pune",0614024110,2025-26,3,Maharashtra,GSTO,GSTO,HU,63.1574978,percentile,GSTO | 11954 | 63.1574978 | Stage-I,122,Other Than Home University Seats Allotted to Other Than Home University Candidates,ad1e7ff50df6ec69c3ae2abfbf92642b3cf1e7a1e577d433c34f64c03e03c2ff
a364fccf8115-PG_MCA_CAP3_Cutoff_All_Institutes_2025_26.pdf,6140,"Dnyan Kala Krida & Krishi Prathishtan's Maharashtra Institute of Management, Kalamb, Pune",0614024110,2025-26,3,Maharashtra,GOBCO,GOBCO,HU,63.1574978,percentile,GOBCO | 11523 | 63.1574978 | Stage-I,122,Other Than Home University Seats Allotted to Other Than Home University Candidates,4a07bfec2073e4e38ecc7e7d3f8c05d59adb014ca4df23339af53f97bfcb87c4
a364fccf8115-PG_MCA_CAP3_Cutoff_All_Institutes_2025_26.pdf,6140,"Dnyan Kala Krida & Krishi Prathishtan's Maharashtra Institute of Management, Kalamb, Pune",0614024110,2025-26,3,Maharashtra,GNTBO,GNTBO,HU,10.5199653,percentile,GNTBO | 23801 | 10.5199653 | Stage-I,122,Other Than Home University Seats Allotted to Home University Candidates,8bcc332c95212c739360a3cdb0e369c7c3d93852c6215a0977f288ef898fa418
a364fccf8115-PG_MCA_CAP3_Cutoff_All_Institutes_2025_26.pdf,6141,"Jaywant Shikshan Prasarak Mandal's,Rajarshi Shahu College of Engineering, Tathawade, Pune",0614124110,2025-26,3,Maharashtra,GOPENH,GOPENH,HU,97.390747,percentile,GOPENH | 746 | 97.390747 | Stage-I,123,Home University Seats Allotted to Home University Candidates,32594ad064f3083036bfd23aea5d7d1adb7928f2a3bbb578c1e6a4e610283d3f
a364fccf8115-PG_MCA_CAP3_Cutoff_All_Institutes_2025_26.pdf,6141,"Jaywant Shikshan Prasarak Mandal's,Rajarshi Shahu College of Engineering, Tathawade, Pune",0614124110,2025-26,3,Maharashtra,GOPENO,GOPENO,HU,97.390747,percentile,GOPENO | 700 | 97.390747 | Stage-I,123,Other Than Home University Seats Allotted to Other Than Home University Candidates,a7b5099fa30a821c498f35e3d641f6e5fea130f71430d12b3cb10d8a66b7220b
a364fccf8115-PG_MCA_CAP3_Cutoff_All_Institutes_2025_26.pdf,6141,"Jaywant Shikshan Prasarak Mandal's,Rajarshi Shahu College of Engineering, Tathawade, Pune",0614124110,2025-26,3,Maharashtra,GNTCO,GNTCO,HU,94.4270578,percentile,GNTCO | 1759 | 94.4270578 | Stage-I,123,Other Than Home University Seats Allotted to Other Than Home University Candidates,5609bb146480af53b7f4cdabbc525b586aa4c9d48c710b21aa6f8eba7dd3db6c
a364fccf8115-PG_MCA_CAP3_Cutoff_All_Institutes_2025_26.pdf,6141,"Jaywant Shikshan Prasarak Mandal's,Rajarshi Shahu College of Engineering, Tathawade, Pune",0614124110,2025-26,3,Maharashtra,GOBCO,GOBCO,HU,96.1125146,percentile,GOBCO | 1147 | 96.1125146 | Stage-I,123,Other Than Home University Seats Allotted to Other Than Home University Candidates,66c24fb2d2bc1cb83ccd62c22ccaf67f748c583cbae5a77075ab01f3ee0eed97
a364fccf8115-PG_MCA_CAP3_Cutoff_All_Institutes_2025_26.pdf,6144,"Genba Sopanrao Moze College of Engineering, Baner-Balewadi, Pune",0614424110,2025-26,3,Maharashtra,GOPENH,GOPENH,HU,80.5399495,percentile,GOPENH | 6191 | 80.5399495 | Stage-I,124,Home University Seats Allotted to Home University Candidates,45689c08a4d37425be34d13bb550a6688742d634077068f8fd09248d90a98981
a364fccf8115-PG_MCA_CAP3_Cutoff_All_Institutes_2025_26.pdf,6144,"Genba Sopanrao Moze College of Engineering, Baner-Balewadi, Pune",0614424110,2025-26,3,Maharashtra,GSCH,GSCH,HU,12.4750009,percentile,GSCH | 23622 | 12.4750009 | Stage-I,124,Home University Seats Allotted to Home University Candidates,ed4690a6b28e36fd1061f0a510837e9069fee169c5811de047da89869fce8ffd
a364fccf8115-PG_MCA_CAP3_Cutoff_All_Institutes_2025_26.pdf,6144,"Genba Sopanrao Moze College of Engineering, Baner-Balewadi, Pune",0614424110,2025-26,3,Maharashtra,GNTCH,GNTCH,HU,51.4093808,percentile,GNTCH | 14783 | 51.4093808 | Stage-I,124,Home University Seats Allotted to Home University Candidates,1ac3b5f76552835ec2a2773971443e1a2136f83c8f3610660095498bf0e57b5e
a364fccf8115-PG_MCA_CAP3_Cutoff_All_Institutes_2025_26.pdf,6144,"Genba Sopanrao Moze College of Engineering, Baner-Balewadi, Pune",0614424110,2025-26,3,Maharashtra,GOBCH,GOBCH,HU,77.8251197,percentile,GOBCH | 7049 | 77.8251197 | Stage-I,124,Home University Seats Allotted to Home University Candidates,90fdd23e3dd3a1705cac992d64203569125f492995bb637241066d17e4324c0d
a364fccf8115-PG_MCA_CAP3_Cutoff_All_Institutes_2025_26.pdf,6144,"Genba Sopanrao Moze College of Engineering, Baner-Balewadi, Pune",0614424110,2025-26,3,Maharashtra,GSEBCH,GSEBCH,HU,69.7143504,percentile,GSEBCH | 9863 | 69.7143504 | Stage-I,124,Home University Seats Allotted to Home University Candidates,872bdc26610c06d237f442f3d2dee8fea8bfb4c79ed6386f9c6b80bcf90a8383
a364fccf8115-PG_MCA_CAP3_Cutoff_All_Institutes_2025_26.pdf,6144,"Genba Sopanrao Moze College of Engineering, Baner-Balewadi, Pune",0614424110,2025-26,3,Maharashtra,GSCO,GSCO,HU,65.8578922,percentile,GSCO | 11350 | 65.8578922 | Stage-I,124,Other Than Home University Seats Allotted to Other Than Home University Candidates,5370617088579c2a39b87e0b7652bad7d65738266bde45619a1b02222015a715
a364fccf8115-PG_MCA_CAP3_Cutoff_All_Institutes_2025_26.pdf,6144,"Genba Sopanrao Moze College of Engineering, Baner-Balewadi, Pune",0614424110,2025-26,3,Maharashtra,GOBCO,GOBCO,HU,89.1331398,percentile,GOBCO | 3723 | 89.1331398 | Stage-I,124,Other Than Home University Seats Allotted to Other Than Home University Candidates,d68b98b4eba01820c79cc3eb754a456557dd5a6796280516017685d302636e76
a364fccf8115-PG_MCA_CAP3_Cutoff_All_Institutes_2025_26.pdf,6145,"JSPM'S Jaywantrao Sawant College of Engineering,Pune",0614524110,2025-26,3,Maharashtra,GOPENH,GOPENH,HU,92.3361383,percentile,GOPENH | 2219 | 92.3361383 | Stage-I,125,Home University Seats Allotted to Home University Candidates,706639e52cc0cab5ab04959b7a09ce6c21e0131c6a2def219cd8e6d0d28cd09d
a364fccf8115-PG_MCA_CAP3_Cutoff_All_Institutes_2025_26.pdf,6145,"JSPM'S Jaywantrao Sawant College of Engineering,Pune",0614524110,2025-26,3,Maharashtra,GSTH,GSTH,HU,92.1797821,percentile,GSTH | 2563 | 92.1797821 | Stage-I,125,Home University Seats Allotted to Home University Candidates,e79a013d2ec1b39b50ad7a559e74822fc842570ec32fd816cbc8619f8d88f22a
a364fccf8115-PG_MCA_CAP3_Cutoff_All_Institutes_2025_26.pdf,6145,"JSPM'S Jaywantrao Sawant College of Engineering,Pune",0614524110,2025-26,3,Maharashtra,GOPENO,GOPENO,HU,94.4270578,percentile,GOPENO | 1735 | 94.4270578 | Stage-I,125,Other Than Home University Seats Allotted to Other Than Home University Candidates,33e1554cc2e7fc8592a0e5aa96d6895391c49bb8bc55218e7241b086ce2f6998
a364fccf8115-PG_MCA_CAP3_Cutoff_All_Institutes_2025_26.pdf,6145,"JSPM'S Jaywantrao Sawant College of Engineering,Pune",0614524110,2025-26,3,Maharashtra,GSCO,GSCO,HU,93.5511867,percentile,GSCO | 1850 | 93.5511867 | Stage-I,125,Other Than Home University Seats Allotted to Other Than Home University Candidates,c825fb773c7bc46e6ba38632ae0eaa403beb3319826f208fdb4ae56b87bf631f
a364fccf8115-PG_MCA_CAP3_Cutoff_All_Institutes_2025_26.pdf,6145,"JSPM'S Jaywantrao Sawant College of Engineering,Pune",0614524110,2025-26,3,Maharashtra,GNTCO,GNTCO,HU,87.3496474,percentile,GNTCO | 4004 | 87.3496474 | Stage-I,125,Other Than Home University Seats Allotted to Other Than Home University Candidates,8c4b25fc56899e912b0a3e2aee1c75a2f165ffe12ec2ed5db4b8c5209f928ac2
a364fccf8115-PG_MCA_CAP3_Cutoff_All_Institutes_2025_26.pdf,6145,"JSPM'S Jaywantrao Sawant College of Engineering,Pune",0614524110,2025-26,3,Maharashtra,GOBCO,GOBCO,HU,94.4270578,percentile,GOBCO | 1809 | 94.4270578 | Stage-I,125,Other Than Home University Seats Allotted to Other Than Home University Candidates,23008563a7acf90fb7662e7fd8edbeaa4919a43128a93e73b7da90842af1e090
a364fccf8115-PG_MCA_CAP3_Cutoff_All_Institutes_2025_26.pdf,6145,"JSPM'S Jaywantrao Sawant College of Engineering,Pune",0614524110,2025-26,3,Maharashtra,GSEBCO,GSEBCO,HU,93.5511867,percentile,GSEBCO | 1921 | 93.5511867 | Stage-I,125,Other Than Home University Seats Allotted to Other Than Home University Candidates,9669315d6bd20aadde4f07f950caf341c60dee79f98bd262405d5b5c46decb26
a364fccf8115-PG_MCA_CAP3_Cutoff_All_Institutes_2025_26.pdf,6145,"JSPM'S Jaywantrao Sawant College of Engineering,Pune",0614524110,2025-26,3,Maharashtra,EWS,EWS,SL,89.1966341,percentile,EWS | 3446 | 89.1966341 | Stage-I,125,Other Than Home University Seats Allotted to Other Than Home University Candidates,9241370fd9aefe7d2ee143904eda97c43af8a13e9f8f045797aeae9d57a414f2
a364fccf8115-PG_MCA_CAP3_Cutoff_All_Institutes_2025_26.pdf,6145,"JSPM'S Jaywantrao Sawant College of Engineering,Pune",0614524110,2025-26,3,Maharashtra,TFWS,TFWS,SL,94.6454851,percentile,TFWS | 1510 | 94.6454851 | Stage-I,125,Other Than Home University Seats Allotted to Other Than Home University Candidates,9a4efd2bcfe274730c75d54dd9ab12dc3c669cda0f0ea6f7cf63967057ff00a9
a364fccf8115-PG_MCA_CAP3_Cutoff_All_Institutes_2025_26.pdf,6152,"Zeal Education Society's Zeal Institute of Business Administration, Computer Application and Research, Pune",0615224110,2025-26,3,Maharashtra,GOPENH,GOPENH,HU,73.5368477,percentile,GOPENH | 8855 | 73.5368477 | Stage-I,126,Home University Seats Allotted to Home University Candidates,a16c3c2e86d91f577932f9ebd66703e415b82c162f24b13376e5dca42e4eb504
a364fccf8115-PG_MCA_CAP3_Cutoff_All_Institutes_2025_26.pdf,6152,"Zeal Education Society's Zeal Institute of Business Administration, Computer Application and Research, Pune",0615224110,2025-26,3,Maharashtra,GSCH,GSCH,HU,31.6629561,percentile,GSCH | 19589 | 31.6629561 | Stage-I,126,Home University Seats Allotted to Home University Candidates,76aa6f3dfe42aefbcd2dbd0e3837693d13d15e99cc2cc454a9400094d7e4ebf8
a364fccf8115-PG_MCA_CAP3_Cutoff_All_Institutes_2025_26.pdf,6152,"Zeal Education Society's Zeal Institute of Business Administration, Computer Application and Research, Pune",0615224110,2025-26,3,Maharashtra,GSTH,GSTH,HU,49.3533426,percentile,GSTH | 15695 | 49.3533426 | Stage-I,126,Home University Seats Allotted to Home University Candidates,0d4e8548f36c243a33807a47561a894a3a454879cb7cdf0af3caeb55dd6b1479
a364fccf8115-PG_MCA_CAP3_Cutoff_All_Institutes_2025_26.pdf,6152,"Zeal Education Society's Zeal Institute of Business Administration, Computer Application and Research, Pune",0615224110,2025-26,3,Maharashtra,GNTAH,GNTAH,HU,44.5345198,percentile,GNTAH | 16907 | 44.5345198 | Stage-I,126,Home University Seats Allotted to Home University Candidates,bb5cd037891d44941568d35b723875a2f593eb4034c7ee62e14375814dd0473e
a364fccf8115-PG_MCA_CAP3_Cutoff_All_Institutes_2025_26.pdf,6152,"Zeal Education Society's Zeal Institute of Business Administration, Computer Application and Research, Pune",0615224110,2025-26,3,Maharashtra,GNTBH,GNTBH,HU,44.5345198,percentile,GNTBH | 17021 | 44.5345198 | Stage-I,126,Home University Seats Allotted to Home University Candidates,7da7b09536f74371b8213221649342b8e5c703c6044df23c7b3c1de952b1ce47
a364fccf8115-PG_MCA_CAP3_Cutoff_All_Institutes_2025_26.pdf,6152,"Zeal Education Society's Zeal Institute of Business Administration, Computer Application and Research, Pune",0615224110,2025-26,3,Maharashtra,GNTCH,GNTCH,HU,65.8578922,percentile,GNTCH | 11058 | 65.8578922 | Stage-I,126,Home University Seats Allotted to Home University Candidates,8a5686482cf269eddd003ccfd9ca547fd9b0af1b3ee492152ef72ae8ab8c9af6
a364fccf8115-PG_MCA_CAP3_Cutoff_All_Institutes_2025_26.pdf,6152,"Zeal Education Society's Zeal Institute of Business Administration, Computer Application and Research, Pune",0615224110,2025-26,3,Maharashtra,GNTDH,GNTDH,HU,61.2807064,percentile,GNTDH | 12626 | 61.2807064 | Stage-I,126,Home University Seats Allotted to Home University Candidates,6ff00a3ed2b86d65beb79c5583294410f420a49d58fc2778cab5457ea9fdbe18
a364fccf8115-PG_MCA_CAP3_Cutoff_All_Institutes_2025_26.pdf,6152,"Zeal Education Society's Zeal Institute of Business Administration, Computer Application and Research, Pune",0615224110,2025-26,3,Maharashtra,GOBCH,GOBCH,HU,49.3533426,percentile,GOBCH | 15684 | 49.3533426 | Stage-I,126,Home University Seats Allotted to Home University Candidates,d3bd5a8de5a3829520e9ecd385ddd98b5ae129a6a0257681e87db5301aab5830
a364fccf8115-PG_MCA_CAP3_Cutoff_All_Institutes_2025_26.pdf,6152,"Zeal Education Society's Zeal Institute of Business Administration, Computer Application and Research, Pune",0615224110,2025-26,3,Maharashtra,GOPENO,GOPENO,HU,85.2118788,percentile,GOPENO | 4903 | 85.2118788 | Stage-I,126,Other Than Home University Seats Allotted to Other Than Home University Candidates,5a0f95447a8295c768bf47ca0ac7f0a7f59c1678ef63d4fab7e98b1d5db72ee4
a364fccf8115-PG_MCA_CAP3_Cutoff_All_Institutes_2025_26.pdf,6152,"Zeal Education Society's Zeal Institute of Business Administration, Computer Application and Research, Pune",0615224110,2025-26,3,Maharashtra,GSCO,GSCO,HU,76.9216256,percentile,GSCO | 7921 | 76.9216256 | Stage-I,126,Other Than Home University Seats Allotted to Other Than Home University Candidates,a8b187e50cf3e8f0b4aacd61c44780fa18c2d79eb56d7382ed57135122fc7944
a364fccf8115-PG_MCA_CAP3_Cutoff_All_Institutes_2025_26.pdf,6152,"Zeal Education Society's Zeal Institute of Business Administration, Computer Application and Research, Pune",0615224110,2025-26,3,Maharashtra,GSTO,GSTO,HU,82.9644433,percentile,GSTO | 5283 | 82.9644433 | Stage-I,126,Other Than Home University Seats Allotted to Other Than Home University Candidates,2c707a730a35ceeb74231c82fec7a441bc3799a78a0a23f7e95dc7cc1321c194
a364fccf8115-PG_MCA_CAP3_Cutoff_All_Institutes_2025_26.pdf,6152,"Zeal Education Society's Zeal Institute of Business Administration, Computer Application and Research, Pune",0615224110,2025-26,3,Maharashtra,GNTBO,GNTBO,HU,74.782248,percentile,GNTBO | 7995 | 74.782248 | Stage-I,126,Other Than Home University Seats Allotted to Other Than Home University Candidates,b56ce132289b4035170622a89d85b777203f862ffaf6be8046f25a0112ebf8c2
a364fccf8115-PG_MCA_CAP3_Cutoff_All_Institutes_2025_26.pdf,6152,"Zeal Education Society's Zeal Institute of Business Administration, Computer Application and Research, Pune",0615224110,2025-26,3,Maharashtra,GNTCO,GNTCO,HU,19.1539942,percentile,GNTCO | 22107 | 19.1539942 | Stage-I,126,Other Than Home University Seats Allotted to Other Than Home University Candidates,8636b12666d8f345127fe1d7618e737b015c7a3167d014a9d22324da1b96a07e
a364fccf8115-PG_MCA_CAP3_Cutoff_All_Institutes_2025_26.pdf,6152,"Zeal Education Society's Zeal Institute of Business Administration, Computer Application and Research, Pune",0615224110,2025-26,3,Maharashtra,GNTDO,GNTDO,HU,77.8251197,percentile,GNTDO | 7316 | 77.8251197 | Stage-I,126,Other Than Home University Seats Allotted to Other Than Home University Candidates,9edf8de5729368403e339561395e04b9581c4d420d7dcd3f63653f8def8678de
a364fccf8115-PG_MCA_CAP3_Cutoff_All_Institutes_2025_26.pdf,6152,"Zeal Education Society's Zeal Institute of Business Administration, Computer Application and Research, Pune",0615224110,2025-26,3,Maharashtra,GOBCO,GOBCO,HU,85.2118788,percentile,GOBCO | 5204 | 85.2118788 | Stage-I,126,Other Than Home University Seats Allotted to Other Than Home University Candidates,780f4bde4f5eb4b1c9fedb649b60d089ca61be80bb309161607e394271d7e88a
a364fccf8115-PG_MCA_CAP3_Cutoff_All_Institutes_2025_26.pdf,6152,"Zeal Education Society's Zeal Institute of Business Administration, Computer Application and Research, Pune",0615224110,2025-26,3,Maharashtra,EWS,EWS,SL,15.5994113,percentile,EWS | 22840 | 15.5994113 | Stage-I,126,Other Than Home University Seats Allotted to Other Than Home University Candidates,5bf732967225d057102eb78b65fcfb3523f393169702fd45dbe8da7d382366cd
a364fccf8115-PG_MCA_CAP3_Cutoff_All_Institutes_2025_26.pdf,6152,"Zeal Education Society's Zeal Institute of Business Administration, Computer Application and Research, Pune",0615224110,2025-26,3,Maharashtra,TFWS,TFWS,SL,90.7733494,percentile,TFWS | 3195 | 90.7733494 | Stage-I,126,Other Than Home University Seats Allotted to Other Than Home University Candidates,300fcb9ba4e132bf83a66ec8a460f4c1a3612df431ad550fbcaa75c4d59cfa16
a364fccf8115-PG_MCA_CAP3_Cutoff_All_Institutes_2025_26.pdf,6154,"Institute of Industrial & Computer Management & Research, Nigdi, Pune",0615424110,2025-26,3,Maharashtra,GOPENH,GOPENH,HU,93.405226,percentile,GOPENH | 2042 | 93.405226 | Stage-I,127,Home University Seats Allotted to Home University Candidates,b9d9ead64691dfa2d58a3a873c94892eba72e33baaeb53182687ab4cfad533e8
a364fccf8115-PG_MCA_CAP3_Cutoff_All_Institutes_2025_26.pdf,6154,"Institute of Industrial & Computer Management & Research, Nigdi, Pune",0615424110,2025-26,3,Maharashtra,GOPENO,GOPENO,HU,94.4270578,percentile,GOPENO | 1784 | 94.4270578 | Stage-I,127,Other Than Home University Seats Allotted to Other Than Home University Candidates,c2407b49b6e689a8e286a52de826aad0a816a32938e8761bd992890c962ea846
a364fccf8115-PG_MCA_CAP3_Cutoff_All_Institutes_2025_26.pdf,6154,"Institute of Industrial & Computer Management & Research, Nigdi, Pune",0615424110,2025-26,3,Maharashtra,TFWS,TFWS,SL,94.6454851,percentile,TFWS | 1518 | 94.6454851 | Stage-I,127,Other Than Home University Seats Allotted to Other Than Home University Candidates,a7be7c0fe7ada9cff9124a72dbaf3ac91ef24c741c4b22d82d9dbe493e37f48a
a364fccf8115-PG_MCA_CAP3_Cutoff_All_Institutes_2025_26.pdf,6154,"Institute of Industrial & Computer Management & Research, Nigdi, Pune",0615424110,2025-26,3,Maharashtra,MI-MH,MI-MH,MI,89.1331398,percentile,MI-MH | 3824 | 89.1331398 | Stage-MI-MH,127,Minority Seats : Minority Seats Allotted to Non Minority Candidates,f075f0323a19170d841ba6e47f76487a9fe316d9ff7e28c213fb8f0601d6584b
a364fccf8115-PG_MCA_CAP3_Cutoff_All_Institutes_2025_26.pdf,6155,"G.H.Raisoni College of Engineering & Management, Wagholi, Pune",0615524110,2025-26,3,Maharashtra,GOPENH,GOPENH,HU,82.9644433,percentile,GOPENH | 5269 | 82.9644433 | Stage-I,128,Home University Seats Allotted to Home University Candidates,11f5dfd495dabb9a82f07e0fce0a70a3f8c428195a41073fdab5ea1222b259d9
a364fccf8115-PG_MCA_CAP3_Cutoff_All_Institutes_2025_26.pdf,6155,"G.H.Raisoni College of Engineering & Management, Wagholi, Pune",0615524110,2025-26,3,Maharashtra,GOPENO,GOPENO,HU,87.2080299,percentile,GOPENO | 4208 | 87.2080299 | Stage-I,128,Other Than Home University Seats Allotted to Other Than Home University Candidates,bc6587f7c380e4327fd587456ef5db86ca785cbed419becb0c09522951c0c019
a364fccf8115-PG_MCA_CAP3_Cutoff_All_Institutes_2025_26.pdf,6155,"G.H.Raisoni College of Engineering & Management, Wagholi, Pune",0615524110,2025-26,3,Maharashtra,MI-MH,MI-MH,MI,82.8308366,percentile,MI-MH | 5699 | 82.8308366 | Stage-MI-MH,128,Minority Seats : Minority Seats Allotted to Non Minority Candidates,c84abe09a0c0a4f71bfda608ed6cf2061df41650758da8fb0a92dcf692b447a5
a364fccf8115-PG_MCA_CAP3_Cutoff_All_Institutes_2025_26.pdf,6158,"Rajmata Jijau Shikshan Prasarak Mandal's Institute of Computer and Management Research, Dudulgaon, Pune",0615824110,2025-26,3,Maharashtra,GOPENH,GOPENH,HU,74.782248,percentile,GOPENH | 8325 | 74.782248 | Stage-I,129,Home University Seats Allotted to Home University Candidates,d770313c9f5f820d59d5e3f6c62e004a0734ca09dd541f7f972d734097ae3563
a364fccf8115-PG_MCA_CAP3_Cutoff_All_Institutes_2025_26.pdf,6158,"Rajmata Jijau Shikshan Prasarak Mandal's Institute of Computer and Management Research, Dudulgaon, Pune",0615824110,2025-26,3,Maharashtra,GSCH,GSCH,HU,39.3989669,percentile,GSCH | 17761 | 39.3989669 | Stage-I,129,Home University Seats Allotted to Home University Candidates,2a300fdc1abd40c26694f35baa1b355cd20ae8583cf672c5dee28ac4fffe8336
a364fccf8115-PG_MCA_CAP3_Cutoff_All_Institutes_2025_26.pdf,6158,"Rajmata Jijau Shikshan Prasarak Mandal's Institute of Computer and Management Research, Dudulgaon, Pune",0615824110,2025-26,3,Maharashtra,GSTH,GSTH,HU,41.4550394,percentile,GSTH | 17634 | 41.4550394 | Stage-I,129,Home University Seats Allotted to Home University Candidates,d783e4caa046c4cb40d058d7e85d5f8cc4c81c76187175a148e00b5e5eaa03f5
a364fccf8115-PG_MCA_CAP3_Cutoff_All_Institutes_2025_26.pdf,6158,"Rajmata Jijau Shikshan Prasarak Mandal's Institute of Computer and Management Research, Dudulgaon, Pune",0615824110,2025-26,3,Maharashtra,GNTCH,GNTCH,HU,71.1549338,percentile,GNTCH | 9539 | 71.1549338 | Stage-I,129,Home University Seats Allotted to Home University Candidates,ee13af0097e748fcb8eb086d3b5d64c24762e1cc5b99ce624e507958ae36b929
a364fccf8115-PG_MCA_CAP3_Cutoff_All_Institutes_2025_26.pdf,6158,"Rajmata Jijau Shikshan Prasarak Mandal's Institute of Computer and Management Research, Dudulgaon, Pune",0615824110,2025-26,3,Maharashtra,GOBCH,GOBCH,HU,27.2744425,percentile,GOBCH | 20369 | 27.2744425 | Stage-I,129,Home University Seats Allotted to Home University Candidates,b8e5ef321dbad1a6018dcc9202557f1eef0dac59c8a1fda86d7ea14046c4428e
a364fccf8115-PG_MCA_CAP3_Cutoff_All_Institutes_2025_26.pdf,6158,"Rajmata Jijau Shikshan Prasarak Mandal's Institute of Computer and Management Research, Dudulgaon, Pune",0615824110,2025-26,3,Maharashtra,GOPENO,GOPENO,HU,77.8251197,percentile,GOPENO | 7065 | 77.8251197 | Stage-I,129,Other Than Home University Seats Allotted to Other Than Home University Candidates,be4796728e9b0a5639663885b4a13201ab3198f79e8bef09028742b24bcd812b
a364fccf8115-PG_MCA_CAP3_Cutoff_All_Institutes_2025_26.pdf,6158,"Rajmata Jijau Shikshan Prasarak Mandal's Institute of Computer and Management Research, Dudulgaon, Pune",0615824110,2025-26,3,Maharashtra,GSCO,GSCO,HU,73.5368477,percentile,GSCO | 8525 | 73.5368477 | Stage-I,129,Other Than Home University Seats Allotted to Other Than Home University Candidates,3df351b1aab70708f376dda09b2b71c237f843276b72595bedacdfbb6d6a5903
a364fccf8115-PG_MCA_CAP3_Cutoff_All_Institutes_2025_26.pdf,6158,"Rajmata Jijau Shikshan Prasarak Mandal's Institute of Computer and Management Research, Dudulgaon, Pune",0615824110,2025-26,3,Maharashtra,GNTDO,GNTDO,HU,73.5368477,percentile,GNTDO | 8894 | 73.5368477 | Stage-I,129,Other Than Home University Seats Allotted to Other Than Home University Candidates,738d4460be9a0adad8b87472afcad8866b78b777ef837ecc9bf693d560014393
a364fccf8115-PG_MCA_CAP3_Cutoff_All_Institutes_2025_26.pdf,6158,"Rajmata Jijau Shikshan Prasarak Mandal's Institute of Computer and Management Research, Dudulgaon, Pune",0615824110,2025-26,3,Maharashtra,GOBCO,GOBCO,HU,74.782248,percentile,GOBCO | 7996 | 74.782248 | Stage-I,129,Other Than Home University Seats Allotted to Other Than Home University Candidates,dacacdff7b75ce805f8d57069edbb958b518e2afb841c3705f39319dd655685e
a364fccf8115-PG_MCA_CAP3_Cutoff_All_Institutes_2025_26.pdf,6164,"Psd Shastri Educational Foundation's Asma Institute Of Management, Pune",0616424110,2025-26,3,Maharashtra,GOPENH,GOPENH,HU,65.8578922,percentile,GOPENH | 11065 | 65.8578922 | Stage-I,130,Home University Seats Allotted to Home University Candidates,ee2a7302969641ec496177b71ad1c79dc91c0b0d33ad078d40bb54162cd49043
a364fccf8115-PG_MCA_CAP3_Cutoff_All_Institutes_2025_26.pdf,6164,"Psd Shastri Educational Foundation's Asma Institute Of Management, Pune",0616424110,2025-26,3,Maharashtra,GOPENO,GOPENO,HU,79.9969812,percentile,GOPENO | 6507 | 79.9969812 | Stage-I,130,Other Than Home University Seats Allotted to Other Than Home University Candidates,7ac161004bcb9f96854e3bbb6663728014c48071028789242ca97a06d998914c
a364fccf8115-PG_MCA_CAP3_Cutoff_All_Institutes_2025_26.pdf,6164,"Psd Shastri Educational Foundation's Asma Institute Of Management, Pune",0616424110,2025-26,3,Maharashtra,TFWS,TFWS,SL,67.3579428,percentile,TFWS | 10285 | 67.3579428 | Stage-I,130,Other Than Home University Seats Allotted to Other Than Home University Candidates,dc1ac1127e2d9c0ca3adbd02b87e4bf52ba7e166bfe900d8b276bb1435169aab
a364fccf8115-PG_MCA_CAP3_Cutoff_All_Institutes_2025_26.pdf,6164,"Psd Shastri Educational Foundation's Asma Institute Of Management, Pune",0616424110,2025-26,3,Maharashtra,MI-MH,MI-MH,MI,63.1574978,percentile,MI-MH | 11777 | 63.1574978 | Stage-MI-MH,130,Minority Seats : Minority Seats Allotted to Non Minority Candidates,3fd9a60e3a03c96714745ab0af032b2e993e0b10b7d2da6ffac0359bb93ec3a0
a364fccf8115-PG_MCA_CAP3_Cutoff_All_Institutes_2025_26.pdf,6167,"Kamla Education Society's Pratibha Institute of Business Management, Chinchwad, Pune",0616724110,2025-26,3,Maharashtra,GOPENH,GOPENH,HU,93.405226,percentile,GOPENH | 2120 | 93.405226 | Stage-I,131,Home University Seats Allotted to Home University Candidates,40b6ccf155b4ea5bdb98359374d8f5ef67e1d9bec6931734fe70b78668e705a6
a364fccf8115-PG_MCA_CAP3_Cutoff_All_Institutes_2025_26.pdf,6167,"Kamla Education Society's Pratibha Institute of Business Management, Chinchwad, Pune",0616724110,2025-26,3,Maharashtra,GSTH,GSTH,HU,80.5399495,percentile,GSTH | 6408 | 80.5399495 | Stage-I,131,Home University Seats Allotted to Home University Candidates,932470a3bd8082fe3ee5094ae3f919265d9860b39ba1730ce37ba0802d17e070
a364fccf8115-PG_MCA_CAP3_Cutoff_All_Institutes_2025_26.pdf,6167,"Kamla Education Society's Pratibha Institute of Business Management, Chinchwad, Pune",0616724110,2025-26,3,Maharashtra,GNTAH,GNTAH,HU,51.4093808,percentile,GNTAH | 15149 | 51.4093808 | Stage-I,131,Home University Seats Allotted to Other Than Home University Candidates,2084cc63e3688f55b683c88470ba0bf76c95896e5b48367610215213050d575f
a364fccf8115-PG_MCA_CAP3_Cutoff_All_Institutes_2025_26.pdf,6167,"Kamla Education Society's Pratibha Institute of Business Management, Chinchwad, Pune",0616724110,2025-26,3,Maharashtra,GOPENO,GOPENO,HU,87.3496474,percentile,GOPENO | 3874 | 87.3496474 | Stage-I,131,Other Than Home University Seats Allotted to Other Than Home University Candidates,9cd5b5f795bb9f9c25d7e945a694a5a7ab67abf1266a7050e8a84a5defb922ce
a364fccf8115-PG_MCA_CAP3_Cutoff_All_Institutes_2025_26.pdf,6167,"Kamla Education Society's Pratibha Institute of Business Management, Chinchwad, Pune",0616724110,2025-26,3,Maharashtra,GSCO,GSCO,HU,76.9216256,percentile,GSCO | 7774 | 76.9216256 | Stage-I,131,Other Than Home University Seats Allotted to Other Than Home University Candidates,c3307583625f65a9d20767c6f7a2a73380fc8b31c9a3cd41ef2e6050dbbb61b0
a364fccf8115-PG_MCA_CAP3_Cutoff_All_Institutes_2025_26.pdf,6167,"Kamla Education Society's Pratibha Institute of Business Management, Chinchwad, Pune",0616724110,2025-26,3,Maharashtra,GSTO,GSTO,HU,65.8578922,percentile,GSTO | 11285 | 65.8578922 | Stage-I,131,Other Than Home University Seats Allotted to Other Than Home University Candidates,052e16bfdaaba453716f22a0cba6b807581e8caf7b07e569d0b0d029a4b58f28
a364fccf8115-PG_MCA_CAP3_Cutoff_All_Institutes_2025_26.pdf,6167,"Kamla Education Society's Pratibha Institute of Business Management, Chinchwad, Pune",0616724110,2025-26,3,Maharashtra,GNTAO,GNTAO,HU,74.782248,percentile,GNTAO | 8265 | 74.782248 | Stage-I,131,Other Than Home University Seats Allotted to Other Than Home University Candidates,d0b2e04cfd5c8ff10b3216c8c34ee12549d096adab667980f5408505ace23bfe
a364fccf8115-PG_MCA_CAP3_Cutoff_All_Institutes_2025_26.pdf,6167,"Kamla Education Society's Pratibha Institute of Business Management, Chinchwad, Pune",0616724110,2025-26,3,Maharashtra,GNTCO,GNTCO,HU,82.8308366,percentile,GNTCO | 5860 | 82.8308366 | Stage-I,131,Other Than Home University Seats Allotted to Other Than Home University Candidates,8801c0a57a0360a00461367856cf332f88a5828b6a5ba7ad603ca12237766bf4
a364fccf8115-PG_MCA_CAP3_Cutoff_All_Institutes_2025_26.pdf,6167,"Kamla Education Society's Pratibha Institute of Business Management, Chinchwad, Pune",0616724110,2025-26,3,Maharashtra,GOBCO,GOBCO,HU,77.8251197,percentile,GOBCO | 7137 | 77.8251197 | Stage-I,131,Other Than Home University Seats Allotted to Other Than Home University Candidates,c7a51a4cdeb139868321111c809ac9d4fd2d36706009c6515344f7443c885535
a364fccf8115-PG_MCA_CAP3_Cutoff_All_Institutes_2025_26.pdf,6168,"Shikshan Maharshi Dr. D.Y. Patil Centre for Management & Research, Chikhali , Pune",0616824110,2025-26,3,Maharashtra,GOPENH,GOPENH,HU,82.8308366,percentile,GOPENH | 5809 | 82.8308366 | Stage-I,132,Home University Seats Allotted to Home University Candidates,b8dcc509c4ac2a43def80243313d4034420e39659f2fbdc55a8b261f28224763
a364fccf8115-PG_MCA_CAP3_Cutoff_All_Institutes_2025_26.pdf,6168,"Shikshan Maharshi Dr. D.Y. Patil Centre for Management & Research, Chikhali , Pune",0616824110,2025-26,3,Maharashtra,GSCH,GSCH,HU,58.7911466,percentile,GSCH | 12788 | 58.7911466 | Stage-I,132,Home University Seats Allotted to Home University Candidates,06f730c1325271dd06eb628cf1282a885c2e9246bb136e678c450213c6496c57
a364fccf8115-PG_MCA_CAP3_Cutoff_All_Institutes_2025_26.pdf,6168,"Shikshan Maharshi Dr. D.Y. Patil Centre for Management & Research, Chikhali , Pune",0616824110,2025-26,3,Maharashtra,GSTH,GSTH,HU,56.5488095,percentile,GSTH | 13516 | 56.5488095 | Stage-I,132,Home University Seats Allotted to Home University Candidates,e0ec855e35f8af18aac0347b5ce3c48112781dbac0735b378103d825dc2e5e78
a364fccf8115-PG_MCA_CAP3_Cutoff_All_Institutes_2025_26.pdf,6168,"Shikshan Maharshi Dr. D.Y. Patil Centre for Management & Research, Chikhali , Pune",0616824110,2025-26,3,Maharashtra,GOPENO,GOPENO,HU,85.2118788,percentile,GOPENO | 4842 | 85.2118788 | Stage-I,132,Other Than Home University Seats Allotted to Other Than Home University Candidates,9b72c83a94a533e0e39b4ba4ea1a0458dac000b2fb0d5ba21b56bc5f9d668ae5
a364fccf8115-PG_MCA_CAP3_Cutoff_All_Institutes_2025_26.pdf,6168,"Shikshan Maharshi Dr. D.Y. Patil Centre for Management & Research, Chikhali , Pune",0616824110,2025-26,3,Maharashtra,GSTO,GSTO,HU,51.4093808,percentile,GSTO | 14756 | 51.4093808 | Stage-I,132,Other Than Home University Seats Allotted to Other Than Home University Candidates,586c9e19fc14c06a13d4bb240aa5a9eb9e3d877b557707e7ed84efcba7418c50
a364fccf8115-PG_MCA_CAP3_Cutoff_All_Institutes_2025_26.pdf,6168,"Shikshan Maharshi Dr. D.Y. Patil Centre for Management & Research, Chikhali , Pune",0616824110,2025-26,3,Maharashtra,GNTDO,GNTDO,HU,82.8308366,percentile,GNTDO | 6055 | 82.8308366 | Stage-I,132,Other Than Home University Seats Allotted to Other Than Home University Candidates,88b8db2ee5a3fa848f026db6d2138180b762c4dd4d10e9cd7c5cd35f05f32e3b
a364fccf8115-PG_MCA_CAP3_Cutoff_All_Institutes_2025_26.pdf,6168,"Shikshan Maharshi Dr. D.Y. Patil Centre for Management & Research, Chikhali , Pune",0616824110,2025-26,3,Maharashtra,GOBCO,GOBCO,HU,82.9644433,percentile,GOBCO | 5346 | 82.9644433 | Stage-I,132,Other Than Home University Seats Allotted to Other Than Home University Candidates,7e3b0a7bd2bbd7ca363eb61080c2335e61d5ea533b35081ab8008589ab4625d2
a364fccf8115-PG_MCA_CAP3_Cutoff_All_Institutes_2025_26.pdf,6170,"Abhinav Education Society's Institute of Management and Research, Haveli, Pune",0617024110,2025-26,3,Maharashtra,GOPENH,GOPENH,HU,71.1549338,percentile,GOPENH | 9456 | 71.1549338 | Stage-I,133,Home University Seats Allotted to Home University Candidates,d63b920961f9d91ca3152ed85eb7f76d5e5ec2637fe47fa8c907990bc4b4b352
a364fccf8115-PG_MCA_CAP3_Cutoff_All_Institutes_2025_26.pdf,6170,"Abhinav Education Society's Institute of Management and Research, Haveli, Pune",0617024110,2025-26,3,Maharashtra,GSCH,GSCH,HU,29.9046039,percentile,GSCH | 20096 | 29.9046039 | Stage-I,133,Home University Seats Allotted to Home University Candidates,db0f0d5ae698ea63a674f3ebcb458ce627ff772e4607c2d972522b52cb3e5991
a364fccf8115-PG_MCA_CAP3_Cutoff_All_Institutes_2025_26.pdf,6170,"Abhinav Education Society's Institute of Management and Research, Haveli, Pune",0617024110,2025-26,3,Maharashtra,GSTH,GSTH,HU,16.9789978,percentile,GSTH | 22711 | 16.9789978 | Stage-I,133,Home University Seats Allotted to Home University Candidates,cfebbdc25c83a6d09aaefa05c221f08676420bb6fee67ea4a1b248c7884fbd2e
a364fccf8115-PG_MCA_CAP3_Cutoff_All_Institutes_2025_26.pdf,6170,"Abhinav Education Society's Institute of Management and Research, Haveli, Pune",0617024110,2025-26,3,Maharashtra,GNTDH,GNTDH,HU,56.5488095,percentile,GNTDH | 13786 | 56.5488095 | Stage-I,133,Home University Seats Allotted to Home University Candidates,07d5a9341eb23f088b2f4fc7652137187f52a26dc306d0cc13b4814d8643234a
a364fccf8115-PG_MCA_CAP3_Cutoff_All_Institutes_2025_26.pdf,6170,"Abhinav Education Society's Institute of Management and Research, Haveli, Pune",0617024110,2025-26,3,Maharashtra,GOPENO,GOPENO,HU,74.782248,percentile,GOPENO | 8289 | 74.782248 | Stage-I,133,Other Than Home University Seats Allotted to Other Than Home University Candidates,e167b5d66077e307f53401358a9b47e32a02efa2bb8a5cda54ee8df5e5f02069
a364fccf8115-PG_MCA_CAP3_Cutoff_All_Institutes_2025_26.pdf,6170,"Abhinav Education Society's Institute of Management and Research, Haveli, Pune",0617024110,2025-26,3,Maharashtra,GSCO,GSCO,HU,69.7143504,percentile,GSCO | 10169 | 69.7143504 | Stage-I,133,Other Than Home University Seats Allotted to Other Than Home University Candidates,52fe92526948a91859b403b10ec5510334a5cbf756965b017be4d61b60adf67c
a364fccf8115-PG_MCA_CAP3_Cutoff_All_Institutes_2025_26.pdf,6170,"Abhinav Education Society's Institute of Management and Research, Haveli, Pune",0617024110,2025-26,3,Maharashtra,GSTO,GSTO,HU,73.5368477,percentile,GSTO | 8488 | 73.5368477 | Stage-I,133,Other Than Home University Seats Allotted to Other Than Home University Candidates,9aed4f492b7661ac8f2ee6d66bda99cfb72334d5c47338ac3931bf0fd9695050
a364fccf8115-PG_MCA_CAP3_Cutoff_All_Institutes_2025_26.pdf,6170,"Abhinav Education Society's Institute of Management and Research, Haveli, Pune",0617024110,2025-26,3,Maharashtra,TFWS,TFWS,SL,87.3496474,percentile,TFWS | 4100 | 87.3496474 | Stage-I,133,Other Than Home University Seats Allotted to Other Than Home University Candidates,8359a6aebb067b9d8d1a56353e87848185b692b523baa137823d915c784cb863
a364fccf8115-PG_MCA_CAP3_Cutoff_All_Institutes_2025_26.pdf,6179,"Indira College of Engineering & Management, Pune",0617924110,2025-26,3,Maharashtra,GOPENH,GOPENH,HU,98.0566771,percentile,GOPENH | 528 | 98.0566771 | Stage-I,134,Home University Seats Allotted to Home University Candidates,66d310069c12ff5436f802389f98714665f698ffb1b8411a8630c2890451f064
a364fccf8115-PG_MCA_CAP3_Cutoff_All_Institutes_2025_26.pdf,6179,"Indira College of Engineering & Management, Pune",0617924110,2025-26,3,Maharashtra,GSTH,GSTH,HU,71.1549338,percentile,GSTH | 9221 | 71.1549338 | Stage-I,134,Home University Seats Allotted to Home University Candidates,c6904c78c298509ed280f304f2d6842126cd4bf6b64f113c2ee079c60988f1cc
a364fccf8115-PG_MCA_CAP3_Cutoff_All_Institutes_2025_26.pdf,6179,"Indira College of Engineering & Management, Pune",0617924110,2025-26,3,Maharashtra,GOBCH,GOBCH,HU,97.0718086,percentile,GOBCH | 863 | 97.0718086 | Stage-I,134,Home University Seats Allotted to Home University Candidates,d81a372fe529ba5e12a6229f60b1332dbc0fedda53e79968c5658eb0f178593a
a364fccf8115-PG_MCA_CAP3_Cutoff_All_Institutes_2025_26.pdf,6179,"Indira College of Engineering & Management, Pune",0617924110,2025-26,3,Maharashtra,PWDOPENH,PWDOPENH,HU,85.2118788,percentile,PWDOPENH | 4945 | 85.2118788 | Stage-I,134,Home University Seats Allotted to Home University Candidates,fa1e17b0699882a338c6ade3319db241d0b27a6a1131852f3d8ef047225748dd
a364fccf8115-PG_MCA_CAP3_Cutoff_All_Institutes_2025_26.pdf,6179,"Indira College of Engineering & Management, Pune",0617924110,2025-26,3,Maharashtra,GOPENO,GOPENO,HU,98.2089665,percentile,GOPENO | 485 | 98.2089665 | Stage-I,134,Other Than Home University Seats Allotted to Other Than Home University Candidates,ed3e515f763e58f3d8579b2f7f704f5742b0c3da74f0e0e48e5de8f0f53361b8
a364fccf8115-PG_MCA_CAP3_Cutoff_All_Institutes_2025_26.pdf,6179,"Indira College of Engineering & Management, Pune",0617924110,2025-26,3,Maharashtra,GSCO,GSCO,HU,95.2942951,percentile,GSCO | 1456 | 95.2942951 | Stage-I,134,Other Than Home University Seats Allotted to Other Than Home University Candidates,6d7be7bfe11968ab4df7bc938bca86a0d22716cad453c9ddf370472bf6b98585
a364fccf8115-PG_MCA_CAP3_Cutoff_All_Institutes_2025_26.pdf,6179,"Indira College of Engineering & Management, Pune",0617924110,2025-26,3,Maharashtra,GOBCO,GOBCO,HU,97.8055126,percentile,GOBCO | 584 | 97.8055126 | Stage-I,134,Other Than Home University Seats Allotted to Other Than Home University Candidates,ad10c50b77983ead66626b1c01fec503a6818539148898025fd94a6efede9baa
a364fccf8115-PG_MCA_CAP3_Cutoff_All_Institutes_2025_26.pdf,6201,"Dr. D. Y. Patil School Of MCA, Lohegaon,Pune",0620124110,2025-26,3,Maharashtra,GOPENH,GOPENH,HU,89.1331398,percentile,GOPENH | 3588 | 89.1331398 | Stage-I,135,Home University Seats Allotted to Home University Candidates,ea15875bfedb7a184ce24e0c7965ba2a02520ac952deec5bed5ae81d1dc25853
a364fccf8115-PG_MCA_CAP3_Cutoff_All_Institutes_2025_26.pdf,6201,"Dr. D. Y. Patil School Of MCA, Lohegaon,Pune",0620124110,2025-26,3,Maharashtra,GSTH,GSTH,HU,65.8578922,percentile,GSTH | 10801 | 65.8578922 | Stage-I,135,Home University Seats Allotted to Home University Candidates,e77a1ebc2b585e3e3b4cb449d269be6755ae1c43481335e9b7b9b0aa9dc885f1
a364fccf8115-PG_MCA_CAP3_Cutoff_All_Institutes_2025_26.pdf,6201,"Dr. D. Y. Patil School Of MCA, Lohegaon,Pune",0620124110,2025-26,3,Maharashtra,GNTBH,GNTBH,HU,69.7143504,percentile,GNTBH | 10064 | 69.7143504 | Stage-I,135,Home University Seats Allotted to Home University Candidates,719bcfe6e12e30e04ec6b0a0d5748743f19555cd7cbc378d74bf95e931905b80
a364fccf8115-PG_MCA_CAP3_Cutoff_All_Institutes_2025_26.pdf,6201,"Dr. D. Y. Patil School Of MCA, Lohegaon,Pune",0620124110,2025-26,3,Maharashtra,GNTCH,GNTCH,HU,82.8308366,percentile,GNTCH | 5825 | 82.8308366 | Stage-I,135,Home University Seats Allotted to Home University Candidates,85344b25694389cf3543d4df810f3d6a150d100e486bac4ab47318419b2ec673
a364fccf8115-PG_MCA_CAP3_Cutoff_All_Institutes_2025_26.pdf,6201,"Dr. D. Y. Patil School Of MCA, Lohegaon,Pune",0620124110,2025-26,3,Maharashtra,GOBCH,GOBCH,HU,73.5368477,percentile,GOBCH | 8507 | 73.5368477 | Stage-I,135,Home University Seats Allotted to Home University Candidates,6befb2f64dfc9577d2c063617de1d7a8d9e32f0b6a5d66912006a0023b08f119
a364fccf8115-PG_MCA_CAP3_Cutoff_All_Institutes_2025_26.pdf,6201,"Dr. D. Y. Patil School Of MCA, Lohegaon,Pune",0620124110,2025-26,3,Maharashtra,GOPENO,GOPENO,HU,90.7733494,percentile,GOPENO | 3015 | 90.7733494 | Stage-I,135,Other Than Home University Seats Allotted to Other Than Home University Candidates,455a6f4bba08ee87383252d3b9f3c907fd503b36edff6b5463b204a89bde92a2
a364fccf8115-PG_MCA_CAP3_Cutoff_All_Institutes_2025_26.pdf,6201,"Dr. D. Y. Patil School Of MCA, Lohegaon,Pune",0620124110,2025-26,3,Maharashtra,GSTO,GSTO,HU,82.9644433,percentile,GSTO | 5540 | 82.9644433 | Stage-I,135,Other Than Home University Seats Allotted to Other Than Home University Candidates,6a42a80bb9d2b50fbef443334a16a56164b2e5e4bef2089279f7f7022a6bab70
a364fccf8115-PG_MCA_CAP3_Cutoff_All_Institutes_2025_26.pdf,6201,"Dr. D. Y. Patil School Of MCA, Lohegaon,Pune",0620124110,2025-26,3,Maharashtra,GNTCO,GNTCO,HU,89.1966341,percentile,GNTCO | 3532 | 89.1966341 | Stage-I,135,Other Than Home University Seats Allotted to Other Than Home University Candidates,137fb05bb081735ad478d3f4ab6d95e9072f0ffea1bd8dcb0f6ad25735e73091
a364fccf8115-PG_MCA_CAP3_Cutoff_All_Institutes_2025_26.pdf,6201,"Dr. D. Y. Patil School Of MCA, Lohegaon,Pune",0620124110,2025-26,3,Maharashtra,GOBCO,GOBCO,HU,87.3496474,percentile,GOBCO | 4018 | 87.3496474 | Stage-I,135,Other Than Home University Seats Allotted to Other Than Home University Candidates,83e1b93479dc796b1b378a69ad1f8e3499ae5af761adb529354a6725c295bca0
a364fccf8115-PG_MCA_CAP3_Cutoff_All_Institutes_2025_26.pdf,6206,"Pune District Education Association's College of Engineering, Manjari(Bk), Hadapsar, Pune",0620624110,2025-26,3,Maharashtra,GOPENH,GOPENH,HU,73.5368477,percentile,GOPENH | 8490 | 73.5368477 | Stage-I,136,Home University Seats Allotted to Home University Candidates,55d2df07b47d0047958b215c9a7ed00690c32185e30886e69c18a4fd3e4c0b9b
a364fccf8115-PG_MCA_CAP3_Cutoff_All_Institutes_2025_26.pdf,6206,"Pune District Education Association's College of Engineering, Manjari(Bk), Hadapsar, Pune",0620624110,2025-26,3,Maharashtra,GSCH,GSCH,HU,71.1549338,percentile,GSCH | 9190 | 71.1549338 | Stage-I,136,Home University Seats Allotted to Home University Candidates,ce4e3c70b624ca74c3cff45b886b034371eaa23140b68a688df9da6b28ecf759
a364fccf8115-PG_MCA_CAP3_Cutoff_All_Institutes_2025_26.pdf,6206,"Pune District Education Association's College of Engineering, Manjari(Bk), Hadapsar, Pune",0620624110,2025-26,3,Maharashtra,GSTH,GSTH,HU,34.5198145,percentile,GSTH | 19321 | 34.5198145 | Stage-I,136,Home University Seats Allotted to Home University Candidates,5985156165bcc7a31073664f017625cd14e334b1987eae36c87208153d7bdd02
a364fccf8115-PG_MCA_CAP3_Cutoff_All_Institutes_2025_26.pdf,6206,"Pune District Education Association's College of Engineering, Manjari(Bk), Hadapsar, Pune",0620624110,2025-26,3,Maharashtra,GNTAH,GNTAH,HU,71.1549338,percentile,GNTAH | 9473 | 71.1549338 | Stage-I,136,Home University Seats Allotted to Home University Candidates,bdcb89434ec3157f36c5d3c1d4f2456634ce564d014d53124375e42dfea4c9fd
a364fccf8115-PG_MCA_CAP3_Cutoff_All_Institutes_2025_26.pdf,6206,"Pune District Education Association's College of Engineering, Manjari(Bk), Hadapsar, Pune",0620624110,2025-26,3,Maharashtra,GOBCH,GOBCH,HU,61.2807064,percentile,GOBCH | 12135 | 61.2807064 | Stage-I,136,Home University Seats Allotted to Home University Candidates,a5fe5772122b673474e21196e065d2416baf6a0a0292f16c2fcab6e9e4b38a83
a364fccf8115-PG_MCA_CAP3_Cutoff_All_Institutes_2025_26.pdf,6206,"Pune District Education Association's College of Engineering, Manjari(Bk), Hadapsar, Pune",0620624110,2025-26,3,Maharashtra,GOPENO,GOPENO,HU,77.8251197,percentile,GOPENO | 7041 | 77.8251197 | Stage-I,136,Other Than Home University Seats Allotted to Other Than Home University Candidates,b8e65d998694653db41045da2eafaa1a8a20002fdded05f3a96881132f0c195c
a364fccf8115-PG_MCA_CAP3_Cutoff_All_Institutes_2025_26.pdf,6206,"Pune District Education Association's College of Engineering, Manjari(Bk), Hadapsar, Pune",0620624110,2025-26,3,Maharashtra,GSTO,GSTO,HU,76.9216256,percentile,GSTO | 7417 | 76.9216256 | Stage-I,136,Other Than Home University Seats Allotted to Other Than Home University Candidates,a513b2c4dad88f80a8f338ba0242f6fc52e230fe952ea9d6e7269576e5183d31
a364fccf8115-PG_MCA_CAP3_Cutoff_All_Institutes_2025_26.pdf,6208,"Deccan Education Society's Chintamanrao Institute of Management Development & Research, Sangli",0620824110,2025-26,3,Maharashtra,GOPENH,GOPENH,HU,49.3533426,percentile,GOPENH | 15583 | 49.3533426 | Stage-I,137,Home University Seats Allotted to Home University Candidates,bbd560a1a8a0abad7259865c5bba1232ffd14a817ddb72e2553d57412f6b5562
a364fccf8115-PG_MCA_CAP3_Cutoff_All_Institutes_2025_26.pdf,6208,"Deccan Education Society's Chintamanrao Institute of Management Development & Research, Sangli",0620824110,2025-26,3,Maharashtra,GSCH,GSCH,HU,23.1010151,percentile,GSCH | 21605 | 23.1010151 | Stage-I,137,Home University Seats Allotted to Home University Candidates,466ad6872dc1a19e14e4f89c28227381f6d12e6bb35024adde0dfecd5a2a77ad
a364fccf8115-PG_MCA_CAP3_Cutoff_All_Institutes_2025_26.pdf,6208,"Deccan Education Society's Chintamanrao Institute of Management Development & Research, Sangli",0620824110,2025-26,3,Maharashtra,GOPENO,GOPENO,HU,39.3989669,percentile,GOPENO | 18233 | 39.3989669 | Stage-I,137,Other Than Home University Seats Allotted to Other Than Home University Candidates,738e7d201be63e451539a52fde72a288d3eb7aa9e209fb102322cfd557039b24
a364fccf8115-PG_MCA_CAP3_Cutoff_All_Institutes_2025_26.pdf,6208,"Deccan Education Society's Chintamanrao Institute of Management Development & Research, Sangli",0620824110,2025-26,3,Maharashtra,GOPENO,GOPENO,HU,46.3793819,percentile,GOPENO | 16326 | 46.3793819 | Stage-I,137,Other Than Home University Seats Allotted to Home University Candidates,a1aeb4ebccd6b238bd75fce036c40f3284f3ab46a6de9bc7c78ad71889bdb75e
a364fccf8115-PG_MCA_CAP3_Cutoff_All_Institutes_2025_26.pdf,6208,"Deccan Education Society's Chintamanrao Institute of Management Development & Research, Sangli",0620824110,2025-26,3,Maharashtra,GSCO,GSCO,HU,36.496736,percentile,GSCO | 18715 | 36.496736 | Stage-I,137,Other Than Home University Seats Allotted to Home University Candidates,7dc7aa004fd30facd01e2e2f9a342e4debb77af98b9e2655171cc96f527a2aa0
a364fccf8115-PG_MCA_CAP3_Cutoff_All_Institutes_2025_26.pdf,6208,"Deccan Education Society's Chintamanrao Institute of Management Development & Research, Sangli",0620824110,2025-26,3,Maharashtra,TFWS,TFWS,SL,34.5198145,percentile,TFWS | 19248 | 34.5198145 | Stage-I,137,Other Than Home University Seats Allotted to Home University Candidates,9878f86b6c3adfdc73dbd1a4567cba2cbbd025571aa1b71753e1b6812ff73a37
a364fccf8115-PG_MCA_CAP3_Cutoff_All_Institutes_2025_26.pdf,6212,"KIT's Institute of Management Education & Research, Kolhapur",0621224110,2025-26,3,Maharashtra,GOPENH,GOPENH,HU,89.1966341,percentile,GOPENH | 3484 | 89.1966341 | Stage-I,138,Home University Seats Allotted to Home University Candidates,8c4731e15e0a7246683a029cdc45e70a808a9f4d681d473a2db9a963787465ec
a364fccf8115-PG_MCA_CAP3_Cutoff_All_Institutes_2025_26.pdf,6212,"KIT's Institute of Management Education & Research, Kolhapur",0621224110,2025-26,3,Maharashtra,GSTH,GSTH,HU,87.3496474,percentile,GSTH | 4009 | 87.3496474 | Stage-I,138,Home University Seats Allotted to Home University Candidates,3d2728816f84bf0bac9e7358d246c482fb461642e148eb9dddc995c88ff46d0b
a364fccf8115-PG_MCA_CAP3_Cutoff_All_Institutes_2025_26.pdf,6212,"KIT's Institute of Management Education & Research, Kolhapur",0621224110,2025-26,3,Maharashtra,GNTAO,GNTAO,HU,44.5345198,percentile,GNTAO | 16966 | 44.5345198 | Stage-IV,138,Other Than Home University Seats Allotted to Other Than Home University Candidates,36858b97858919592dd753efac3e088081fd53bcf7def57185758d3694573625
a364fccf8115-PG_MCA_CAP3_Cutoff_All_Institutes_2025_26.pdf,6212,"KIT's Institute of Management Education & Research, Kolhapur",0621224110,2025-26,3,Maharashtra,GNTDO,GNTDO,HU,67.3579428,percentile,GNTDO | 10739 | 67.3579428 | Stage-IV,138,Other Than Home University Seats Allotted to Other Than Home University Candidates,da0b3aea3e1fa562517e40c708810818d90da1f35fce77a167b544b8ae9680d2
a364fccf8115-PG_MCA_CAP3_Cutoff_All_Institutes_2025_26.pdf,6213,"Chh. Shahu Institute Of Business Edu And Res Vasantraodada Patil Institute Of Management Studies & Research, Sangli",0621324110,2025-26,3,Maharashtra,GOPENH,GOPENH,HU,89.1966341,percentile,GOPENH | 3494 | 89.1966341 | Stage-I,139,Home University Seats Allotted to Home University Candidates,6151a3794a169810642c40dab3daafed6eaf3904758847c451fad0c1ffb154e6
a364fccf8115-PG_MCA_CAP3_Cutoff_All_Institutes_2025_26.pdf,6213,"Chh. Shahu Institute Of Business Edu And Res Vasantraodada Patil Institute Of Management Studies & Research, Sangli",0621324110,2025-26,3,Maharashtra,GSCH,GSCH,HU,67.3579428,percentile,GSCH | 10419 | 67.3579428 | Stage-I,139,Home University Seats Allotted to Home University Candidates,41dd331c00604362d462ae2402f60a6c05d4d1bdbc926947fc944b94acd44701
a364fccf8115-PG_MCA_CAP3_Cutoff_All_Institutes_2025_26.pdf,6213,"Chh. Shahu Institute Of Business Edu And Res Vasantraodada Patil Institute Of Management Studies & Research, Sangli",0621324110,2025-26,3,Maharashtra,GSTH,GSTH,HU,49.3533426,percentile,GSTH | 15726 | 49.3533426 | Stage-I,139,Home University Seats Allotted to Home University Candidates,89f3af15342734ae3990e2a7806981058eecdf75fd5605c12332db6168fe159c
a364fccf8115-PG_MCA_CAP3_Cutoff_All_Institutes_2025_26.pdf,6213,"Chh. Shahu Institute Of Business Edu And Res Vasantraodada Patil Institute Of Management Studies & Research, Sangli",0621324110,2025-26,3,Maharashtra,GOPENO,GOPENO,HU,51.4093808,percentile,GOPENO | 14973 | 51.4093808 | Stage-I,139,Other Than Home University Seats Allotted to Home University Candidates,eb54a14b07404f63042c7551ec5c631c924695b6c791067cc9bef2c5346cf032
a364fccf8115-PG_MCA_CAP3_Cutoff_All_Institutes_2025_26.pdf,6213,"Chh. Shahu Institute Of Business Edu And Res Vasantraodada Patil Institute Of Management Studies & Research, Sangli",0621324110,2025-26,3,Maharashtra,GSCO,GSCO,HU,49.3533426,percentile,GSCO | 15748 | 49.3533426 | Stage-I,139,Other Than Home University Seats Allotted to Home University Candidates,b90f055b8a6e54b59af76a50bb1048d1627d7c9180d607a90d54422310c6beb7
a364fccf8115-PG_MCA_CAP3_Cutoff_All_Institutes_2025_26.pdf,6213,"Chh. Shahu Institute Of Business Edu And Res Vasantraodada Patil Institute Of Management Studies & Research, Sangli",0621324110,2025-26,3,Maharashtra,TFWS,TFWS,SL,90.9663786,percentile,TFWS | 2891 | 90.9663786 | Stage-I,139,Other Than Home University Seats Allotted to Home University Candidates,e059bbb56b413fcab2b9b38513a46cf684549e3c1f0249a3d1eafb34da961855
a364fccf8115-PG_MCA_CAP3_Cutoff_All_Institutes_2025_26.pdf,6214,"K. E. Society's Rajarambapu Institute of Technology, Walwa, Sangli",0621424110,2025-26,3,Maharashtra,GOPENH,GOPENH,HU,87.3496474,percentile,GOPENH | 3964 | 87.3496474 | Stage-I,140,Home University Seats Allotted to Home University Candidates,4d3483d5914aebea9fcb185b29760a80746d9746c48db101a18c76f2af2f0fe3
a364fccf8115-PG_MCA_CAP3_Cutoff_All_Institutes_2025_26.pdf,6214,"K. E. Society's Rajarambapu Institute of Technology, Walwa, Sangli",0621424110,2025-26,3,Maharashtra,GSCH,GSCH,HU,71.1549338,percentile,GSCH | 9374 | 71.1549338 | Stage-I,140,Home University Seats Allotted to Home University Candidates,4949f519bc453c989a0d1b38781a80bf319624187728f2933719eb9cbb3de9d2
a364fccf8115-PG_MCA_CAP3_Cutoff_All_Institutes_2025_26.pdf,6214,"K. E. Society's Rajarambapu Institute of Technology, Walwa, Sangli",0621424110,2025-26,3,Maharashtra,GSTH,GSTH,HU,29.9046039,percentile,GSTH | 19908 | 29.9046039 | Stage-I,140,Home University Seats Allotted to Home University Candidates,9a629b5305123d4d210b58d101e39aed3b2c25a57f170878f37a2d39eff9f0c5
a364fccf8115-PG_MCA_CAP3_Cutoff_All_Institutes_2025_26.pdf,6214,"K. E. Society's Rajarambapu Institute of Technology, Walwa, Sangli",0621424110,2025-26,3,Maharashtra,GNTBH,GNTBH,HU,65.8578922,percentile,GNTBH | 11072 | 65.8578922 | Stage-I,140,Home University Seats Allotted to Home University Candidates,d02932496d2d99966cebfd8570b79259fff72c36fd0588da74d334e0f2b8f61d
a364fccf8115-PG_MCA_CAP3_Cutoff_All_Institutes_2025_26.pdf,6214,"K. E. Society's Rajarambapu Institute of Technology, Walwa, Sangli",0621424110,2025-26,3,Maharashtra,GOPENO,GOPENO,HU,76.9216256,percentile,GOPENO | 7831 | 76.9216256 | Stage-I,140,Other Than Home University Seats Allotted to Home University Candidates,e4ddd948d2f0977850d30a9740f442efa31c130984683c80ffe7bb55eb203d32
a364fccf8115-PG_MCA_CAP3_Cutoff_All_Institutes_2025_26.pdf,6219,"KSGBS's Bharat- Ratna Indira Gandhi College of Engineering, Kegaon, Solapur",0621924110,2025-26,3,Maharashtra,GOPENO,GOPENO,HU,7.4072677,percentile,GOPENO | 24387 | 7.4072677 | Stage-I,141,Other Than Home University Seats Allotted to Other Than Home University Candidates,383f68a4edf58e4f98123c61d66998577be06920a77d1d773feabdc9f59bc5a1
a364fccf8115-PG_MCA_CAP3_Cutoff_All_Institutes_2025_26.pdf,6219,"KSGBS's Bharat- Ratna Indira Gandhi College of Engineering, Kegaon, Solapur",0621924110,2025-26,3,Maharashtra,GOPENO,GOPENO,HU,51.4093808,percentile,GOPENO | 14749 | 51.4093808 | Stage-I,141,Other Than Home University Seats Allotted to Home University Candidates,95b69688cab3c2ce0ee91a2498a76027efeb17a84947e6b06dc8baf54c51d2b7
a364fccf8115-PG_MCA_CAP3_Cutoff_All_Institutes_2025_26.pdf,6220,"SVERI's College of Engineering, Pandharpur",0622024110,2025-26,3,Maharashtra,GOPENH,GOPENH,HU,65.8578922,percentile,GOPENH | 11335 | 65.8578922 | Stage-I,142,Home University Seats Allotted to Home University Candidates,aa7f6d447f0b139b64bd9ca45e228e5c64b8543914e3f663cf939c2c08abc966
a364fccf8115-PG_MCA_CAP3_Cutoff_All_Institutes_2025_26.pdf,6220,"SVERI's College of Engineering, Pandharpur",0622024110,2025-26,3,Maharashtra,GSCH,GSCH,HU,19.1539942,percentile,GSCH | 22133 | 19.1539942 | Stage-I,142,Home University Seats Allotted to Home University Candidates,0184d36bc37c3571edc16227d808826a818fc3f07d1c5b1d811fd2080022a3dc
a364fccf8115-PG_MCA_CAP3_Cutoff_All_Institutes_2025_26.pdf,6220,"SVERI's College of Engineering, Pandharpur",0622024110,2025-26,3,Maharashtra,GOPENO,GOPENO,HU,39.3989669,percentile,GOPENO | 17866 | 39.3989669 | Stage-I,142,Other Than Home University Seats Allotted to Home University Candidates,f54761335b5641ed6cf20503e147aa130107e9952a946a19b523d67f1678b406
a364fccf8115-PG_MCA_CAP3_Cutoff_All_Institutes_2025_26.pdf,6220,"SVERI's College of Engineering, Pandharpur",0622024110,2025-26,3,Maharashtra,TFWS,TFWS,SL,87.2080299,percentile,TFWS | 4207 | 87.2080299 | Stage-I,142,Other Than Home University Seats Allotted to Home University Candidates,60a3471584e0af3e83f647d95af4d46f9790311231f3dcd0d8183d95514a9d90
a364fccf8115-PG_MCA_CAP3_Cutoff_All_Institutes_2025_26.pdf,6222,"Dattajirao Kadam Technical Education Society's Textile & Engineering Institute, Ichalkaranji.",0622224110,2025-26,3,Maharashtra,GSTH,GSTH,HU,69.7143504,percentile,GSTH | 10103 | 69.7143504 | Stage-IV,143,Home University Seats Allotted to Home University Candidates,2087772b94060b40b903a6772e3a7123b4ae9a9dee9485b2c2f76d371ea9dd6c
a364fccf8115-PG_MCA_CAP3_Cutoff_All_Institutes_2025_26.pdf,6222,"Dattajirao Kadam Technical Education Society's Textile & Engineering Institute, Ichalkaranji.",0622224110,2025-26,3,Maharashtra,GSTO,GSTO,HU,27.2744425,percentile,GSTO | 20326 | 27.2744425 | Stage-IV,143,Other Than Home University Seats Allotted to Other Than Home University Candidates,68c70606156dbda997db996b9315afae4e6be35e6614917cca3866c1d4818ebe
a364fccf8115-PG_MCA_CAP3_Cutoff_All_Institutes_2025_26.pdf,6228,"Dr. D. Y. Patil Pratishthan's D.Y.Patil Institute of Master of Computer Applications and Management, Akurdi, Pune",0622824110,2025-26,3,Maharashtra,GOPENH,GOPENH,HU,96.392589,percentile,GOPENH | 1046 | 96.392589 | Stage-I,144,Home University Seats Allotted to Home University Candidates,2da9ce0251cfb8432ab190fedf1f9f9ada525e58cdfbef93bc22a3b4da928d45
a364fccf8115-PG_MCA_CAP3_Cutoff_All_Institutes_2025_26.pdf,6228,"Dr. D. Y. Patil Pratishthan's D.Y.Patil Institute of Master of Computer Applications and Management, Akurdi, Pune",0622824110,2025-26,3,Maharashtra,GSCH,GSCH,HU,85.3851665,percentile,GSCH | 4739 | 85.3851665 | Stage-I,144,Home University Seats Allotted to Home University Candidates,5abe740912382bc31913c244f2705098970680ac0b86bac7b54914000ff4b856
a364fccf8115-PG_MCA_CAP3_Cutoff_All_Institutes_2025_26.pdf,6228,"Dr. D. Y. Patil Pratishthan's D.Y.Patil Institute of Master of Computer Applications and Management, Akurdi, Pune",0622824110,2025-26,3,Maharashtra,GSTH,GSTH,HU,61.2807064,percentile,GSTH | 12675 | 61.2807064 | Stage-I,144,Home University Seats Allotted to Home University Candidates,847e45ef171cc545db74d597fdd549f53b5d407581281257b58f2dd982677173
a364fccf8115-PG_MCA_CAP3_Cutoff_All_Institutes_2025_26.pdf,6228,"Dr. D. Y. Patil Pratishthan's D.Y.Patil Institute of Master of Computer Applications and Management, Akurdi, Pune",0622824110,2025-26,3,Maharashtra,GNTAH,GNTAH,HU,89.1331398,percentile,GNTAH | 3602 | 89.1331398 | Stage-I,144,Home University Seats Allotted to Home University Candidates,32199996342f2765390f021992b41f0e63c8bd15195a5b57e8785d9abd650f5a
a364fccf8115-PG_MCA_CAP3_Cutoff_All_Institutes_2025_26.pdf,6228,"Dr. D. Y. Patil Pratishthan's D.Y.Patil Institute of Master of Computer Applications and Management, Akurdi, Pune",0622824110,2025-26,3,Maharashtra,GNTBH,GNTBH,HU,94.4270578,percentile,GNTBH | 1655 | 94.4270578 | Stage-I,144,Home University Seats Allotted to Home University Candidates,f94421e96bdd5c8de599e3168b511b2b9a956302042067f5a41191bfff0589a6
a364fccf8115-PG_MCA_CAP3_Cutoff_All_Institutes_2025_26.pdf,6228,"Dr. D. Y. Patil Pratishthan's D.Y.Patil Institute of Master of Computer Applications and Management, Akurdi, Pune",0622824110,2025-26,3,Maharashtra,GNTDH,GNTDH,HU,85.3851665,percentile,GNTDH | 4761 | 85.3851665 | Stage-I,144,Home University Seats Allotted to Home University Candidates,3d22ae37da76d906c792f79cbb83bb33802c1560ba0877a39c3cdbab5b2ef0db
a364fccf8115-PG_MCA_CAP3_Cutoff_All_Institutes_2025_26.pdf,6228,"Dr. D. Y. Patil Pratishthan's D.Y.Patil Institute of Master of Computer Applications and Management, Akurdi, Pune",0622824110,2025-26,3,Maharashtra,GOBCH,GOBCH,HU,94.6454851,percentile,GOBCH | 1634 | 94.6454851 | Stage-I,144,Home University Seats Allotted to Home University Candidates,d300b69175ab5d1b4a33e28d0eed32428dcf341df341dd1a8d771893ad097a0e
a364fccf8115-PG_MCA_CAP3_Cutoff_All_Institutes_2025_26.pdf,6228,"Dr. D. Y. Patil Pratishthan's D.Y.Patil Institute of Master of Computer Applications and Management, Akurdi, Pune",0622824110,2025-26,3,Maharashtra,GSEBCH,GSEBCH,HU,87.3496474,percentile,GSEBCH | 3888 | 87.3496474 | Stage-I,144,Home University Seats Allotted to Home University Candidates,e519710dce5f2555b6056863dd54034cfccaa06999d9f2299732a835815def21
a364fccf8115-PG_MCA_CAP3_Cutoff_All_Institutes_2025_26.pdf,6228,"Dr. D. Y. Patil Pratishthan's D.Y.Patil Institute of Master of Computer Applications and Management, Akurdi, Pune",0622824110,2025-26,3,Maharashtra,GOPENO,GOPENO,HU,97.8055126,percentile,GOPENO | 557 | 97.8055126 | Stage-I,144,Other Than Home University Seats Allotted to Other Than Home University Candidates,1ed9f7cf9c96678d053287d10a66c3bf16f250ca6b5c5ed6627127dae1cf2033
a364fccf8115-PG_MCA_CAP3_Cutoff_All_Institutes_2025_26.pdf,6228,"Dr. D. Y. Patil Pratishthan's D.Y.Patil Institute of Master of Computer Applications and Management, Akurdi, Pune",0622824110,2025-26,3,Maharashtra,GSCO,GSCO,HU,96.828928,percentile,GSCO | 958 | 96.828928 | Stage-I,144,Other Than Home University Seats Allotted to Other Than Home University Candidates,ffa74eac182e56f8c95a15e17cd1a68aca88caa01de3f078df4203f327ebbed3
a364fccf8115-PG_MCA_CAP3_Cutoff_All_Institutes_2025_26.pdf,6228,"Dr. D. Y. Patil Pratishthan's D.Y.Patil Institute of Master of Computer Applications and Management, Akurdi, Pune",0622824110,2025-26,3,Maharashtra,GSTO,GSTO,HU,82.9644433,percentile,GSTO | 5546 | 82.9644433 | Stage-I,144,Other Than Home University Seats Allotted to Other Than Home University Candidates,57f5d1c10fcce2994c0fc453800202377714eed4370c69bd6673a99e0404dd54
a364fccf8115-PG_MCA_CAP3_Cutoff_All_Institutes_2025_26.pdf,6231,"Sinhgad Technical Education Society's Sinhgad Institute of Management ,Vadgaon(Budruk),Pune",0623124110,2025-26,3,Maharashtra,GOPENH,GOPENH,HU,93.405226,percentile,GOPENH | 2195 | 93.405226 | Stage-I,145,Home University Seats Allotted to Home University Candidates,a898a68aa34629ec961930d4fd34b4449c7f594ddef7c3f71f08e8d732f4fa1d
a364fccf8115-PG_MCA_CAP3_Cutoff_All_Institutes_2025_26.pdf,6231,"Sinhgad Technical Education Society's Sinhgad Institute of Management ,Vadgaon(Budruk),Pune",0623124110,2025-26,3,Maharashtra,GSCH,GSCH,HU,67.3579428,percentile,GSCH | 10193 | 67.3579428 | Stage-I,145,Home University Seats Allotted to Home University Candidates,1a0a48f821bcb66a0fcaf0acda0e6cad147599a3a9f32023f1404ac65e42bf96
a364fccf8115-PG_MCA_CAP3_Cutoff_All_Institutes_2025_26.pdf,6231,"Sinhgad Technical Education Society's Sinhgad Institute of Management ,Vadgaon(Budruk),Pune",0623124110,2025-26,3,Maharashtra,GNTCH,GNTCH,HU,87.3496474,percentile,GNTCH | 4133 | 87.3496474 | Stage-I,145,Home University Seats Allotted to Home University Candidates,84f9bc5fa37b284fcf77a4685831c786d746532effe1fa278d29202ef62046ff
a364fccf8115-PG_MCA_CAP3_Cutoff_All_Institutes_2025_26.pdf,6231,"Sinhgad Technical Education Society's Sinhgad Institute of Management ,Vadgaon(Budruk),Pune",0623124110,2025-26,3,Maharashtra,GNTDH,GNTDH,HU,77.8251197,percentile,GNTDH | 7174 | 77.8251197 | Stage-I,145,Home University Seats Allotted to Home University Candidates,715d4b500378c9847a83e025d2f0d99c5f37f91a4d8e8d4c143d95eb05358b72
a364fccf8115-PG_MCA_CAP3_Cutoff_All_Institutes_2025_26.pdf,6231,"Sinhgad Technical Education Society's Sinhgad Institute of Management ,Vadgaon(Budruk),Pune",0623124110,2025-26,3,Maharashtra,GOBCH,GOBCH,HU,90.7733494,percentile,GOBCH | 2992 | 90.7733494 | Stage-I,145,Home University Seats Allotted to Home University Candidates,a3302221601ed821c815b695c9646885dc3669f2404a9e584b04b3ac349dd166
a364fccf8115-PG_MCA_CAP3_Cutoff_All_Institutes_2025_26.pdf,6231,"Sinhgad Technical Education Society's Sinhgad Institute of Management ,Vadgaon(Budruk),Pune",0623124110,2025-26,3,Maharashtra,GSEBCH,GSEBCH,HU,76.9216256,percentile,GSEBCH | 7846 | 76.9216256 | Stage-I,145,Home University Seats Allotted to Home University Candidates,1ba4ea3f0d844559450181ddfda36132fdf8578b8067179e2f96a215cb6d7bf7
a364fccf8115-PG_MCA_CAP3_Cutoff_All_Institutes_2025_26.pdf,6231,"Sinhgad Technical Education Society's Sinhgad Institute of Management ,Vadgaon(Budruk),Pune",0623124110,2025-26,3,Maharashtra,PWDOPENH,PWDOPENH,HU,39.3989669,percentile,PWDOPENH | 17953 | 39.3989669 | Stage-I,145,Home University Seats Allotted to Home University Candidates,0cfca9975ff26204414519c69374d2fa9d3ddab55d1bfc7d2bb48d73b905360b
a364fccf8115-PG_MCA_CAP3_Cutoff_All_Institutes_2025_26.pdf,6231,"Sinhgad Technical Education Society's Sinhgad Institute of Management ,Vadgaon(Budruk),Pune",0623124110,2025-26,3,Maharashtra,GOPENO,GOPENO,HU,92.3361383,percentile,GOPENO | 2252 | 92.3361383 | Stage-I,145,Other Than Home University Seats Allotted to Other Than Home University Candidates,b3849164605cf6d6fbe01f3c6b7e9b784e2dec3491d8b1cefc9e91f9a8b80e53
a364fccf8115-PG_MCA_CAP3_Cutoff_All_Institutes_2025_26.pdf,6231,"Sinhgad Technical Education Society's Sinhgad Institute of Management ,Vadgaon(Budruk),Pune",0623124110,2025-26,3,Maharashtra,GSCO,GSCO,HU,85.2118788,percentile,GSCO | 5179 | 85.2118788 | Stage-I,145,Other Than Home University Seats Allotted to Other Than Home University Candidates,8836b3017261e302c0a9a8cab3e42953c812fa2af82784e96c96e851d8f2a1fd
a364fccf8115-PG_MCA_CAP3_Cutoff_All_Institutes_2025_26.pdf,6231,"Sinhgad Technical Education Society's Sinhgad Institute of Management ,Vadgaon(Budruk),Pune",0623124110,2025-26,3,Maharashtra,GNTBO,GNTBO,HU,82.9644433,percentile,GNTBO | 5478 | 82.9644433 | Stage-I,145,Other Than Home University Seats Allotted to Other Than Home University Candidates,c6a2d0abdf44f604338a7abfaba5c0c3e737eed094bcbfe88fa8c5e23ced5274
a364fccf8115-PG_MCA_CAP3_Cutoff_All_Institutes_2025_26.pdf,6231,"Sinhgad Technical Education Society's Sinhgad Institute of Management ,Vadgaon(Budruk),Pune",0623124110,2025-26,3,Maharashtra,GOBCO,GOBCO,HU,90.9663786,percentile,GOBCO | 2843 | 90.9663786 | Stage-I,145,Other Than Home University Seats Allotted to Other Than Home University Candidates,1fc492a2231cb103d1f729a7d233e0de266b295eeb2beb17283e197d2b746dbf
a364fccf8115-PG_MCA_CAP3_Cutoff_All_Institutes_2025_26.pdf,6231,"Sinhgad Technical Education Society's Sinhgad Institute of Management ,Vadgaon(Budruk),Pune",0623124110,2025-26,3,Maharashtra,GSEBCO,GSEBCO,HU,92.1797821,percentile,GSEBCO | 2629 | 92.1797821 | Stage-I,145,Other Than Home University Seats Allotted to Other Than Home University Candidates,d33f0ebd4b7804e3fc4a59a5d2186f8f34b450da5ff698d47c993ea461f42df3
a364fccf8115-PG_MCA_CAP3_Cutoff_All_Institutes_2025_26.pdf,6231,"Sinhgad Technical Education Society's Sinhgad Institute of Management ,Vadgaon(Budruk),Pune",0623124110,2025-26,3,Maharashtra,EWS,EWS,SL,90.7733494,percentile,EWS | 3140 | 90.7733494 | Stage-I,145,Other Than Home University Seats Allotted to Other Than Home University Candidates,b2a00997227137dd33f4a94c5fcde352ec00f205210121d6876d74681bf2f2fa
a364fccf8115-PG_MCA_CAP3_Cutoff_All_Institutes_2025_26.pdf,6231,"Sinhgad Technical Education Society's Sinhgad Institute of Management ,Vadgaon(Budruk),Pune",0623124110,2025-26,3,Maharashtra,TFWS,TFWS,SL,95.2942951,percentile,TFWS | 1424 | 95.2942951 | Stage-I,145,Other Than Home University Seats Allotted to Other Than Home University Candidates,7d4714947c0bcb1f747b9a6653103db351ab51d74ec426b5ef8e1af2194040f9
a364fccf8115-PG_MCA_CAP3_Cutoff_All_Institutes_2025_26.pdf,6232,"Maharashtra Education Society's Institute of Management and Career Courses (IMCC), Pune",0623224110,2025-26,3,Maharashtra,GOPENH,GOPENH,HU,94.6454851,percentile,GOPENH | 1514 | 94.6454851 | Stage-I,146,Home University Seats Allotted to Home University Candidates,becd86bc38b9604d786496f9ca01a0a68d0a01f1390f4aea0b6db3208045950f
a364fccf8115-PG_MCA_CAP3_Cutoff_All_Institutes_2025_26.pdf,6232,"Maharashtra Education Society's Institute of Management and Career Courses (IMCC), Pune",0623224110,2025-26,3,Maharashtra,GSCH,GSCH,HU,80.5399495,percentile,GSCH | 6144 | 80.5399495 | Stage-I,146,Home University Seats Allotted to Home University Candidates,631075f6372dc4deb71850e5550b1c332e1888b3079535d39ed5f63d9ebb50d5
a364fccf8115-PG_MCA_CAP3_Cutoff_All_Institutes_2025_26.pdf,6232,"Maharashtra Education Society's Institute of Management and Career Courses (IMCC), Pune",0623224110,2025-26,3,Maharashtra,GSTH,GSTH,HU,85.3851665,percentile,GSTH | 4776 | 85.3851665 | Stage-I,146,Home University Seats Allotted to Home University Candidates,869a7618acab6591ec1c1940db4c889227645a1075f33d4615b8474187d09f8a
a364fccf8115-PG_MCA_CAP3_Cutoff_All_Institutes_2025_26.pdf,6232,"Maharashtra Education Society's Institute of Management and Career Courses (IMCC), Pune",0623224110,2025-26,3,Maharashtra,GNTDH,GNTDH,HU,93.5511867,percentile,GNTDH | 1896 | 93.5511867 | Stage-I,146,Home University Seats Allotted to Home University Candidates,42dffe7d7a572d836aaa87951561e80fa4aa7507c9da5c3cc525ec1417bc6d11
a364fccf8115-PG_MCA_CAP3_Cutoff_All_Institutes_2025_26.pdf,6232,"Maharashtra Education Society's Institute of Management and Career Courses (IMCC), Pune",0623224110,2025-26,3,Maharashtra,GOBCH,GOBCH,HU,90.7733494,percentile,GOBCH | 3194 | 90.7733494 | Stage-I,146,Home University Seats Allotted to Home University Candidates,dbf33f33300452813f91d034bd534b1cc9ac286954bc08cda0fff3a38b40557c
a364fccf8115-PG_MCA_CAP3_Cutoff_All_Institutes_2025_26.pdf,6232,"Maharashtra Education Society's Institute of Management and Career Courses (IMCC), Pune",0623224110,2025-26,3,Maharashtra,GOPENO,GOPENO,HU,96.828928,percentile,GOPENO | 946 | 96.828928 | Stage-I,146,Other Than Home University Seats Allotted to Other Than Home University Candidates,e17fc25a84769047e6bafe6ee75619c1514b9005cb7ca43f935a92b6d50ea24a
a364fccf8115-PG_MCA_CAP3_Cutoff_All_Institutes_2025_26.pdf,6232,"Maharashtra Education Society's Institute of Management and Career Courses (IMCC), Pune",0623224110,2025-26,3,Maharashtra,GSCO,GSCO,HU,94.4270578,percentile,GSCO | 1798 | 94.4270578 | Stage-I,146,Other Than Home University Seats Allotted to Other Than Home University Candidates,d898d0bf444b0cd3d7d97975b9f9550306aa47da42caa975c5cf035c99670ab1
a364fccf8115-PG_MCA_CAP3_Cutoff_All_Institutes_2025_26.pdf,6232,"Maharashtra Education Society's Institute of Management and Career Courses (IMCC), Pune",0623224110,2025-26,3,Maharashtra,GSTO,GSTO,HU,95.5548847,percentile,GSTO | 1270 | 95.5548847 | Stage-I,146,Other Than Home University Seats Allotted to Other Than Home University Candidates,7db1e56f9ac3c3622810b3e1130ae75b7e34b143ac3052257c8842d425adb97b
a364fccf8115-PG_MCA_CAP3_Cutoff_All_Institutes_2025_26.pdf,6232,"Maharashtra Education Society's Institute of Management and Career Courses (IMCC), Pune",0623224110,2025-26,3,Maharashtra,EWS,EWS,SL,97.0718086,percentile,EWS | 780 | 97.0718086 | Stage-I,146,Other Than Home University Seats Allotted to Other Than Home University Candidates,900d6790ede4d57218fc3d3ab4b885e9836065e5195006e07ac12dad5629b31c
a364fccf8115-PG_MCA_CAP3_Cutoff_All_Institutes_2025_26.pdf,6232,"Maharashtra Education Society's Institute of Management and Career Courses (IMCC), Pune",0623224110,2025-26,3,Maharashtra,TFWS,TFWS,SL,98.5181554,percentile,TFWS | 360 | 98.5181554 | Stage-I,146,Other Than Home University Seats Allotted to Other Than Home University Candidates,ef32f9cd682756bc7824b96b5e8d00d28ffb0637a616128a9cb96159ea6a76d9
a364fccf8115-PG_MCA_CAP3_Cutoff_All_Institutes_2025_26.pdf,6236,"Sinhgad Technical Education Society's , Sinhgad Institute of Business Administration & Research, Kondhawa-Saswad Road, Pune",0623624110,2025-26,3,Maharashtra,GOPENH,GOPENH,HU,82.8308366,percentile,GOPENH | 5659 | 82.8308366 | Stage-I,147,Home University Seats Allotted to Home University Candidates,8ac6abe4a82f3c6f3abf9bd8dcaf89eb398e5a6de22e2a0d7cc645040c3418a7
a364fccf8115-PG_MCA_CAP3_Cutoff_All_Institutes_2025_26.pdf,6236,"Sinhgad Technical Education Society's , Sinhgad Institute of Business Administration & Research, Kondhawa-Saswad Road, Pune",0623624110,2025-26,3,Maharashtra,GSCH,GSCH,HU,44.5345198,percentile,GSCH | 16955 | 44.5345198 | Stage-I,147,Home University Seats Allotted to Home University Candidates,dc4d286cf70918010462f5ec304f1bbb5f830884405946c258393cb15553a264
a364fccf8115-PG_MCA_CAP3_Cutoff_All_Institutes_2025_26.pdf,6236,"Sinhgad Technical Education Society's , Sinhgad Institute of Business Administration & Research, Kondhawa-Saswad Road, Pune",0623624110,2025-26,3,Maharashtra,GSTH,GSTH,HU,73.5368477,percentile,GSTH | 8716 | 73.5368477 | Stage-I,147,Home University Seats Allotted to Home University Candidates,41a10110c39d5ae21c8ba6776e1805fb53689417f9de6377184649b837a3a2db
a364fccf8115-PG_MCA_CAP3_Cutoff_All_Institutes_2025_26.pdf,6236,"Sinhgad Technical Education Society's , Sinhgad Institute of Business Administration & Research, Kondhawa-Saswad Road, Pune",0623624110,2025-26,3,Maharashtra,GNTBH,GNTBH,HU,73.5368477,percentile,GNTBH | 8823 | 73.5368477 | Stage-I,147,Home University Seats Allotted to Home University Candidates,7e2c0068ab7160f4a0cb95319e26aed788f9c76dc43a04648e2fa9fbaa62ae90
a364fccf8115-PG_MCA_CAP3_Cutoff_All_Institutes_2025_26.pdf,6236,"Sinhgad Technical Education Society's , Sinhgad Institute of Business Administration & Research, Kondhawa-Saswad Road, Pune",0623624110,2025-26,3,Maharashtra,GOBCH,GOBCH,HU,69.7143504,percentile,GOBCH | 9680 | 69.7143504 | Stage-I,147,Home University Seats Allotted to Home University Candidates,15a8b0c68fd4dd3b7ac212fc4b296d472aef223a8ddcdd268967d1fea3743b12
a364fccf8115-PG_MCA_CAP3_Cutoff_All_Institutes_2025_26.pdf,6236,"Sinhgad Technical Education Society's , Sinhgad Institute of Business Administration & Research, Kondhawa-Saswad Road, Pune",0623624110,2025-26,3,Maharashtra,GNTAH,GNTAH,HU,82.9644433,percentile,GNTAH | 5324 | 82.9644433 | Stage-I,147,Home University Seats Allotted to Other Than Home University Candidates,a0bb84d0ec6587936646eaeb7ef8b2b55f02c455c9a5159bbb9bbf0a7e4c91f0
a364fccf8115-PG_MCA_CAP3_Cutoff_All_Institutes_2025_26.pdf,6236,"Sinhgad Technical Education Society's , Sinhgad Institute of Business Administration & Research, Kondhawa-Saswad Road, Pune",0623624110,2025-26,3,Maharashtra,GOPENO,GOPENO,HU,85.3851665,percentile,GOPENO | 4586 | 85.3851665 | Stage-I,147,Other Than Home University Seats Allotted to Other Than Home University Candidates,2d347f66a38f57d4be564825f4a2cfb42a13cb78c85bc7b9daa38634c2963684
a364fccf8115-PG_MCA_CAP3_Cutoff_All_Institutes_2025_26.pdf,6236,"Sinhgad Technical Education Society's , Sinhgad Institute of Business Administration & Research, Kondhawa-Saswad Road, Pune",0623624110,2025-26,3,Maharashtra,GSCO,GSCO,HU,77.8251197,percentile,GSCO | 7267 | 77.8251197 | Stage-I,147,Other Than Home University Seats Allotted to Other Than Home University Candidates,dd3c4fdf618fecce7fe62cda581f9dda708f6e814558655b9154bd52ca9716ea
a364fccf8115-PG_MCA_CAP3_Cutoff_All_Institutes_2025_26.pdf,6236,"Sinhgad Technical Education Society's , Sinhgad Institute of Business Administration & Research, Kondhawa-Saswad Road, Pune",0623624110,2025-26,3,Maharashtra,GSTO,GSTO,HU,82.8308366,percentile,GSTO | 5820 | 82.8308366 | Stage-I,147,Other Than Home University Seats Allotted to Other Than Home University Candidates,afbfc9f36fe1bf46f598d0d157815e6737ebf79d467ad51971ccf01394188e69
a364fccf8115-PG_MCA_CAP3_Cutoff_All_Institutes_2025_26.pdf,6236,"Sinhgad Technical Education Society's , Sinhgad Institute of Business Administration & Research, Kondhawa-Saswad Road, Pune",0623624110,2025-26,3,Maharashtra,GNTCO,GNTCO,HU,82.9644433,percentile,GNTCO | 5356 | 82.9644433 | Stage-I,147,Other Than Home University Seats Allotted to Other Than Home University Candidates,b96fc1f2cf40ed6ee7376c740c95b855df69bc384b9e54e5529d1e95821a4a2c
a364fccf8115-PG_MCA_CAP3_Cutoff_All_Institutes_2025_26.pdf,6236,"Sinhgad Technical Education Society's , Sinhgad Institute of Business Administration & Research, Kondhawa-Saswad Road, Pune",0623624110,2025-26,3,Maharashtra,GOBCO,GOBCO,HU,82.8308366,percentile,GOBCO | 5741 | 82.8308366 | Stage-I,147,Other Than Home University Seats Allotted to Other Than Home University Candidates,c5c966be6056c8f812e5a217bb01afc4ef6983998b4b29bcaddf9a83aba2445d
a364fccf8115-PG_MCA_CAP3_Cutoff_All_Institutes_2025_26.pdf,6236,"Sinhgad Technical Education Society's , Sinhgad Institute of Business Administration & Research, Kondhawa-Saswad Road, Pune",0623624110,2025-26,3,Maharashtra,EWS,EWS,SL,34.5198145,percentile,EWS | 19138 | 34.5198145 | Stage-I,147,Other Than Home University Seats Allotted to Other Than Home University Candidates,351e674962f6b37f80ef63f215afb14f59f0cba89194886ec81788533b771fdb
a364fccf8115-PG_MCA_CAP3_Cutoff_All_Institutes_2025_26.pdf,6236,"Sinhgad Technical Education Society's , Sinhgad Institute of Business Administration & Research, Kondhawa-Saswad Road, Pune",0623624110,2025-26,3,Maharashtra,TFWS,TFWS,SL,94.6454851,percentile,TFWS | 1569 | 94.6454851 | Stage-I,147,Other Than Home University Seats Allotted to Other Than Home University Candidates,87110d817de99438112588415c4276094368c3ab6805d64c1a08c7aadf7937de
a364fccf8115-PG_MCA_CAP3_Cutoff_All_Institutes_2025_26.pdf,6239,"Sinhgad Technical Education Society, Sinhgad Institute of Management & Computer Application, Narhe (Ambegaon), Pune",0623924110,2025-26,3,Maharashtra,GOPENH,GOPENH,HU,85.3851665,percentile,GOPENH | 4537 | 85.3851665 | Stage-I,148,Home University Seats Allotted to Home University Candidates,9ed831a641c20e1fb2d1e4ee4e84f952680bd913c9532f1f2dbfaf061415d020
a364fccf8115-PG_MCA_CAP3_Cutoff_All_Institutes_2025_26.pdf,6239,"Sinhgad Technical Education Society, Sinhgad Institute of Management & Computer Application, Narhe (Ambegaon), Pune",0623924110,2025-26,3,Maharashtra,GSCH,GSCH,HU,61.2807064,percentile,GSCH | 12693 | 61.2807064 | Stage-I,148,Home University Seats Allotted to Home University Candidates,115262859135f3ab4c792c281a2b90790d439c043acba661f24a4da54a6fcc4e
a364fccf8115-PG_MCA_CAP3_Cutoff_All_Institutes_2025_26.pdf,6239,"Sinhgad Technical Education Society, Sinhgad Institute of Management & Computer Application, Narhe (Ambegaon), Pune",0623924110,2025-26,3,Maharashtra,GSTH,GSTH,HU,34.5198145,percentile,GSTH | 19335 | 34.5198145 | Stage-I,148,Home University Seats Allotted to Home University Candidates,62f4e50fda93f8c0d3708235676c6e250b0f55718260412c521470300b0cff9d
a364fccf8115-PG_MCA_CAP3_Cutoff_All_Institutes_2025_26.pdf,6239,"Sinhgad Technical Education Society, Sinhgad Institute of Management & Computer Application, Narhe (Ambegaon), Pune",0623924110,2025-26,3,Maharashtra,GNTAH,GNTAH,HU,82.8308366,percentile,GNTAH | 5929 | 82.8308366 | Stage-I,148,Home University Seats Allotted to Home University Candidates,9c9daecb4c021e82537d41cb4891b6498afd38bff09e98a87deb0973c1d153d1
a364fccf8115-PG_MCA_CAP3_Cutoff_All_Institutes_2025_26.pdf,6239,"Sinhgad Technical Education Society, Sinhgad Institute of Management & Computer Application, Narhe (Ambegaon), Pune",0623924110,2025-26,3,Maharashtra,GOBCH,GOBCH,HU,74.782248,percentile,GOBCH | 8299 | 74.782248 | Stage-I,148,Home University Seats Allotted to Home University Candidates,e5619a645cf4c6afcce190928a32cfb345f5d88c5c3f99983e9807f38957868b
a364fccf8115-PG_MCA_CAP3_Cutoff_All_Institutes_2025_26.pdf,6239,"Sinhgad Technical Education Society, Sinhgad Institute of Management & Computer Application, Narhe (Ambegaon), Pune",0623924110,2025-26,3,Maharashtra,GOPENO,GOPENO,HU,89.1966341,percentile,GOPENO | 3376 | 89.1966341 | Stage-I,148,Other Than Home University Seats Allotted to Other Than Home University Candidates,6c86bdd1bc7d34414f7668a69abdfe2f6745671a464159235cad3b55cceb8098
a364fccf8115-PG_MCA_CAP3_Cutoff_All_Institutes_2025_26.pdf,6239,"Sinhgad Technical Education Society, Sinhgad Institute of Management & Computer Application, Narhe (Ambegaon), Pune",0623924110,2025-26,3,Maharashtra,GSCO,GSCO,HU,82.8308366,percentile,GSCO | 5693 | 82.8308366 | Stage-I,148,Other Than Home University Seats Allotted to Other Than Home University Candidates,1576acf61838343a8e7f8a908028082cf02fb94f030f750be268cb75296cba27
a364fccf8115-PG_MCA_CAP3_Cutoff_All_Institutes_2025_26.pdf,6239,"Sinhgad Technical Education Society, Sinhgad Institute of Management & Computer Application, Narhe (Ambegaon), Pune",0623924110,2025-26,3,Maharashtra,GSTO,GSTO,HU,67.3579428,percentile,GSTO | 10383 | 67.3579428 | Stage-I,148,Other Than Home University Seats Allotted to Other Than Home University Candidates,c6a1a28d284eff51932291a138d8fcddac3362d9c44c08e04582a33a4b0aa7e8
a364fccf8115-PG_MCA_CAP3_Cutoff_All_Institutes_2025_26.pdf,6239,"Sinhgad Technical Education Society, Sinhgad Institute of Management & Computer Application, Narhe (Ambegaon), Pune",0623924110,2025-26,3,Maharashtra,GNTBO,GNTBO,HU,87.3496474,percentile,GNTBO | 4029 | 87.3496474 | Stage-I,148,Other Than Home University Seats Allotted to Other Than Home University Candidates,3dc9d75a8153c1c39991c22314c8a3649b55a509c8c3479184e3c734e2f927e1
a364fccf8115-PG_MCA_CAP3_Cutoff_All_Institutes_2025_26.pdf,6239,"Sinhgad Technical Education Society, Sinhgad Institute of Management & Computer Application, Narhe (Ambegaon), Pune",0623924110,2025-26,3,Maharashtra,GOBCO,GOBCO,HU,85.2118788,percentile,GOBCO | 5032 | 85.2118788 | Stage-I,148,Other Than Home University Seats Allotted to Other Than Home University Candidates,5d620fa6d91b48c5e572593b5a7489d935bcf3e9256e8a1477d96b928b99fe78
a364fccf8115-PG_MCA_CAP3_Cutoff_All_Institutes_2025_26.pdf,6240,"Siddhant Institute Of Computer Application, Sudambare",0624024110,2025-26,3,Maharashtra,GOPENH,GOPENH,HU,61.2807064,percentile,GOPENH | 12468 | 61.2807064 | Stage-I,149,Home University Seats Allotted to Home University Candidates,84158953aac2948bd862a250d219d37a8172f9180ecd66e3eb4776e788d5ebb4
a364fccf8115-PG_MCA_CAP3_Cutoff_All_Institutes_2025_26.pdf,6240,"Siddhant Institute Of Computer Application, Sudambare",0624024110,2025-26,3,Maharashtra,GOPENO,GOPENO,HU,76.9216256,percentile,GOPENO | 7710 | 76.9216256 | Stage-I,149,Other Than Home University Seats Allotted to Other Than Home University Candidates,e352a0c7aed4440ff541478de691274daa74f48a07c52bd94d6d8767e3987633
a364fccf8115-PG_MCA_CAP3_Cutoff_All_Institutes_2025_26.pdf,6240,"Siddhant Institute Of Computer Application, Sudambare",0624024110,2025-26,3,Maharashtra,MI-MH,MI-MH,MI,58.7911466,percentile,MI-MH | 13330 | 58.7911466 | Stage-MI-MH,149,Minority Seats : Minority Seats Allotted to Non Minority Candidates,0eae1d70243246877656660a8230a807f87bb397def821a21ac0854ca691ea49
a364fccf8115-PG_MCA_CAP3_Cutoff_All_Institutes_2025_26.pdf,6248,"KFS - Krishna Institute of Computer Application & Management, Wathar",0624824110,2025-26,3,Maharashtra,GOPENH,GOPENH,HU,61.2807064,percentile,GOPENH | 12514 | 61.2807064 | Stage-I,150,Home University Seats Allotted to Home University Candidates,67c342bede377c197805073b13f6d3e7e893d83e34b18d35d1c78c0c2b67c2d4
a364fccf8115-PG_MCA_CAP3_Cutoff_All_Institutes_2025_26.pdf,6248,"KFS - Krishna Institute of Computer Application & Management, Wathar",0624824110,2025-26,3,Maharashtra,GSCH,GSCH,HU,19.1539942,percentile,GSCH | 22449 | 19.1539942 | Stage-I,150,Home University Seats Allotted to Home University Candidates,29d3d70cbd14c1560912ce25117432271b33000d6588af5915a37bf41e2b02e4
a364fccf8115-PG_MCA_CAP3_Cutoff_All_Institutes_2025_26.pdf,6248,"KFS - Krishna Institute of Computer Application & Management, Wathar",0624824110,2025-26,3,Maharashtra,GSTH,GSTH,HU,44.5345198,percentile,GSTH | 16634 | 44.5345198 | Stage-I,150,Home University Seats Allotted to Home University Candidates,1b6ddeeee8a4e31902fad2e7eb6bfdd0c01aac1fdfca3480379e05de89fc0c65
a364fccf8115-PG_MCA_CAP3_Cutoff_All_Institutes_2025_26.pdf,6248,"KFS - Krishna Institute of Computer Application & Management, Wathar",0624824110,2025-26,3,Maharashtra,GOPENO,GOPENO,HU,23.1010151,percentile,GOPENO | 21341 | 23.1010151 | Stage-I,150,Other Than Home University Seats Allotted to Other Than Home University Candidates,96e852343bd85d678df2f62fab8eda060e3f53d855f7fd51b3ee3fe0f142cfdc
a364fccf8115-PG_MCA_CAP3_Cutoff_All_Institutes_2025_26.pdf,6248,"KFS - Krishna Institute of Computer Application & Management, Wathar",0624824110,2025-26,3,Maharashtra,GOBCO,GOBCO,HU,13.5402134,percentile,GOBCO | 23224 | 13.5402134 | Stage-I,150,Other Than Home University Seats Allotted to Other Than Home University Candidates,985c92d5f2d8ea955fc891dac9b6491a5118d4a14abdeaa6e4ec649ff37fa7a3
a364fccf8115-PG_MCA_CAP3_Cutoff_All_Institutes_2025_26.pdf,6248,"KFS - Krishna Institute of Computer Application & Management, Wathar",0624824110,2025-26,3,Maharashtra,GNTCO,GNTCO,HU,36.496736,percentile,GNTCO | 18635 | 36.496736 | Stage-IV,150,Other Than Home University Seats Allotted to Home University Candidates,e7c87abdffaf41779a22b04c79a419911037df50e0f8e0615ee9c9346200fe76
a364fccf8115-PG_MCA_CAP3_Cutoff_All_Institutes_2025_26.pdf,6248,"KFS - Krishna Institute of Computer Application & Management, Wathar",0624824110,2025-26,3,Maharashtra,GOBCO,GOBCO,HU,36.496736,percentile,GOBCO | 18692 | 36.496736 | Stage-IV,150,Other Than Home University Seats Allotted to Home University Candidates,d7e0530a719d2fc75b7917556bd568afc9ca77ff2df7040fe0d180da1272a46b
a364fccf8115-PG_MCA_CAP3_Cutoff_All_Institutes_2025_26.pdf,6268,"Tatyasaheb Kore Institute of Engineering and Technology, Warananagar",0626824110,2025-26,3,Maharashtra,GOPENH,GOPENH,HU,58.7911466,percentile,GOPENH | 13013 | 58.7911466 | Stage-I,151,Home University Seats Allotted to Other Than Home University Candidates,bc8cc077f5252f768b8803d56781c9e385370cc7ba86ffebe6763059c2b1d904
a364fccf8115-PG_MCA_CAP3_Cutoff_All_Institutes_2025_26.pdf,6268,"Tatyasaheb Kore Institute of Engineering and Technology, Warananagar",0626824110,2025-26,3,Maharashtra,GSCH,GSCH,HU,58.7911466,percentile,GSCH | 13072 | 58.7911466 | Stage-I,151,Home University Seats Allotted to Other Than Home University Candidates,e1aea65ccc2c0d670309b044eef18476e6edc17a3bb27be87a5bab004242c564
a364fccf8115-PG_MCA_CAP3_Cutoff_All_Institutes_2025_26.pdf,6268,"Tatyasaheb Kore Institute of Engineering and Technology, Warananagar",0626824110,2025-26,3,Maharashtra,GOPENO,GOPENO,HU,67.3579428,percentile,GOPENO | 10430 | 67.3579428 | Stage-I,151,Other Than Home University Seats Allotted to Other Than Home University Candidates,5aebf0c75a57af48c9fdb1c01c6e5f58d3c4195d86923877878681ddf64fa651
a364fccf8115-PG_MCA_CAP3_Cutoff_All_Institutes_2025_26.pdf,6268,"Tatyasaheb Kore Institute of Engineering and Technology, Warananagar",0626824110,2025-26,3,Maharashtra,GSTO,GSTO,HU,15.5994113,percentile,GSTO | 23092 | 15.5994113 | Stage-I,151,Other Than Home University Seats Allotted to Other Than Home University Candidates,f5de0867d0dee7c4ab89f0d83669f8c8d05fe149e4b273e96fd1ee0eed24058d
a364fccf8115-PG_MCA_CAP3_Cutoff_All_Institutes_2025_26.pdf,6268,"Tatyasaheb Kore Institute of Engineering and Technology, Warananagar",0626824110,2025-26,3,Maharashtra,GOBCO,GOBCO,HU,67.3579428,percentile,GOBCO | 10550 | 67.3579428 | Stage-I,151,Other Than Home University Seats Allotted to Other Than Home University Candidates,6b5b3f97913fcc5a26eb93a327ca9b3509d51a664aef165cba132d5e150c7723
a364fccf8115-PG_MCA_CAP3_Cutoff_All_Institutes_2025_26.pdf,6268,"Tatyasaheb Kore Institute of Engineering and Technology, Warananagar",0626824110,2025-26,3,Maharashtra,EWS,EWS,SL,49.3533426,percentile,EWS | 15358 | 49.3533426 | Stage-I,151,Other Than Home University Seats Allotted to Other Than Home University Candidates,c0637cd2a2d06d5ddc2e19f4c670ef88f2568878d0a4728c69defa621dc0fb3d
a364fccf8115-PG_MCA_CAP3_Cutoff_All_Institutes_2025_26.pdf,6268,"Tatyasaheb Kore Institute of Engineering and Technology, Warananagar",0626824110,2025-26,3,Maharashtra,TFWS,TFWS,SL,69.7143504,percentile,TFWS | 9745 | 69.7143504 | Stage-I,151,Other Than Home University Seats Allotted to Other Than Home University Candidates,736e9ec7220ff129b40a3c540173cefd1ce009b6b6b8ba27df0f094c21fff95c
a364fccf8115-PG_MCA_CAP3_Cutoff_All_Institutes_2025_26.pdf,6277,"Dr. J. J. Magdum Charitable Trust's Dr. J.J. Magdum College of Engineering, Jaysingpur",0627724110,2025-26,3,Maharashtra,GOPENH,GOPENH,HU,63.1574978,percentile,GOPENH | 11987 | 63.1574978 | Stage-I,152,Home University Seats Allotted to Home University Candidates,36a5ac7097c4945cef409a51556de6c5d7e3fa62b07feb06f50e5d417ef89ab7
a364fccf8115-PG_MCA_CAP3_Cutoff_All_Institutes_2025_26.pdf,6277,"Dr. J. J. Magdum Charitable Trust's Dr. J.J. Magdum College of Engineering, Jaysingpur",0627724110,2025-26,3,Maharashtra,GOBCH,GOBCH,HU,27.2744425,percentile,GOBCH | 20548 | 27.2744425 | Stage-I,152,Home University Seats Allotted to Home University Candidates,6d951ee37fe5e3aa7d97ff616b1e89846f2b6b78d1ceff6140648cb766067219
a364fccf8115-PG_MCA_CAP3_Cutoff_All_Institutes_2025_26.pdf,6277,"Dr. J. J. Magdum Charitable Trust's Dr. J.J. Magdum College of Engineering, Jaysingpur",0627724110,2025-26,3,Maharashtra,GSEBCH,GSEBCH,HU,51.4093808,percentile,GSEBCH | 15028 | 51.4093808 | Stage-I,152,Home University Seats Allotted to Home University Candidates,9f589e21f26c798b1c37ba36a1f74ebe1a4bb295289a8534615b37ff839ed1f2
a364fccf8115-PG_MCA_CAP3_Cutoff_All_Institutes_2025_26.pdf,6277,"Dr. J. J. Magdum Charitable Trust's Dr. J.J. Magdum College of Engineering, Jaysingpur",0627724110,2025-26,3,Maharashtra,GOPENO,GOPENO,HU,23.1010151,percentile,GOPENO | 21437 | 23.1010151 | Stage-I,152,Other Than Home University Seats Allotted to Other Than Home University Candidates,6c9a0aa79185bdfc1be78fc5dfad6053248c81b4c9427016b7d3ad9b13645568
a364fccf8115-PG_MCA_CAP3_Cutoff_All_Institutes_2025_26.pdf,6277,"Dr. J. J. Magdum Charitable Trust's Dr. J.J. Magdum College of Engineering, Jaysingpur",0627724110,2025-26,3,Maharashtra,GOPENO,GOPENO,HU,51.4093808,percentile,GOPENO | 15076 | 51.4093808 | Stage-I,152,Other Than Home University Seats Allotted to Home University Candidates,702a6dd3cd17b30bd41ee93c4e4b57a8c9df96f297cbd3e1a60e25aad4defa2e
a364fccf8115-PG_MCA_CAP3_Cutoff_All_Institutes_2025_26.pdf,6277,"Dr. J. J. Magdum Charitable Trust's Dr. J.J. Magdum College of Engineering, Jaysingpur",0627724110,2025-26,3,Maharashtra,TFWS,TFWS,SL,65.8578922,percentile,TFWS | 11327 | 65.8578922 | Stage-I,152,Other Than Home University Seats Allotted to Home University Candidates,40b81d2611394e9c517b75ef2345c83d6c904b3d04738e9b5c79df93d10111f7
a364fccf8115-PG_MCA_CAP3_Cutoff_All_Institutes_2025_26.pdf,6310,"Nutan Maharashtra Vidya Prasarak Mandal, Nutan Maharashtra Institute of Engineering &Technology, Talegaon station, Pune",0631024110,2025-26,3,Maharashtra,GOPENH,GOPENH,HU,82.8308366,percentile,GOPENH | 5865 | 82.8308366 | Stage-I,153,Home University Seats Allotted to Home University Candidates,d17cef36b9218e6e5c27f6bd2b2ca73ffdba276771ffb91183c682a3d9557167
a364fccf8115-PG_MCA_CAP3_Cutoff_All_Institutes_2025_26.pdf,6310,"Nutan Maharashtra Vidya Prasarak Mandal, Nutan Maharashtra Institute of Engineering &Technology, Talegaon station, Pune",0631024110,2025-26,3,Maharashtra,GSCH,GSCH,HU,63.1574978,percentile,GSCH | 11996 | 63.1574978 | Stage-I,153,Home University Seats Allotted to Home University Candidates,125f1f9fa2e31f9e048943b717b78e60fd72dae3246d3b15eee61e1049ac899f
a364fccf8115-PG_MCA_CAP3_Cutoff_All_Institutes_2025_26.pdf,6310,"Nutan Maharashtra Vidya Prasarak Mandal, Nutan Maharashtra Institute of Engineering &Technology, Talegaon station, Pune",0631024110,2025-26,3,Maharashtra,GSTH,GSTH,HU,79.9969812,percentile,GSTH | 6509 | 79.9969812 | Stage-I,153,Home University Seats Allotted to Home University Candidates,4b18252c62744df31d288b16b00e6e839653390e1c9009dfa1eef31ba5e2fbf8
a364fccf8115-PG_MCA_CAP3_Cutoff_All_Institutes_2025_26.pdf,6310,"Nutan Maharashtra Vidya Prasarak Mandal, Nutan Maharashtra Institute of Engineering &Technology, Talegaon station, Pune",0631024110,2025-26,3,Maharashtra,GOBCH,GOBCH,HU,80.5399495,percentile,GOBCH | 6289 | 80.5399495 | Stage-I,153,Home University Seats Allotted to Home University Candidates,70e23a3c5b4fc0809d5b6c8be9ff3ec66779ceb04b0087ff900dc8d1dd5ebb36
a364fccf8115-PG_MCA_CAP3_Cutoff_All_Institutes_2025_26.pdf,6310,"Nutan Maharashtra Vidya Prasarak Mandal, Nutan Maharashtra Institute of Engineering &Technology, Talegaon station, Pune",0631024110,2025-26,3,Maharashtra,GNTDH,GNTDH,HU,49.3533426,percentile,GNTDH | 15444 | 49.3533426 | Stage-I,153,Home University Seats Allotted to Other Than Home University Candidates,f526846839cf59c4bae58de6607895d62e37624e864f4039b980332724c05cf1
a364fccf8115-PG_MCA_CAP3_Cutoff_All_Institutes_2025_26.pdf,6310,"Nutan Maharashtra Vidya Prasarak Mandal, Nutan Maharashtra Institute of Engineering &Technology, Talegaon station, Pune",0631024110,2025-26,3,Maharashtra,GOPENO,GOPENO,HU,89.1331398,percentile,GOPENO | 3660 | 89.1331398 | Stage-I,153,Other Than Home University Seats Allotted to Other Than Home University Candidates,d82d1b9ede87355e5f694cffa70da455ca0ec9cc89ecccc8ac47efc2d99edd9f
a364fccf8115-PG_MCA_CAP3_Cutoff_All_Institutes_2025_26.pdf,6310,"Nutan Maharashtra Vidya Prasarak Mandal, Nutan Maharashtra Institute of Engineering &Technology, Talegaon station, Pune",0631024110,2025-26,3,Maharashtra,GSCO,GSCO,HU,71.1549338,percentile,GSCO | 9415 | 71.1549338 | Stage-I,153,Other Than Home University Seats Allotted to Other Than Home University Candidates,c23e781ae443396526941eb3485015ca904efc59ce756a07d37c679ad324b586
a364fccf8115-PG_MCA_CAP3_Cutoff_All_Institutes_2025_26.pdf,6310,"Nutan Maharashtra Vidya Prasarak Mandal, Nutan Maharashtra Institute of Engineering &Technology, Talegaon station, Pune",0631024110,2025-26,3,Maharashtra,GSTO,GSTO,HU,82.8308366,percentile,GSTO | 5907 | 82.8308366 | Stage-I,153,Other Than Home University Seats Allotted to Other Than Home University Candidates,3bc83ed8e993bd9b0d3ad770357f6d2230397a40dd1276fcbe21fbcbcb87985c
a364fccf8115-PG_MCA_CAP3_Cutoff_All_Institutes_2025_26.pdf,6319,"Shahajirao Patil Vikas Pratishthan, S.B.Patil College of Engineering, Vangali, Tal. Indapur",0631924110,2025-26,3,Maharashtra,GOPENH,GOPENH,HU,61.2807064,percentile,GOPENH | 12216 | 61.2807064 | Stage-I,154,Home University Seats Allotted to Home University Candidates,125e62b87175b62b2bd9344edde20ff642ab1f980d8c66476d149eff15ced1eb
a364fccf8115-PG_MCA_CAP3_Cutoff_All_Institutes_2025_26.pdf,6319,"Shahajirao Patil Vikas Pratishthan, S.B.Patil College of Engineering, Vangali, Tal. Indapur",0631924110,2025-26,3,Maharashtra,GSTH,GSTH,HU,25.4779232,percentile,GSTH | 21020 | 25.4779232 | Stage-I,154,Home University Seats Allotted to Home University Candidates,ac4bb95dbe36161558dd3230e65fc16fb87d3cffcec690967d4eb004eb411d67
a364fccf8115-PG_MCA_CAP3_Cutoff_All_Institutes_2025_26.pdf,6319,"Shahajirao Patil Vikas Pratishthan, S.B.Patil College of Engineering, Vangali, Tal. Indapur",0631924110,2025-26,3,Maharashtra,GNTAH,GNTAH,HU,49.3533426,percentile,GNTAH | 15690 | 49.3533426 | Stage-I,154,Home University Seats Allotted to Other Than Home University Candidates,bf9f356c7fd156509e7139e85b51d2b0f2f8c59034b1e084e927563df8f7cb9f
a364fccf8115-PG_MCA_CAP3_Cutoff_All_Institutes_2025_26.pdf,6319,"Shahajirao Patil Vikas Pratishthan, S.B.Patil College of Engineering, Vangali, Tal. Indapur",0631924110,2025-26,3,Maharashtra,GSEBCH,GSEBCH,HU,44.5345198,percentile,GSEBCH | 16450 | 44.5345198 | Stage-I,154,Home University Seats Allotted to Other Than Home University Candidates,d1cd0b813fde47f04af4cfa096430d6aa947dc8240f5e5370b1663dda63d05b9
a364fccf8115-PG_MCA_CAP3_Cutoff_All_Institutes_2025_26.pdf,6319,"Shahajirao Patil Vikas Pratishthan, S.B.Patil College of Engineering, Vangali, Tal. Indapur",0631924110,2025-26,3,Maharashtra,GNTBO,GNTBO,HU,56.5488095,percentile,GNTBO | 13545 | 56.5488095 | Stage-IV,154,Other Than Home University Seats Allotted to Other Than Home University Candidates,b93cad5dbe5571e73ff348f4f11b78987c2c1ce92983a37fe8e6ebbd7ecc3e70
a364fccf8115-PG_MCA_CAP3_Cutoff_All_Institutes_2025_26.pdf,6319,"Shahajirao Patil Vikas Pratishthan, S.B.Patil College of Engineering, Vangali, Tal. Indapur",0631924110,2025-26,3,Maharashtra,GNTDO,GNTDO,HU,82.8308366,percentile,GNTDO | 5893 | 82.8308366 | Stage-IV,154,Other Than Home University Seats Allotted to Other Than Home University Candidates,81daed2d7ecb8b008da05ad3449042f2e041483df64fba45486616c5128c14cf
a364fccf8115-PG_MCA_CAP3_Cutoff_All_Institutes_2025_26.pdf,6319,"Shahajirao Patil Vikas Pratishthan, S.B.Patil College of Engineering, Vangali, Tal. Indapur",0631924110,2025-26,3,Maharashtra,TFWS,TFWS,SL,82.8308366,percentile,TFWS | 5986 | 82.8308366 | Stage-I,154,Other Than Home University Seats Allotted to Other Than Home University Candidates,937791080b2f4846926893a7ba1c2a709913d935c8d0519ee59e8a5769becc8c
a364fccf8115-PG_MCA_CAP3_Cutoff_All_Institutes_2025_26.pdf,6321,"Vidya Vikas Pratishthan Institute of Engineering and Technology, Solapur",0632124110,2025-26,3,Maharashtra,GOPENO,GOPENO,HU,2.0662871,percentile,GOPENO | 25179 | 2.0662871 | Stage-I,155,Other Than Home University Seats Allotted to Other Than Home University Candidates,7ea71152fbb953096ffa6ce8bc6564d397a18d5eb0d894680812f28bdf36f240
a364fccf8115-PG_MCA_CAP3_Cutoff_All_Institutes_2025_26.pdf,6321,"Vidya Vikas Pratishthan Institute of Engineering and Technology, Solapur",0632124110,2025-26,3,Maharashtra,GOPENO,GOPENO,HU,58.7911466,percentile,GOPENO | 13274 | 58.7911466 | Stage-I,155,Other Than Home University Seats Allotted to Home University Candidates,ab0aa1d834944c23a2bcfc5e9961e9f481f1fa69bf41743754f03b44fb81f118
a364fccf8115-PG_MCA_CAP3_Cutoff_All_Institutes_2025_26.pdf,6467,"Swami Vivekanand Institute Of Technology, Solapur",0646724110,2025-26,3,Maharashtra,GOPENH,GOPENH,HU,21.0059952,percentile,GOPENH | 22005 | 21.0059952 | Stage-I,156,Home University Seats Allotted to Home University Candidates,3f19cc48e23ef042645d8e8162ce92d43c8cd6550ca3c664705090da6312d115
a364fccf8115-PG_MCA_CAP3_Cutoff_All_Institutes_2025_26.pdf,6467,"Swami Vivekanand Institute Of Technology, Solapur",0646724110,2025-26,3,Maharashtra,GSCH,GSCH,HU,19.1539942,percentile,GSCH | 22256 | 19.1539942 | Stage-I,156,Home University Seats Allotted to Home University Candidates,1136a9d6553357b28b759b0ba8f4b38811affdea934b8e704dd86921d40b2af1
a364fccf8115-PG_MCA_CAP3_Cutoff_All_Institutes_2025_26.pdf,6467,"Swami Vivekanand Institute Of Technology, Solapur",0646724110,2025-26,3,Maharashtra,GNTCH,GNTCH,HU,19.1539942,percentile,GNTCH | 22132 | 19.1539942 | Stage-I,156,Home University Seats Allotted to Home University Candidates,9ccf738b212177711198f5ca7f1216d8aded8f9fbf0d66930c271d7bd119d1af
a364fccf8115-PG_MCA_CAP3_Cutoff_All_Institutes_2025_26.pdf,6467,"Swami Vivekanand Institute Of Technology, Solapur",0646724110,2025-26,3,Maharashtra,GOPENO,GOPENO,HU,2.0301121,percentile,GOPENO | 25279 | 2.0301121 | Stage-I,156,Other Than Home University Seats Allotted to Other Than Home University Candidates,90209513a7ac94ab0cdff8a6045c439051290ffd6aedbc53bdcc6f52215e47b4
a364fccf8115-PG_MCA_CAP3_Cutoff_All_Institutes_2025_26.pdf,6467,"Swami Vivekanand Institute Of Technology, Solapur",0646724110,2025-26,3,Maharashtra,GOPENO,GOPENO,HU,5.5960152,percentile,GOPENO | 24754 | 5.5960152 | Stage-I,156,Other Than Home University Seats Allotted to Home University Candidates,4f69d98cab672462baef01a467698810497979ccca96b0434eb579ea9d420b80
a364fccf8115-PG_MCA_CAP3_Cutoff_All_Institutes_2025_26.pdf,6545,"Samarth Education Trust's Arvind Gavali College Of Engineering Panwalewadi, Varye,Satara.",0654524110,2025-26,3,Maharashtra,GOPENH,GOPENH,HU,49.3533426,percentile,GOPENH | 15239 | 49.3533426 | Stage-I,157,Home University Seats Allotted to Home University Candidates,01160e4b0763fc8ae1ae5d2c44005bb72e37c8954b355528690f4fbffa8be83a
a364fccf8115-PG_MCA_CAP3_Cutoff_All_Institutes_2025_26.pdf,6545,"Samarth Education Trust's Arvind Gavali College Of Engineering Panwalewadi, Varye,Satara.",0654524110,2025-26,3,Maharashtra,GSCH,GSCH,HU,19.1539942,percentile,GSCH | 22345 | 19.1539942 | Stage-I,157,Home University Seats Allotted to Home University Candidates,45febe0d3582733adbc1a66e0001f7df541598ccec87ebc301fff40a800cce63
a364fccf8115-PG_MCA_CAP3_Cutoff_All_Institutes_2025_26.pdf,6545,"Samarth Education Trust's Arvind Gavali College Of Engineering Panwalewadi, Varye,Satara.",0654524110,2025-26,3,Maharashtra,GSTH,GSTH,HU,23.1010151,percentile,GSTH | 21508 | 23.1010151 | Stage-I,157,Home University Seats Allotted to Home University Candidates,9eeec8dfcc39cf2b812f0b1a2d7d562000e899960815e7c9593323df76ef22c6
a364fccf8115-PG_MCA_CAP3_Cutoff_All_Institutes_2025_26.pdf,6545,"Samarth Education Trust's Arvind Gavali College Of Engineering Panwalewadi, Varye,Satara.",0654524110,2025-26,3,Maharashtra,GOPENO,GOPENO,HU,9.7430286,percentile,GOPENO | 24025 | 9.7430286 | Stage-I,157,Other Than Home University Seats Allotted to Other Than Home University Candidates,5398172edb604c6d433f46705a651cc616aa3c78d5ff0365fe25253badbbdc77
a364fccf8115-PG_MCA_CAP3_Cutoff_All_Institutes_2025_26.pdf,6545,"Samarth Education Trust's Arvind Gavali College Of Engineering Panwalewadi, Varye,Satara.",0654524110,2025-26,3,Maharashtra,GSCO,GSCO,HU,16.9789978,percentile,GSCO | 22518 | 16.9789978 | Stage-IV,157,Other Than Home University Seats Allotted to Home University Candidates,d2ae19b9679f5d990ec421380681568113dff6204a657d337f026a5dd8072337
a364fccf8115-PG_MCA_CAP3_Cutoff_All_Institutes_2025_26.pdf,6545,"Samarth Education Trust's Arvind Gavali College Of Engineering Panwalewadi, Varye,Satara.",0654524110,2025-26,3,Maharashtra,GSTO,GSTO,HU,23.1010151,percentile,GSTO | 21555 | 23.1010151 | Stage-IV,157,Other Than Home University Seats Allotted to Home University Candidates,b3f7bae9f36ed5be53b9d4816f5b239e664e71757068ab61c50afdce5f0a68de
a364fccf8115-PG_MCA_CAP3_Cutoff_All_Institutes_2025_26.pdf,6545,"Samarth Education Trust's Arvind Gavali College Of Engineering Panwalewadi, Varye,Satara.",0654524110,2025-26,3,Maharashtra,GNTAO,GNTAO,HU,23.1010151,percentile,GNTAO | 21641 | 23.1010151 | Stage-IV,157,Other Than Home University Seats Allotted to Home University Candidates,286fe150217922bbffc24430166c29e3e62bbcbd7c0c584245061b3eea094ba6
a364fccf8115-PG_MCA_CAP3_Cutoff_All_Institutes_2025_26.pdf,6545,"Samarth Education Trust's Arvind Gavali College Of Engineering Panwalewadi, Varye,Satara.",0654524110,2025-26,3,Maharashtra,GOBCO,GOBCO,HU,21.0059952,percentile,GOBCO | 21943 | 21.0059952 | Stage-IV,157,Other Than Home University Seats Allotted to Home University Candidates,cf266b33e9d1b15a260eac005e7a6edd1ee1f391d1fbc8421575ec95e61835a2
a364fccf8115-PG_MCA_CAP3_Cutoff_All_Institutes_2025_26.pdf,6547,"Suryadatta Educational Foundation, Suryadatta Institute of Management and Mass Communication, Pune",0654724110,2025-26,3,Maharashtra,GOPENH,GOPENH,HU,94.6454851,percentile,GOPENH | 1623 | 94.6454851 | Stage-I,158,Home University Seats Allotted to Home University Candidates,c544f73c3735e03df46440a2658a0378cf72d199eee0e0be29f66614b3c10d7f
a364fccf8115-PG_MCA_CAP3_Cutoff_All_Institutes_2025_26.pdf,6547,"Suryadatta Educational Foundation, Suryadatta Institute of Management and Mass Communication, Pune",0654724110,2025-26,3,Maharashtra,GOPENO,GOPENO,HU,89.1966341,percentile,GOPENO | 3370 | 89.1966341 | Stage-I,158,Other Than Home University Seats Allotted to Other Than Home University Candidates,e128d86505601cb380f341ac72a0e8568fdd6567f1e08c5fc43a0b6c7be12f27
a364fccf8115-PG_MCA_CAP3_Cutoff_All_Institutes_2025_26.pdf,6547,"Suryadatta Educational Foundation, Suryadatta Institute of Management and Mass Communication, Pune",0654724110,2025-26,3,Maharashtra,MI-MH,MI-MH,MI,79.9969812,percentile,MI-MH | 6743 | 79.9969812 | Stage-MI-MH,158,Minority Seats : Minority Seats Allotted to Non Minority Candidates,059aab52b88ef9845597abd5c6860035a80eb0afbd464cbfe59755b7d8ca6029
a364fccf8115-PG_MCA_CAP3_Cutoff_All_Institutes_2025_26.pdf,6548,"Suryadatta Educational Foundation, Suryadatta Institute of Business Management and Technology, Pune",0654824110,2025-26,3,Maharashtra,MI-MH,MI-MH,MI,71.1549338,percentile,MI-MH | 9188 | 71.1549338 | Stage-MI-MH,159,Minority Seats : Minority Seats Allotted to Non Minority Candidates,4c3ddd74c1ac5537e1a130b3dda93153c836e807e551172765db160148fd2114
a364fccf8115-PG_MCA_CAP3_Cutoff_All_Institutes_2025_26.pdf,6614,"Sadhu Vaswani Institute Of Management Studies For Girls, Koregaon, Pune",0654824110,2025-26,3,Maharashtra,GOPENH,GOPENH,HU,89.1331398,percentile,GOPENH | 3668 | 89.1331398 | Stage-I,160,Home University Seats Allotted to Home University Candidates,18fa1e6302fc6f734bd1b6a46f07dd65ab939d4505642c6bbbfb25f84b6e3871
a364fccf8115-PG_MCA_CAP3_Cutoff_All_Institutes_2025_26.pdf,6614,"Sadhu Vaswani Institute Of Management Studies For Girls, Koregaon, Pune",0654824110,2025-26,3,Maharashtra,GOPENO,GOPENO,HU,67.3579428,percentile,GOPENO | 10702 | 67.3579428 | Stage-I,160,Other Than Home University Seats Allotted to Other Than Home University Candidates,d8e83ec12668ce7814769febf56a96b9f8e9d7e45ab70b9b55db37e88394f16a
a364fccf8115-PG_MCA_CAP3_Cutoff_All_Institutes_2025_26.pdf,6614,"Sadhu Vaswani Institute Of Management Studies For Girls, Koregaon, Pune",0654824110,2025-26,3,Maharashtra,MI-MH,MI-MH,MI,63.1574978,percentile,MI-MH | 11778 | 63.1574978 | Stage-MI-MH,160,Minority Seats : Minority Seats Allotted to Non Minority Candidates,3addfb4b70936f69067a06a6d61baa48fc87ecbf4135bd78b97f53f0b4e6dadd
a364fccf8115-PG_MCA_CAP3_Cutoff_All_Institutes_2025_26.pdf,6628,"Dattakala Group Of Institutions, Swami - Chincholi Tal. Daund Dist. Pune",0662824110,2025-26,3,Maharashtra,GOPENH,GOPENH,HU,65.8578922,percentile,GOPENH | 11190 | 65.8578922 | Stage-I,161,Home University Seats Allotted to Home University Candidates,31d080d9d9dd62b6c0e89b052063adc90da57f3020483a7b31e22af0b015460d
a364fccf8115-PG_MCA_CAP3_Cutoff_All_Institutes_2025_26.pdf,6628,"Dattakala Group Of Institutions, Swami - Chincholi Tal. Daund Dist. Pune",0662824110,2025-26,3,Maharashtra,GSCH,GSCH,HU,12.4750009,percentile,GSCH | 23663 | 12.4750009 | Stage-I,161,Home University Seats Allotted to Home University Candidates,e77f98b95a94897b410dbf910f508ce3f7cecbf0d1a19c1e4617fa4d160ad4c1
a364fccf8115-PG_MCA_CAP3_Cutoff_All_Institutes_2025_26.pdf,6628,"Dattakala Group Of Institutions, Swami - Chincholi Tal. Daund Dist. Pune",0662824110,2025-26,3,Maharashtra,GSTH,GSTH,HU,51.4093808,percentile,GSTH | 15164 | 51.4093808 | Stage-I,161,Home University Seats Allotted to Home University Candidates,bdec4440f6266883c1a9ec58a62cb6cfb7c3713de8d371989f1727e18a275d65
a364fccf8115-PG_MCA_CAP3_Cutoff_All_Institutes_2025_26.pdf,6628,"Dattakala Group Of Institutions, Swami - Chincholi Tal. Daund Dist. Pune",0662824110,2025-26,3,Maharashtra,GNTAH,GNTAH,HU,41.4550394,percentile,GNTAH | 17405 | 41.4550394 | Stage-I,161,Home University Seats Allotted to Home University Candidates,be50ff40c8f2aaff2af48e4bd91ff368c7c7ce4020869025b433187339fbe72d
a364fccf8115-PG_MCA_CAP3_Cutoff_All_Institutes_2025_26.pdf,6628,"Dattakala Group Of Institutions, Swami - Chincholi Tal. Daund Dist. Pune",0662824110,2025-26,3,Maharashtra,GSCH,GSCH,HU,31.6629561,percentile,GSCH | 19758 | 31.6629561 | Stage-I,161,Home University Seats Allotted to Other Than Home University Candidates,b28d10da0cf30aee610572ef733ba5dff77e613f53ce640b6a7d0e308ed79c4d
a364fccf8115-PG_MCA_CAP3_Cutoff_All_Institutes_2025_26.pdf,6628,"Dattakala Group Of Institutions, Swami - Chincholi Tal. Daund Dist. Pune",0662824110,2025-26,3,Maharashtra,GOPENO,GOPENO,HU,61.2807064,percentile,GOPENO | 12589 | 61.2807064 | Stage-I,161,Other Than Home University Seats Allotted to Other Than Home University Candidates,d391dced96f2f0d5aa873c8cd27c381f26ef2a8a73064dc248a2080e606984c9
a364fccf8115-PG_MCA_CAP3_Cutoff_All_Institutes_2025_26.pdf,6628,"Dattakala Group Of Institutions, Swami - Chincholi Tal. Daund Dist. Pune",0662824110,2025-26,3,Maharashtra,GSCO,GSCO,HU,34.5198145,percentile,GSCO | 18984 | 34.5198145 | Stage-I,161,Other Than Home University Seats Allotted to Other Than Home University Candidates,81779e87c63a8795bf9a1f94458593bb3e3b05e12317c814fc4076ba6a43b71c
a364fccf8115-PG_MCA_CAP3_Cutoff_All_Institutes_2025_26.pdf,6628,"Dattakala Group Of Institutions, Swami - Chincholi Tal. Daund Dist. Pune",0662824110,2025-26,3,Maharashtra,GNTAO,GNTAO,HU,51.4093808,percentile,GNTAO | 15140 | 51.4093808 | Stage-I,161,Other Than Home University Seats Allotted to Other Than Home University Candidates,8fef486ef045453ca8861d7c7e48c401ec99710a916217ba0b07f9059cb82d52
a364fccf8115-PG_MCA_CAP3_Cutoff_All_Institutes_2025_26.pdf,6628,"Dattakala Group Of Institutions, Swami - Chincholi Tal. Daund Dist. Pune",0662824110,2025-26,3,Maharashtra,GOBCO,GOBCO,HU,51.4093808,percentile,GOBCO | 15060 | 51.4093808 | Stage-I,161,Other Than Home University Seats Allotted to Other Than Home University Candidates,6be279a63c68f6f0cd3432cef7bb8d779380c424d43ee1ffd7ed2e5f3897926f
a364fccf8115-PG_MCA_CAP3_Cutoff_All_Institutes_2025_26.pdf,6628,"Dattakala Group Of Institutions, Swami - Chincholi Tal. Daund Dist. Pune",0662824110,2025-26,3,Maharashtra,TFWS,TFWS,SL,90.7733494,percentile,TFWS | 3091 | 90.7733494 | Stage-I,161,Other Than Home University Seats Allotted to Other Than Home University Candidates,7ec7d3dab5597b173b83c365519158b00d167da87547f4ed5d571f4dc13738a2
a364fccf8115-PG_MCA_CAP3_Cutoff_All_Institutes_2025_26.pdf,6632,Navsahyadri Education Society's Group of Institutions,0663224110,2025-26,3,Maharashtra,GOPENH,GOPENH,HU,58.7911466,percentile,GOPENH | 12758 | 58.7911466 | Stage-I,162,Home University Seats Allotted to Home University Candidates,be7180f0ec35ad94243740156ef9ebe2f3bac8737ed168ed758444af0ba81016
a364fccf8115-PG_MCA_CAP3_Cutoff_All_Institutes_2025_26.pdf,6632,Navsahyadri Education Society's Group of Institutions,0663224110,2025-26,3,Maharashtra,GSCH,GSCH,HU,23.1010151,percentile,GSCH | 21456 | 23.1010151 | Stage-I,162,Home University Seats Allotted to Home University Candidates,bf4a1119792135bd6312f6b90f9703dacd6617713e9e3888f39ca425103e88f2
a364fccf8115-PG_MCA_CAP3_Cutoff_All_Institutes_2025_26.pdf,6632,Navsahyadri Education Society's Group of Institutions,0663224110,2025-26,3,Maharashtra,GSTH,GSTH,HU,29.9046039,percentile,GSTH | 19920 | 29.9046039 | Stage-I,162,Home University Seats Allotted to Home University Candidates,0afec167252deb56c407d7b592582c4c9bb60092b237b1f0f2804275a2ee59ca
a364fccf8115-PG_MCA_CAP3_Cutoff_All_Institutes_2025_26.pdf,6632,Navsahyadri Education Society's Group of Institutions,0663224110,2025-26,3,Maharashtra,GNTAH,GNTAH,HU,25.4779232,percentile,GNTAH | 21089 | 25.4779232 | Stage-I,162,Home University Seats Allotted to Home University Candidates,a9307506059d00b8df551c7b7db1104242ae37ac6f756cca30537b9bc0053807
a364fccf8115-PG_MCA_CAP3_Cutoff_All_Institutes_2025_26.pdf,6632,Navsahyadri Education Society's Group of Institutions,0663224110,2025-26,3,Maharashtra,GNTBH,GNTBH,HU,41.4550394,percentile,GNTBH | 17641 | 41.4550394 | Stage-I,162,Home University Seats Allotted to Home University Candidates,dddd1f0ca1e9d6236bfc40fce8407fcf3b3689733a4a98ae3c73ffc5c41ff262
a364fccf8115-PG_MCA_CAP3_Cutoff_All_Institutes_2025_26.pdf,6632,Navsahyadri Education Society's Group of Institutions,0663224110,2025-26,3,Maharashtra,GNTCH,GNTCH,HU,23.1010151,percentile,GNTCH | 21466 | 23.1010151 | Stage-I,162,Home University Seats Allotted to Home University Candidates,18c2c3c12ef0e627d8d95cf8068aa39d954454dc34f0a8eefd8593b9a0ae36f5
a364fccf8115-PG_MCA_CAP3_Cutoff_All_Institutes_2025_26.pdf,6632,Navsahyadri Education Society's Group of Institutions,0663224110,2025-26,3,Maharashtra,GOPENO,GOPENO,HU,67.3579428,percentile,GOPENO | 10580 | 67.3579428 | Stage-I,162,Other Than Home University Seats Allotted to Other Than Home University Candidates,e8ee7ce0372695a14cb1aad3b9df0567172618e69643fee3c3bb65810cb8a41e
a364fccf8115-PG_MCA_CAP3_Cutoff_All_Institutes_2025_26.pdf,6632,Navsahyadri Education Society's Group of Institutions,0663224110,2025-26,3,Maharashtra,GSCO,GSCO,HU,56.5488095,percentile,GSCO | 13849 | 56.5488095 | Stage-I,162,Other Than Home University Seats Allotted to Other Than Home University Candidates,d85ceb2cd1625af8aa4460553922024db99fb61c6b259499e7fbc629af85338e
a364fccf8115-PG_MCA_CAP3_Cutoff_All_Institutes_2025_26.pdf,6632,Navsahyadri Education Society's Group of Institutions,0663224110,2025-26,3,Maharashtra,GSTO,GSTO,HU,44.5345198,percentile,GSTO | 16562 | 44.5345198 | Stage-I,162,Other Than Home University Seats Allotted to Other Than Home University Candidates,b960c4824752d40dbd424592336816914251b2131a0a3cbc4b77c94a7739d7e5
a364fccf8115-PG_MCA_CAP3_Cutoff_All_Institutes_2025_26.pdf,6632,Navsahyadri Education Society's Group of Institutions,0663224110,2025-26,3,Maharashtra,GNTBO,GNTBO,HU,56.5488095,percentile,GNTBO | 13896 | 56.5488095 | Stage-I,162,Other Than Home University Seats Allotted to Other Than Home University Candidates,9359232017496b1d1c7371879d00bf547db71339b3c6034e52769b799c919608
a364fccf8115-PG_MCA_CAP3_Cutoff_All_Institutes_2025_26.pdf,6632,Navsahyadri Education Society's Group of Institutions,0663224110,2025-26,3,Maharashtra,GNTDO,GNTDO,HU,65.8578922,percentile,GNTDO | 11245 | 65.8578922 | Stage-I,162,Other Than Home University Seats Allotted to Other Than Home University Candidates,434f97b182927041ffe6e0a0eaf827a86391d57bcabfb95a1f71e28a6d9bf952
a364fccf8115-PG_MCA_CAP3_Cutoff_All_Institutes_2025_26.pdf,6634,"KJEI's Trinity Academy of Engineering, Yewalewadi, Pune",0663424110,2025-26,3,Maharashtra,GOPENH,GOPENH,HU,76.9216256,percentile,GOPENH | 7850 | 76.9216256 | Stage-I,163,Home University Seats Allotted to Home University Candidates,b2d4d02d94e7a5ad1423efbe2f33fc87fc9eb169a396c0f0205a46ae5ca89a68
a364fccf8115-PG_MCA_CAP3_Cutoff_All_Institutes_2025_26.pdf,6634,"KJEI's Trinity Academy of Engineering, Yewalewadi, Pune",0663424110,2025-26,3,Maharashtra,GSCH,GSCH,HU,25.4779232,percentile,GSCH | 21123 | 25.4779232 | Stage-I,163,Home University Seats Allotted to Home University Candidates,28fd743abd9315712bbf4a21a3ac2aacb0775f55fecbf85f49d04b4c2358ea22
a364fccf8115-PG_MCA_CAP3_Cutoff_All_Institutes_2025_26.pdf,6634,"KJEI's Trinity Academy of Engineering, Yewalewadi, Pune",0663424110,2025-26,3,Maharashtra,GSTH,GSTH,HU,56.5488095,percentile,GSTH | 13836 | 56.5488095 | Stage-I,163,Home University Seats Allotted to Home University Candidates,470bf61c0a313b5c607af8c0569190d97283f0f1d7bfbd4d639cb258df7bccdd
a364fccf8115-PG_MCA_CAP3_Cutoff_All_Institutes_2025_26.pdf,6634,"KJEI's Trinity Academy of Engineering, Yewalewadi, Pune",0663424110,2025-26,3,Maharashtra,GNTAH,GNTAH,HU,34.5198145,percentile,GNTAH | 19074 | 34.5198145 | Stage-I,163,Home University Seats Allotted to Home University Candidates,0b766607362894c056c1e378e112267f937f42d7d413e4bbe58fc83342380b79
a364fccf8115-PG_MCA_CAP3_Cutoff_All_Institutes_2025_26.pdf,6634,"KJEI's Trinity Academy of Engineering, Yewalewadi, Pune",0663424110,2025-26,3,Maharashtra,GSCH,GSCH,HU,63.1574978,percentile,GSCH | 11599 | 63.1574978 | Stage-I,163,Home University Seats Allotted to Other Than Home University Candidates,7ec8245ca1370e3c5e2cb6eb69b580aeda449a4f9a3788a93d72b96df0389794
a364fccf8115-PG_MCA_CAP3_Cutoff_All_Institutes_2025_26.pdf,6634,"KJEI's Trinity Academy of Engineering, Yewalewadi, Pune",0663424110,2025-26,3,Maharashtra,GNTAH,GNTAH,HU,58.7911466,percentile,GNTAH | 13308 | 58.7911466 | Stage-I,163,Home University Seats Allotted to Other Than Home University Candidates,60a2205f8e160932cd2dd807aef6f57d99fcfa901dd296f5dad8959bed387ca0
a364fccf8115-PG_MCA_CAP3_Cutoff_All_Institutes_2025_26.pdf,6634,"KJEI's Trinity Academy of Engineering, Yewalewadi, Pune",0663424110,2025-26,3,Maharashtra,GOPENO,GOPENO,HU,79.9969812,percentile,GOPENO | 6698 | 79.9969812 | Stage-I,163,Other Than Home University Seats Allotted to Other Than Home University Candidates,cdf23fbfb8f4de02b8d40d3cfe00b5534dac7bc7c155cd6c9f15d6f8d48843af
a364fccf8115-PG_MCA_CAP3_Cutoff_All_Institutes_2025_26.pdf,6634,"KJEI's Trinity Academy of Engineering, Yewalewadi, Pune",0663424110,2025-26,3,Maharashtra,GSCO,GSCO,HU,69.7143504,percentile,GSCO | 10166 | 69.7143504 | Stage-I,163,Other Than Home University Seats Allotted to Other Than Home University Candidates,35a7161dcd5b7d3206b6199d3d27971502f6a787525c21b78460655d6abfce41
a364fccf8115-PG_MCA_CAP3_Cutoff_All_Institutes_2025_26.pdf,6634,"KJEI's Trinity Academy of Engineering, Yewalewadi, Pune",0663424110,2025-26,3,Maharashtra,GSTO,GSTO,HU,61.2807064,percentile,GSTO | 12311 | 61.2807064 | Stage-I,163,Other Than Home University Seats Allotted to Other Than Home University Candidates,406c8feec16e0fac0818baef0a2b7a4fdb4a7df8050e7e23a21d07a14b63eba6
a364fccf8115-PG_MCA_CAP3_Cutoff_All_Institutes_2025_26.pdf,6634,"KJEI's Trinity Academy of Engineering, Yewalewadi, Pune",0663424110,2025-26,3,Maharashtra,GNTCO,GNTCO,HU,74.782248,percentile,GNTCO | 8483 | 74.782248 | Stage-I,163,Other Than Home University Seats Allotted to Other Than Home University Candidates,4a2eab6646aa35d95bba981d0e8b0734d3f4e56af9ce8c849a387d566779ddb8
a364fccf8115-PG_MCA_CAP3_Cutoff_All_Institutes_2025_26.pdf,6634,"KJEI's Trinity Academy of Engineering, Yewalewadi, Pune",0663424110,2025-26,3,Maharashtra,GOBCO,GOBCO,HU,71.1549338,percentile,GOBCO | 9301 | 71.1549338 | Stage-I,163,Other Than Home University Seats Allotted to Other Than Home University Candidates,bb0d8688a0dee53deb710aa4b2eafdfb4e9ef7994fbfb14e1226c9c54798c1c1
a364fccf8115-PG_MCA_CAP3_Cutoff_All_Institutes_2025_26.pdf,6635,Samarth College of Engineering and Management,0663524110,2025-26,3,Maharashtra,GOPENH,GOPENH,HU,56.5488095,percentile,GOPENH | 13692 | 56.5488095 | Stage-I,164,Home University Seats Allotted to Home University Candidates,ca2d79d896a6f1e92dda0f405a08c8bf6cbfb7cdea60e54a590188e0077de475
a364fccf8115-PG_MCA_CAP3_Cutoff_All_Institutes_2025_26.pdf,6635,Samarth College of Engineering and Management,0663524110,2025-26,3,Maharashtra,GSTH,GSTH,HU,53.942159,percentile,GSTH | 14270 | 53.942159 | Stage-I,164,Home University Seats Allotted to Home University Candidates,71ee54e25ba1df97b8161ab2348432f392d5c687544f620952fea5fd0b1bc3d1
a364fccf8115-PG_MCA_CAP3_Cutoff_All_Institutes_2025_26.pdf,6635,Samarth College of Engineering and Management,0663524110,2025-26,3,Maharashtra,GSEBCH,GSEBCH,HU,10.5199653,percentile,GSEBCH | 23867 | 10.5199653 | Stage-I,164,Home University Seats Allotted to Other Than Home University Candidates,507c5f29110ab2d0a38b318bae3f3b606fb8673e41cffa96d2c030e1df5fe686
a364fccf8115-PG_MCA_CAP3_Cutoff_All_Institutes_2025_26.pdf,6635,Samarth College of Engineering and Management,0663524110,2025-26,3,Maharashtra,GOPENO,GOPENO,HU,51.4093808,percentile,GOPENO | 14708 | 51.4093808 | Stage-I,164,Other Than Home University Seats Allotted to Other Than Home University Candidates,451975db0347d7c28f4e75d6d184b10b107a59fc576dfb8a235d31669945e5a8
a364fccf8115-PG_MCA_CAP3_Cutoff_All_Institutes_2025_26.pdf,6635,Samarth College of Engineering and Management,0663524110,2025-26,3,Maharashtra,GSCO,GSCO,HU,36.496736,percentile,GSCO | 18386 | 36.496736 | Stage-I,164,Other Than Home University Seats Allotted to Other Than Home University Candidates,a12fff061201b3456ca528ab267a42dbb64f8be55c6072cc65fdcd2d6c1e8d96
a364fccf8115-PG_MCA_CAP3_Cutoff_All_Institutes_2025_26.pdf,6635,Samarth College of Engineering and Management,0663524110,2025-26,3,Maharashtra,GSTO,GSTO,HU,34.5198145,percentile,GSTO | 18844 | 34.5198145 | Stage-I,164,Other Than Home University Seats Allotted to Other Than Home University Candidates,7dec0cab5b256d2ef2a8e8f1b9976c8e9a87614f439fb84777b11239adf17014
a364fccf8115-PG_MCA_CAP3_Cutoff_All_Institutes_2025_26.pdf,6635,Samarth College of Engineering and Management,0663524110,2025-26,3,Maharashtra,EWS,EWS,SL,13.5402134,percentile,EWS | 23182 | 13.5402134 | Stage-I,164,Other Than Home University Seats Allotted to Other Than Home University Candidates,48dbe115c6bdd12f96c782560837501c549b578e79a3b0da30ad9ed8e7ac7103
a364fccf8115-PG_MCA_CAP3_Cutoff_All_Institutes_2025_26.pdf,6635,Samarth College of Engineering and Management,0663524110,2025-26,3,Maharashtra,TFWS,TFWS,SL,51.4093808,percentile,TFWS | 14678 | 51.4093808 | Stage-I,164,Other Than Home University Seats Allotted to Other Than Home University Candidates,9de62a94ed589b88e79ff66129f1b917df1b41a60e9a428d37352cd14a1ffbfb
a364fccf8115-PG_MCA_CAP3_Cutoff_All_Institutes_2025_26.pdf,6755,"JSPM Narhe Technical Campus, Pune.",0675524110,2025-26,3,Maharashtra,GOPENH,GOPENH,HU,87.3496474,percentile,GOPENH | 3986 | 87.3496474 | Stage-I,165,Home University Seats Allotted to Home University Candidates,87495fb561d2d14efceb23d02e942ffffe326c91b9996e520aac72f751c932d4
a364fccf8115-PG_MCA_CAP3_Cutoff_All_Institutes_2025_26.pdf,6755,"JSPM Narhe Technical Campus, Pune.",0675524110,2025-26,3,Maharashtra,GSCH,GSCH,HU,79.9969812,percentile,GSCH | 6511 | 79.9969812 | Stage-I,165,Home University Seats Allotted to Home University Candidates,81fa74dc168ef86407a1efc2af5ce736c6931957bc043bbeb85537f5768cc247
a364fccf8115-PG_MCA_CAP3_Cutoff_All_Institutes_2025_26.pdf,6755,"JSPM Narhe Technical Campus, Pune.",0675524110,2025-26,3,Maharashtra,GNTDH,GNTDH,HU,63.1574978,percentile,GNTDH | 11923 | 63.1574978 | Stage-I,165,Home University Seats Allotted to Home University Candidates,2e8da5bc3f285c9aa533d671c6b7e9549ef72aef45abc76f2e68556782dcb0d7
a364fccf8115-PG_MCA_CAP3_Cutoff_All_Institutes_2025_26.pdf,6755,"JSPM Narhe Technical Campus, Pune.",0675524110,2025-26,3,Maharashtra,GOBCH,GOBCH,HU,87.2080299,percentile,GOBCH | 4283 | 87.2080299 | Stage-I,165,Home University Seats Allotted to Home University Candidates,f67c082a5498fc80c69d9af8c7b8bcf4676c3bb55d6619655681f4648c0ddcc8
a364fccf8115-PG_MCA_CAP3_Cutoff_All_Institutes_2025_26.pdf,6755,"JSPM Narhe Technical Campus, Pune.",0675524110,2025-26,3,Maharashtra,GOPENO,GOPENO,HU,92.3361383,percentile,GOPENO | 2271 | 92.3361383 | Stage-I,165,Other Than Home University Seats Allotted to Other Than Home University Candidates,f92991a6ee10af733b995db1251e6db9a4b074dd592cca9dedb9888167344d6e
a364fccf8115-PG_MCA_CAP3_Cutoff_All_Institutes_2025_26.pdf,6755,"JSPM Narhe Technical Campus, Pune.",0675524110,2025-26,3,Maharashtra,GSCO,GSCO,HU,89.1331398,percentile,GSCO | 3657 | 89.1331398 | Stage-I,165,Other Than Home University Seats Allotted to Other Than Home University Candidates,d0d2ed012dfef3ce49ce076e71d5d7b7a6bf1ddd3d790e4ced480665b0ebc2ac
a364fccf8115-PG_MCA_CAP3_Cutoff_All_Institutes_2025_26.pdf,6755,"JSPM Narhe Technical Campus, Pune.",0675524110,2025-26,3,Maharashtra,GSTO,GSTO,HU,90.7733494,percentile,GSTO | 3043 | 90.7733494 | Stage-I,165,Other Than Home University Seats Allotted to Other Than Home University Candidates,e3876fa054425747bce72eaca0c32a3a9748de82b21c91114290d11dfa36393b
a364fccf8115-PG_MCA_CAP3_Cutoff_All_Institutes_2025_26.pdf,6755,"JSPM Narhe Technical Campus, Pune.",0675524110,2025-26,3,Maharashtra,EWS,EWS,SL,80.5399495,percentile,EWS | 6100 | 80.5399495 | Stage-I,165,Other Than Home University Seats Allotted to Other Than Home University Candidates,9623fc32c72763856a377dfe8b01f2c5ebdfdfc27c5e8eef9ffe0e8cd8291e55
a364fccf8115-PG_MCA_CAP3_Cutoff_All_Institutes_2025_26.pdf,6755,"JSPM Narhe Technical Campus, Pune.",0675524110,2025-26,3,Maharashtra,TFWS,TFWS,SL,95.5548847,percentile,TFWS | 1258 | 95.5548847 | Stage-I,165,Other Than Home University Seats Allotted to Other Than Home University Candidates,db1598c6fcb783ca190b90dcce04a8f95dfb2c9f6ad2e3e52c3bfc704ae50251
a364fccf8115-PG_MCA_CAP3_Cutoff_All_Institutes_2025_26.pdf,6757,"Yashoda Technical Campus, Wadhe, Satara.",0675724110,2025-26,3,Maharashtra,GOPENH,GOPENH,HU,67.3579428,percentile,GOPENH | 10291 | 67.3579428 | Stage-I,166,Home University Seats Allotted to Home University Candidates,679c7c774f94c707acd7f385badc60656130cf7bb0ffb0ae68821472d21b4e03
a364fccf8115-PG_MCA_CAP3_Cutoff_All_Institutes_2025_26.pdf,6757,"Yashoda Technical Campus, Wadhe, Satara.",0675724110,2025-26,3,Maharashtra,GSTH,GSTH,HU,34.5198145,percentile,GSTH | 19204 | 34.5198145 | Stage-I,166,Home University Seats Allotted to Home University Candidates,0564eb0d111094bec9c8bf7111c1e48eed01e4055a15a9540e16308fa8447ff8
a364fccf8115-PG_MCA_CAP3_Cutoff_All_Institutes_2025_26.pdf,6757,"Yashoda Technical Campus, Wadhe, Satara.",0675724110,2025-26,3,Maharashtra,GNTCH,GNTCH,HU,51.4093808,percentile,GNTCH | 14755 | 51.4093808 | Stage-I,166,Home University Seats Allotted to Home University Candidates,6697c4162a761455b0cc51cf34e697ca7c56a35aaa690701cce4c0330b280530
a364fccf8115-PG_MCA_CAP3_Cutoff_All_Institutes_2025_26.pdf,6757,"Yashoda Technical Campus, Wadhe, Satara.",0675724110,2025-26,3,Maharashtra,GOPENO,GOPENO,HU,58.7911466,percentile,GOPENO | 12978 | 58.7911466 | Stage-I,166,Other Than Home University Seats Allotted to Other Than Home University Candidates,4b8831e97bad80cde6f01d83ea8164838b7f8828db1ced4e86603769bb5f36b5
a364fccf8115-PG_MCA_CAP3_Cutoff_All_Institutes_2025_26.pdf,6757,"Yashoda Technical Campus, Wadhe, Satara.",0675724110,2025-26,3,Maharashtra,GSTO,GSTO,HU,21.0059952,percentile,GSTO | 22068 | 21.0059952 | Stage-I,166,Other Than Home University Seats Allotted to Other Than Home University Candidates,abd0ba22b9a66472c2eb6ed167b7962c55b01615dd791a85dcdc40c5c981cc3b
a364fccf8115-PG_MCA_CAP3_Cutoff_All_Institutes_2025_26.pdf,6757,"Yashoda Technical Campus, Wadhe, Satara.",0675724110,2025-26,3,Maharashtra,TFWS,TFWS,SL,31.6629561,percentile,TFWS | 19730 | 31.6629561 | Stage-I,166,Other Than Home University Seats Allotted to Other Than Home University Candidates,6b944d988eec98caae1987d15726147bc8db694a134c980f84ae76b5fa7e7637
a364fccf8115-PG_MCA_CAP3_Cutoff_All_Institutes_2025_26.pdf,6775,"Yashaswi Education Society's International Institute of Management Science, Chinchwad, Pune",0677524110,2025-26,3,Maharashtra,GOPENH,GOPENH,HU,74.782248,percentile,GOPENH | 8268 | 74.782248 | Stage-I,167,Home University Seats Allotted to Home University Candidates,a6ea2c814c84acbf1c12dfba4e34cc4f821338e295c729e4fdd2ac4c537205fe
a364fccf8115-PG_MCA_CAP3_Cutoff_All_Institutes_2025_26.pdf,6775,"Yashaswi Education Society's International Institute of Management Science, Chinchwad, Pune",0677524110,2025-26,3,Maharashtra,GSCH,GSCH,HU,15.5994113,percentile,GSCH | 23002 | 15.5994113 | Stage-I,167,Home University Seats Allotted to Home University Candidates,354e629d92e711554acb62e5ad80244b96af319651846c97673daac3dba08aa6
a364fccf8115-PG_MCA_CAP3_Cutoff_All_Institutes_2025_26.pdf,6775,"Yashaswi Education Society's International Institute of Management Science, Chinchwad, Pune",0677524110,2025-26,3,Maharashtra,GSTH,GSTH,HU,65.8578922,percentile,GSTH | 11112 | 65.8578922 | Stage-I,167,Home University Seats Allotted to Home University Candidates,a7e52a31581feb9271d804a1b044d61162a92e41e1bba568295e00b058b19af5
a364fccf8115-PG_MCA_CAP3_Cutoff_All_Institutes_2025_26.pdf,6775,"Yashaswi Education Society's International Institute of Management Science, Chinchwad, Pune",0677524110,2025-26,3,Maharashtra,GNTDH,GNTDH,HU,74.782248,percentile,GNTDH | 8475 | 74.782248 | Stage-I,167,Home University Seats Allotted to Home University Candidates,f72aa89359efa4dc99ed785f53b33b858216cc7772075089d312fa2a244860cd
a364fccf8115-PG_MCA_CAP3_Cutoff_All_Institutes_2025_26.pdf,6775,"Yashaswi Education Society's International Institute of Management Science, Chinchwad, Pune",0677524110,2025-26,3,Maharashtra,GSCH,GSCH,HU,73.5368477,percentile,GSCH | 8758 | 73.5368477 | Stage-I,167,Home University Seats Allotted to Other Than Home University Candidates,b3c07ca5c321b8698ed9f6521efbcf4f2ec7c40390d17b32c5e5f322c054309b
a364fccf8115-PG_MCA_CAP3_Cutoff_All_Institutes_2025_26.pdf,6775,"Yashaswi Education Society's International Institute of Management Science, Chinchwad, Pune",0677524110,2025-26,3,Maharashtra,GNTAH,GNTAH,HU,77.8251197,percentile,GNTAH | 7410 | 77.8251197 | Stage-I,167,Home University Seats Allotted to Other Than Home University Candidates,4090fca2392b14abd6830a34a65938912d90fd653300ad8c436c7c5f6aa48ffd
a364fccf8115-PG_MCA_CAP3_Cutoff_All_Institutes_2025_26.pdf,6775,"Yashaswi Education Society's International Institute of Management Science, Chinchwad, Pune",0677524110,2025-26,3,Maharashtra,GOPENO,GOPENO,HU,89.1966341,percentile,GOPENO | 3347 | 89.1966341 | Stage-I,167,Other Than Home University Seats Allotted to Other Than Home University Candidates,1678a2fd589fd4592319c225de58e08fcf3f3c1c78b41267a69dc388259c09c4
a364fccf8115-PG_MCA_CAP3_Cutoff_All_Institutes_2025_26.pdf,6775,"Yashaswi Education Society's International Institute of Management Science, Chinchwad, Pune",0677524110,2025-26,3,Maharashtra,GNTBO,GNTBO,HU,49.3533426,percentile,GNTBO | 15732 | 49.3533426 | Stage-I,167,Other Than Home University Seats Allotted to Other Than Home University Candidates,4878243f557c1114c3af0cf95b182db66e9a7463afc0720702d3c1b3a73e2ea2
a364fccf8115-PG_MCA_CAP3_Cutoff_All_Institutes_2025_26.pdf,6775,"Yashaswi Education Society's International Institute of Management Science, Chinchwad, Pune",0677524110,2025-26,3,Maharashtra,GOBCO,GOBCO,HU,82.8308366,percentile,GOBCO | 5880 | 82.8308366 | Stage-I,167,Other Than Home University Seats Allotted to Other Than Home University Candidates,b34c06e57738d7e3e3ee9798f82e60dff87c5276f9b25875c8257b3d42009333
a364fccf8115-PG_MCA_CAP3_Cutoff_All_Institutes_2025_26.pdf,6794,"Anantrao Pawar College of Engineering & Research, Pune",0679424110,2025-26,3,Maharashtra,GOPENH,GOPENH,HU,67.3579428,percentile,GOPENH | 10529 | 67.3579428 | Stage-I,168,Home University Seats Allotted to Home University Candidates,c3d884e62be53287c0ae280fd0c5f5f18dffdf6bb02e4bf0a33cb43505f8c90f
a364fccf8115-PG_MCA_CAP3_Cutoff_All_Institutes_2025_26.pdf,6794,"Anantrao Pawar College of Engineering & Research, Pune",0679424110,2025-26,3,Maharashtra,GSCH,GSCH,HU,39.3989669,percentile,GSCH | 18058 | 39.3989669 | Stage-I,168,Home University Seats Allotted to Home University Candidates,66effddfc63d18688a9071377299c943722dfb35a19dc412f284ac696a474db5
a364fccf8115-PG_MCA_CAP3_Cutoff_All_Institutes_2025_26.pdf,6794,"Anantrao Pawar College of Engineering & Research, Pune",0679424110,2025-26,3,Maharashtra,GSTH,GSTH,HU,34.5198145,percentile,GSTH | 19171 | 34.5198145 | Stage-I,168,Home University Seats Allotted to Home University Candidates,d5fda8964d082e1e7b17f87af07b06ea29d7366cca4b5ebb8725b506368a6e38
a364fccf8115-PG_MCA_CAP3_Cutoff_All_Institutes_2025_26.pdf,6794,"Anantrao Pawar College of Engineering & Research, Pune",0679424110,2025-26,3,Maharashtra,GNTAH,GNTAH,HU,56.5488095,percentile,GNTAH | 13456 | 56.5488095 | Stage-I,168,Home University Seats Allotted to Home University Candidates,93af8e62b1b4f25743d6cd7f589feae760061f8815cd5cc12fdf2a73b96f99ef
a364fccf8115-PG_MCA_CAP3_Cutoff_All_Institutes_2025_26.pdf,6794,"Anantrao Pawar College of Engineering & Research, Pune",0679424110,2025-26,3,Maharashtra,GOBCH,GOBCH,HU,44.5345198,percentile,GOBCH | 16869 | 44.5345198 | Stage-I,168,Home University Seats Allotted to Home University Candidates,90863dabc60047c974a655eeaa28b899f8f394fc9d5df3f9cdf05bbdcbf708b2
a364fccf8115-PG_MCA_CAP3_Cutoff_All_Institutes_2025_26.pdf,6794,"Anantrao Pawar College of Engineering & Research, Pune",0679424110,2025-26,3,Maharashtra,GOPENO,GOPENO,HU,93.405226,percentile,GOPENO | 2186 | 93.405226 | Stage-I,168,Other Than Home University Seats Allotted to Other Than Home University Candidates,5e7848db5d327c8565436594868605bbba2b840525d989d8ed3b5c4d9e24915b
a364fccf8115-PG_MCA_CAP3_Cutoff_All_Institutes_2025_26.pdf,6794,"Anantrao Pawar College of Engineering & Research, Pune",0679424110,2025-26,3,Maharashtra,GNTCO,GNTCO,HU,65.8578922,percentile,GNTCO | 11406 | 65.8578922 | Stage-I,168,Other Than Home University Seats Allotted to Other Than Home University Candidates,bfeb7fad1e5446d677fbd95e2fe6583b1d36de45f3323493d09583532f1dc3d1
a364fccf8115-PG_MCA_CAP3_Cutoff_All_Institutes_2025_26.pdf,6803,"Sant Gajanan Maharaj College of Engineering, Gadhinglaj",0680324110,2025-26,3,Maharashtra,GSTH,GSTH,HU,46.3793819,percentile,GSTH | 16131 | 46.3793819 | Stage-IV,169,Home University Seats Allotted to Home University Candidates,cd6b1c5c7de0540ab3300e14fc2c278e0feaba0f461074dc597afadf5e1b94ef
a364fccf8115-PG_MCA_CAP3_Cutoff_All_Institutes_2025_26.pdf,6803,"Sant Gajanan Maharaj College of Engineering, Gadhinglaj",0680324110,2025-26,3,Maharashtra,GOBCH,GOBCH,HU,46.3793819,percentile,GOBCH | 16006 | 46.3793819 | Stage-IV,169,Home University Seats Allotted to Home University Candidates,69259dd7130d9a48470ad5d67bf9777c4dc28fabff72574323bba424c16c0751
a364fccf8115-PG_MCA_CAP3_Cutoff_All_Institutes_2025_26.pdf,6803,"Sant Gajanan Maharaj College of Engineering, Gadhinglaj",0680324110,2025-26,3,Maharashtra,GOPENO,GOPENO,HU,46.3793819,percentile,GOPENO | 15920 | 46.3793819 | Stage-I,169,Other Than Home University Seats Allotted to Home University Candidates,4b44e6d7cd0614cde7cf43b092a64f2cb9d58af4b4fe50a87ab5f12ea98613ac
a364fccf8115-PG_MCA_CAP3_Cutoff_All_Institutes_2025_26.pdf,6812,"Progressive Education Society's Modern Institute of Business Studies, Nigdi, Pune",0681224110,2025-26,3,Maharashtra,GOPENH,GOPENH,HU,89.1331398,percentile,GOPENH | 3817 | 89.1331398 | Stage-I,170,Home University Seats Allotted to Home University Candidates,4ecf3e391e086e67a46396b95b75c760978576d65874a5096e696d8a7dd77ecc
a364fccf8115-PG_MCA_CAP3_Cutoff_All_Institutes_2025_26.pdf,6812,"Progressive Education Society's Modern Institute of Business Studies, Nigdi, Pune",0681224110,2025-26,3,Maharashtra,GSCH,GSCH,HU,61.2807064,percentile,GSCH | 12415 | 61.2807064 | Stage-I,170,Home University Seats Allotted to Home University Candidates,8211ede8b636f7cdc7c2e424f9200b6492221b81d61fe6b08a261db32de42c38
a364fccf8115-PG_MCA_CAP3_Cutoff_All_Institutes_2025_26.pdf,6812,"Progressive Education Society's Modern Institute of Business Studies, Nigdi, Pune",0681224110,2025-26,3,Maharashtra,GOBCH,GOBCH,HU,85.2118788,percentile,GOBCH | 5205 | 85.2118788 | Stage-I,170,Home University Seats Allotted to Home University Candidates,0f605eb19640282e23983e20c1cb5c7a1861a963a1049fffe4f5d69885482416
a364fccf8115-PG_MCA_CAP3_Cutoff_All_Institutes_2025_26.pdf,6812,"Progressive Education Society's Modern Institute of Business Studies, Nigdi, Pune",0681224110,2025-26,3,Maharashtra,GSEBCH,GSEBCH,HU,82.9644433,percentile,GSEBCH | 5242 | 82.9644433 | Stage-I,170,Home University Seats Allotted to Home University Candidates,ab30f9f2975c9a6f6098aa1b5bdcb82170d4ea5dde439c1db18c49a0df1cd96a
a364fccf8115-PG_MCA_CAP3_Cutoff_All_Institutes_2025_26.pdf,6812,"Progressive Education Society's Modern Institute of Business Studies, Nigdi, Pune",0681224110,2025-26,3,Maharashtra,GOPENO,GOPENO,HU,92.3361383,percentile,GOPENO | 2416 | 92.3361383 | Stage-I,170,Other Than Home University Seats Allotted to Other Than Home University Candidates,d5217bf751b9e23e975d17b3b189f01a70f49d8d364816be689d7de65fd2c899
a364fccf8115-PG_MCA_CAP3_Cutoff_All_Institutes_2025_26.pdf,6812,"Progressive Education Society's Modern Institute of Business Studies, Nigdi, Pune",0681224110,2025-26,3,Maharashtra,GSCO,GSCO,HU,85.3851665,percentile,GSCO | 4569 | 85.3851665 | Stage-I,170,Other Than Home University Seats Allotted to Other Than Home University Candidates,b7eea629bf3179fc98f1adf33c2e7c9e533849a4d26165f4024d3581b6093c1f
a364fccf8115-PG_MCA_CAP3_Cutoff_All_Institutes_2025_26.pdf,6812,"Progressive Education Society's Modern Institute of Business Studies, Nigdi, Pune",0681224110,2025-26,3,Maharashtra,GOBCO,GOBCO,HU,90.7733494,percentile,GOBCO | 2983 | 90.7733494 | Stage-I,170,Other Than Home University Seats Allotted to Other Than Home University Candidates,3e0cad47de2bb5e45e147d775065e5ba127a124da2780ed0a13d00fc1f85e675
a364fccf8115-PG_MCA_CAP3_Cutoff_All_Institutes_2025_26.pdf,6812,"Progressive Education Society's Modern Institute of Business Studies, Nigdi, Pune",0681224110,2025-26,3,Maharashtra,GSEBCO,GSEBCO,HU,89.1966341,percentile,GSEBCO | 3384 | 89.1966341 | Stage-I,170,Other Than Home University Seats Allotted to Other Than Home University Candidates,e6a75d6892779cda09fa5aae57cc9f75d9b799fde8f7745569f8ace77320fede
a364fccf8115-PG_MCA_CAP3_Cutoff_All_Institutes_2025_26.pdf,6812,"Progressive Education Society's Modern Institute of Business Studies, Nigdi, Pune",0681224110,2025-26,3,Maharashtra,EWS,EWS,SL,87.3496474,percentile,EWS | 4026 | 87.3496474 | Stage-I,170,Other Than Home University Seats Allotted to Other Than Home University Candidates,026fb7bb23c52e64fdcbfcc0721397a38d4bc90808c92912172a9e40eb9cccef
a364fccf8115-PG_MCA_CAP3_Cutoff_All_Institutes_2025_26.pdf,6812,"Progressive Education Society's Modern Institute of Business Studies, Nigdi, Pune",0681224110,2025-26,3,Maharashtra,TFWS,TFWS,SL,93.5511867,percentile,TFWS | 1994 | 93.5511867 | Stage-I,170,Other Than Home University Seats Allotted to Other Than Home University Candidates,8c06c2ee45f046e4b67dd2a0e15f78dc7dcfd7a16a940fdccdd160e13c69fb84
a364fccf8115-PG_MCA_CAP3_Cutoff_All_Institutes_2025_26.pdf,6836,"Dr.D.Y.Patil Institute Of Management & Entrepreneur Development,Talegaon",0683624110,2025-26,3,Maharashtra,GOPENH,GOPENH,HU,71.1549338,percentile,GOPENH | 9381 | 71.1549338 | Stage-I,171,Home University Seats Allotted to Home University Candidates,5d41532f36368a44a3be9d3220571c58e986a3eb9d2aa91f62c99367304f9f34
a364fccf8115-PG_MCA_CAP3_Cutoff_All_Institutes_2025_26.pdf,6836,"Dr.D.Y.Patil Institute Of Management & Entrepreneur Development,Talegaon",0683624110,2025-26,3,Maharashtra,GSCH,GSCH,HU,53.942159,percentile,GSCH | 14455 | 53.942159 | Stage-I,171,Home University Seats Allotted to Home University Candidates,3482abb8ea8d4c7eb1c0625a6d256f7efd436f05b433dc6014a3e9e67e4d50ca
a364fccf8115-PG_MCA_CAP3_Cutoff_All_Institutes_2025_26.pdf,6836,"Dr.D.Y.Patil Institute Of Management & Entrepreneur Development,Talegaon",0683624110,2025-26,3,Maharashtra,GSTH,GSTH,HU,71.1549338,percentile,GSTH | 9567 | 71.1549338 | Stage-I,171,Home University Seats Allotted to Home University Candidates,585f6d1968c2ea785d47bfaaf2897db45a0dbb12c64bf49fe8564dccb1d1928e
a364fccf8115-PG_MCA_CAP3_Cutoff_All_Institutes_2025_26.pdf,6836,"Dr.D.Y.Patil Institute Of Management & Entrepreneur Development,Talegaon",0683624110,2025-26,3,Maharashtra,GNTBH,GNTBH,HU,65.8578922,percentile,GNTBH | 10804 | 65.8578922 | Stage-I,171,Home University Seats Allotted to Home University Candidates,ad36f3f56cebf24f8ae340618c85fd8e8d236b1c6d1d856af719d1cf48608249
a364fccf8115-PG_MCA_CAP3_Cutoff_All_Institutes_2025_26.pdf,6836,"Dr.D.Y.Patil Institute Of Management & Entrepreneur Development,Talegaon",0683624110,2025-26,3,Maharashtra,GOBCH,GOBCH,HU,51.4093808,percentile,GOBCH | 15052 | 51.4093808 | Stage-I,171,Home University Seats Allotted to Home University Candidates,831bc3b656525e372c29296f9a83f0f4934b2b9d3ef2e8b2a9d2dff73b0a1fd1
a364fccf8115-PG_MCA_CAP3_Cutoff_All_Institutes_2025_26.pdf,6836,"Dr.D.Y.Patil Institute Of Management & Entrepreneur Development,Talegaon",0683624110,2025-26,3,Maharashtra,GOPENO,GOPENO,HU,82.9644433,percentile,GOPENO | 5310 | 82.9644433 | Stage-I,171,Other Than Home University Seats Allotted to Other Than Home University Candidates,afce13db5c347e938661ceb0f2d6b58f92180ba47452a5d6a931c2d47b4ed11e
a364fccf8115-PG_MCA_CAP3_Cutoff_All_Institutes_2025_26.pdf,6836,"Dr.D.Y.Patil Institute Of Management & Entrepreneur Development,Talegaon",0683624110,2025-26,3,Maharashtra,GSCO,GSCO,HU,80.5399495,percentile,GSCO | 6315 | 80.5399495 | Stage-I,171,Other Than Home University Seats Allotted to Other Than Home University Candidates,9fbaebfae79f1efb983c585653f2f57d20ec941e5ad75b5af58efbda839476b5
a364fccf8115-PG_MCA_CAP3_Cutoff_All_Institutes_2025_26.pdf,6836,"Dr.D.Y.Patil Institute Of Management & Entrepreneur Development,Talegaon",0683624110,2025-26,3,Maharashtra,GSTO,GSTO,HU,77.8251197,percentile,GSTO | 7213 | 77.8251197 | Stage-I,171,Other Than Home University Seats Allotted to Other Than Home University Candidates,558d543dc471cff6749ad657608a7fd2fe3f9fe59891198587f8813cffc017ed
a364fccf8115-PG_MCA_CAP3_Cutoff_All_Institutes_2025_26.pdf,6836,"Dr.D.Y.Patil Institute Of Management & Entrepreneur Development,Talegaon",0683624110,2025-26,3,Maharashtra,GNTCO,GNTCO,HU,79.9969812,percentile,GNTCO | 6777 | 79.9969812 | Stage-I,171,Other Than Home University Seats Allotted to Other Than Home University Candidates,40c5659ed8e9a3c6382810955fad15b428062eeffab228cacc673001b97ad600
a364fccf8115-PG_MCA_CAP3_Cutoff_All_Institutes_2025_26.pdf,6836,"Dr.D.Y.Patil Institute Of Management & Entrepreneur Development,Talegaon",0683624110,2025-26,3,Maharashtra,GOBCO,GOBCO,HU,82.8308366,percentile,GOBCO | 6085 | 82.8308366 | Stage-I,171,Other Than Home University Seats Allotted to Other Than Home University Candidates,bead20468f821e0de559d8832dd241339206c15c6035d2fed50a70870df71b62
a364fccf8115-PG_MCA_CAP3_Cutoff_All_Institutes_2025_26.pdf,6836,"Dr.D.Y.Patil Institute Of Management & Entrepreneur Development,Talegaon",0683624110,2025-26,3,Maharashtra,EWS,EWS,SL,19.1539942,percentile,EWS | 22253 | 19.1539942 | Stage-I,171,Other Than Home University Seats Allotted to Other Than Home University Candidates,b00416f68ae5aa7653fbee64254719c86f1e7b1bcbb5b193efd8afe9cee3c5ce
a364fccf8115-PG_MCA_CAP3_Cutoff_All_Institutes_2025_26.pdf,6836,"Dr.D.Y.Patil Institute Of Management & Entrepreneur Development,Talegaon",0683624110,2025-26,3,Maharashtra,TFWS,TFWS,SL,93.405226,percentile,TFWS | 2015 | 93.405226 | Stage-I,171,Other Than Home University Seats Allotted to Other Than Home University Candidates,4e65ca0935d1478c9cabcf812f73cee694bf5cdb6edd5861c93a78f1b5b21af8
a364fccf8115-PG_MCA_CAP3_Cutoff_All_Institutes_2025_26.pdf,6899,"Chhatrapati Shahu Institute of Business Education & Research, Kolhapur",0689924110,2025-26,3,Maharashtra,GOPENH,GOPENH,HU,76.9216256,percentile,GOPENH | 7479 | 76.9216256 | Stage-I,172,Home University Seats Allotted to Home University Candidates,3ad1508eb1025262e38ac557989f2cfbfe9aad16a16428df198824810997c236
a364fccf8115-PG_MCA_CAP3_Cutoff_All_Institutes_2025_26.pdf,6899,"Chhatrapati Shahu Institute of Business Education & Research, Kolhapur",0689924110,2025-26,3,Maharashtra,GNTAH,GNTAH,HU,51.4093808,percentile,GNTAH | 15104 | 51.4093808 | Stage-I,172,Home University Seats Allotted to Home University Candidates,0a2d420c3e691078841cccd084736199c905ed050ef749b8e84b49658c3e080e
a364fccf8115-PG_MCA_CAP3_Cutoff_All_Institutes_2025_26.pdf,6899,"Chhatrapati Shahu Institute of Business Education & Research, Kolhapur",0689924110,2025-26,3,Maharashtra,GOBCH,GOBCH,HU,73.5368477,percentile,GOBCH | 8824 | 73.5368477 | Stage-I,172,Home University Seats Allotted to Home University Candidates,1a7626ac4b5fd730862f1f484fb93a09e17cfe787e21b9c64fea7beae490657b
a364fccf8115-PG_MCA_CAP3_Cutoff_All_Institutes_2025_26.pdf,6899,"Chhatrapati Shahu Institute of Business Education & Research, Kolhapur",0689924110,2025-26,3,Maharashtra,GOPENO,GOPENO,HU,19.1539942,percentile,GOPENO | 22215 | 19.1539942 | Stage-I,172,Other Than Home University Seats Allotted to Other Than Home University Candidates,4975021f58a9184657e9d33f14c11ba9c51522f376ba52a4398a322facf81b6b
a364fccf8115-PG_MCA_CAP3_Cutoff_All_Institutes_2025_26.pdf,6899,"Chhatrapati Shahu Institute of Business Education & Research, Kolhapur",0689924110,2025-26,3,Maharashtra,GOBCO,GOBCO,HU,41.4550394,percentile,GOBCO | 17573 | 41.4550394 | Stage-I,172,Other Than Home University Seats Allotted to Home University Candidates,f7dbd1e409e1981d7ca8f6fe4e05d16a77f3fa984316d2f7bcf2025ce72a8a0b
a364fccf8115-PG_MCA_CAP3_Cutoff_All_Institutes_2025_26.pdf,6899,"Chhatrapati Shahu Institute of Business Education & Research, Kolhapur",0689924110,2025-26,3,Maharashtra,EWS,EWS,SL,82.9644433,percentile,EWS | 5344 | 82.9644433 | Stage-I,172,Other Than Home University Seats Allotted to Home University Candidates,08dd5b20f64e5e21fab501c589c36619734afacbe8f5b75fd2891da1b1610bed
a364fccf8115-PG_MCA_CAP3_Cutoff_All_Institutes_2025_26.pdf,6899,"Chhatrapati Shahu Institute of Business Education & Research, Kolhapur",0689924110,2025-26,3,Maharashtra,TFWS,TFWS,SL,82.8308366,percentile,TFWS | 5838 | 82.8308366 | Stage-I,172,Other Than Home University Seats Allotted to Home University Candidates,a5cf8c8a0d70b67d25088fab626a20e86ae36e0d3ad6bf383d2f1d1dff38ff7f
a364fccf8115-PG_MCA_CAP3_Cutoff_All_Institutes_2025_26.pdf,6971,"K.B. Joshi Institute of Information Technology, Pune",0689924110,2025-26,3,Maharashtra,GOPENS,GOPENS,SL,94.4270578,percentile,GOPENS | 1767 | 94.4270578 | Stage-I,173,,51416bc78097b143196a2efafe35ae7ec901589439d64aa6e1e5aaf2f31567fa
a364fccf8115-PG_MCA_CAP3_Cutoff_All_Institutes_2025_26.pdf,6971,"K.B. Joshi Institute of Information Technology, Pune",0689924110,2025-26,3,Maharashtra,GOBCS,GOBCS,SL,85.2118788,percentile,GOBCS | 4828 | 85.2118788 | Stage-I,173,,ce3bf02d7f4165b801968e64c3bee62aaa16dfaa28caf5ee4c2b753ea1a349b0
a364fccf8115-PG_MCA_CAP3_Cutoff_All_Institutes_2025_26.pdf,6973,"ASMS Institute of Business Management and Research MCA, Pune",0697324110,2025-26,3,Maharashtra,GOPENH,GOPENH,HU,82.8308366,percentile,GOPENH | 5710 | 82.8308366 | Stage-I,174,Home University Seats Allotted to Home University Candidates,89acbea57419563b51808a5976f4b350233353117780b8a97b1c444986eeceaa
a364fccf8115-PG_MCA_CAP3_Cutoff_All_Institutes_2025_26.pdf,6973,"ASMS Institute of Business Management and Research MCA, Pune",0697324110,2025-26,3,Maharashtra,GSCH,GSCH,HU,58.7911466,percentile,GSCH | 13270 | 58.7911466 | Stage-I,174,Home University Seats Allotted to Home University Candidates,fdcd09daaf1f5da4e6f93855372a81ac4738b71ac0edb5e6443d3dab276ba2cb
a364fccf8115-PG_MCA_CAP3_Cutoff_All_Institutes_2025_26.pdf,6973,"ASMS Institute of Business Management and Research MCA, Pune",0697324110,2025-26,3,Maharashtra,GSTH,GSTH,HU,56.5488095,percentile,GSTH | 13565 | 56.5488095 | Stage-I,174,Home University Seats Allotted to Home University Candidates,a79a304d7ccac9640d01445826b0d12ac5aeb57de0b2befce93727117eeec97b
a364fccf8115-PG_MCA_CAP3_Cutoff_All_Institutes_2025_26.pdf,6973,"ASMS Institute of Business Management and Research MCA, Pune",0697324110,2025-26,3,Maharashtra,GNTCH,GNTCH,HU,69.7143504,percentile,GNTCH | 10030 | 69.7143504 | Stage-I,174,Home University Seats Allotted to Home University Candidates,e2004f5bab8bc0d1c626b37d06910b486dffa6928bf10baf141b286e8639fc82
a364fccf8115-PG_MCA_CAP3_Cutoff_All_Institutes_2025_26.pdf,6973,"ASMS Institute of Business Management and Research MCA, Pune",0697324110,2025-26,3,Maharashtra,GOBCH,GOBCH,HU,61.2807064,percentile,GOBCH | 12217 | 61.2807064 | Stage-I,174,Home University Seats Allotted to Home University Candidates,efc0587075e95ad9cb597558465e9a24ebdd0e68165da2811235f688128a6fa8
a364fccf8115-PG_MCA_CAP3_Cutoff_All_Institutes_2025_26.pdf,6973,"ASMS Institute of Business Management and Research MCA, Pune",0697324110,2025-26,3,Maharashtra,GSTH,GSTH,HU,74.782248,percentile,GSTH | 8274 | 74.782248 | Stage-I,174,Home University Seats Allotted to Other Than Home University Candidates,9669a97d8cac5fa1d5760b29674a3c74913764703d736988ff4dbeb53378a92c
a364fccf8115-PG_MCA_CAP3_Cutoff_All_Institutes_2025_26.pdf,6973,"ASMS Institute of Business Management and Research MCA, Pune",0697324110,2025-26,3,Maharashtra,GOPENO,GOPENO,HU,87.2080299,percentile,GOPENO | 4248 | 87.2080299 | Stage-I,174,Other Than Home University Seats Allotted to Other Than Home University Candidates,a4727fc9ea1d244eff7dffa41b7b3a2885c611a93a3ac39a2accd376c46ee5b3
a364fccf8115-PG_MCA_CAP3_Cutoff_All_Institutes_2025_26.pdf,6973,"ASMS Institute of Business Management and Research MCA, Pune",0697324110,2025-26,3,Maharashtra,GSCO,GSCO,HU,80.5399495,percentile,GSCO | 6245 | 80.5399495 | Stage-I,174,Other Than Home University Seats Allotted to Other Than Home University Candidates,f3f05590917e6e79c9dd3f74dad4ec7f771727e6885fa20c40fae9241a7f5694
a364fccf8115-PG_MCA_CAP3_Cutoff_All_Institutes_2025_26.pdf,6973,"ASMS Institute of Business Management and Research MCA, Pune",0697324110,2025-26,3,Maharashtra,GNTAO,GNTAO,HU,21.0059952,percentile,GNTAO | 22053 | 21.0059952 | Stage-I,174,Other Than Home University Seats Allotted to Other Than Home University Candidates,0b2631ff4b9f9d28d23a15adba4bc429e44f8a5000064edc61efb58cca12ae5c
a364fccf8115-PG_MCA_CAP3_Cutoff_All_Institutes_2025_26.pdf,6973,"ASMS Institute of Business Management and Research MCA, Pune",0697324110,2025-26,3,Maharashtra,GOBCO,GOBCO,HU,85.2118788,percentile,GOBCO | 4936 | 85.2118788 | Stage-I,174,Other Than Home University Seats Allotted to Other Than Home University Candidates,3d84fdac0e34a5797a1192a3d56cc16d4f958ef81752cf3045d0f1c99b08ca84
a364fccf8115-PG_MCA_CAP3_Cutoff_All_Institutes_2025_26.pdf,6973,"ASMS Institute of Business Management and Research MCA, Pune",0697324110,2025-26,3,Maharashtra,GSEBCO,GSEBCO,HU,79.9969812,percentile,GSEBCO | 6667 | 79.9969812 | Stage-I,174,Other Than Home University Seats Allotted to Other Than Home University Candidates,cf6e7611d1a9202aa98c763600c3c06d8fceefd880bf34a16fc932beb95d3261
a364fccf8115-PG_MCA_CAP3_Cutoff_All_Institutes_2025_26.pdf,6990,Jaihind Institute of Management and Research,0699024110,2025-26,3,Maharashtra,GOPENH,GOPENH,HU,61.2807064,percentile,GOPENH | 12512 | 61.2807064 | Stage-I,175,Home University Seats Allotted to Home University Candidates,5cbb57f640a22970a046a359e46e497af8977c87b0fd42e686517820c7b0a326
a364fccf8115-PG_MCA_CAP3_Cutoff_All_Institutes_2025_26.pdf,6990,Jaihind Institute of Management and Research,0699024110,2025-26,3,Maharashtra,GSCH,GSCH,HU,16.9789978,percentile,GSCH | 22724 | 16.9789978 | Stage-I,175,Home University Seats Allotted to Home University Candidates,d5089d8528b361bbac9dc0d2eb177241608600f1038beaad67a92a769fd9a3af
a364fccf8115-PG_MCA_CAP3_Cutoff_All_Institutes_2025_26.pdf,6990,Jaihind Institute of Management and Research,0699024110,2025-26,3,Maharashtra,GNTAH,GNTAH,HU,46.3793819,percentile,GNTAH | 16174 | 46.3793819 | Stage-I,175,Home University Seats Allotted to Home University Candidates,573e8fcea36ac24bae43f8afeec4d50af1e3b506b77390933e2670d462e090e4
a364fccf8115-PG_MCA_CAP3_Cutoff_All_Institutes_2025_26.pdf,6990,Jaihind Institute of Management and Research,0699024110,2025-26,3,Maharashtra,GNTCH,GNTCH,HU,9.7430286,percentile,GNTCH | 23972 | 9.7430286 | Stage-I,175,Home University Seats Allotted to Home University Candidates,83517aaf176d17f2c902d108c48eeba86a3a3ae3aaf3198b7535d30deebcfc50
a364fccf8115-PG_MCA_CAP3_Cutoff_All_Institutes_2025_26.pdf,6990,Jaihind Institute of Management and Research,0699024110,2025-26,3,Maharashtra,GSCH,GSCH,HU,21.0059952,percentile,GSCH | 21927 | 21.0059952 | Stage-I,175,Home University Seats Allotted to Other Than Home University Candidates,c192539fc083547308a27309bb769b6a1a9a50fa78262834f050fe1ad66116c4
a364fccf8115-PG_MCA_CAP3_Cutoff_All_Institutes_2025_26.pdf,6990,Jaihind Institute of Management and Research,0699024110,2025-26,3,Maharashtra,GOPENO,GOPENO,HU,58.7911466,percentile,GOPENO | 12808 | 58.7911466 | Stage-I,175,Other Than Home University Seats Allotted to Other Than Home University Candidates,034689a679e6d3ad13c753f0e71714bdf42c3f47a47b42ae758d91c7747b1f76
a364fccf8115-PG_MCA_CAP3_Cutoff_All_Institutes_2025_26.pdf,6990,Jaihind Institute of Management and Research,0699024110,2025-26,3,Maharashtra,GSCO,GSCO,HU,41.4550394,percentile,GSCO | 17397 | 41.4550394 | Stage-I,175,Other Than Home University Seats Allotted to Other Than Home University Candidates,30cb547eb0c981348b94de1d762ceabb65ec23e81a460b60f647b89105198a47
a364fccf8115-PG_MCA_CAP3_Cutoff_All_Institutes_2025_26.pdf,6990,Jaihind Institute of Management and Research,0699024110,2025-26,3,Maharashtra,GSTO,GSTO,HU,49.3533426,percentile,GSTO | 15708 | 49.3533426 | Stage-I,175,Other Than Home University Seats Allotted to Other Than Home University Candidates,53742fcd9e6ccd6ad292e590d8cbb9c3755996499059511a6b0af368c4f57672
a364fccf8115-PG_MCA_CAP3_Cutoff_All_Institutes_2025_26.pdf,6990,Jaihind Institute of Management and Research,0699024110,2025-26,3,Maharashtra,GNTBO,GNTBO,HU,34.5198145,percentile,GNTBO | 19200 | 34.5198145 | Stage-I,175,Other Than Home University Seats Allotted to Other Than Home University Candidates,f10a5905da670dc5c0823237bcbe41388dbbfbd147536a1c1e018bad1f1bb88c
a364fccf8115-PG_MCA_CAP3_Cutoff_All_Institutes_2025_26.pdf,6990,Jaihind Institute of Management and Research,0699024110,2025-26,3,Maharashtra,TFWS,TFWS,SL,49.3533426,percentile,TFWS | 15338 | 49.3533426 | Stage-I,175,Other Than Home University Seats Allotted to Other Than Home University Candidates,69d1b588d0e63c208c17b65a9cdc7132824e2df94e1802a7762eb4f53007821a
a364fccf8115-PG_MCA_CAP3_Cutoff_All_Institutes_2025_26.pdf,6991,"Dr. D.Y. Patil Technical Campus, Varale, Talegaon, Pune",0699124110,2025-26,3,Maharashtra,GOPENH,GOPENH,HU,65.8578922,percentile,GOPENH | 10831 | 65.8578922 | Stage-I,176,Home University Seats Allotted to Home University Candidates,f39df57fc51ca43519bfc3563813b16edbe34dd5370da8fd757334d0952c6b23
a364fccf8115-PG_MCA_CAP3_Cutoff_All_Institutes_2025_26.pdf,6991,"Dr. D.Y. Patil Technical Campus, Varale, Talegaon, Pune",0699124110,2025-26,3,Maharashtra,GSCH,GSCH,HU,25.4779232,percentile,GSCH | 21040 | 25.4779232 | Stage-I,176,Home University Seats Allotted to Home University Candidates,9266636de58a61807ddfac81e31fbab4196fc3d2171370d57796717cdc444dbe
a364fccf8115-PG_MCA_CAP3_Cutoff_All_Institutes_2025_26.pdf,6991,"Dr. D.Y. Patil Technical Campus, Varale, Talegaon, Pune",0699124110,2025-26,3,Maharashtra,GSTH,GSTH,HU,29.9046039,percentile,GSTH | 20065 | 29.9046039 | Stage-I,176,Home University Seats Allotted to Home University Candidates,ffaf2881817258e24a25f95849edffed156ac6b29c63596593d49bf68f4c1667
a364fccf8115-PG_MCA_CAP3_Cutoff_All_Institutes_2025_26.pdf,6991,"Dr. D.Y. Patil Technical Campus, Varale, Talegaon, Pune",0699124110,2025-26,3,Maharashtra,GNTBH,GNTBH,HU,13.5402134,percentile,GNTBH | 23206 | 13.5402134 | Stage-I,176,Home University Seats Allotted to Home University Candidates,a3e1ba25e123f8573cb1d47512a4699d49e95a590a2c264f9404e90f2f30d3d1
a364fccf8115-PG_MCA_CAP3_Cutoff_All_Institutes_2025_26.pdf,6991,"Dr. D.Y. Patil Technical Campus, Varale, Talegaon, Pune",0699124110,2025-26,3,Maharashtra,GNTDH,GNTDH,HU,53.942159,percentile,GNTDH | 14399 | 53.942159 | Stage-I,176,Home University Seats Allotted to Home University Candidates,53faf942af68c0d236bfe07167f358a17dffa7ef389dce56325e1f46eca2a53c
a364fccf8115-PG_MCA_CAP3_Cutoff_All_Institutes_2025_26.pdf,6991,"Dr. D.Y. Patil Technical Campus, Varale, Talegaon, Pune",0699124110,2025-26,3,Maharashtra,GOBCH,GOBCH,HU,41.4550394,percentile,GOBCH | 17482 | 41.4550394 | Stage-I,176,Home University Seats Allotted to Home University Candidates,028ff38ce5f717fa6dea0785d3b5d784abbdfff76e642fadefaed5abf2bc125f
a364fccf8115-PG_MCA_CAP3_Cutoff_All_Institutes_2025_26.pdf,6991,"Dr. D.Y. Patil Technical Campus, Varale, Talegaon, Pune",0699124110,2025-26,3,Maharashtra,GOPENO,GOPENO,HU,82.9644433,percentile,GOPENO | 5247 | 82.9644433 | Stage-I,176,Other Than Home University Seats Allotted to Other Than Home University Candidates,67a6fde7177ba6c614de8c4c6a2753285ec9d5702b1350f60373befca910bf18
a364fccf8115-PG_MCA_CAP3_Cutoff_All_Institutes_2025_26.pdf,6991,"Dr. D.Y. Patil Technical Campus, Varale, Talegaon, Pune",0699124110,2025-26,3,Maharashtra,GSCO,GSCO,HU,71.1549338,percentile,GSCO | 9587 | 71.1549338 | Stage-I,176,Other Than Home University Seats Allotted to Other Than Home University Candidates,0949e4a394153625cbe82edfa6eaabe43fe4bc42a5509f28a41b2349e36ffa16
a364fccf8115-PG_MCA_CAP3_Cutoff_All_Institutes_2025_26.pdf,6991,"Dr. D.Y. Patil Technical Campus, Varale, Talegaon, Pune",0699124110,2025-26,3,Maharashtra,GSTO,GSTO,HU,76.9216256,percentile,GSTO | 7591 | 76.9216256 | Stage-I,176,Other Than Home University Seats Allotted to Other Than Home University Candidates,06ba82fffea51a87182cb0088d8f2813452f3a4d32e617d2ebf86815741d2eb9
a364fccf8115-PG_MCA_CAP3_Cutoff_All_Institutes_2025_26.pdf,6991,"Dr. D.Y. Patil Technical Campus, Varale, Talegaon, Pune",0699124110,2025-26,3,Maharashtra,GOBCO,GOBCO,HU,77.8251197,percentile,GOBCO | 7274 | 77.8251197 | Stage-I,176,Other Than Home University Seats Allotted to Other Than Home University Candidates,6feae9b97dda02eea5f4066b5a6551264cf46c9cb282eebac86e3356f8ebd80f
a364fccf8115-PG_MCA_CAP3_Cutoff_All_Institutes_2025_26.pdf,6992,"Pune Cambridge Institute of Management and Computer Application, Ambegaon Pathar, Pune",0699224110,2025-26,3,Maharashtra,GOPENH,GOPENH,HU,89.1966341,percentile,GOPENH | 3277 | 89.1966341 | Stage-I,177,Home University Seats Allotted to Home University Candidates,287107910ee385405871c61715a8ad57fa13b09a41c0d2c25bf398ffff05aedd
a364fccf8115-PG_MCA_CAP3_Cutoff_All_Institutes_2025_26.pdf,6992,"Pune Cambridge Institute of Management and Computer Application, Ambegaon Pathar, Pune",0699224110,2025-26,3,Maharashtra,GSCH,GSCH,HU,9.7430286,percentile,GSCH | 24056 | 9.7430286 | Stage-I,177,Home University Seats Allotted to Home University Candidates,514b0a99c413e70005658e035f541a9532fc8b8f7e43e260ae3c94d85903abfd
a364fccf8115-PG_MCA_CAP3_Cutoff_All_Institutes_2025_26.pdf,6992,"Pune Cambridge Institute of Management and Computer Application, Ambegaon Pathar, Pune",0699224110,2025-26,3,Maharashtra,GSTH,GSTH,HU,53.942159,percentile,GSTH | 14393 | 53.942159 | Stage-I,177,Home University Seats Allotted to Home University Candidates,ef4685a1d0e01a33e851b726f900f26972a06f4c0766c576f3fa2d2678a258ce
a364fccf8115-PG_MCA_CAP3_Cutoff_All_Institutes_2025_26.pdf,6992,"Pune Cambridge Institute of Management and Computer Application, Ambegaon Pathar, Pune",0699224110,2025-26,3,Maharashtra,GOBCH,GOBCH,HU,41.4550394,percentile,GOBCH | 17250 | 41.4550394 | Stage-I,177,Home University Seats Allotted to Home University Candidates,c8b4b28c285ceb59f333a12bde973c8482d0f4b941ff645a1c64a9b9e8f9088d
a364fccf8115-PG_MCA_CAP3_Cutoff_All_Institutes_2025_26.pdf,6992,"Pune Cambridge Institute of Management and Computer Application, Ambegaon Pathar, Pune",0699224110,2025-26,3,Maharashtra,GSTO,GSTO,HU,82.9644433,percentile,GSTO | 5495 | 82.9644433 | Stage-IV,177,Other Than Home University Seats Allotted to Other Than Home University Candidates,512515056e1f9a9858e3f982ca631877e49ed77ac0d189173163e19759157084
a364fccf8115-PG_MCA_CAP3_Cutoff_All_Institutes_2025_26.pdf,6992,"Pune Cambridge Institute of Management and Computer Application, Ambegaon Pathar, Pune",1612224110,2025-26,3,Maharashtra,GSCH,GSCH,HU,15.5994113,percentile,GSCH | 22860 | 15.5994113 | Stage-I,178,Home University Seats Allotted to Home University Candidates,263fb25f63cb0ab52857d1ee51af21e3c76f9169dcd0cb0f5be9fdf1f4f93067
a364fccf8115-PG_MCA_CAP3_Cutoff_All_Institutes_2025_26.pdf,6992,"Pune Cambridge Institute of Management and Computer Application, Ambegaon Pathar, Pune",1612224110,2025-26,3,Maharashtra,GSTH,GSTH,HU,31.6629561,percentile,GSTH | 19474 | 31.6629561 | Stage-I,178,Home University Seats Allotted to Home University Candidates,acaad1093a54e171a2e4c4200b28dede131f69a50ba2f5e347e133ddeacfe6eb
a364fccf8115-PG_MCA_CAP3_Cutoff_All_Institutes_2025_26.pdf,6992,"Pune Cambridge Institute of Management and Computer Application, Ambegaon Pathar, Pune",1612224110,2025-26,3,Maharashtra,GNTBH,GNTBH,HU,65.8578922,percentile,GNTBH | 10943 | 65.8578922 | Stage-I,178,Home University Seats Allotted to Home University Candidates,3ac9ecd47e6911e1a71544673066c6f17d2625e950e4e6f7efec99f8a7abbff9
a364fccf8115-PG_MCA_CAP3_Cutoff_All_Institutes_2025_26.pdf,6992,"Pune Cambridge Institute of Management and Computer Application, Ambegaon Pathar, Pune",1612224110,2025-26,3,Maharashtra,GSEBCH,GSEBCH,HU,34.5198145,percentile,GSEBCH | 19265 | 34.5198145 | Stage-I,178,Home University Seats Allotted to Other Than Home University Candidates,74f0c473146862f05cf4cf38937b631e3d5ed23e32364891049dcec1d2b0d193
a364fccf8115-PG_MCA_CAP3_Cutoff_All_Institutes_2025_26.pdf,6992,"Pune Cambridge Institute of Management and Computer Application, Ambegaon Pathar, Pune",1612224110,2025-26,3,Maharashtra,GOPENO,GOPENO,HU,53.942159,percentile,GOPENO | 14165 | 53.942159 | Stage-I,178,Other Than Home University Seats Allotted to Other Than Home University Candidates,cb0e76c571ac071cbf1c30b59147ec6948c4bf8aa2134244ee8529063f2974ff
a364fccf8115-PG_MCA_CAP3_Cutoff_All_Institutes_2025_26.pdf,6992,"Pune Cambridge Institute of Management and Computer Application, Ambegaon Pathar, Pune",1612224110,2025-26,3,Maharashtra,GSCO,GSCO,HU,49.3533426,percentile,GSCO | 15304 | 49.3533426 | Stage-I,178,Other Than Home University Seats Allotted to Other Than Home University Candidates,678cb742dcc46dc8dea8c3221d2b5dcb2883b0ef665dbeef1d48eec971799b51
a364fccf8115-PG_MCA_CAP3_Cutoff_All_Institutes_2025_26.pdf,6992,"Pune Cambridge Institute of Management and Computer Application, Ambegaon Pathar, Pune",1612224110,2025-26,3,Maharashtra,GSTO,GSTO,HU,41.4550394,percentile,GSTO | 17424 | 41.4550394 | Stage-I,178,Other Than Home University Seats Allotted to Other Than Home University Candidates,759ede0fceddacf2c013465415b4d451948ad4f8fec162f87390c14513c01c31
a364fccf8115-PG_MCA_CAP3_Cutoff_All_Institutes_2025_26.pdf,6992,"Pune Cambridge Institute of Management and Computer Application, Ambegaon Pathar, Pune",1612224110,2025-26,3,Maharashtra,GNTAO,GNTAO,HU,41.4550394,percentile,GNTAO | 17399 | 41.4550394 | Stage-I,178,Other Than Home University Seats Allotted to Other Than Home University Candidates,6ddb1a030e8f4cf406cd6f932e35b0f6a792be29f3570215947dcee908ad97d7
a364fccf8115-PG_MCA_CAP3_Cutoff_All_Institutes_2025_26.pdf,6992,"Pune Cambridge Institute of Management and Computer Application, Ambegaon Pathar, Pune",1612524210,2025-26,3,Maharashtra,GOPENH,GOPENH,HU,82.9644433,percentile,GOPENH | 5613 | 82.9644433 | Stage-I,179,Home University Seats Allotted to Home University Candidates,37b3b4c7c512eaa5151b8d940f136b0da74aa4b52d0f5c150e07ebb7060c058b
a364fccf8115-PG_MCA_CAP3_Cutoff_All_Institutes_2025_26.pdf,6992,"Pune Cambridge Institute of Management and Computer Application, Ambegaon Pathar, Pune",1612524210,2025-26,3,Maharashtra,GSCH,GSCH,HU,19.1539942,percentile,GSCH | 22419 | 19.1539942 | Stage-I,179,Home University Seats Allotted to Home University Candidates,6d637f0a2e07a953c871191d46793ed832c9ca831adaf69d746f08614f15efde
a364fccf8115-PG_MCA_CAP3_Cutoff_All_Institutes_2025_26.pdf,6992,"Pune Cambridge Institute of Management and Computer Application, Ambegaon Pathar, Pune",1612524210,2025-26,3,Maharashtra,GOBCH,GOBCH,HU,67.3579428,percentile,GOBCH | 10513 | 67.3579428 | Stage-I,179,Home University Seats Allotted to Home University Candidates,bc19c15d3feed6d5a88faf6509c2b4ddc0cf4446975a980f837dfa909b08488e
a364fccf8115-PG_MCA_CAP3_Cutoff_All_Institutes_2025_26.pdf,6992,"Pune Cambridge Institute of Management and Computer Application, Ambegaon Pathar, Pune",1612524210,2025-26,3,Maharashtra,GSEBCH,GSEBCH,HU,69.7143504,percentile,GSEBCH | 9977 | 69.7143504 | Stage-I,179,Home University Seats Allotted to Home University Candidates,a72f07d7aadd87adbe1fceb4e81ff5dfea8d26430d9eac7c39500e698ae76749
a364fccf8115-PG_MCA_CAP3_Cutoff_All_Institutes_2025_26.pdf,6992,"Pune Cambridge Institute of Management and Computer Application, Ambegaon Pathar, Pune",1612524210,2025-26,3,Maharashtra,GOPENO,GOPENO,HU,71.1549338,percentile,GOPENO | 9343 | 71.1549338 | Stage-I,179,Other Than Home University Seats Allotted to Home University Candidates,5535421de843a41c566044654be1e727b662a0548c3538ddee957d850a1b7ecc
a364fccf8115-PG_MCA_CAP3_Cutoff_All_Institutes_2025_26.pdf,6992,"Pune Cambridge Institute of Management and Computer Application, Ambegaon Pathar, Pune",1612524210,2025-26,3,Maharashtra,GNTCO,GNTCO,HU,61.2807064,percentile,GNTCO | 12396 | 61.2807064 | Stage-I,179,Other Than Home University Seats Allotted to Home University Candidates,0562df02a5f65e819b8706797f6365b1dfd92455685044fcbf548bc6dc1c894b
a364fccf8115-PG_MCA_CAP3_Cutoff_All_Institutes_2025_26.pdf,6992,"Pune Cambridge Institute of Management and Computer Application, Ambegaon Pathar, Pune",1612524210,2025-26,3,Maharashtra,GOBCO,GOBCO,HU,39.3989669,percentile,GOBCO | 18232 | 39.3989669 | Stage-I,179,Other Than Home University Seats Allotted to Home University Candidates,04cdba5451ca44d7c5e812f1f6cfcbb611e388e2b23394336559aa3f15f9ed4f
a364fccf8115-PG_MCA_CAP3_Cutoff_All_Institutes_2025_26.pdf,6992,"Pune Cambridge Institute of Management and Computer Application, Ambegaon Pathar, Pune",1612524210,2025-26,3,Maharashtra,GSEBCO,GSEBCO,HU,63.1574978,percentile,GSEBCO | 11991 | 63.1574978 | Stage-I,179,Other Than Home University Seats Allotted to Home University Candidates,4d17e80c7f435df8836bc61ff072bfbaccccef0f58b9298bb4bbc6a1fa451aba
a364fccf8115-PG_MCA_CAP3_Cutoff_All_Institutes_2025_26.pdf,6992,"Pune Cambridge Institute of Management and Computer Application, Ambegaon Pathar, Pune",1612524210,2025-26,3,Maharashtra,GOPENH,GOPENH,HU,58.7911466,percentile,GOPENH | 13032 | 58.7911466 | Stage-I,180,Home University Seats Allotted to Home University Candidates,e5528381dabc12c0184ab93d0ae22f56d1502f3375d702c5dd018b5fade0035d
a364fccf8115-PG_MCA_CAP3_Cutoff_All_Institutes_2025_26.pdf,6992,"Pune Cambridge Institute of Management and Computer Application, Ambegaon Pathar, Pune",1612524210,2025-26,3,Maharashtra,GSCH,GSCH,HU,31.6629561,percentile,GSCH | 19374 | 31.6629561 | Stage-I,180,Home University Seats Allotted to Home University Candidates,e68ea2c16cc6142c4cca7ca7e26ee2a5053c5e9cec7b8da0cd3ce2de7ebf108f
a364fccf8115-PG_MCA_CAP3_Cutoff_All_Institutes_2025_26.pdf,6992,"Pune Cambridge Institute of Management and Computer Application, Ambegaon Pathar, Pune",1612524210,2025-26,3,Maharashtra,GSEBCH,GSEBCH,HU,46.3793819,percentile,GSEBCH | 15861 | 46.3793819 | Stage-I,180,Home University Seats Allotted to Home University Candidates,f0e0dd5f0ae1950ac3ab5cc78e5dba595f52a51866581fde2f0858edda605990
a364fccf8115-PG_MCA_CAP3_Cutoff_All_Institutes_2025_26.pdf,6992,"Pune Cambridge Institute of Management and Computer Application, Ambegaon Pathar, Pune",1612524210,2025-26,3,Maharashtra,GOPENO,GOPENO,HU,56.5488095,percentile,GOPENO | 13371 | 56.5488095 | Stage-I,180,Other Than Home University Seats Allotted to Home University Candidates,3627cc63bc97a669576f97bf2f3e666011b804971e63abef1e576a30fbb0a8f1
a364fccf8115-PG_MCA_CAP3_Cutoff_All_Institutes_2025_26.pdf,6992,"Pune Cambridge Institute of Management and Computer Application, Ambegaon Pathar, Pune",1612524210,2025-26,3,Maharashtra,GOPENH,GOPENH,HU,23.1010151,percentile,GOPENH | 21276 | 23.1010151 | Stage-I,181,Home University Seats Allotted to Home University Candidates,2d6ff71ccdd741c9339eeb53be1a8883f3cc8bee03c1dbedd345090bed4fc3dd
a364fccf8115-PG_MCA_CAP3_Cutoff_All_Institutes_2025_26.pdf,6992,"Pune Cambridge Institute of Management and Computer Application, Ambegaon Pathar, Pune",1612524210,2025-26,3,Maharashtra,GOPENO,GOPENO,HU,56.5488095,percentile,GOPENO | 13438 | 56.5488095 | Stage-I,181,Other Than Home University Seats Allotted to Other Than Home University Candidates,3627cc63bc97a669576f97bf2f3e666011b804971e63abef1e576a30fbb0a8f1
a364fccf8115-PG_MCA_CAP3_Cutoff_All_Institutes_2025_26.pdf,6992,"Pune Cambridge Institute of Management and Computer Application, Ambegaon Pathar, Pune",1612524210,2025-26,3,Maharashtra,GOPENH,GOPENH,HU,71.1549338,percentile,GOPENH | 9430 | 71.1549338 | Stage-I,182,Home University Seats Allotted to Home University Candidates,cbab378397d820f39a50b3dd806839c480c888d43d38816741d056766b966c34
a364fccf8115-PG_MCA_CAP3_Cutoff_All_Institutes_2025_26.pdf,6992,"Pune Cambridge Institute of Management and Computer Application, Ambegaon Pathar, Pune",1612524210,2025-26,3,Maharashtra,GSCH,GSCH,HU,16.9789978,percentile,GSCH | 22747 | 16.9789978 | Stage-I,182,Home University Seats Allotted to Home University Candidates,5c36c1cdd215efac8236e5f6c344d2096f60a4fea714888ae6712f89d353d696
a364fccf8115-PG_MCA_CAP3_Cutoff_All_Institutes_2025_26.pdf,6992,"Pune Cambridge Institute of Management and Computer Application, Ambegaon Pathar, Pune",1612524210,2025-26,3,Maharashtra,GSTH,GSTH,HU,41.4550394,percentile,GSTH | 17472 | 41.4550394 | Stage-I,182,Home University Seats Allotted to Home University Candidates,9e6dde5fb033b65fa9a2d0e82db0b6aa5a4b1e41498309d8d34e014c6db98fa8
a364fccf8115-PG_MCA_CAP3_Cutoff_All_Institutes_2025_26.pdf,6992,"Pune Cambridge Institute of Management and Computer Application, Ambegaon Pathar, Pune",1612524210,2025-26,3,Maharashtra,GOPENO,GOPENO,HU,12.4750009,percentile,GOPENO | 23497 | 12.4750009 | Stage-I,182,Other Than Home University Seats Allotted to Other Than Home University Candidates,b85c8d55648ada0a31102928754d498b694a6bffedc1af9058f6753d34479012
a364fccf8115-PG_MCA_CAP3_Cutoff_All_Institutes_2025_26.pdf,6992,"Pune Cambridge Institute of Management and Computer Application, Ambegaon Pathar, Pune",1612524210,2025-26,3,Maharashtra,GOPENO,GOPENO,HU,34.5198145,percentile,GOPENO | 19242 | 34.5198145 | Stage-I,182,Other Than Home University Seats Allotted to Home University Candidates,554429ec9383e1215d5429e18a1c339fe5fbe717b1f1242e0f3acce484b5987a
a364fccf8115-PG_MCA_CAP3_Cutoff_All_Institutes_2025_26.pdf,6992,"Pune Cambridge Institute of Management and Computer Application, Ambegaon Pathar, Pune",1612524210,2025-26,3,Maharashtra,TFWS,TFWS,SL,69.7143504,percentile,TFWS | 10152 | 69.7143504 | Stage-I,182,Other Than Home University Seats Allotted to Home University Candidates,df2eca5e5361567f2438a3e5546c978a2dd05b91db2c28743de360e752e26dd9
a364fccf8115-PG_MCA_CAP3_Cutoff_All_Institutes_2025_26.pdf,6992,"Pune Cambridge Institute of Management and Computer Application, Ambegaon Pathar, Pune",1620024110,2025-26,3,Maharashtra,GOPENH,GOPENH,HU,56.5488095,percentile,GOPENH | 13700 | 56.5488095 | Stage-I,183,Home University Seats Allotted to Home University Candidates,9f8ba6a67260888d9e38f62489db6aa6585393e906f5c861875b19756cbd4a0b
a364fccf8115-PG_MCA_CAP3_Cutoff_All_Institutes_2025_26.pdf,6992,"Pune Cambridge Institute of Management and Computer Application, Ambegaon Pathar, Pune",1620024110,2025-26,3,Maharashtra,GOBCH,GOBCH,HU,51.4093808,percentile,GOBCH | 14680 | 51.4093808 | Stage-I,183,Home University Seats Allotted to Home University Candidates,d90aeac1821e30b5b59da1cc428f777096c068095e7e1e8dd34a5b9bf890509e
a364fccf8115-PG_MCA_CAP3_Cutoff_All_Institutes_2025_26.pdf,6992,"Pune Cambridge Institute of Management and Computer Application, Ambegaon Pathar, Pune",1620024110,2025-26,3,Maharashtra,GOPENO,GOPENO,HU,46.3793819,percentile,GOPENO | 15968 | 46.3793819 | Stage-I,183,Other Than Home University Seats Allotted to Home University Candidates,dfe50806c0417088ff4f6ba8fef33f040bac103d7819a812f60565f2d66ff426
a364fccf8115-PG_MCA_CAP3_Cutoff_All_Institutes_2025_26.pdf,6992,"Pune Cambridge Institute of Management and Computer Application, Ambegaon Pathar, Pune",1620024110,2025-26,3,Maharashtra,GOPENO,GOPENO,HU,36.496736,percentile,GOPENO | 18357 | 36.496736 | Stage-I,184,Other Than Home University Seats Allotted to Other Than Home University Candidates,db09f53acd49532e196c209576f93c3e9324b97b7467ad40c2bed8e6cbe09ecc
a364fccf8115-PG_MCA_CAP3_Cutoff_All_Institutes_2025_26.pdf,6992,"Pune Cambridge Institute of Management and Computer Application, Ambegaon Pathar, Pune",1620024110,2025-26,3,Maharashtra,GOBCO,GOBCO,HU,58.7911466,percentile,GOBCO | 13293 | 58.7911466 | Stage-I,184,Other Than Home University Seats Allotted to Home University Candidates,8085f9bcd7ea754ff060a1e065803e0cfd761f8194d899ddd8e06f8b5437f001
a364fccf8115-PG_MCA_CAP3_Cutoff_All_Institutes_2025_26.pdf,6992,"Pune Cambridge Institute of Management and Computer Application, Ambegaon Pathar, Pune",1621624110,2025-26,3,Maharashtra,GOPENH,GOPENH,HU,46.3793819,percentile,GOPENH | 16186 | 46.3793819 | Stage-I,185,Home University Seats Allotted to Home University Candidates,4f99bb471388a010392eaa7dd93c3177192a86fb667dc5239b3814e81d0bb428
a364fccf8115-PG_MCA_CAP3_Cutoff_All_Institutes_2025_26.pdf,6992,"Pune Cambridge Institute of Management and Computer Application, Ambegaon Pathar, Pune",1621624110,2025-26,3,Maharashtra,GOPENO,GOPENO,HU,29.9046039,percentile,GOPENO | 20075 | 29.9046039 | Stage-I,185,Other Than Home University Seats Allotted to Other Than Home University Candidates,01e581e430de4e78fb267ff6a22c49d0605c04fb1305afc415d5ada399f692a8
a364fccf8115-PG_MCA_CAP3_Cutoff_All_Institutes_2025_26.pdf,6992,"Pune Cambridge Institute of Management and Computer Application, Ambegaon Pathar, Pune",1622924210,2025-26,3,Maharashtra,GOPENO,GOPENO,HU,36.496736,percentile,GOPENO | 18419 | 36.496736 | Stage-I,186,Other Than Home University Seats Allotted to Home University Candidates,6a67d03c5ccbc4b6a2e3a157881e16576d65db0d5d3b07f7deb2cd2240a9c269
a364fccf8115-PG_MCA_CAP3_Cutoff_All_Institutes_2025_26.pdf,6992,"Pune Cambridge Institute of Management and Computer Application, Ambegaon Pathar, Pune",1622924210,2025-26,3,Maharashtra,MI-MH,MI-MH,MI,4.302251,percentile,MI-MH | 24821 | 4.302251 | Stage-MI-MH,186,Minority Seats : Minority Seats Allotted to Non Minority Candidates,6994b4be57c382fb3ddb46d24864056445931e07bbeffee2ff61233700ec2b36
a364fccf8115-PG_MCA_CAP3_Cutoff_All_Institutes_2025_26.pdf,6992,"Pune Cambridge Institute of Management and Computer Application, Ambegaon Pathar, Pune",1625924110,2025-26,3,Maharashtra,GOBCH,GOBCH,HU,49.3533426,percentile,GOBCH | 15632 | 49.3533426 | Stage-I,187,Home University Seats Allotted to Home University Candidates,c86d8c1fcffd4724a9ed4e1d89b113759b3ddee4ca2ef7cc73a10b4241ffa22e
a364fccf8115-PG_MCA_CAP3_Cutoff_All_Institutes_2025_26.pdf,6992,"Pune Cambridge Institute of Management and Computer Application, Ambegaon Pathar, Pune",1625924110,2025-26,3,Maharashtra,GSCH,GSCH,HU,56.5488095,percentile,GSCH | 13374 | 56.5488095 | Stage-I,187,Home University Seats Allotted to Other Than Home University Candidates,ac6a1e486560417f812c301a63eb030d7de83beb2c2ce2a2c3e113d33551423a
a364fccf8115-PG_MCA_CAP3_Cutoff_All_Institutes_2025_26.pdf,6992,"Pune Cambridge Institute of Management and Computer Application, Ambegaon Pathar, Pune",1625924110,2025-26,3,Maharashtra,GOPENO,GOPENO,HU,77.8251197,percentile,GOPENO | 7126 | 77.8251197 | Stage-I,187,Other Than Home University Seats Allotted to Other Than Home University Candidates,9b52d5898568bd0b849b14559fd0be3e694e2de6ac88be165e57422f2933a004
a364fccf8115-PG_MCA_CAP3_Cutoff_All_Institutes_2025_26.pdf,6992,"Pune Cambridge Institute of Management and Computer Application, Ambegaon Pathar, Pune",1625924110,2025-26,3,Maharashtra,GSTO,GSTO,HU,69.7143504,percentile,GSTO | 9673 | 69.7143504 | Stage-I,187,Other Than Home University Seats Allotted to Other Than Home University Candidates,22d180f5d0b4b1ed929fa4276fd3c728e91b04f3c0439e03713e335dfb7a5190
a364fccf8115-PG_MCA_CAP3_Cutoff_All_Institutes_2025_26.pdf,6992,"Pune Cambridge Institute of Management and Computer Application, Ambegaon Pathar, Pune",1625924110,2025-26,3,Maharashtra,GOBCO,GOBCO,HU,65.8578922,percentile,GOBCO | 11033 | 65.8578922 | Stage-I,187,Other Than Home University Seats Allotted to Other Than Home University Candidates,01a3157780a40406cd931b1de8c13fec37c82018ff839d73fbecd2c15fa2dfbb
a364fccf8115-PG_MCA_CAP3_Cutoff_All_Institutes_2025_26.pdf,6992,"Pune Cambridge Institute of Management and Computer Application, Ambegaon Pathar, Pune",1633124110,2025-26,3,Maharashtra,GOPENH,GOPENH,HU,36.496736,percentile,GOPENH | 18805 | 36.496736 | Stage-I,188,Home University Seats Allotted to Home University Candidates,bf00140e56921fa36552871958e4de66996fddd272f649c105e5d5065bd0f35c
a364fccf8115-PG_MCA_CAP3_Cutoff_All_Institutes_2025_26.pdf,6992,"Pune Cambridge Institute of Management and Computer Application, Ambegaon Pathar, Pune",1633124110,2025-26,3,Maharashtra,GSCH,GSCH,HU,15.5994113,percentile,GSCH | 22944 | 15.5994113 | Stage-I,188,Home University Seats Allotted to Home University Candidates,d139bcfa6060070d3fb177b916734ad7f2b3ecec700861e9733e632c8a89aee1
a364fccf8115-PG_MCA_CAP3_Cutoff_All_Institutes_2025_26.pdf,6992,"Pune Cambridge Institute of Management and Computer Application, Ambegaon Pathar, Pune",1633124110,2025-26,3,Maharashtra,GSEBCH,GSEBCH,HU,31.6629561,percentile,GSEBCH | 19591 | 31.6629561 | Stage-I,188,Home University Seats Allotted to Other Than Home University Candidates,f9049d8519dc9fabbaa43aeb35b8e52546ff385549056d72fd81362383ed27d6
a364fccf8115-PG_MCA_CAP3_Cutoff_All_Institutes_2025_26.pdf,6992,"Pune Cambridge Institute of Management and Computer Application, Ambegaon Pathar, Pune",1633124110,2025-26,3,Maharashtra,GOPENO,GOPENO,HU,46.3793819,percentile,GOPENO | 16018 | 46.3793819 | Stage-I,188,Other Than Home University Seats Allotted to Other Than Home University Candidates,c1cecbe5b1d3b87df53a0d286551fff06e39439ae8c2bd9d6cd71a89986c8665
a364fccf8115-PG_MCA_CAP3_Cutoff_All_Institutes_2025_26.pdf,6992,"Pune Cambridge Institute of Management and Computer Application, Ambegaon Pathar, Pune",1633124110,2025-26,3,Maharashtra,GSCO,GSCO,HU,31.6629561,percentile,GSCO | 19352 | 31.6629561 | Stage-I,188,Other Than Home University Seats Allotted to Other Than Home University Candidates,9dc1b40c3102bea3405e1a1d0a350bc01c743a95e0217f73cefc073c40696c45
a364fccf8115-PG_MCA_CAP3_Cutoff_All_Institutes_2025_26.pdf,6992,"Pune Cambridge Institute of Management and Computer Application, Ambegaon Pathar, Pune",1633124110,2025-26,3,Maharashtra,GOBCO,GOBCO,HU,36.496736,percentile,GOBCO | 18291 | 36.496736 | Stage-I,188,Other Than Home University Seats Allotted to Other Than Home University Candidates,b47e4b79f343e9b13b92e654d030b076879f2d0e53d6d85dce58d3b1e2302912
a364fccf8115-PG_MCA_CAP3_Cutoff_All_Institutes_2025_26.pdf,6992,"Pune Cambridge Institute of Management and Computer Application, Ambegaon Pathar, Pune",1633124110,2025-26,3,Maharashtra,TFWS,TFWS,SL,73.5368477,percentile,TFWS | 8887 | 73.5368477 | Stage-I,188,Other Than Home University Seats Allotted to Other Than Home University Candidates,9c29bd1c5161ddb92e07cfb4669e75e23af7b68ebf511ad40fd197febfa8ee79
a364fccf8115-PG_MCA_CAP3_Cutoff_All_Institutes_2025_26.pdf,6992,"Pune Cambridge Institute of Management and Computer Application, Ambegaon Pathar, Pune",1635324110,2025-26,3,Maharashtra,GOPENH,GOPENH,HU,49.3533426,percentile,GOPENH | 15604 | 49.3533426 | Stage-I,189,Home University Seats Allotted to Home University Candidates,ac5110f9676a309133b5d47a710919fbe39bf22b7813016717a112798d50b698
a364fccf8115-PG_MCA_CAP3_Cutoff_All_Institutes_2025_26.pdf,6992,"Pune Cambridge Institute of Management and Computer Application, Ambegaon Pathar, Pune",1635324110,2025-26,3,Maharashtra,GSCO,GSCO,HU,12.4750009,percentile,GSCO | 23512 | 12.4750009 | Stage-IV,189,Other Than Home University Seats Allotted to Other Than Home University Candidates,a449a2db3028b0b5038454152c39e54d2af357d2a4fff8bcff58ddcfbaea33e3
a364fccf8115-PG_MCA_CAP3_Cutoff_All_Institutes_2025_26.pdf,6992,"Pune Cambridge Institute of Management and Computer Application, Ambegaon Pathar, Pune",1635324110,2025-26,3,Maharashtra,GNTBO,GNTBO,HU,16.9789978,percentile,GNTBO | 22742 | 16.9789978 | Stage-IV,189,Other Than Home University Seats Allotted to Home University Candidates,bbeabe24a6bab7c4cbf6975bc7a581f57bf0d910cb9bc3c65112a2f86fa35f47
a364fccf8115-PG_MCA_CAP3_Cutoff_All_Institutes_2025_26.pdf,6992,"Pune Cambridge Institute of Management and Computer Application, Ambegaon Pathar, Pune",1635324110,2025-26,3,Maharashtra,TFWS,TFWS,SL,7.4072677,percentile,TFWS | 24344 | 7.4072677 | Stage-I,189,Other Than Home University Seats Allotted to Home University Candidates,737a1dfe1cc9636a504904b4ce4c9fee59fd9b3273974a3e506cc7ac4aa636e1
a364fccf8115-PG_MCA_CAP3_Cutoff_All_Institutes_2025_26.pdf,6992,"Pune Cambridge Institute of Management and Computer Application, Ambegaon Pathar, Pune",1635524210,2025-26,3,Maharashtra,GOPENH,GOPENH,HU,51.4093808,percentile,GOPENH | 14894 | 51.4093808 | Stage-I,190,Home University Seats Allotted to Home University Candidates,2c856a42cf708700ca68eb6910b91eda1c79a56a779afdb3e3ec2289c7f9b3ea
a364fccf8115-PG_MCA_CAP3_Cutoff_All_Institutes_2025_26.pdf,6992,"Pune Cambridge Institute of Management and Computer Application, Ambegaon Pathar, Pune",1635524210,2025-26,3,Maharashtra,GSTH,GSTH,HU,25.4779232,percentile,GSTH | 21017 | 25.4779232 | Stage-I,190,Home University Seats Allotted to Home University Candidates,5bd2b6c15e4618b3f8c14816f082af9c388d3b36be83151f4a9c5bf47d5f7e2d
a364fccf8115-PG_MCA_CAP3_Cutoff_All_Institutes_2025_26.pdf,6992,"Pune Cambridge Institute of Management and Computer Application, Ambegaon Pathar, Pune",1635524210,2025-26,3,Maharashtra,GNTAH,GNTAH,HU,0.2564006,percentile,GNTAH | 25455 | 0.2564006 | Stage-I,190,Home University Seats Allotted to Home University Candidates,759365b4eb81a6e0007dd3531e28714536b41e9809d9f3970e5ae8e272a25edd
a364fccf8115-PG_MCA_CAP3_Cutoff_All_Institutes_2025_26.pdf,6992,"Pune Cambridge Institute of Management and Computer Application, Ambegaon Pathar, Pune",1635524210,2025-26,3,Maharashtra,GNTBH,GNTBH,HU,31.6629561,percentile,GNTBH | 19434 | 31.6629561 | Stage-I,190,Home University Seats Allotted to Home University Candidates,d9d62373a4b952fa274b6a25507bef3b5446921649d6a7a53851778526354e24
a364fccf8115-PG_MCA_CAP3_Cutoff_All_Institutes_2025_26.pdf,6992,"Pune Cambridge Institute of Management and Computer Application, Ambegaon Pathar, Pune",1635524210,2025-26,3,Maharashtra,GNTCH,GNTCH,HU,29.9046039,percentile,GNTCH | 20201 | 29.9046039 | Stage-I,190,Home University Seats Allotted to Home University Candidates,f81714c3861aa37f9514a489ea5a9c279c55cfe7a20dd0218084e7a13c13c9dc
a364fccf8115-PG_MCA_CAP3_Cutoff_All_Institutes_2025_26.pdf,6992,"Pune Cambridge Institute of Management and Computer Application, Ambegaon Pathar, Pune",1635524210,2025-26,3,Maharashtra,GSCH,GSCH,HU,29.9046039,percentile,GSCH | 19922 | 29.9046039 | Stage-I,190,Home University Seats Allotted to Other Than Home University Candidates,1201b9b8939834a519bbde5f489b321e64e0d3e020ab141effec13b66f26633c
a364fccf8115-PG_MCA_CAP3_Cutoff_All_Institutes_2025_26.pdf,6992,"Pune Cambridge Institute of Management and Computer Application, Ambegaon Pathar, Pune",1635524210,2025-26,3,Maharashtra,GSEBCH,GSEBCH,HU,56.5488095,percentile,GSEBCH | 13977 | 56.5488095 | Stage-I,190,Home University Seats Allotted to Other Than Home University Candidates,faee89951acb94a3de53bf85450061deb75bc8e536f85f583afae6d6d6e3c98c
a364fccf8115-PG_MCA_CAP3_Cutoff_All_Institutes_2025_26.pdf,6992,"Pune Cambridge Institute of Management and Computer Application, Ambegaon Pathar, Pune",1635524210,2025-26,3,Maharashtra,GOPENO,GOPENO,HU,65.8578922,percentile,GOPENO | 10913 | 65.8578922 | Stage-I,190,Other Than Home University Seats Allotted to Other Than Home University Candidates,123e7f19798fb9e86b78eabc3b20af98802166b9cd8112294c6cea96a0a2bf68
a364fccf8115-PG_MCA_CAP3_Cutoff_All_Institutes_2025_26.pdf,6992,"Pune Cambridge Institute of Management and Computer Application, Ambegaon Pathar, Pune",1635524210,2025-26,3,Maharashtra,GSCO,GSCO,HU,58.7911466,percentile,GSCO | 12882 | 58.7911466 | Stage-I,190,Other Than Home University Seats Allotted to Other Than Home University Candidates,127273103b386b6763ba54998f0dac55e174250a41060b21c8fa4df9585daf19
a364fccf8115-PG_MCA_CAP3_Cutoff_All_Institutes_2025_26.pdf,6992,"Pune Cambridge Institute of Management and Computer Application, Ambegaon Pathar, Pune",1635524210,2025-26,3,Maharashtra,GSTO,GSTO,HU,39.3989669,percentile,GSTO | 18193 | 39.3989669 | Stage-I,190,Other Than Home University Seats Allotted to Other Than Home University Candidates,908a42856e2ee3bb98e83656ca886614d55c7b2d2d0fab7b9c9a35dced665e52
a364fccf8115-PG_MCA_CAP3_Cutoff_All_Institutes_2025_26.pdf,6992,"Pune Cambridge Institute of Management and Computer Application, Ambegaon Pathar, Pune",1635524210,2025-26,3,Maharashtra,GNTAO,GNTAO,HU,23.1010151,percentile,GNTAO | 21566 | 23.1010151 | Stage-I,190,Other Than Home University Seats Allotted to Other Than Home University Candidates,5069cfd0fa7285f84810a677fa473136955a25d4821a75c81775402c484433f3
a364fccf8115-PG_MCA_CAP3_Cutoff_All_Institutes_2025_26.pdf,6992,"Pune Cambridge Institute of Management and Computer Application, Ambegaon Pathar, Pune",1635524210,2025-26,3,Maharashtra,GNTBO,GNTBO,HU,61.2807064,percentile,GNTBO | 12083 | 61.2807064 | Stage-I,190,Other Than Home University Seats Allotted to Other Than Home University Candidates,5a852f49897b3afa503e5035c4085a3a9ed1bde8e81182188893e03c63ddd0b3
a364fccf8115-PG_MCA_CAP3_Cutoff_All_Institutes_2025_26.pdf,6992,"Pune Cambridge Institute of Management and Computer Application, Ambegaon Pathar, Pune",1635524210,2025-26,3,Maharashtra,GNTDO,GNTDO,HU,61.2807064,percentile,GNTDO | 12352 | 61.2807064 | Stage-I,190,Other Than Home University Seats Allotted to Other Than Home University Candidates,f798919340f2b4b127cdef72a70163b98b4d0c3782dca971f1344b912a430adf
a364fccf8115-PG_MCA_CAP3_Cutoff_All_Institutes_2025_26.pdf,6992,"Pune Cambridge Institute of Management and Computer Application, Ambegaon Pathar, Pune",1635624110,2025-26,3,Maharashtra,GOPENH,GOPENH,HU,71.1549338,percentile,GOPENH | 9522 | 71.1549338 | Stage-I,191,Home University Seats Allotted to Home University Candidates,0732cd0477fa2de3669294eb07eab521c975b60c54b99dd01ac9ab452ebdc3d1
a364fccf8115-PG_MCA_CAP3_Cutoff_All_Institutes_2025_26.pdf,6992,"Pune Cambridge Institute of Management and Computer Application, Ambegaon Pathar, Pune",1635624110,2025-26,3,Maharashtra,GNTBH,GNTBH,HU,23.1010151,percentile,GNTBH | 21391 | 23.1010151 | Stage-I,191,Home University Seats Allotted to Home University Candidates,f530e092d949eab2b4d6b5e6da2880883d219e9b2820b67c67dfe91502a6e26e
a364fccf8115-PG_MCA_CAP3_Cutoff_All_Institutes_2025_26.pdf,6992,"Pune Cambridge Institute of Management and Computer Application, Ambegaon Pathar, Pune",1635624110,2025-26,3,Maharashtra,GNTCH,GNTCH,HU,23.1010151,percentile,GNTCH | 21339 | 23.1010151 | Stage-I,191,Home University Seats Allotted to Home University Candidates,64476a10bfe49ad8f1a005dd82c90d550593542416f7bcfe05a55c746bf2b3a7
a364fccf8115-PG_MCA_CAP3_Cutoff_All_Institutes_2025_26.pdf,6992,"Pune Cambridge Institute of Management and Computer Application, Ambegaon Pathar, Pune",1635624110,2025-26,3,Maharashtra,GOBCH,GOBCH,HU,63.1574978,percentile,GOBCH | 11919 | 63.1574978 | Stage-I,191,Home University Seats Allotted to Home University Candidates,4935832ab3d32fdc76e9f46edcf2bc449c22d68a28e9425e87b99bcdcc2667c8
a364fccf8115-PG_MCA_CAP3_Cutoff_All_Institutes_2025_26.pdf,6992,"Pune Cambridge Institute of Management and Computer Application, Ambegaon Pathar, Pune",1635624110,2025-26,3,Maharashtra,GSEBCH,GSEBCH,HU,41.4550394,percentile,GSEBCH | 17589 | 41.4550394 | Stage-I,191,Home University Seats Allotted to Home University Candidates,225d5437a50d0fba4b789522a56cb149467779ebe64ba500d853cc90a4321902
a364fccf8115-PG_MCA_CAP3_Cutoff_All_Institutes_2025_26.pdf,6992,"Pune Cambridge Institute of Management and Computer Application, Ambegaon Pathar, Pune",1635624110,2025-26,3,Maharashtra,GSCO,GSCO,HU,58.7911466,percentile,GSCO | 13124 | 58.7911466 | Stage-I,191,Other Than Home University Seats Allotted to Other Than Home University Candidates,a2e507e42a797c2c9bae3ce0ddc1f4b38894695056d3ad6d7220808344200c25
a364fccf8115-PG_MCA_CAP3_Cutoff_All_Institutes_2025_26.pdf,6992,"Pune Cambridge Institute of Management and Computer Application, Ambegaon Pathar, Pune",1635824110,2025-26,3,Maharashtra,GOPENH,GOPENH,HU,63.1574978,percentile,GOPENH | 11865 | 63.1574978 | Stage-I,192,Home University Seats Allotted to Home University Candidates,49413cea748f77c97f5c9b2e6ff91d2b3a22515f2c9029b1d9325ca8528d357e
a364fccf8115-PG_MCA_CAP3_Cutoff_All_Institutes_2025_26.pdf,6992,"Pune Cambridge Institute of Management and Computer Application, Ambegaon Pathar, Pune",1635824110,2025-26,3,Maharashtra,GSCH,GSCH,HU,9.7430286,percentile,GSCH | 24128 | 9.7430286 | Stage-I,192,Home University Seats Allotted to Home University Candidates,19d39c2729b0b08ca1212d62f9f83af33ae03fd54de209146545ba5a3f289e10
a364fccf8115-PG_MCA_CAP3_Cutoff_All_Institutes_2025_26.pdf,6992,"Pune Cambridge Institute of Management and Computer Application, Ambegaon Pathar, Pune",1635824110,2025-26,3,Maharashtra,GSTH,GSTH,HU,58.7911466,percentile,GSTH | 13344 | 58.7911466 | Stage-I,192,Home University Seats Allotted to Home University Candidates,b23dd2ab46ba65d5c75b12a4f2fd9f31c25c286a10b3982fdbafb654146e4ca3
a364fccf8115-PG_MCA_CAP3_Cutoff_All_Institutes_2025_26.pdf,6992,"Pune Cambridge Institute of Management and Computer Application, Ambegaon Pathar, Pune",1635824110,2025-26,3,Maharashtra,GNTAH,GNTAH,HU,25.4779232,percentile,GNTAH | 21104 | 25.4779232 | Stage-I,192,Home University Seats Allotted to Home University Candidates,a979c125e59462966a148f36c7fa04375c2bf3b9e8ec333db136d49c76d324a8
a364fccf8115-PG_MCA_CAP3_Cutoff_All_Institutes_2025_26.pdf,6992,"Pune Cambridge Institute of Management and Computer Application, Ambegaon Pathar, Pune",1635824110,2025-26,3,Maharashtra,GOPENO,GOPENO,HU,5.9311489,percentile,GOPENO | 24519 | 5.9311489 | Stage-I,192,Other Than Home University Seats Allotted to Other Than Home University Candidates,64b7008301665fa13e2a04cca6c5a17e94dcb66c421b7ae6e04a444e107242c1
a364fccf8115-PG_MCA_CAP3_Cutoff_All_Institutes_2025_26.pdf,6992,"Pune Cambridge Institute of Management and Computer Application, Ambegaon Pathar, Pune",1635824110,2025-26,3,Maharashtra,GOBCO,GOBCO,HU,2.8640429,percentile,GOBCO | 25102 | 2.8640429 | Stage-I,192,Other Than Home University Seats Allotted to Other Than Home University Candidates,bd3760673a836d30c5eca1bd3b3276ebfb9e25de7321b4d0e02c6d50607770ed
a364fccf8115-PG_MCA_CAP3_Cutoff_All_Institutes_2025_26.pdf,6992,"Pune Cambridge Institute of Management and Computer Application, Ambegaon Pathar, Pune",1635824110,2025-26,3,Maharashtra,GSCO,GSCO,HU,2.0301121,percentile,GSCO | 25282 | 2.0301121 | Stage-IV,192,Other Than Home University Seats Allotted to Home University Candidates,479a9dd068534fa2633f2ad59a74fe19af0ddced36eb638f4159cf52f2aac2f8
a364fccf8115-PG_MCA_CAP3_Cutoff_All_Institutes_2025_26.pdf,6992,"Pune Cambridge Institute of Management and Computer Application, Ambegaon Pathar, Pune",1635824110,2025-26,3,Maharashtra,GSTO,GSTO,HU,7.4072677,percentile,GSTO | 24472 | 7.4072677 | Stage-IV,192,Other Than Home University Seats Allotted to Home University Candidates,f7c0b2b154ef6fd0380099dd4c16b8d0c5c5d89dc3beef032b8adf4fd44a02fa
a364fccf8115-PG_MCA_CAP3_Cutoff_All_Institutes_2025_26.pdf,6992,"Pune Cambridge Institute of Management and Computer Application, Ambegaon Pathar, Pune",1635824110,2025-26,3,Maharashtra,GNTAO,GNTAO,HU,7.4072677,percentile,GNTAO | 24477 | 7.4072677 | Stage-IV,192,Other Than Home University Seats Allotted to Home University Candidates,758f76e2690d8a6da1b5b0cda38939f6d1dd4e811e1fed3692df2ca23ef3b8cf
a364fccf8115-PG_MCA_CAP3_Cutoff_All_Institutes_2025_26.pdf,6992,"Pune Cambridge Institute of Management and Computer Application, Ambegaon Pathar, Pune",1635824110,2025-26,3,Maharashtra,GNTBO,GNTBO,HU,4.067771,percentile,GNTBO | 24983 | 4.067771 | Stage-IV,192,Other Than Home University Seats Allotted to Home University Candidates,be9a65a7d2896321bb23cebe26f898dc4f265f9495d0e0227f8c2f6191b2bcbf
a364fccf8115-PG_MCA_CAP3_Cutoff_All_Institutes_2025_26.pdf,6992,"Pune Cambridge Institute of Management and Computer Application, Ambegaon Pathar, Pune",1635824110,2025-26,3,Maharashtra,GNTCO,GNTCO,HU,15.5994113,percentile,GNTCO | 22861 | 15.5994113 | Stage-IV,192,Other Than Home University Seats Allotted to Home University Candidates,a54fbb4c9ae9920d79f203379b13a41bd4d24495de7952000468cd944e39c4a0
a364fccf8115-PG_MCA_CAP3_Cutoff_All_Institutes_2025_26.pdf,6992,"Pune Cambridge Institute of Management and Computer Application, Ambegaon Pathar, Pune",1635824110,2025-26,3,Maharashtra,GNTDO,GNTDO,HU,1.3622127,percentile,GNTDO | 25316 | 1.3622127 | Stage-IV,192,Other Than Home University Seats Allotted to Home University Candidates,b0fba3f5c498fcc90c23da4362edf59c240579e63716a81a7524ee1a77bac73f
a364fccf8115-PG_MCA_CAP3_Cutoff_All_Institutes_2025_26.pdf,6992,"Pune Cambridge Institute of Management and Computer Application, Ambegaon Pathar, Pune",1635824110,2025-26,3,Maharashtra,GOBCO,GOBCO,HU,12.4750009,percentile,GOBCO | 23595 | 12.4750009 | Stage-IV,192,Other Than Home University Seats Allotted to Home University Candidates,b36f6033f9eeb7c7958879e5d1784a5a6c8e482b31e4184034d4c33e4c25820e
a364fccf8115-PG_MCA_CAP3_Cutoff_All_Institutes_2025_26.pdf,6992,"Pune Cambridge Institute of Management and Computer Application, Ambegaon Pathar, Pune",1635824110,2025-26,3,Maharashtra,TFWS,TFWS,SL,53.942159,percentile,TFWS | 14008 | 53.942159 | Stage-I,192,Other Than Home University Seats Allotted to Home University Candidates,fb88d5a7773e438757cf3c2f5e234c7e1261896f15ea69fdefd67573f8ea57ef
