source_pdf,institute_code,institute_name,course_code,academic_year,cap_round,candidate_type,category,seat_type,university_type,cutoff_value,cutoff_unit,raw_row_text,page_number,allotment_type,row_hash
f6ffd36c4c00-PG_MCA_CAP2_Cutoff_All_Institutes_2025_26__1_.pdf,1005,"Sant Gadge Baba Amravati University,Amravati",0100524110,2025-26,2,Maharashtra,GOPENH,GOPENH,HU,82.8308366,percentile,GOPENH | 6026 | 82.8308366 | Stage-I,1,Home University Seats Allotted to Home University Candidates,f0db03eb63e9c92fddedf4b5c9e4b3ba864ec6b04240ad70ab706fdc08a3550b
f6ffd36c4c00-PG_MCA_CAP2_Cutoff_All_Institutes_2025_26__1_.pdf,1005,"Sant Gadge Baba Amravati University,Amravati",0100524110,2025-26,2,Maharashtra,GSCH,GSCH,HU,34.5198145,percentile,GSCH | 19085 | 34.5198145 | Stage-I,1,Home University Seats Allotted to Home University Candidates,64010ce76a71e6fe9f7fc2e6161cc8d3ca7a9a2e77efa82e72451bc10887a4bd
f6ffd36c4c00-PG_MCA_CAP2_Cutoff_All_Institutes_2025_26__1_.pdf,1005,"Sant Gadge Baba Amravati University,Amravati",0100524110,2025-26,2,Maharashtra,GSTH,GSTH,HU,58.7911466,percentile,GSTH | 13209 | 58.7911466 | Stage-I,1,Home University Seats Allotted to Home University Candidates,91962803c463d31eff4d33dde71bbf581d3a3758fb40ca50bf0d6c9fdf4e856f
f6ffd36c4c00-PG_MCA_CAP2_Cutoff_All_Institutes_2025_26__1_.pdf,1005,"Sant Gadge Baba Amravati University,Amravati",0100524110,2025-26,2,Maharashtra,GNTBH,GNTBH,HU,79.9969812,percentile,GNTBH | 6764 | 79.9969812 | Stage-I,1,Home University Seats Allotted to Home University Candidates,111a3adfebf5a1f4d6e13b55e54e3842d310e87e85a1481d2355685fac041b56
f6ffd36c4c00-PG_MCA_CAP2_Cutoff_All_Institutes_2025_26__1_.pdf,1005,"Sant Gadge Baba Amravati University,Amravati",0100524110,2025-26,2,Maharashtra,GSEBCH,GSEBCH,HU,49.3533426,percentile,GSEBCH | 15232 | 49.3533426 | Stage-I,1,Home University Seats Allotted to Other Than Home University Candidates,fd3601232f0440d1e7a57ae4a4a2bd63ef92ec9f483be4a1c45132ca8c25dbb8
f6ffd36c4c00-PG_MCA_CAP2_Cutoff_All_Institutes_2025_26__1_.pdf,1005,"Sant Gadge Baba Amravati University,Amravati",0100524110,2025-26,2,Maharashtra,GOPENO,GOPENO,HU,85.2118788,percentile,GOPENO | 4909 | 85.2118788 | Stage-I,1,Other Than Home University Seats Allotted to Other Than Home University Candidates,4d66c82e8ad3a4c9dac2e51e6e0aec0e6a7668380889c826329c5b736324c45e
f6ffd36c4c00-PG_MCA_CAP2_Cutoff_All_Institutes_2025_26__1_.pdf,1005,"Sant Gadge Baba Amravati University,Amravati",0100524110,2025-26,2,Maharashtra,GSCO,GSCO,HU,80.5399495,percentile,GSCO | 6460 | 80.5399495 | Stage-I,1,Other Than Home University Seats Allotted to Other Than Home University Candidates,dc5148805af5b70aa330cf8222acc2187eb533736c1be05a68591124460548e9
f6ffd36c4c00-PG_MCA_CAP2_Cutoff_All_Institutes_2025_26__1_.pdf,1005,"Sant Gadge Baba Amravati University,Amravati",0100524110,2025-26,2,Maharashtra,GSTO,GSTO,HU,85.2118788,percentile,GSTO | 5128 | 85.2118788 | Stage-I,1,Other Than Home University Seats Allotted to Other Than Home University Candidates,1e914a6cbed34412c72f79bc18ebaa9f6e9dae8db2ec0eb9387b55da2e61a555
f6ffd36c4c00-PG_MCA_CAP2_Cutoff_All_Institutes_2025_26__1_.pdf,1005,"Sant Gadge Baba Amravati University,Amravati",0100524110,2025-26,2,Maharashtra,GOBCO,GOBCO,HU,53.942159,percentile,GOBCO | 14419 | 53.942159 | Stage-I,1,Other Than Home University Seats Allotted to Other Than Home University Candidates,896ed0de94bdf1d46c0a320bb208d06278705e0893d8d6a5034c235a33ff09af
f6ffd36c4c00-PG_MCA_CAP2_Cutoff_All_Institutes_2025_26__1_.pdf,1005,"Sant Gadge Baba Amravati University,Amravati",0100524110,2025-26,2,Maharashtra,EWS,EWS,SL,63.1574978,percentile,EWS | 11802 | 63.1574978 | Stage-I,1,Other Than Home University Seats Allotted to Other Than Home University Candidates,cea9a0e3f1a211029b9100814627462f3f4aa4d5e215987c4c59904f690d583e
f6ffd36c4c00-PG_MCA_CAP2_Cutoff_All_Institutes_2025_26__1_.pdf,1005,"Sant Gadge Baba Amravati University,Amravati",0100524110,2025-26,2,Maharashtra,TFWS,TFWS,SL,87.2080299,percentile,TFWS | 4239 | 87.2080299 | Stage-I,1,Other Than Home University Seats Allotted to Other Than Home University Candidates,8c84b8a338e7da57b733e1a68bec60ae654f836ded7e8696b3846973b5d34658
f6ffd36c4c00-PG_MCA_CAP2_Cutoff_All_Institutes_2025_26__1_.pdf,1102,"Vidya Bharati Mahavidyalaya Department of Research and PG Studies in Science & Management, Amravati",0110224110,2025-26,2,Maharashtra,GOPENH,GOPENH,HU,73.5368477,percentile,GOPENH | 8915 | 73.5368477 | Stage-I,2,Home University Seats Allotted to Home University Candidates,edecd1ff3cf49313652ffc8451e636123c9410e147dbb3a3c40d0e595fb18be6
f6ffd36c4c00-PG_MCA_CAP2_Cutoff_All_Institutes_2025_26__1_.pdf,1102,"Vidya Bharati Mahavidyalaya Department of Research and PG Studies in Science & Management, Amravati",0110224110,2025-26,2,Maharashtra,GOPENO,GOPENO,HU,46.3793819,percentile,GOPENO | 16400 | 46.3793819 | Stage-I,2,Other Than Home University Seats Allotted to Other Than Home University Candidates,988eab5a78b8e8406ef44cad97700ab93d2ef2343046da007da6a4a058da8968
f6ffd36c4c00-PG_MCA_CAP2_Cutoff_All_Institutes_2025_26__1_.pdf,1102,"Vidya Bharati Mahavidyalaya Department of Research and PG Studies in Science & Management, Amravati",0110224110,2025-26,2,Maharashtra,TFWS,TFWS,SL,85.2118788,percentile,TFWS | 4885 | 85.2118788 | Stage-I,2,Other Than Home University Seats Allotted to Other Than Home University Candidates,d032d3db6054dc61ad088f27dacb4f3d485bafd19212b1e474b8fac0f72b5b1e
f6ffd36c4c00-PG_MCA_CAP2_Cutoff_All_Institutes_2025_26__1_.pdf,1102,"Vidya Bharati Mahavidyalaya Department of Research and PG Studies in Science & Management, Amravati",0110224110,2025-26,2,Maharashtra,MI-MH,MI-MH,MI,65.8578922,percentile,MI-MH | 11213 | 65.8578922 | Stage-MI-MH,3,Minority Seats : Minority Seats Allotted to Non Minority Candidates,4932d5fa4db21e0065d7b74115ba5e3960e95ff3069aa32967b07fc73bf90285
f6ffd36c4c00-PG_MCA_CAP2_Cutoff_All_Institutes_2025_26__1_.pdf,1105,"Prof. Ram Meghe Institute of Technology & Research, Amravati",0110524110,2025-26,2,Maharashtra,GOPENH,GOPENH,HU,89.1331398,percentile,GOPENH | 3754 | 89.1331398 | Stage-I,4,Home University Seats Allotted to Home University Candidates,722bbc89dc82e74d6def265ace52a62fdd3a23c062585aafe5267d786e7ddeea
f6ffd36c4c00-PG_MCA_CAP2_Cutoff_All_Institutes_2025_26__1_.pdf,1105,"Prof. Ram Meghe Institute of Technology & Research, Amravati",0110524110,2025-26,2,Maharashtra,GSCH,GSCH,HU,49.3533426,percentile,GSCH | 15550 | 49.3533426 | Stage-I,4,Home University Seats Allotted to Home University Candidates,5718019f77fa94e630bd6fbd9659408a5903258464bd9d87698ee98c2d9dcda9
f6ffd36c4c00-PG_MCA_CAP2_Cutoff_All_Institutes_2025_26__1_.pdf,1105,"Prof. Ram Meghe Institute of Technology & Research, Amravati",0110524110,2025-26,2,Maharashtra,GSTH,GSTH,HU,53.942159,percentile,GSTH | 14571 | 53.942159 | Stage-I,4,Home University Seats Allotted to Home University Candidates,d8d18992e139d1c992800d005869c72df250fef52db98ae9356d7f43aa246b60
f6ffd36c4c00-PG_MCA_CAP2_Cutoff_All_Institutes_2025_26__1_.pdf,1105,"Prof. Ram Meghe Institute of Technology & Research, Amravati",0110524110,2025-26,2,Maharashtra,GNTCH,GNTCH,HU,82.8308366,percentile,GNTCH | 5730 | 82.8308366 | Stage-I,4,Home University Seats Allotted to Home University Candidates,52c35089cebb96e72bea6cbfe38f9ee68cc97d62797e19adb6b7eebcdafa24f9
f6ffd36c4c00-PG_MCA_CAP2_Cutoff_All_Institutes_2025_26__1_.pdf,1105,"Prof. Ram Meghe Institute of Technology & Research, Amravati",0110524110,2025-26,2,Maharashtra,GOPENO,GOPENO,HU,63.1574978,percentile,GOPENO | 11576 | 63.1574978 | Stage-I,4,Other Than Home University Seats Allotted to Other Than Home University Candidates,df21d4731da9e546608ac587cb33553843bca35f434378a3d834aa4eb74326c4
f6ffd36c4c00-PG_MCA_CAP2_Cutoff_All_Institutes_2025_26__1_.pdf,1105,"Prof. Ram Meghe Institute of Technology & Research, Amravati",0110524110,2025-26,2,Maharashtra,GSTO,GSTO,HU,34.5198145,percentile,GSTO | 19280 | 34.5198145 | Stage-I,4,Other Than Home University Seats Allotted to Other Than Home University Candidates,522ed8d4e67dbe8bc6c04d7c2b99bc1a9df395e19962f07820eac6d0c3396e07
f6ffd36c4c00-PG_MCA_CAP2_Cutoff_All_Institutes_2025_26__1_.pdf,1105,"Prof. Ram Meghe Institute of Technology & Research, Amravati",0110524110,2025-26,2,Maharashtra,GNTAO,GNTAO,HU,15.5994113,percentile,GNTAO | 22807 | 15.5994113 | Stage-I,4,Other Than Home University Seats Allotted to Other Than Home University Candidates,cb8de0a8ab76cbad2432b7a3911b52974c1e321f457f522ce65dee1f34755b8c
f6ffd36c4c00-PG_MCA_CAP2_Cutoff_All_Institutes_2025_26__1_.pdf,1105,"Prof. Ram Meghe Institute of Technology & Research, Amravati",0110524110,2025-26,2,Maharashtra,GSCO,GSCO,HU,41.4550394,percentile,GSCO | 17155 | 41.4550394 | Stage-I,4,Other Than Home University Seats Allotted to Home University Candidates,56999f82b72b9a8abc400d725ddd9f2662b6ef7faca3a04a068ed674059fb4c1
f6ffd36c4c00-PG_MCA_CAP2_Cutoff_All_Institutes_2025_26__1_.pdf,1105,"Prof. Ram Meghe Institute of Technology & Research, Amravati",0110524110,2025-26,2,Maharashtra,GNTCO,GNTCO,HU,46.3793819,percentile,GNTCO | 16363 | 46.3793819 | Stage-I,4,Other Than Home University Seats Allotted to Home University Candidates,b8d77ea69c6365325b84e3a6645ee2820a00258057342aa5d2f019f616a3744f
f6ffd36c4c00-PG_MCA_CAP2_Cutoff_All_Institutes_2025_26__1_.pdf,1107,"P. R. Pote Patil College of Engineering & Management, Amravati",0110724110,2025-26,2,Maharashtra,GSCH,GSCH,HU,80.5399495,percentile,GSCH | 6455 | 80.5399495 | Stage-I,6,Home University Seats Allotted to Home University Candidates,8945e9a06a8d21f7ad0ca9331bd221bc5f8271a17c41eb1faca85f9f35071bb3
f6ffd36c4c00-PG_MCA_CAP2_Cutoff_All_Institutes_2025_26__1_.pdf,1107,"P. R. Pote Patil College of Engineering & Management, Amravati",0110724110,2025-26,2,Maharashtra,GNTCH,GNTCH,HU,80.5399495,percentile,GNTCH | 6454 | 80.5399495 | Stage-I,6,Home University Seats Allotted to Home University Candidates,b715d5779677c1a557a14abe6bf9c7318f723a00bdd38d37517285e2d94ba0f1
f6ffd36c4c00-PG_MCA_CAP2_Cutoff_All_Institutes_2025_26__1_.pdf,1107,"P. R. Pote Patil College of Engineering & Management, Amravati",0110724110,2025-26,2,Maharashtra,GNTDH,GNTDH,HU,92.1797821,percentile,GNTDH | 2631 | 92.1797821 | Stage-I,6,Home University Seats Allotted to Home University Candidates,4aebe2f4fd32399c52d8a53a1826e693d9db75161c5b5ee456d4907760f5b269
f6ffd36c4c00-PG_MCA_CAP2_Cutoff_All_Institutes_2025_26__1_.pdf,1107,"P. R. Pote Patil College of Engineering & Management, Amravati",0110724110,2025-26,2,Maharashtra,GOBCH,GOBCH,HU,4.067771,percentile,GOBCH | 24988 | 4.067771 | Stage-I,6,Home University Seats Allotted to Home University Candidates,98911d37954fc71b2e3d14411c21a089ca1107aa646e4fac8e52aa6bbff71944
f6ffd36c4c00-PG_MCA_CAP2_Cutoff_All_Institutes_2025_26__1_.pdf,1107,"P. R. Pote Patil College of Engineering & Management, Amravati",0110724110,2025-26,2,Maharashtra,GSTH,GSTH,HU,63.1574978,percentile,GSTH | 11528 | 63.1574978 | Stage-I,6,Home University Seats Allotted to Other Than Home University Candidates,5b6d5625473e027656c1cbfaa30117da3a1a2eb83fefb1a08288a0efe8556c9b
f6ffd36c4c00-PG_MCA_CAP2_Cutoff_All_Institutes_2025_26__1_.pdf,1107,"P. R. Pote Patil College of Engineering & Management, Amravati",0110724110,2025-26,2,Maharashtra,GOPENO,GOPENO,HU,67.3579428,percentile,GOPENO | 10544 | 67.3579428 | Stage-I,6,Other Than Home University Seats Allotted to Other Than Home University Candidates,febf281e221eee6c656e26e67494956189c7d0a4d03f51cc65f3bbb46411566d
f6ffd36c4c00-PG_MCA_CAP2_Cutoff_All_Institutes_2025_26__1_.pdf,1107,"P. R. Pote Patil College of Engineering & Management, Amravati",0110724110,2025-26,2,Maharashtra,TFWS,TFWS,SL,89.1331398,percentile,TFWS | 3791 | 89.1331398 | Stage-I,6,Other Than Home University Seats Allotted to Other Than Home University Candidates,f7ae31f71b1638d8ffeefca1166cbd8a113224722cfdac9f0046db48d1142bdd
f6ffd36c4c00-PG_MCA_CAP2_Cutoff_All_Institutes_2025_26__1_.pdf,1111,"P.G. Department of Computer Science & Technology, D.C.P.E., H.V.P. Mandal, Amravati",0111124110,2025-26,2,Maharashtra,GOPENH,GOPENH,HU,61.2807064,percentile,GOPENH | 12684 | 61.2807064 | Stage-I,7,Home University Seats Allotted to Home University Candidates,2eb5cb420dda66545b4dbf5c0ea3d5128892269dd17d635b61f30dd1b2174a5a
f6ffd36c4c00-PG_MCA_CAP2_Cutoff_All_Institutes_2025_26__1_.pdf,1111,"P.G. Department of Computer Science & Technology, D.C.P.E., H.V.P. Mandal, Amravati",0111124110,2025-26,2,Maharashtra,GSCH,GSCH,HU,51.4093808,percentile,GSCH | 15112 | 51.4093808 | Stage-I,7,Home University Seats Allotted to Home University Candidates,21653e9be0983c391b6d469018007a542eaa09dfce6d7fdcab0e88ddea624e76
f6ffd36c4c00-PG_MCA_CAP2_Cutoff_All_Institutes_2025_26__1_.pdf,1111,"P.G. Department of Computer Science & Technology, D.C.P.E., H.V.P. Mandal, Amravati",0111124110,2025-26,2,Maharashtra,GSTH,GSTH,HU,19.1539942,percentile,GSTH | 22307 | 19.1539942 | Stage-I,7,Home University Seats Allotted to Home University Candidates,3297c611e9c743475d380de3fa7dc34beeeb62fa12568caeca810f79e7321f8d
f6ffd36c4c00-PG_MCA_CAP2_Cutoff_All_Institutes_2025_26__1_.pdf,1111,"P.G. Department of Computer Science & Technology, D.C.P.E., H.V.P. Mandal, Amravati",0111124110,2025-26,2,Maharashtra,GNTAH,GNTAH,HU,25.4779232,percentile,GNTAH | 20850 | 25.4779232 | Stage-I,7,Home University Seats Allotted to Home University Candidates,ecdf0553cd4e5c911cb9621afabea3f243c05ddbea16e7a40ff19a9678fa2b72
f6ffd36c4c00-PG_MCA_CAP2_Cutoff_All_Institutes_2025_26__1_.pdf,1111,"P.G. Department of Computer Science & Technology, D.C.P.E., H.V.P. Mandal, Amravati",0111124110,2025-26,2,Maharashtra,GNTBH,GNTBH,HU,56.5488095,percentile,GNTBH | 13558 | 56.5488095 | Stage-I,7,Home University Seats Allotted to Home University Candidates,ebe97b0d98ddfa956a18e66345b0bffa624585b6a01d92de3ce0139abd12adf8
f6ffd36c4c00-PG_MCA_CAP2_Cutoff_All_Institutes_2025_26__1_.pdf,1111,"P.G. Department of Computer Science & Technology, D.C.P.E., H.V.P. Mandal, Amravati",0111124110,2025-26,2,Maharashtra,GOPENO,GOPENO,HU,0.8905324,percentile,GOPENO | 25365 | 0.8905324 | Stage-I,7,Other Than Home University Seats Allotted to Other Than Home University Candidates,f422084733a9613833d1f59dc92dc47f1e7c8ef36010cf09cb58e81decf9aa1d
f6ffd36c4c00-PG_MCA_CAP2_Cutoff_All_Institutes_2025_26__1_.pdf,1111,"P.G. Department of Computer Science & Technology, D.C.P.E., H.V.P. Mandal, Amravati",0111124110,2025-26,2,Maharashtra,GOPENO,GOPENO,HU,53.942159,percentile,GOPENO | 14024 | 53.942159 | Stage-I,7,Other Than Home University Seats Allotted to Home University Candidates,19ca3df44be1138eae2f173eddebc128120c92dc925626fdaae49b637c5c0486
f6ffd36c4c00-PG_MCA_CAP2_Cutoff_All_Institutes_2025_26__1_.pdf,1111,"P.G. Department of Computer Science & Technology, D.C.P.E., H.V.P. Mandal, Amravati",0111124110,2025-26,2,Maharashtra,GSCO,GSCO,HU,16.9789978,percentile,GSCO | 22737 | 16.9789978 | Stage-I,7,Other Than Home University Seats Allotted to Home University Candidates,c134195d67ee6ef6ec8ff15cb70dc5d39870c2beb63d6b70c9ec771b64252223
f6ffd36c4c00-PG_MCA_CAP2_Cutoff_All_Institutes_2025_26__1_.pdf,1111,"P.G. Department of Computer Science & Technology, D.C.P.E., H.V.P. Mandal, Amravati",0111124110,2025-26,2,Maharashtra,GSTO,GSTO,HU,53.942159,percentile,GSTO | 14296 | 53.942159 | Stage-I,7,Other Than Home University Seats Allotted to Home University Candidates,b70a8912c7871272a833a4dfbc40fc4bb0c124d61937e548a3b78fb76b938d71
f6ffd36c4c00-PG_MCA_CAP2_Cutoff_All_Institutes_2025_26__1_.pdf,1111,"P.G. Department of Computer Science & Technology, D.C.P.E., H.V.P. Mandal, Amravati",0111124110,2025-26,2,Maharashtra,EWS,EWS,SL,21.0059952,percentile,EWS | 22081 | 21.0059952 | Stage-I,8,,d52788899329dc84b41ad5107c68ab44c8dc103a97fa8944261eb1e1cb7d2195
f6ffd36c4c00-PG_MCA_CAP2_Cutoff_All_Institutes_2025_26__1_.pdf,1111,"P.G. Department of Computer Science & Technology, D.C.P.E., H.V.P. Mandal, Amravati",0111124110,2025-26,2,Maharashtra,TFWS,TFWS,SL,80.5399495,percentile,TFWS | 6221 | 80.5399495 | Stage-I,8,,6499f5dafc60cb2689381d50874ee62b444b7bca35f3db8d581f7d7bfb4f5419
f6ffd36c4c00-PG_MCA_CAP2_Cutoff_All_Institutes_2025_26__1_.pdf,1113,"Sadhana Shikshan Mandal, Saraswati College, Shegaon",0111324110,2025-26,2,Maharashtra,GOPENH,GOPENH,HU,49.3533426,percentile,GOPENH | 15702 | 49.3533426 | Stage-I,9,Home University Seats Allotted to Home University Candidates,57c37d07b9154c5167d8e899fdcc8230f7ed3869702b50e4ca1a59bb2a120328
f6ffd36c4c00-PG_MCA_CAP2_Cutoff_All_Institutes_2025_26__1_.pdf,1113,"Sadhana Shikshan Mandal, Saraswati College, Shegaon",0111324110,2025-26,2,Maharashtra,GSCH,GSCH,HU,5.9311489,percentile,GSCH | 24576 | 5.9311489 | Stage-I,9,Home University Seats Allotted to Home University Candidates,83fe9acecd95ccdfc0fbfa55810385e2d3333d0b7c5856c2187bfd4f02b2717e
f6ffd36c4c00-PG_MCA_CAP2_Cutoff_All_Institutes_2025_26__1_.pdf,1113,"Sadhana Shikshan Mandal, Saraswati College, Shegaon",0111324110,2025-26,2,Maharashtra,GSTH,GSTH,HU,1.3498737,percentile,GSTH | 25353 | 1.3498737 | Stage-I,9,Home University Seats Allotted to Home University Candidates,4047493f1e6b8124761bf2ae308c9b9df42dcb163898abc6a8da73f73c824c69
f6ffd36c4c00-PG_MCA_CAP2_Cutoff_All_Institutes_2025_26__1_.pdf,1113,"Sadhana Shikshan Mandal, Saraswati College, Shegaon",0111324110,2025-26,2,Maharashtra,GNTAH,GNTAH,HU,21.0059952,percentile,GNTAH | 21794 | 21.0059952 | Stage-I,9,Home University Seats Allotted to Home University Candidates,44febe17b48e3f9537d6cd6aa793a0e3ac81fa67007762b0c5c4e7b187b04505
f6ffd36c4c00-PG_MCA_CAP2_Cutoff_All_Institutes_2025_26__1_.pdf,1113,"Sadhana Shikshan Mandal, Saraswati College, Shegaon",0111324110,2025-26,2,Maharashtra,GNTBH,GNTBH,HU,41.4550394,percentile,GNTBH | 17552 | 41.4550394 | Stage-I,9,Home University Seats Allotted to Home University Candidates,41d75fe581ba031e846a241dc41eefc0086c91c313b3d72e1a2d3632de284876
f6ffd36c4c00-PG_MCA_CAP2_Cutoff_All_Institutes_2025_26__1_.pdf,1113,"Sadhana Shikshan Mandal, Saraswati College, Shegaon",0111324110,2025-26,2,Maharashtra,GNTCH,GNTCH,HU,23.1010151,percentile,GNTCH | 21543 | 23.1010151 | Stage-I,9,Home University Seats Allotted to Home University Candidates,86aaed41eacebe4e0157dde5065468169654613e56d135015769dc3aae670c92
f6ffd36c4c00-PG_MCA_CAP2_Cutoff_All_Institutes_2025_26__1_.pdf,1113,"Sadhana Shikshan Mandal, Saraswati College, Shegaon",0111324110,2025-26,2,Maharashtra,GOPENO,GOPENO,HU,5.9311489,percentile,GOPENO | 24517 | 5.9311489 | Stage-I,9,Other Than Home University Seats Allotted to Other Than Home University Candidates,4907ce2676ff26421e69a8e8aadf8a0fe0e1130e483a77ad4f54e447d29e9ca0
f6ffd36c4c00-PG_MCA_CAP2_Cutoff_All_Institutes_2025_26__1_.pdf,1113,"Sadhana Shikshan Mandal, Saraswati College, Shegaon",0111324110,2025-26,2,Maharashtra,GSCO,GSCO,HU,25.4779232,percentile,GSCO | 20892 | 25.4779232 | Stage-IV,9,Other Than Home University Seats Allotted to Home University Candidates,15dc0f1020e6a6d9a58894abe265c08f7bb08f5defcf12deda79c75f15ed3fa7
f6ffd36c4c00-PG_MCA_CAP2_Cutoff_All_Institutes_2025_26__1_.pdf,1113,"Sadhana Shikshan Mandal, Saraswati College, Shegaon",0111324110,2025-26,2,Maharashtra,GSTO,GSTO,HU,29.9046039,percentile,GSTO | 20106 | 29.9046039 | Stage-IV,9,Other Than Home University Seats Allotted to Home University Candidates,16bf7aa94c4031ec9b9f282ab76060ca378cfc624c90e6eec8bf5b3de290b837
f6ffd36c4c00-PG_MCA_CAP2_Cutoff_All_Institutes_2025_26__1_.pdf,1113,"Sadhana Shikshan Mandal, Saraswati College, Shegaon",0111324110,2025-26,2,Maharashtra,GNTAO,GNTAO,HU,29.9046039,percentile,GNTAO | 20142 | 29.9046039 | Stage-IV,9,Other Than Home University Seats Allotted to Home University Candidates,c2933ac531d3d1802c2cf0bbaaceca420d76438379df3a30340d2284858ea9b9
f6ffd36c4c00-PG_MCA_CAP2_Cutoff_All_Institutes_2025_26__1_.pdf,1113,"Sadhana Shikshan Mandal, Saraswati College, Shegaon",0111324110,2025-26,2,Maharashtra,GNTBO,GNTBO,HU,27.2744425,percentile,GNTBO | 20385 | 27.2744425 | Stage-IV,9,Other Than Home University Seats Allotted to Home University Candidates,3c1c58ffa25c6a26ae2444a6435d4402e5d5546895b8ef4fc6770a69dac58fc3
f6ffd36c4c00-PG_MCA_CAP2_Cutoff_All_Institutes_2025_26__1_.pdf,1113,"Sadhana Shikshan Mandal, Saraswati College, Shegaon",0111324110,2025-26,2,Maharashtra,GNTCO,GNTCO,HU,27.2744425,percentile,GNTCO | 20401 | 27.2744425 | Stage-IV,9,Other Than Home University Seats Allotted to Home University Candidates,6571fc672efcf8a9cc46a5b8b11895739e5a7d4e6f815e5c1e1acf6cec02f821
f6ffd36c4c00-PG_MCA_CAP2_Cutoff_All_Institutes_2025_26__1_.pdf,1113,"Sadhana Shikshan Mandal, Saraswati College, Shegaon",0111324110,2025-26,2,Maharashtra,GOBCO,GOBCO,HU,25.4779232,percentile,GOBCO | 20857 | 25.4779232 | Stage-IV,9,Other Than Home University Seats Allotted to Home University Candidates,bb3351f159fe420f3bba5ae4797bff7557a70862604e992b74ee891035de199f
f6ffd36c4c00-PG_MCA_CAP2_Cutoff_All_Institutes_2025_26__1_.pdf,1113,"Sadhana Shikshan Mandal, Saraswati College, Shegaon",0111324110,2025-26,2,Maharashtra,EWS,EWS,SL,44.5345198,percentile,EWS | 16432 | 44.5345198 | Stage-I,10,,dabbf9231561c34b53cf868b7efdd3f28613d0d77fa0619741fc8526d4d09f1f
f6ffd36c4c00-PG_MCA_CAP2_Cutoff_All_Institutes_2025_26__1_.pdf,1113,"Sadhana Shikshan Mandal, Saraswati College, Shegaon",0111324110,2025-26,2,Maharashtra,TFWS,TFWS,SL,94.6454851,percentile,TFWS | 1570 | 94.6454851 | Stage-I,10,,8dec9e05cafe092591f7772d662b40e738ca2917aa192834b8bb7b0b03912c52
f6ffd36c4c00-PG_MCA_CAP2_Cutoff_All_Institutes_2025_26__1_.pdf,1314,SMT RADHADEVI GOENKA COLLEGE FOR WOMEN,0111324110,2025-26,2,Maharashtra,GOPENH,GOPENH,HU,0.1696769,percentile,GOPENH | 25470 | 0.1696769 | Stage-I,11,Home University Seats Allotted to Home University Candidates,1dbe7a62c858912532e430fa2bf4639d43ce772e431dfe62a6e6f032f3091109
f6ffd36c4c00-PG_MCA_CAP2_Cutoff_All_Institutes_2025_26__1_.pdf,1314,SMT RADHADEVI GOENKA COLLEGE FOR WOMEN,0111324110,2025-26,2,Maharashtra,GOPENO,GOPENO,HU,7.4072677,percentile,GOPENO | 24353 | 7.4072677 | Stage-I,11,Other Than Home University Seats Allotted to Other Than Home University Candidates,882cc1142fa9f5ff4e9086d66df54bdfef25d284df5e2fe31c3770085525341c
f6ffd36c4c00-PG_MCA_CAP2_Cutoff_All_Institutes_2025_26__1_.pdf,2001,"Dr. B. A. M.University Dept. Of Management Science, Aurangabad",0200124110,2025-26,2,Maharashtra,GOPENH,GOPENH,HU,74.782248,percentile,GOPENH | 7983 | 74.782248 | Stage-I,12,Home University Seats Allotted to Home University Candidates,8e40dd207d31c745c62f427e9cf295f7fa838bb087cadb57b195e5d45846b7de
f6ffd36c4c00-PG_MCA_CAP2_Cutoff_All_Institutes_2025_26__1_.pdf,2001,"Dr. B. A. M.University Dept. Of Management Science, Aurangabad",0200124110,2025-26,2,Maharashtra,GSCH,GSCH,HU,51.4093808,percentile,GSCH | 15082 | 51.4093808 | Stage-I,12,Home University Seats Allotted to Home University Candidates,3c4c91376341b3ad76f1f21b219d3bd8b9036b4bdfdeaa64f3ac151a46a242ed
f6ffd36c4c00-PG_MCA_CAP2_Cutoff_All_Institutes_2025_26__1_.pdf,2001,"Dr. B. A. M.University Dept. Of Management Science, Aurangabad",0200124110,2025-26,2,Maharashtra,GSTH,GSTH,HU,13.5402134,percentile,GSTH | 23227 | 13.5402134 | Stage-I,12,Home University Seats Allotted to Home University Candidates,2b57c5da7ed1949902f9e36349bc8a975ab707dad4308fe2b8dced43437d5d22
f6ffd36c4c00-PG_MCA_CAP2_Cutoff_All_Institutes_2025_26__1_.pdf,2001,"Dr. B. A. M.University Dept. Of Management Science, Aurangabad",0200124110,2025-26,2,Maharashtra,GNTAH,GNTAH,HU,19.1539942,percentile,GNTAH | 22450 | 19.1539942 | Stage-I,12,Home University Seats Allotted to Home University Candidates,dd5c10857e35148cb1584eae4a08a4bdf6f7171019260b9b1e5e9dbc0ac478e9
f6ffd36c4c00-PG_MCA_CAP2_Cutoff_All_Institutes_2025_26__1_.pdf,2001,"Dr. B. A. M.University Dept. Of Management Science, Aurangabad",0200124110,2025-26,2,Maharashtra,GNTBH,GNTBH,HU,53.942159,percentile,GNTBH | 14137 | 53.942159 | Stage-I,12,Home University Seats Allotted to Home University Candidates,057645474fc928a036907704f0693d426956dffec5c8e79f8532853be4f2add1
f6ffd36c4c00-PG_MCA_CAP2_Cutoff_All_Institutes_2025_26__1_.pdf,2001,"Dr. B. A. M.University Dept. Of Management Science, Aurangabad",0200124110,2025-26,2,Maharashtra,GOBCH,GOBCH,HU,53.942159,percentile,GOBCH | 14157 | 53.942159 | Stage-I,12,Home University Seats Allotted to Home University Candidates,11c1b6f710381af7f7c0755eba49b6f7c410cb05f127089025a585fc479f0fd1
f6ffd36c4c00-PG_MCA_CAP2_Cutoff_All_Institutes_2025_26__1_.pdf,2001,"Dr. B. A. M.University Dept. Of Management Science, Aurangabad",0200124110,2025-26,2,Maharashtra,GNTDH,GNTDH,HU,49.3533426,percentile,GNTDH | 15444 | 49.3533426 | Stage-I,12,Home University Seats Allotted to Other Than Home University Candidates,5eff2ba2636e6e7c211209a86b5878ed7ade22355825156cf0ade77d39800ba3
f6ffd36c4c00-PG_MCA_CAP2_Cutoff_All_Institutes_2025_26__1_.pdf,2001,"Dr. B. A. M.University Dept. Of Management Science, Aurangabad",0200124110,2025-26,2,Maharashtra,PWDOPENH,PWDOPENH,HU,49.3533426,percentile,PWDOPENH | 15675 | 49.3533426 | Stage-I,12,Home University Seats Allotted to Other Than Home University Candidates,ee91090fa4a3ac49f908c87958ceacc5542bc124e4f3fcb2e8749478a6f271b9
f6ffd36c4c00-PG_MCA_CAP2_Cutoff_All_Institutes_2025_26__1_.pdf,2001,"Dr. B. A. M.University Dept. Of Management Science, Aurangabad",0200124110,2025-26,2,Maharashtra,GOPENO,GOPENO,HU,85.3851665,percentile,GOPENO | 4451 | 85.3851665 | Stage-I,12,Other Than Home University Seats Allotted to Other Than Home University Candidates,653eb6d24032b1b0530258a49c08f2ab107d71f05a127e24a0217247d92730b0
f6ffd36c4c00-PG_MCA_CAP2_Cutoff_All_Institutes_2025_26__1_.pdf,2001,"Dr. B. A. M.University Dept. Of Management Science, Aurangabad",0200124110,2025-26,2,Maharashtra,GSCO,GSCO,HU,76.9216256,percentile,GSCO | 7516 | 76.9216256 | Stage-I,12,Other Than Home University Seats Allotted to Other Than Home University Candidates,e84248e19885b1a25d264c264ef29d515caa226e0639ddf4e6f402d98bf4b035
f6ffd36c4c00-PG_MCA_CAP2_Cutoff_All_Institutes_2025_26__1_.pdf,2001,"Dr. B. A. M.University Dept. Of Management Science, Aurangabad",0200124110,2025-26,2,Maharashtra,GSTO,GSTO,HU,80.5399495,percentile,GSTO | 6177 | 80.5399495 | Stage-I,12,Other Than Home University Seats Allotted to Other Than Home University Candidates,3bde197cc564dd74573fd4f4f6fdd9d8a768edb46aeb6208c978f49288379ffe
f6ffd36c4c00-PG_MCA_CAP2_Cutoff_All_Institutes_2025_26__1_.pdf,2001,"Dr. B. A. M.University Dept. Of Management Science, Aurangabad",0200124110,2025-26,2,Maharashtra,EWS,EWS,SL,44.5345198,percentile,EWS | 16642 | 44.5345198 | Stage-I,12,Other Than Home University Seats Allotted to Other Than Home University Candidates,a8bb443863dbbc66df52dd6e3a434dfff45ee0b55ee9f5fd8780a2fe1df0464a
f6ffd36c4c00-PG_MCA_CAP2_Cutoff_All_Institutes_2025_26__1_.pdf,2001,"Dr. B. A. M.University Dept. Of Management Science, Aurangabad",0200124110,2025-26,2,Maharashtra,TFWS,TFWS,SL,93.5511867,percentile,TFWS | 1900 | 93.5511867 | Stage-I,12,Other Than Home University Seats Allotted to Other Than Home University Candidates,61a9a68b4ca2a242d5ad083f68829b4bfbfda29f0f7c24499d6c8d5d54e8bc0c
f6ffd36c4c00-PG_MCA_CAP2_Cutoff_All_Institutes_2025_26__1_.pdf,2005,"Dr. Babasaheb Ambedkar Marathwada Vidyapeeth,(Aurangabad) Sub Section - Osmanabad",0200524110,2025-26,2,Maharashtra,GOPENH,GOPENH,HU,87.3496474,percentile,GOPENH | 3878 | 87.3496474 | Stage-I,13,Home University Seats Allotted to Home University Candidates,12542d1a8a2dddfb79a1cba989d6d514415452bb9f95fdd02fea0a6188143100
f6ffd36c4c00-PG_MCA_CAP2_Cutoff_All_Institutes_2025_26__1_.pdf,2005,"Dr. Babasaheb Ambedkar Marathwada Vidyapeeth,(Aurangabad) Sub Section - Osmanabad",0200524110,2025-26,2,Maharashtra,GSCH,GSCH,HU,12.4750009,percentile,GSCH | 23499 | 12.4750009 | Stage-I,13,Home University Seats Allotted to Home University Candidates,37eace3ae200849d9621124b0c8185eba65f8feb149d21b7408833aa331ecff4
f6ffd36c4c00-PG_MCA_CAP2_Cutoff_All_Institutes_2025_26__1_.pdf,2005,"Dr. Babasaheb Ambedkar Marathwada Vidyapeeth,(Aurangabad) Sub Section - Osmanabad",0200524110,2025-26,2,Maharashtra,GSTH,GSTH,HU,46.3793819,percentile,GSTH | 15932 | 46.3793819 | Stage-I,13,Home University Seats Allotted to Home University Candidates,421063ec5a5daf5abca9dd3a6977e726cf2d6b4763c3aeeebf6b4a1676a36d70
f6ffd36c4c00-PG_MCA_CAP2_Cutoff_All_Institutes_2025_26__1_.pdf,2005,"Dr. Babasaheb Ambedkar Marathwada Vidyapeeth,(Aurangabad) Sub Section - Osmanabad",0200524110,2025-26,2,Maharashtra,GNTAH,GNTAH,HU,4.302251,percentile,GNTAH | 24830 | 4.302251 | Stage-I,13,Home University Seats Allotted to Home University Candidates,93fc72dd70fa020f4fafdf6a5e2624cd69368bae70058891811794bba6435fef
f6ffd36c4c00-PG_MCA_CAP2_Cutoff_All_Institutes_2025_26__1_.pdf,2005,"Dr. Babasaheb Ambedkar Marathwada Vidyapeeth,(Aurangabad) Sub Section - Osmanabad",0200524110,2025-26,2,Maharashtra,GOPENO,GOPENO,HU,65.8578922,percentile,GOPENO | 11211 | 65.8578922 | Stage-I,13,Other Than Home University Seats Allotted to Other Than Home University Candidates,90b8ac5817baf0fd5f90b118436fe0d01941246873fc09df195e7fe81889ac78
f6ffd36c4c00-PG_MCA_CAP2_Cutoff_All_Institutes_2025_26__1_.pdf,2005,"Dr. Babasaheb Ambedkar Marathwada Vidyapeeth,(Aurangabad) Sub Section - Osmanabad",0200524110,2025-26,2,Maharashtra,GSCO,GSCO,HU,21.0059952,percentile,GSCO | 21913 | 21.0059952 | Stage-I,13,Other Than Home University Seats Allotted to Other Than Home University Candidates,b8411bbbd71776a679c7596c35ee1e9159575574efb0ee4211d320844eb35120
f6ffd36c4c00-PG_MCA_CAP2_Cutoff_All_Institutes_2025_26__1_.pdf,2005,"Dr. Babasaheb Ambedkar Marathwada Vidyapeeth,(Aurangabad) Sub Section - Osmanabad",0200524110,2025-26,2,Maharashtra,GNTAO,GNTAO,HU,21.0059952,percentile,GNTAO | 21921 | 21.0059952 | Stage-I,13,Other Than Home University Seats Allotted to Other Than Home University Candidates,fe683ee8577bc92c1e5d6e9fad24e27aa5735e2cf51370185fd4049dc5f7e664
f6ffd36c4c00-PG_MCA_CAP2_Cutoff_All_Institutes_2025_26__1_.pdf,2005,"Dr. Babasaheb Ambedkar Marathwada Vidyapeeth,(Aurangabad) Sub Section - Osmanabad",0200524110,2025-26,2,Maharashtra,GNTCO,GNTCO,HU,34.5198145,percentile,GNTCO | 19239 | 34.5198145 | Stage-I,13,Other Than Home University Seats Allotted to Other Than Home University Candidates,75755dc6eb30b3938f558a2b625b9a8d149376a6f60a618784bb4bd56fa7baca
f6ffd36c4c00-PG_MCA_CAP2_Cutoff_All_Institutes_2025_26__1_.pdf,2005,"Dr. Babasaheb Ambedkar Marathwada Vidyapeeth,(Aurangabad) Sub Section - Osmanabad",0200524110,2025-26,2,Maharashtra,TFWS,TFWS,SL,80.5399495,percentile,TFWS | 6214 | 80.5399495 | Stage-I,13,Other Than Home University Seats Allotted to Other Than Home University Candidates,881e045ae29916428f5b139cff2bf2389305782b023c5c71062959e9518ba08c
f6ffd36c4c00-PG_MCA_CAP2_Cutoff_All_Institutes_2025_26__1_.pdf,2007,"Swami Ramanand Teerth Marathwada Vidyapeeth, Nanded",0200724110,2025-26,2,Maharashtra,GOPENH,GOPENH,HU,74.782248,percentile,GOPENH | 8294 | 74.782248 | Stage-I,14,Home University Seats Allotted to Home University Candidates,3001186e8ccd242c9d27f5369618b02068b15ea45163a4a1526720ead13bba9e
f6ffd36c4c00-PG_MCA_CAP2_Cutoff_All_Institutes_2025_26__1_.pdf,2007,"Swami Ramanand Teerth Marathwada Vidyapeeth, Nanded",0200724110,2025-26,2,Maharashtra,GSCH,GSCH,HU,36.496736,percentile,GSCH | 18288 | 36.496736 | Stage-I,14,Home University Seats Allotted to Home University Candidates,8d11a5c036747eb4d487b9dc21f00b695dd17f46c698280e7a274618133104c6
f6ffd36c4c00-PG_MCA_CAP2_Cutoff_All_Institutes_2025_26__1_.pdf,2007,"Swami Ramanand Teerth Marathwada Vidyapeeth, Nanded",0200724110,2025-26,2,Maharashtra,GSTH,GSTH,HU,27.2744425,percentile,GSTH | 20577 | 27.2744425 | Stage-I,14,Home University Seats Allotted to Home University Candidates,ceb2cafa1b0adce6c1333b12e4c364842cf6e4ded9076d750fd17720e87685ee
f6ffd36c4c00-PG_MCA_CAP2_Cutoff_All_Institutes_2025_26__1_.pdf,2007,"Swami Ramanand Teerth Marathwada Vidyapeeth, Nanded",0200724110,2025-26,2,Maharashtra,GNTAH,GNTAH,HU,56.5488095,percentile,GNTAH | 13487 | 56.5488095 | Stage-I,14,Home University Seats Allotted to Home University Candidates,7d96732abd9461dc0af33788d6a3d215af38f530a2bbbdf2125780d2043dfd07
f6ffd36c4c00-PG_MCA_CAP2_Cutoff_All_Institutes_2025_26__1_.pdf,2007,"Swami Ramanand Teerth Marathwada Vidyapeeth, Nanded",0200724110,2025-26,2,Maharashtra,GNTCH,GNTCH,HU,65.8578922,percentile,GNTCH | 11068 | 65.8578922 | Stage-I,14,Home University Seats Allotted to Home University Candidates,dad5984033a13503fdd6e8361e82b60925bd1dda95d3ed77c1dd6b0fd4ec2636
f6ffd36c4c00-PG_MCA_CAP2_Cutoff_All_Institutes_2025_26__1_.pdf,2007,"Swami Ramanand Teerth Marathwada Vidyapeeth, Nanded",0200724110,2025-26,2,Maharashtra,GOPENO,GOPENO,HU,44.5345198,percentile,GOPENO | 16451 | 44.5345198 | Stage-I,14,Other Than Home University Seats Allotted to Other Than Home University Candidates,2cdffa9df02f56fdffb565a9dcacb867b13253f034acd51b58dd21d2a35f5370
f6ffd36c4c00-PG_MCA_CAP2_Cutoff_All_Institutes_2025_26__1_.pdf,2007,"Swami Ramanand Teerth Marathwada Vidyapeeth, Nanded",0200724110,2025-26,2,Maharashtra,GSTO,GSTO,HU,21.0059952,percentile,GSTO | 21681 | 21.0059952 | Stage-I,14,Other Than Home University Seats Allotted to Other Than Home University Candidates,d4ebde509e55e4206899d3734eed02e652585de7fc39d2b8a89944d586730dce
f6ffd36c4c00-PG_MCA_CAP2_Cutoff_All_Institutes_2025_26__1_.pdf,2007,"Swami Ramanand Teerth Marathwada Vidyapeeth, Nanded",0200724110,2025-26,2,Maharashtra,GSCO,GSCO,HU,36.496736,percentile,GSCO | 18432 | 36.496736 | Stage-I,14,Other Than Home University Seats Allotted to Home University Candidates,efb4f292484d81b776d46e0625621f3cc0683ce80b65376628720e5aad5412b4
f6ffd36c4c00-PG_MCA_CAP2_Cutoff_All_Institutes_2025_26__1_.pdf,2007,"Swami Ramanand Teerth Marathwada Vidyapeeth, Nanded",0200724110,2025-26,2,Maharashtra,GSEBCO,GSEBCO,HU,58.7911466,percentile,GSEBCO | 12964 | 58.7911466 | Stage-I,14,Other Than Home University Seats Allotted to Home University Candidates,e07ad2ef11014f268d0a9c525faf66e2458c559cacbfb63214dfd04ef4a0e5b7
f6ffd36c4c00-PG_MCA_CAP2_Cutoff_All_Institutes_2025_26__1_.pdf,2007,"Swami Ramanand Teerth Marathwada Vidyapeeth, Nanded",0200724110,2025-26,2,Maharashtra,EWS,EWS,SL,61.2807064,percentile,EWS | 12440 | 61.2807064 | Stage-I,14,Other Than Home University Seats Allotted to Home University Candidates,ece0bf3c11527cc3d520ad4a0f1314331189d6bdec3359021082b9c4b7da2adf
f6ffd36c4c00-PG_MCA_CAP2_Cutoff_All_Institutes_2025_26__1_.pdf,2007,"Swami Ramanand Teerth Marathwada Vidyapeeth, Nanded",0200724110,2025-26,2,Maharashtra,TFWS,TFWS,SL,82.8308366,percentile,TFWS | 5980 | 82.8308366 | Stage-I,14,Other Than Home University Seats Allotted to Home University Candidates,52c5b2008d9c6b43a74052bc3f00cf0373f6842d673d12eeb7cef7641aedd2d0
f6ffd36c4c00-PG_MCA_CAP2_Cutoff_All_Institutes_2025_26__1_.pdf,2008,"Government College of Engineering, Chhatrapati Sambhajinagar",0200824110,2025-26,2,Maharashtra,GOPENH,GOPENH,HU,93.405226,percentile,GOPENH | 2154 | 93.405226 | Stage-I,15,Home University Seats Allotted to Home University Candidates,d4993f4b4a7091a99b48af772c16050a00b736c45507d44bf472bc7fccf5f1fa
f6ffd36c4c00-PG_MCA_CAP2_Cutoff_All_Institutes_2025_26__1_.pdf,2008,"Government College of Engineering, Chhatrapati Sambhajinagar",0200824110,2025-26,2,Maharashtra,GSCH,GSCH,HU,87.3496474,percentile,GSCH | 4090 | 87.3496474 | Stage-I,15,Home University Seats Allotted to Home University Candidates,5535a662dafbec84ee0251ce24f4c72b3627baeba3ad3a06ca0b575478c31fe4
f6ffd36c4c00-PG_MCA_CAP2_Cutoff_All_Institutes_2025_26__1_.pdf,2008,"Government College of Engineering, Chhatrapati Sambhajinagar",0200824110,2025-26,2,Maharashtra,GSTH,GSTH,HU,82.9644433,percentile,GSTH | 5384 | 82.9644433 | Stage-I,15,Home University Seats Allotted to Home University Candidates,22630c8b38023a75d2b6ed893ab974a96e04dc14245d7906290cfa3bc5de1daf
f6ffd36c4c00-PG_MCA_CAP2_Cutoff_All_Institutes_2025_26__1_.pdf,2008,"Government College of Engineering, Chhatrapati Sambhajinagar",0200824110,2025-26,2,Maharashtra,GNTAH,GNTAH,HU,79.9969812,percentile,GNTAH | 6708 | 79.9969812 | Stage-I,15,Home University Seats Allotted to Home University Candidates,69e57bad9930b9494839ef93c9d17ea6b6250a2f7d4ea5d359b90573adf9f5f2
f6ffd36c4c00-PG_MCA_CAP2_Cutoff_All_Institutes_2025_26__1_.pdf,2008,"Government College of Engineering, Chhatrapati Sambhajinagar",0200824110,2025-26,2,Maharashtra,GNTCH,GNTCH,HU,79.9969812,percentile,GNTCH | 6716 | 79.9969812 | Stage-I,15,Home University Seats Allotted to Home University Candidates,43df8534706755676f4b2e159b9b8a4846160c8be626d2ff4f4e0b03986a3843
f6ffd36c4c00-PG_MCA_CAP2_Cutoff_All_Institutes_2025_26__1_.pdf,2008,"Government College of Engineering, Chhatrapati Sambhajinagar",0200824110,2025-26,2,Maharashtra,GNTDH,GNTDH,HU,92.3361383,percentile,GNTDH | 2282 | 92.3361383 | Stage-I,15,Home University Seats Allotted to Home University Candidates,6ec82e46d8c8541075384e6101cd6c59ef3806ffc627943ef7ea6c5b152620ac
f6ffd36c4c00-PG_MCA_CAP2_Cutoff_All_Institutes_2025_26__1_.pdf,2008,"Government College of Engineering, Chhatrapati Sambhajinagar",0200824110,2025-26,2,Maharashtra,GOBCH,GOBCH,HU,85.2118788,percentile,GOBCH | 4918 | 85.2118788 | Stage-I,15,Home University Seats Allotted to Home University Candidates,788df2f463a3e4b9bbf305340c64dae41e9929344ac590d01368ca789368e2b3
f6ffd36c4c00-PG_MCA_CAP2_Cutoff_All_Institutes_2025_26__1_.pdf,2008,"Government College of Engineering, Chhatrapati Sambhajinagar",0200824110,2025-26,2,Maharashtra,PWDOPENH,PWDOPENH,HU,46.3793819,percentile,PWDOPENH | 16056 | 46.3793819 | Stage-I,15,Home University Seats Allotted to Other Than Home University Candidates,c60c3ac7c7ea582ca8043bd2a089e3715056cbc2e5c279a4ae095c41544ec0ff
f6ffd36c4c00-PG_MCA_CAP2_Cutoff_All_Institutes_2025_26__1_.pdf,2008,"Government College of Engineering, Chhatrapati Sambhajinagar",0200824110,2025-26,2,Maharashtra,GOPENO,GOPENO,HU,92.3361383,percentile,GOPENO | 2281 | 92.3361383 | Stage-I,15,Other Than Home University Seats Allotted to Other Than Home University Candidates,438a23800fc55b2722e3ffe7316505290d3bbb610473ebf5f04a84acdc34bdc4
f6ffd36c4c00-PG_MCA_CAP2_Cutoff_All_Institutes_2025_26__1_.pdf,2008,"Government College of Engineering, Chhatrapati Sambhajinagar",0200824110,2025-26,2,Maharashtra,GSCO,GSCO,HU,87.3496474,percentile,GSCO | 3892 | 87.3496474 | Stage-I,15,Other Than Home University Seats Allotted to Other Than Home University Candidates,965eabf06f02aa8d1fcec0adb7d864fb02c66acdb6f3e88afd0eaf060cd1d5b1
f6ffd36c4c00-PG_MCA_CAP2_Cutoff_All_Institutes_2025_26__1_.pdf,2008,"Government College of Engineering, Chhatrapati Sambhajinagar",0200824110,2025-26,2,Maharashtra,GSTO,GSTO,HU,21.0059952,percentile,GSTO | 21916 | 21.0059952 | Stage-I,15,Other Than Home University Seats Allotted to Other Than Home University Candidates,ebd121fee789c29976abbef1e5a1f9e5aae99bbfafc57c16469a03de96d9a363
f6ffd36c4c00-PG_MCA_CAP2_Cutoff_All_Institutes_2025_26__1_.pdf,2008,"Government College of Engineering, Chhatrapati Sambhajinagar",0200824110,2025-26,2,Maharashtra,GNTDO,GNTDO,HU,9.7430286,percentile,GNTDO | 24031 | 9.7430286 | Stage-I,15,Other Than Home University Seats Allotted to Other Than Home University Candidates,e4280b02163b3a72694c909b1e70a75d3e42bf412bae68313831d3f32ce2a1f1
f6ffd36c4c00-PG_MCA_CAP2_Cutoff_All_Institutes_2025_26__1_.pdf,2008,"Government College of Engineering, Chhatrapati Sambhajinagar",0200824110,2025-26,2,Maharashtra,GOBCO,GOBCO,HU,90.9663786,percentile,GOBCO | 2900 | 90.9663786 | Stage-I,15,Other Than Home University Seats Allotted to Other Than Home University Candidates,af089ea28f2be2624c61490d79afe5f44d9d028e8dae2050bd0081b6d7ac456e
f6ffd36c4c00-PG_MCA_CAP2_Cutoff_All_Institutes_2025_26__1_.pdf,2008,"Government College of Engineering, Chhatrapati Sambhajinagar",0200824110,2025-26,2,Maharashtra,GSEBCO,GSEBCO,HU,87.2080299,percentile,GSEBCO | 4180 | 87.2080299 | Stage-I,15,Other Than Home University Seats Allotted to Other Than Home University Candidates,84ed2999f7e426ac00f58b2b117d2593bde5e1702a95337ce0b8d5d5d70b3ca7
f6ffd36c4c00-PG_MCA_CAP2_Cutoff_All_Institutes_2025_26__1_.pdf,2008,"Government College of Engineering, Chhatrapati Sambhajinagar",0200824110,2025-26,2,Maharashtra,EWS,EWS,SL,87.2080299,percentile,EWS | 4165 | 87.2080299 | Stage-I,15,Other Than Home University Seats Allotted to Other Than Home University Candidates,fe2bdcc4171f4201ca582b0e504cf876f33505b7c3b47a315b21bf02b71aea69
f6ffd36c4c00-PG_MCA_CAP2_Cutoff_All_Institutes_2025_26__1_.pdf,2008,"Government College of Engineering, Chhatrapati Sambhajinagar",0200824110,2025-26,2,Maharashtra,TFWS,TFWS,SL,90.9663786,percentile,TFWS | 2730 | 90.9663786 | Stage-I,15,Other Than Home University Seats Allotted to Other Than Home University Candidates,06268990eaa4c9424dbdab3d364f7fa6a2d2f51efe9e728ec7cc0abd34d5463c
f6ffd36c4c00-PG_MCA_CAP2_Cutoff_All_Institutes_2025_26__1_.pdf,2102,"Rajarshi Shahu Institute of Management, Aurangabad",0210224110,2025-26,2,Maharashtra,GOPENH,GOPENH,HU,63.1574978,percentile,GOPENH | 11962 | 63.1574978 | Stage-I,16,Home University Seats Allotted to Home University Candidates,7dbb13c4fe0d8e0b0db5cbced646551a950493070c72dbfdbd116b09c3892af0
f6ffd36c4c00-PG_MCA_CAP2_Cutoff_All_Institutes_2025_26__1_.pdf,2102,"Rajarshi Shahu Institute of Management, Aurangabad",0210224110,2025-26,2,Maharashtra,GSCH,GSCH,HU,51.4093808,percentile,GSCH | 15173 | 51.4093808 | Stage-I,16,Home University Seats Allotted to Home University Candidates,71d968fc4d8f8eafbd97ce7607af2cf106ae2275c0f94ba41e0316f0aa35a899
f6ffd36c4c00-PG_MCA_CAP2_Cutoff_All_Institutes_2025_26__1_.pdf,2102,"Rajarshi Shahu Institute of Management, Aurangabad",0210224110,2025-26,2,Maharashtra,GSTH,GSTH,HU,19.1539942,percentile,GSTH | 22117 | 19.1539942 | Stage-I,16,Home University Seats Allotted to Home University Candidates,cf99f08043a3c16f22ae7d5c9bf5332f9289ce8109c508c23c862c80ff954138
f6ffd36c4c00-PG_MCA_CAP2_Cutoff_All_Institutes_2025_26__1_.pdf,2102,"Rajarshi Shahu Institute of Management, Aurangabad",0210224110,2025-26,2,Maharashtra,GNTAH,GNTAH,HU,36.496736,percentile,GNTAH | 18499 | 36.496736 | Stage-I,16,Home University Seats Allotted to Home University Candidates,a9147fe82f5df40eb9b253f0c278aaa30a60188f911a35ec99d2e6db47e4eb7c
f6ffd36c4c00-PG_MCA_CAP2_Cutoff_All_Institutes_2025_26__1_.pdf,2102,"Rajarshi Shahu Institute of Management, Aurangabad",0210224110,2025-26,2,Maharashtra,GOBCH,GOBCH,HU,29.9046039,percentile,GOBCH | 19987 | 29.9046039 | Stage-I,16,Home University Seats Allotted to Home University Candidates,6ad80fbae0a7b8c911dbfa31822a20600ae2a6a66ab24361c2e50f9773275a0a
f6ffd36c4c00-PG_MCA_CAP2_Cutoff_All_Institutes_2025_26__1_.pdf,2102,"Rajarshi Shahu Institute of Management, Aurangabad",0210224110,2025-26,2,Maharashtra,GNTBH,GNTBH,HU,13.5402134,percentile,GNTBH | 23198 | 13.5402134 | Stage-I,16,Home University Seats Allotted to Other Than Home University Candidates,7f4d75dbb2395fc9cfa7f1c89af87147a62c7938b150542cf3d03c4d3a8cb393
f6ffd36c4c00-PG_MCA_CAP2_Cutoff_All_Institutes_2025_26__1_.pdf,2102,"Rajarshi Shahu Institute of Management, Aurangabad",0210224110,2025-26,2,Maharashtra,GOPENO,GOPENO,HU,41.4550394,percentile,GOPENO | 17055 | 41.4550394 | Stage-I,16,Other Than Home University Seats Allotted to Other Than Home University Candidates,8afaaa94aaeb8dba9985ac8cb7457147fa6f7ecd90a5ad5da576ab1474778dcb
f6ffd36c4c00-PG_MCA_CAP2_Cutoff_All_Institutes_2025_26__1_.pdf,2102,"Rajarshi Shahu Institute of Management, Aurangabad",0210224110,2025-26,2,Maharashtra,GSCO,GSCO,HU,13.5402134,percentile,GSCO | 23357 | 13.5402134 | Stage-I,16,Other Than Home University Seats Allotted to Other Than Home University Candidates,3f4c1e519ad8feff15d5e08c6995c392c30493903b79c48032a135a6ce99ca5d
f6ffd36c4c00-PG_MCA_CAP2_Cutoff_All_Institutes_2025_26__1_.pdf,2102,"Rajarshi Shahu Institute of Management, Aurangabad",0210224110,2025-26,2,Maharashtra,GSTO,GSTO,HU,34.5198145,percentile,GSTO | 18891 | 34.5198145 | Stage-I,16,Other Than Home University Seats Allotted to Other Than Home University Candidates,ff71d18e2dbe1c2e40a06310189df0671a55462d4f5f41276331e9244f85bea4
f6ffd36c4c00-PG_MCA_CAP2_Cutoff_All_Institutes_2025_26__1_.pdf,2102,"Rajarshi Shahu Institute of Management, Aurangabad",0210224110,2025-26,2,Maharashtra,GSCO,GSCO,HU,49.3533426,percentile,GSCO | 15313 | 49.3533426 | Stage-I,17,Other Than Home University Seats Allotted to Home University Candidates,81b89108f71c550a832f5b56477a16e5b52f768b5827e0869bf7fd06a0f074c3
f6ffd36c4c00-PG_MCA_CAP2_Cutoff_All_Institutes_2025_26__1_.pdf,2102,"Rajarshi Shahu Institute of Management, Aurangabad",0210224110,2025-26,2,Maharashtra,GNTCO,GNTCO,HU,21.0059952,percentile,GNTCO | 21895 | 21.0059952 | Stage-I,17,Other Than Home University Seats Allotted to Home University Candidates,e0b97ba87ccf1233d9cdbf852987b9c54f83ad7d93840a48a5d58b5fb3ac447d
f6ffd36c4c00-PG_MCA_CAP2_Cutoff_All_Institutes_2025_26__1_.pdf,2102,"Rajarshi Shahu Institute of Management, Aurangabad",0210224110,2025-26,2,Maharashtra,GSEBCO,GSEBCO,HU,27.2744425,percentile,GSEBCO | 20463 | 27.2744425 | Stage-I,17,Other Than Home University Seats Allotted to Home University Candidates,0a1c3756801a8d68a899705b55244ab77c5afd50f3276a8f887abc07f1c9b1c3
f6ffd36c4c00-PG_MCA_CAP2_Cutoff_All_Institutes_2025_26__1_.pdf,2102,"Rajarshi Shahu Institute of Management, Aurangabad",0210224110,2025-26,2,Maharashtra,EWS,EWS,SL,31.6629561,percentile,EWS | 19343 | 31.6629561 | Stage-I,17,Other Than Home University Seats Allotted to Home University Candidates,40903f45d37c23c660cf83749ceb3ae76322582dee7662a3a36d2ac5c6e3c57a
f6ffd36c4c00-PG_MCA_CAP2_Cutoff_All_Institutes_2025_26__1_.pdf,2102,"Rajarshi Shahu Institute of Management, Aurangabad",0210224110,2025-26,2,Maharashtra,TFWS,TFWS,SL,82.8308366,percentile,TFWS | 5808 | 82.8308366 | Stage-I,17,Other Than Home University Seats Allotted to Home University Candidates,a9ed1078e4d1aa4602ef4149e2d71e949b8789f1bab1ca0f4a21b3f8c56c2b9c
f6ffd36c4c00-PG_MCA_CAP2_Cutoff_All_Institutes_2025_26__1_.pdf,2113,"G. S. Mandal's Maharashtra Institute of Technology, Aurangabad",0211324110,2025-26,2,Maharashtra,GOPENH,GOPENH,HU,49.3533426,percentile,GOPENH | 15719 | 49.3533426 | Stage-I,18,Home University Seats Allotted to Home University Candidates,aeab49b4f654eb82a8c72310ba2b6af602b61310b33486fd502abcf3bd0b412d
f6ffd36c4c00-PG_MCA_CAP2_Cutoff_All_Institutes_2025_26__1_.pdf,2113,"G. S. Mandal's Maharashtra Institute of Technology, Aurangabad",0211324110,2025-26,2,Maharashtra,GSCH,GSCH,HU,25.4779232,percentile,GSCH | 20894 | 25.4779232 | Stage-I,18,Home University Seats Allotted to Home University Candidates,1b199ecaf1925de1beb385b0882ccae94195e2eec8e09ea37e0d5d154443b818
f6ffd36c4c00-PG_MCA_CAP2_Cutoff_All_Institutes_2025_26__1_.pdf,2113,"G. S. Mandal's Maharashtra Institute of Technology, Aurangabad",0211324110,2025-26,2,Maharashtra,GSTH,GSTH,HU,3.0466423,percentile,GSTH | 25084 | 3.0466423 | Stage-I,18,Home University Seats Allotted to Home University Candidates,b43a9655270f62af3e5922d5a4de85a878ca7f9e10bdcefa5f61803f531c1e23
f6ffd36c4c00-PG_MCA_CAP2_Cutoff_All_Institutes_2025_26__1_.pdf,2113,"G. S. Mandal's Maharashtra Institute of Technology, Aurangabad",0211324110,2025-26,2,Maharashtra,GNTAH,GNTAH,HU,49.3533426,percentile,GNTAH | 15802 | 49.3533426 | Stage-I,18,Home University Seats Allotted to Home University Candidates,f2953cb1558bcee35c4f9525754913fea036ef833055f57edef3c7381caf4781
f6ffd36c4c00-PG_MCA_CAP2_Cutoff_All_Institutes_2025_26__1_.pdf,2113,"G. S. Mandal's Maharashtra Institute of Technology, Aurangabad",0211324110,2025-26,2,Maharashtra,GNTBH,GNTBH,HU,10.5199653,percentile,GNTBH | 23851 | 10.5199653 | Stage-I,18,Home University Seats Allotted to Home University Candidates,757b22ffa292fa8f0f5230c22c70dfa614a7cb2509b1032a793eef44ff79da74
f6ffd36c4c00-PG_MCA_CAP2_Cutoff_All_Institutes_2025_26__1_.pdf,2113,"G. S. Mandal's Maharashtra Institute of Technology, Aurangabad",0211324110,2025-26,2,Maharashtra,GNTCH,GNTCH,HU,9.7430286,percentile,GNTCH | 23999 | 9.7430286 | Stage-I,18,Home University Seats Allotted to Home University Candidates,740f0f46536e01a8b0a2d66b4205addec233f5089c98897475e11e6374f5178a
f6ffd36c4c00-PG_MCA_CAP2_Cutoff_All_Institutes_2025_26__1_.pdf,2113,"G. S. Mandal's Maharashtra Institute of Technology, Aurangabad",0211324110,2025-26,2,Maharashtra,GOPENO,GOPENO,HU,31.6629561,percentile,GOPENO | 19408 | 31.6629561 | Stage-I,18,Other Than Home University Seats Allotted to Other Than Home University Candidates,b0ab0abeb0566de588005df927b071759f75cb89f6100da7fe7544f78cd0f77c
f6ffd36c4c00-PG_MCA_CAP2_Cutoff_All_Institutes_2025_26__1_.pdf,2113,"G. S. Mandal's Maharashtra Institute of Technology, Aurangabad",0211324110,2025-26,2,Maharashtra,GSCO,GSCO,HU,4.067771,percentile,GSCO | 24919 | 4.067771 | Stage-I,18,Other Than Home University Seats Allotted to Other Than Home University Candidates,c3012135a68f5085380e47565ecbbe88a58344475cf85c79432a92f020067d34
f6ffd36c4c00-PG_MCA_CAP2_Cutoff_All_Institutes_2025_26__1_.pdf,2113,"G. S. Mandal's Maharashtra Institute of Technology, Aurangabad",0211324110,2025-26,2,Maharashtra,GSTO,GSTO,HU,27.2744425,percentile,GSTO | 20706 | 27.2744425 | Stage-I,18,Other Than Home University Seats Allotted to Other Than Home University Candidates,2ce4a56d8503f3136959162e51e0111108d44abf1c5fb10d8af5568bb8f5ad26
f6ffd36c4c00-PG_MCA_CAP2_Cutoff_All_Institutes_2025_26__1_.pdf,2113,"G. S. Mandal's Maharashtra Institute of Technology, Aurangabad",0211324110,2025-26,2,Maharashtra,GNTCO,GNTCO,HU,7.9446476,percentile,GNTCO | 24166 | 7.9446476 | Stage-I,18,Other Than Home University Seats Allotted to Other Than Home University Candidates,b4c50b41ea4bbe92c06289ed654f6c665ab3e29725c947726e26bf4dfb008180
f6ffd36c4c00-PG_MCA_CAP2_Cutoff_All_Institutes_2025_26__1_.pdf,2113,"G. S. Mandal's Maharashtra Institute of Technology, Aurangabad",0211324110,2025-26,2,Maharashtra,GSEBCO,GSEBCO,HU,0.5995249,percentile,GSEBCO | 25408 | 0.5995249 | Stage-I,18,Other Than Home University Seats Allotted to Home University Candidates,29c068e0b122f7cb1695bad708f461d05592dbee685ec64575aa37a664adec14
f6ffd36c4c00-PG_MCA_CAP2_Cutoff_All_Institutes_2025_26__1_.pdf,2113,"G. S. Mandal's Maharashtra Institute of Technology, Aurangabad",0211324110,2025-26,2,Maharashtra,EWS,EWS,SL,31.6629561,percentile,EWS | 19575 | 31.6629561 | Stage-I,19,,065dde7ca01752538e0dd752a8fd206a94fee840cd761ae7790f1a840e18b866
f6ffd36c4c00-PG_MCA_CAP2_Cutoff_All_Institutes_2025_26__1_.pdf,2113,"G. S. Mandal's Maharashtra Institute of Technology, Aurangabad",0211324110,2025-26,2,Maharashtra,TFWS,TFWS,SL,85.2118788,percentile,TFWS | 4906 | 85.2118788 | Stage-I,19,,daeddd19e06fbb5fb7f22513863eefcd21298919acfa37f2da7738ac32ab5639
f6ffd36c4c00-PG_MCA_CAP2_Cutoff_All_Institutes_2025_26__1_.pdf,2115,"Sahyog Sevabhavi Santha's Indira Institute of Management Science, Nanded",0211524110,2025-26,2,Maharashtra,GOPENH,GOPENH,HU,69.7143504,percentile,GOPENH | 9774 | 69.7143504 | Stage-I,20,Home University Seats Allotted to Home University Candidates,f11efbd8aee4025d1d128feb328a5da9040b6ff96bc2c67685706d439e4a6403
f6ffd36c4c00-PG_MCA_CAP2_Cutoff_All_Institutes_2025_26__1_.pdf,2115,"Sahyog Sevabhavi Santha's Indira Institute of Management Science, Nanded",0211524110,2025-26,2,Maharashtra,GSCH,GSCH,HU,46.3793819,percentile,GSCH | 15952 | 46.3793819 | Stage-I,20,Home University Seats Allotted to Home University Candidates,68ae478ec78951c0ecf60756eb53c95f685a610369428f0f7683ab099535b745
f6ffd36c4c00-PG_MCA_CAP2_Cutoff_All_Institutes_2025_26__1_.pdf,2115,"Sahyog Sevabhavi Santha's Indira Institute of Management Science, Nanded",0211524110,2025-26,2,Maharashtra,GSTH,GSTH,HU,44.5345198,percentile,GSTH | 16524 | 44.5345198 | Stage-I,20,Home University Seats Allotted to Home University Candidates,2ca9e2f206d722e7c807421b5f775033a9557d59d57c72b80ac58a656be2047c
f6ffd36c4c00-PG_MCA_CAP2_Cutoff_All_Institutes_2025_26__1_.pdf,2115,"Sahyog Sevabhavi Santha's Indira Institute of Management Science, Nanded",0211524110,2025-26,2,Maharashtra,GOPENO,GOPENO,HU,15.5994113,percentile,GOPENO | 23060 | 15.5994113 | Stage-I,20,Other Than Home University Seats Allotted to Other Than Home University Candidates,bb6a16def6a7d4471d171d98a3efb1af368137bfd123b5a2d973e6a54fb0ef41
f6ffd36c4c00-PG_MCA_CAP2_Cutoff_All_Institutes_2025_26__1_.pdf,2115,"Sahyog Sevabhavi Santha's Indira Institute of Management Science, Nanded",0211524110,2025-26,2,Maharashtra,GOPENO,GOPENO,HU,58.7911466,percentile,GOPENO | 12934 | 58.7911466 | Stage-I,20,Other Than Home University Seats Allotted to Home University Candidates,5798ecad877962d0dde2d16240b8803ead7cb8d4c411efd113932b159b6a0385
f6ffd36c4c00-PG_MCA_CAP2_Cutoff_All_Institutes_2025_26__1_.pdf,2115,"Sahyog Sevabhavi Santha's Indira Institute of Management Science, Nanded",0211524110,2025-26,2,Maharashtra,GSCO,GSCO,HU,39.3989669,percentile,GSCO | 18190 | 39.3989669 | Stage-I,20,Other Than Home University Seats Allotted to Home University Candidates,34621466994c2a53e61206ade6f9950b35c160f0792ad75be22918158844f615
f6ffd36c4c00-PG_MCA_CAP2_Cutoff_All_Institutes_2025_26__1_.pdf,2115,"Sahyog Sevabhavi Santha's Indira Institute of Management Science, Nanded",0211524110,2025-26,2,Maharashtra,GSTO,GSTO,HU,16.9789978,percentile,GSTO | 22776 | 16.9789978 | Stage-I,20,Other Than Home University Seats Allotted to Home University Candidates,a77436bb6f0909242afb148f3a4842263732f40f2c66af96aa8876eab3eb6783
f6ffd36c4c00-PG_MCA_CAP2_Cutoff_All_Institutes_2025_26__1_.pdf,2115,"Sahyog Sevabhavi Santha's Indira Institute of Management Science, Nanded",0211524110,2025-26,2,Maharashtra,GNTAO,GNTAO,HU,39.3989669,percentile,GNTAO | 17669 | 39.3989669 | Stage-I,20,Other Than Home University Seats Allotted to Home University Candidates,dd1a1aac1ed3ecdd826ac816c54a392f7349d545832e92af3a9c8ea7ae153d34
f6ffd36c4c00-PG_MCA_CAP2_Cutoff_All_Institutes_2025_26__1_.pdf,2115,"Sahyog Sevabhavi Santha's Indira Institute of Management Science, Nanded",0211524110,2025-26,2,Maharashtra,GNTCO,GNTCO,HU,56.5488095,percentile,GNTCO | 13743 | 56.5488095 | Stage-I,20,Other Than Home University Seats Allotted to Home University Candidates,d7b465ea5673b143b052c2c9edc34a30e29d26f5b1d4bf9981696a86a4be5be5
f6ffd36c4c00-PG_MCA_CAP2_Cutoff_All_Institutes_2025_26__1_.pdf,2119,"Shree Sharda Bhavan Education Society's Institute of Technology & Management, Nanded",0211924110,2025-26,2,Maharashtra,GSTH,GSTH,HU,82.9644433,percentile,GSTH | 5399 | 82.9644433 | Stage-IV,22,Home University Seats Allotted to Home University Candidates,ce51df368c9bdfb2a9f2b6da13608915f8d2e8cf3e55faea715d0a1abbca0eaf
f6ffd36c4c00-PG_MCA_CAP2_Cutoff_All_Institutes_2025_26__1_.pdf,2119,"Shree Sharda Bhavan Education Society's Institute of Technology & Management, Nanded",0211924110,2025-26,2,Maharashtra,GOPENO,GOPENO,HU,46.3793819,percentile,GOPENO | 15890 | 46.3793819 | Stage-I,22,Other Than Home University Seats Allotted to Other Than Home University Candidates,405d59a1e4cfebd5b4bcc9c33f674aafbdd5e08cc52246a26dfc9efb83c42878
f6ffd36c4c00-PG_MCA_CAP2_Cutoff_All_Institutes_2025_26__1_.pdf,2119,"Shree Sharda Bhavan Education Society's Institute of Technology & Management, Nanded",0211924110,2025-26,2,Maharashtra,GSTO,GSTO,HU,79.9969812,percentile,GSTO | 6517 | 79.9969812 | Stage-IV,22,Other Than Home University Seats Allotted to Home University Candidates,e35c181f4fccd923e177d86b24fa1831d34a94b22e14d66405aa0f3c9a15bc98
f6ffd36c4c00-PG_MCA_CAP2_Cutoff_All_Institutes_2025_26__1_.pdf,2119,"Shree Sharda Bhavan Education Society's Institute of Technology & Management, Nanded",0211924110,2025-26,2,Maharashtra,GNTBO,GNTBO,HU,80.5399495,percentile,GNTBO | 6232 | 80.5399495 | Stage-IV,22,Other Than Home University Seats Allotted to Home University Candidates,497618764f73763d5e25b43984ccca20f0c98182fe74fa4c9ee5a4196ef5808f
f6ffd36c4c00-PG_MCA_CAP2_Cutoff_All_Institutes_2025_26__1_.pdf,2119,"Shree Sharda Bhavan Education Society's Institute of Technology & Management, Nanded",0211924110,2025-26,2,Maharashtra,GNTDO,GNTDO,HU,80.5399495,percentile,GNTDO | 6312 | 80.5399495 | Stage-IV,22,Other Than Home University Seats Allotted to Home University Candidates,5b2a88441f495f254d843c9c757d94e07e07d824e276212398f5c2ac6a5183d0
f6ffd36c4c00-PG_MCA_CAP2_Cutoff_All_Institutes_2025_26__1_.pdf,2120,"Dnyanopasak Shikshan Mandal's Institute of Information Technology & Management, Parbhani.",0212024110,2025-26,2,Maharashtra,GSTH,GSTH,HU,63.1574978,percentile,GSTH | 11647 | 63.1574978 | Stage-IV,23,Home University Seats Allotted to Home University Candidates,6f15d9f857df403ea68dd8a215226de86e32b20639d4cd2cc1fc7fd421d1a0a4
f6ffd36c4c00-PG_MCA_CAP2_Cutoff_All_Institutes_2025_26__1_.pdf,2120,"Dnyanopasak Shikshan Mandal's Institute of Information Technology & Management, Parbhani.",0212024110,2025-26,2,Maharashtra,GNTBH,GNTBH,HU,63.1574978,percentile,GNTBH | 11818 | 63.1574978 | Stage-IV,23,Home University Seats Allotted to Home University Candidates,7144bcc3a32d330ba09d925bd200ae4117e6d71221b753f2d5ce7f1bd8d215d8
f6ffd36c4c00-PG_MCA_CAP2_Cutoff_All_Institutes_2025_26__1_.pdf,2120,"Dnyanopasak Shikshan Mandal's Institute of Information Technology & Management, Parbhani.",0212024110,2025-26,2,Maharashtra,GNTCH,GNTCH,HU,61.2807064,percentile,GNTCH | 12257 | 61.2807064 | Stage-IV,23,Home University Seats Allotted to Home University Candidates,d7d406411caeaee2d025b042394c04a926e27b55f563a93d63e7e0fd814cce1b
f6ffd36c4c00-PG_MCA_CAP2_Cutoff_All_Institutes_2025_26__1_.pdf,2120,"Dnyanopasak Shikshan Mandal's Institute of Information Technology & Management, Parbhani.",0212024110,2025-26,2,Maharashtra,GNTCO,GNTCO,HU,74.782248,percentile,GNTCO | 8319 | 74.782248 | Stage-IV,23,Other Than Home University Seats Allotted to Other Than Home University Candidates,8d85711de2f084b5abc314abdbcc1709052efe8f4c242127c40e98d96421983a
f6ffd36c4c00-PG_MCA_CAP2_Cutoff_All_Institutes_2025_26__1_.pdf,2120,"Dnyanopasak Shikshan Mandal's Institute of Information Technology & Management, Parbhani.",0212024110,2025-26,2,Maharashtra,GOBCO,GOBCO,HU,67.3579428,percentile,GOBCO | 10765 | 67.3579428 | Stage-I,23,Other Than Home University Seats Allotted to Home University Candidates,aad51dc797fb2f4b6ef808c14a4f12049d9c63c1f65598501dc279ff659c4d7f
f6ffd36c4c00-PG_MCA_CAP2_Cutoff_All_Institutes_2025_26__1_.pdf,2120,"Dnyanopasak Shikshan Mandal's Institute of Information Technology & Management, Parbhani.",0212024110,2025-26,2,Maharashtra,GSEBCO,GSEBCO,HU,41.4550394,percentile,GSEBCO | 17486 | 41.4550394 | Stage-I,23,Other Than Home University Seats Allotted to Home University Candidates,4906a4df6710d9d8d2f49611f2af96c27c3e9c80e3191e18195daa4a6a4d7ab1
f6ffd36c4c00-PG_MCA_CAP2_Cutoff_All_Institutes_2025_26__1_.pdf,2124,"Maratha Education Society's Institute of Management studies & Information Technology, Aurangabad",0212424110,2025-26,2,Maharashtra,GOPENH,GOPENH,HU,85.3851665,percentile,GOPENH | 4485 | 85.3851665 | Stage-I,24,Home University Seats Allotted to Home University Candidates,bde2b0fcd55bbd305a41e000dc3799b84a871779c81014dfa7ae8d472dc49345
f6ffd36c4c00-PG_MCA_CAP2_Cutoff_All_Institutes_2025_26__1_.pdf,2124,"Maratha Education Society's Institute of Management studies & Information Technology, Aurangabad",0212424110,2025-26,2,Maharashtra,GSCH,GSCH,HU,65.8578922,percentile,GSCH | 11002 | 65.8578922 | Stage-I,24,Home University Seats Allotted to Home University Candidates,c059d642a6bb977d3971fe1331234bd34fc96e9ccf04941a4097ba3d43289ab9
f6ffd36c4c00-PG_MCA_CAP2_Cutoff_All_Institutes_2025_26__1_.pdf,2124,"Maratha Education Society's Institute of Management studies & Information Technology, Aurangabad",0212424110,2025-26,2,Maharashtra,GSTH,GSTH,HU,39.3989669,percentile,GSTH | 17731 | 39.3989669 | Stage-I,24,Home University Seats Allotted to Home University Candidates,bb4ec560e45a49861818b9bfd52f4fd3218a2cdd2e7f3405f1d08cbcd2fff87c
f6ffd36c4c00-PG_MCA_CAP2_Cutoff_All_Institutes_2025_26__1_.pdf,2124,"Maratha Education Society's Institute of Management studies & Information Technology, Aurangabad",0212424110,2025-26,2,Maharashtra,GNTAH,GNTAH,HU,39.3989669,percentile,GNTAH | 17670 | 39.3989669 | Stage-I,24,Home University Seats Allotted to Home University Candidates,48149ffcd73b91f242e947bf1b9759630c0a0b7e412ba2f57a3b8390b5462c7d
f6ffd36c4c00-PG_MCA_CAP2_Cutoff_All_Institutes_2025_26__1_.pdf,2124,"Maratha Education Society's Institute of Management studies & Information Technology, Aurangabad",0212424110,2025-26,2,Maharashtra,GOPENO,GOPENO,HU,31.6629561,percentile,GOPENO | 19697 | 31.6629561 | Stage-I,24,Other Than Home University Seats Allotted to Other Than Home University Candidates,8dc0e7928d9a8f9f1fc06650a4ccbccbb0df731787117e4436c5efe89e13c728
f6ffd36c4c00-PG_MCA_CAP2_Cutoff_All_Institutes_2025_26__1_.pdf,2124,"Maratha Education Society's Institute of Management studies & Information Technology, Aurangabad",0212424110,2025-26,2,Maharashtra,GSCO,GSCO,HU,3.0466423,percentile,GSCO | 25068 | 3.0466423 | Stage-I,24,Other Than Home University Seats Allotted to Other Than Home University Candidates,68fc44804ca1e04bd5018a6bd89fcec01a4bfe329c94b8ff0509aeacaa6fcd36
f6ffd36c4c00-PG_MCA_CAP2_Cutoff_All_Institutes_2025_26__1_.pdf,2124,"Maratha Education Society's Institute of Management studies & Information Technology, Aurangabad",0212424110,2025-26,2,Maharashtra,GSTO,GSTO,HU,19.1539942,percentile,GSTO | 22135 | 19.1539942 | Stage-I,24,Other Than Home University Seats Allotted to Other Than Home University Candidates,aeb5e6f4d4cfd77b0eebb398a933d9a5c3a83695c1e0af2eb864d2dfa2099d3b
f6ffd36c4c00-PG_MCA_CAP2_Cutoff_All_Institutes_2025_26__1_.pdf,2124,"Maratha Education Society's Institute of Management studies & Information Technology, Aurangabad",0212424110,2025-26,2,Maharashtra,GSCO,GSCO,HU,34.5198145,percentile,GSCO | 19024 | 34.5198145 | Stage-I,24,Other Than Home University Seats Allotted to Home University Candidates,f198a66111c8787df57bbec0f9fff718de12ccfe60ad60cbc367d808882e3092
f6ffd36c4c00-PG_MCA_CAP2_Cutoff_All_Institutes_2025_26__1_.pdf,2124,"Maratha Education Society's Institute of Management studies & Information Technology, Aurangabad",0212424110,2025-26,2,Maharashtra,EWS,EWS,SL,12.4750009,percentile,EWS | 23644 | 12.4750009 | Stage-I,25,,254672a8c734a25b9ef05aeb20e22806af0e3f4036767c423b1fa08bd7e1b2ea
f6ffd36c4c00-PG_MCA_CAP2_Cutoff_All_Institutes_2025_26__1_.pdf,2124,"Maratha Education Society's Institute of Management studies & Information Technology, Aurangabad",0212424110,2025-26,2,Maharashtra,TFWS,TFWS,SL,80.5399495,percentile,TFWS | 6172 | 80.5399495 | Stage-I,25,,7dd8a56f9a79fe1441393d0975cf4d515f31b15709e19cb3e4fdea8a91c0e670
f6ffd36c4c00-PG_MCA_CAP2_Cutoff_All_Institutes_2025_26__1_.pdf,2129,"M.S. Bidve Engineering College, Latur",0212924110,2025-26,2,Maharashtra,GOPENH,GOPENH,HU,87.3496474,percentile,GOPENH | 4069 | 87.3496474 | Stage-I,26,Home University Seats Allotted to Home University Candidates,658624b28cb2df751a35f11367daaecf7a0abe828bf1fffe2ee05fb81965bbef
f6ffd36c4c00-PG_MCA_CAP2_Cutoff_All_Institutes_2025_26__1_.pdf,2129,"M.S. Bidve Engineering College, Latur",0212924110,2025-26,2,Maharashtra,GSCH,GSCH,HU,67.3579428,percentile,GSCH | 10233 | 67.3579428 | Stage-I,26,Home University Seats Allotted to Home University Candidates,792479ed2acc137aa47dc09f20a7c5c9d428ff080cb5c01d1aecd5108a895e6b
f6ffd36c4c00-PG_MCA_CAP2_Cutoff_All_Institutes_2025_26__1_.pdf,2129,"M.S. Bidve Engineering College, Latur",0212924110,2025-26,2,Maharashtra,GSTH,GSTH,HU,82.8308366,percentile,GSTH | 5720 | 82.8308366 | Stage-I,26,Home University Seats Allotted to Home University Candidates,e34b76c6c65caade942a87c4e27010b61e3b2001c8c51ddda49bc899fe6ba89f
f6ffd36c4c00-PG_MCA_CAP2_Cutoff_All_Institutes_2025_26__1_.pdf,2129,"M.S. Bidve Engineering College, Latur",0212924110,2025-26,2,Maharashtra,GOBCH,GOBCH,HU,10.5199653,percentile,GOBCH | 23691 | 10.5199653 | Stage-I,26,Home University Seats Allotted to Home University Candidates,d81d50e0b74fe27005c99e998f7b6c8c0401c393dd08deae28e76cfdb00f699a
f6ffd36c4c00-PG_MCA_CAP2_Cutoff_All_Institutes_2025_26__1_.pdf,2129,"M.S. Bidve Engineering College, Latur",0212924110,2025-26,2,Maharashtra,GSTO,GSTO,HU,82.8308366,percentile,GSTO | 5899 | 82.8308366 | Stage-IV,26,Other Than Home University Seats Allotted to Other Than Home University Candidates,177af4317eb0a21262e70e60b9fa36f7b3505fc7fcf261933e31bd4d3b4854d4
f6ffd36c4c00-PG_MCA_CAP2_Cutoff_All_Institutes_2025_26__1_.pdf,2129,"M.S. Bidve Engineering College, Latur",0212924110,2025-26,2,Maharashtra,GSCO,GSCO,HU,56.5488095,percentile,GSCO | 13482 | 56.5488095 | Stage-I,26,Other Than Home University Seats Allotted to Home University Candidates,10e8387ab126b4ba454916da5d21b7ba15d639c17181ca95efc6856e47c3612c
f6ffd36c4c00-PG_MCA_CAP2_Cutoff_All_Institutes_2025_26__1_.pdf,2129,"M.S. Bidve Engineering College, Latur",0212924110,2025-26,2,Maharashtra,EWS,EWS,SL,93.405226,percentile,EWS | 2044 | 93.405226 | Stage-I,26,Other Than Home University Seats Allotted to Home University Candidates,5aea831556f79091ec1c69f0cf8b9a64c4c286f54ea869c48a921f9bc45c1dbc
f6ffd36c4c00-PG_MCA_CAP2_Cutoff_All_Institutes_2025_26__1_.pdf,2129,"M.S. Bidve Engineering College, Latur",0212924110,2025-26,2,Maharashtra,TFWS,TFWS,SL,85.2118788,percentile,TFWS | 4961 | 85.2118788 | Stage-I,26,Other Than Home University Seats Allotted to Home University Candidates,d71d6c92322b6904a35617ff50bac21d7736ac7052b22b9c4f3c1e381fde2f44
f6ffd36c4c00-PG_MCA_CAP2_Cutoff_All_Institutes_2025_26__1_.pdf,2259,"Shri Sai Institute of Management & Research, Aurangabad",0225924110,2025-26,2,Maharashtra,GOPENH,GOPENH,HU,46.3793819,percentile,GOPENH | 15879 | 46.3793819 | Stage-I,27,Home University Seats Allotted to Home University Candidates,bd065f8a9f7a26f9bd21c8872b29761949d0e6ee017cc0d400a3466dff1d664b
f6ffd36c4c00-PG_MCA_CAP2_Cutoff_All_Institutes_2025_26__1_.pdf,2259,"Shri Sai Institute of Management & Research, Aurangabad",0225924110,2025-26,2,Maharashtra,GSCH,GSCH,HU,7.4072677,percentile,GSCH | 24481 | 7.4072677 | Stage-I,27,Home University Seats Allotted to Home University Candidates,c9a5edaa4572be6e192a1b3119386f88f048942a8803eebedebf821e86def446
f6ffd36c4c00-PG_MCA_CAP2_Cutoff_All_Institutes_2025_26__1_.pdf,2259,"Shri Sai Institute of Management & Research, Aurangabad",0225924110,2025-26,2,Maharashtra,GSTH,GSTH,HU,0.8710079,percentile,GSTH | 25399 | 0.8710079 | Stage-I,27,Home University Seats Allotted to Home University Candidates,f9524940e97115ea7b0b9c9ac1427086cfe6e0fefc96a7de430fc01e5f5d1875
f6ffd36c4c00-PG_MCA_CAP2_Cutoff_All_Institutes_2025_26__1_.pdf,2259,"Shri Sai Institute of Management & Research, Aurangabad",0225924110,2025-26,2,Maharashtra,GNTAH,GNTAH,HU,46.3793819,percentile,GNTAH | 15971 | 46.3793819 | Stage-I,27,Home University Seats Allotted to Home University Candidates,e072a210f37dde6a16575a792c75a13f723da8b35b2732d16b0e7298ddc81226
f6ffd36c4c00-PG_MCA_CAP2_Cutoff_All_Institutes_2025_26__1_.pdf,2259,"Shri Sai Institute of Management & Research, Aurangabad",0225924110,2025-26,2,Maharashtra,GNTBH,GNTBH,HU,29.9046039,percentile,GNTBH | 20251 | 29.9046039 | Stage-I,27,Home University Seats Allotted to Home University Candidates,cbd0b674b9c65e34f199a9ee6e82da829549011be1718b7ab6f107e7cb027f92
f6ffd36c4c00-PG_MCA_CAP2_Cutoff_All_Institutes_2025_26__1_.pdf,2259,"Shri Sai Institute of Management & Research, Aurangabad",0225924110,2025-26,2,Maharashtra,GNTCH,GNTCH,HU,29.9046039,percentile,GNTCH | 20014 | 29.9046039 | Stage-I,27,Home University Seats Allotted to Home University Candidates,245d0f4f9154a56cfa2e28b9d36cec5a5bc8417e2d63bec4186898445fc49b47
f6ffd36c4c00-PG_MCA_CAP2_Cutoff_All_Institutes_2025_26__1_.pdf,2259,"Shri Sai Institute of Management & Research, Aurangabad",0225924110,2025-26,2,Maharashtra,GNTDH,GNTDH,HU,7.9446476,percentile,GNTDH | 24243 | 7.9446476 | Stage-I,27,Home University Seats Allotted to Home University Candidates,a07697d749572dc17b0998702e7d9d4923c25bc69f06123da4b7b8ae93feea96
f6ffd36c4c00-PG_MCA_CAP2_Cutoff_All_Institutes_2025_26__1_.pdf,2259,"Shri Sai Institute of Management & Research, Aurangabad",0225924110,2025-26,2,Maharashtra,GOBCH,GOBCH,HU,7.9446476,percentile,GOBCH | 24217 | 7.9446476 | Stage-I,27,Home University Seats Allotted to Home University Candidates,773f46882438704fc6322beafd5b3120f558751a7be86255f96e8d967bb18a82
f6ffd36c4c00-PG_MCA_CAP2_Cutoff_All_Institutes_2025_26__1_.pdf,2259,"Shri Sai Institute of Management & Research, Aurangabad",0225924110,2025-26,2,Maharashtra,GOPENO,GOPENO,HU,2.8640429,percentile,GOPENO | 25134 | 2.8640429 | Stage-I,27,Other Than Home University Seats Allotted to Other Than Home University Candidates,6bec0b083f70e17fdd2e269eff7dc3e0dd610d95fd7887f0e8796d8b7183de11
f6ffd36c4c00-PG_MCA_CAP2_Cutoff_All_Institutes_2025_26__1_.pdf,2259,"Shri Sai Institute of Management & Research, Aurangabad",0225924110,2025-26,2,Maharashtra,GOPENO,GOPENO,HU,27.2744425,percentile,GOPENO | 20492 | 27.2744425 | Stage-I,27,Other Than Home University Seats Allotted to Home University Candidates,ed837469013e5a1d9dc8217b457e52cc556257de343f729a02a8f6b5a2da7d67
f6ffd36c4c00-PG_MCA_CAP2_Cutoff_All_Institutes_2025_26__1_.pdf,2259,"Shri Sai Institute of Management & Research, Aurangabad",0225924110,2025-26,2,Maharashtra,TFWS,TFWS,SL,67.3579428,percentile,TFWS | 10449 | 67.3579428 | Stage-I,28,,663a952bbd7373648650c31e7e6d639131948b6f921d8259e23acbeef3171a66
f6ffd36c4c00-PG_MCA_CAP2_Cutoff_All_Institutes_2025_26__1_.pdf,2508,GRAMIN TECHNICAL AND MANAGEMENT CAMPUS NANDED.,0250824110,2025-26,2,Maharashtra,GOPENH,GOPENH,HU,39.3989669,percentile,GOPENH | 17700 | 39.3989669 | Stage-I,29,Home University Seats Allotted to Home University Candidates,f880ddb946d8240d629e0128114861df950242ad703c3c9d285a5e2bca64caf2
f6ffd36c4c00-PG_MCA_CAP2_Cutoff_All_Institutes_2025_26__1_.pdf,2508,GRAMIN TECHNICAL AND MANAGEMENT CAMPUS NANDED.,0250824110,2025-26,2,Maharashtra,GSCH,GSCH,HU,27.2744425,percentile,GSCH | 20732 | 27.2744425 | Stage-I,29,Home University Seats Allotted to Home University Candidates,6198fb9e9b389b5f4478a1c0a380fd134e2de730e7fd915df99d66957f550043
f6ffd36c4c00-PG_MCA_CAP2_Cutoff_All_Institutes_2025_26__1_.pdf,2508,GRAMIN TECHNICAL AND MANAGEMENT CAMPUS NANDED.,0250824110,2025-26,2,Maharashtra,GSTH,GSTH,HU,21.0059952,percentile,GSTH | 22031 | 21.0059952 | Stage-I,29,Home University Seats Allotted to Home University Candidates,3c43051486f8ed4c0ebe26a338bcbe2709cdab3cf168ec9cc88740d3625e1eae
f6ffd36c4c00-PG_MCA_CAP2_Cutoff_All_Institutes_2025_26__1_.pdf,2508,GRAMIN TECHNICAL AND MANAGEMENT CAMPUS NANDED.,0250824110,2025-26,2,Maharashtra,GOPENO,GOPENO,HU,13.5402134,percentile,GOPENO | 23191 | 13.5402134 | Stage-I,29,Other Than Home University Seats Allotted to Other Than Home University Candidates,fd0879152f9b3a424a43761f00992be2083104dd88a275053463077036bf3f57
f6ffd36c4c00-PG_MCA_CAP2_Cutoff_All_Institutes_2025_26__1_.pdf,2508,GRAMIN TECHNICAL AND MANAGEMENT CAMPUS NANDED.,0250824110,2025-26,2,Maharashtra,GOPENO,GOPENO,HU,21.0059952,percentile,GOPENO | 21678 | 21.0059952 | Stage-I,29,Other Than Home University Seats Allotted to Home University Candidates,dc04d304559919a48f9b295348b7780d6888130951b1b8326828cd84c8743203
f6ffd36c4c00-PG_MCA_CAP2_Cutoff_All_Institutes_2025_26__1_.pdf,2508,GRAMIN TECHNICAL AND MANAGEMENT CAMPUS NANDED.,0250824110,2025-26,2,Maharashtra,EWS,EWS,SL,21.0059952,percentile,EWS | 22017 | 21.0059952 | Stage-I,30,,ae51d97f387b9d07430914261c1510cae4bd3dbca9310452a300c2cfe4e56dfd
f6ffd36c4c00-PG_MCA_CAP2_Cutoff_All_Institutes_2025_26__1_.pdf,2508,GRAMIN TECHNICAL AND MANAGEMENT CAMPUS NANDED.,0250824110,2025-26,2,Maharashtra,TFWS,TFWS,SL,51.4093808,percentile,TFWS | 14780 | 51.4093808 | Stage-I,30,,1743ad7d7adb83c24ef096053887d5ab8a434671bd044c31628117079bd49147
f6ffd36c4c00-PG_MCA_CAP2_Cutoff_All_Institutes_2025_26__1_.pdf,2519,"Shri V. D. Deshmukh College of MCA, Kolpa Dist. Latur",0251924110,2025-26,2,Maharashtra,GOPENH,GOPENH,HU,71.1549338,percentile,GOPENH | 9488 | 71.1549338 | Stage-I,31,Home University Seats Allotted to Home University Candidates,b8dc2086b3029bb1b404cc15cbf041f9651a58c56f2c2f96bd86d16e738e21bd
f6ffd36c4c00-PG_MCA_CAP2_Cutoff_All_Institutes_2025_26__1_.pdf,2519,"Shri V. D. Deshmukh College of MCA, Kolpa Dist. Latur",0251924110,2025-26,2,Maharashtra,GSCH,GSCH,HU,10.5199653,percentile,GSCH | 23806 | 10.5199653 | Stage-I,31,Home University Seats Allotted to Home University Candidates,e64d985415c0067155457b499ba34d9f8168658d41494394223163151e43883f
f6ffd36c4c00-PG_MCA_CAP2_Cutoff_All_Institutes_2025_26__1_.pdf,2519,"Shri V. D. Deshmukh College of MCA, Kolpa Dist. Latur",0251924110,2025-26,2,Maharashtra,GSTH,GSTH,HU,58.7911466,percentile,GSTH | 13064 | 58.7911466 | Stage-I,31,Home University Seats Allotted to Home University Candidates,2474a92cfa6585ae15fbd3fc0d0b15a933d0ebddd48d76ed1b1952cd7604ddaf
f6ffd36c4c00-PG_MCA_CAP2_Cutoff_All_Institutes_2025_26__1_.pdf,2519,"Shri V. D. Deshmukh College of MCA, Kolpa Dist. Latur",0251924110,2025-26,2,Maharashtra,GNTAH,GNTAH,HU,23.1010151,percentile,GNTAH | 21551 | 23.1010151 | Stage-I,31,Home University Seats Allotted to Home University Candidates,280b812d55b15d6f77878b665af44449d1f943c73615d818bd6a2bcb5d1ad8e6
f6ffd36c4c00-PG_MCA_CAP2_Cutoff_All_Institutes_2025_26__1_.pdf,2519,"Shri V. D. Deshmukh College of MCA, Kolpa Dist. Latur",0251924110,2025-26,2,Maharashtra,GNTBH,GNTBH,HU,41.4550394,percentile,GNTBH | 17528 | 41.4550394 | Stage-I,31,Home University Seats Allotted to Home University Candidates,d575b165f288a38acfc6f420e709b68f88bc8fbb1ebeae75abd3d3b137036139
f6ffd36c4c00-PG_MCA_CAP2_Cutoff_All_Institutes_2025_26__1_.pdf,2519,"Shri V. D. Deshmukh College of MCA, Kolpa Dist. Latur",0251924110,2025-26,2,Maharashtra,GNTCH,GNTCH,HU,19.1539942,percentile,GNTCH | 22199 | 19.1539942 | Stage-I,31,Home University Seats Allotted to Home University Candidates,517cf20a1513a6702df6532e83298ad2283e11e74a922f109554ad6253d2c307
f6ffd36c4c00-PG_MCA_CAP2_Cutoff_All_Institutes_2025_26__1_.pdf,2519,"Shri V. D. Deshmukh College of MCA, Kolpa Dist. Latur",0251924110,2025-26,2,Maharashtra,GNTDH,GNTDH,HU,36.496736,percentile,GNTDH | 18283 | 36.496736 | Stage-I,31,Home University Seats Allotted to Home University Candidates,f2b39798ce0f373ee4ab6c6bf34d9fd53f395d4010ca33ad4e91237c4fea5216
f6ffd36c4c00-PG_MCA_CAP2_Cutoff_All_Institutes_2025_26__1_.pdf,2519,"Shri V. D. Deshmukh College of MCA, Kolpa Dist. Latur",0251924110,2025-26,2,Maharashtra,GOBCH,GOBCH,HU,44.5345198,percentile,GOBCH | 16735 | 44.5345198 | Stage-I,31,Home University Seats Allotted to Home University Candidates,7e074c843de71f4866f100079048cb3044fda2f87092d84565c65cab85fdb874
f6ffd36c4c00-PG_MCA_CAP2_Cutoff_All_Institutes_2025_26__1_.pdf,2519,"Shri V. D. Deshmukh College of MCA, Kolpa Dist. Latur",0251924110,2025-26,2,Maharashtra,GOPENO,GOPENO,HU,16.9789978,percentile,GOPENO | 22763 | 16.9789978 | Stage-I,31,Other Than Home University Seats Allotted to Other Than Home University Candidates,d0dda83105c78daa48904f4e60c2f428d055d610c5099744eaa16ab2ff19c19a
f6ffd36c4c00-PG_MCA_CAP2_Cutoff_All_Institutes_2025_26__1_.pdf,2519,"Shri V. D. Deshmukh College of MCA, Kolpa Dist. Latur",0251924110,2025-26,2,Maharashtra,GOPENO,GOPENO,HU,65.8578922,percentile,GOPENO | 10789 | 65.8578922 | Stage-I,31,Other Than Home University Seats Allotted to Home University Candidates,bf4822f3d30fd75b3fc63eb01a2d62d136cd1939b0053e50f4e02334aff554e4
f6ffd36c4c00-PG_MCA_CAP2_Cutoff_All_Institutes_2025_26__1_.pdf,2519,"Shri V. D. Deshmukh College of MCA, Kolpa Dist. Latur",0251924110,2025-26,2,Maharashtra,GSCO,GSCO,HU,2.0662871,percentile,GSCO | 25232 | 2.0662871 | Stage-I,31,Other Than Home University Seats Allotted to Home University Candidates,8baca11ae97e4778f09f4ba2f44b4e94e649081bbbba59042db7c82d2644307e
f6ffd36c4c00-PG_MCA_CAP2_Cutoff_All_Institutes_2025_26__1_.pdf,2519,"Shri V. D. Deshmukh College of MCA, Kolpa Dist. Latur",0251924110,2025-26,2,Maharashtra,GSTO,GSTO,HU,27.2744425,percentile,GSTO | 20483 | 27.2744425 | Stage-I,31,Other Than Home University Seats Allotted to Home University Candidates,d1211246091f10777d96bb1dd7f3ae3cb4475f747e6f5b196017232964939b2a
f6ffd36c4c00-PG_MCA_CAP2_Cutoff_All_Institutes_2025_26__1_.pdf,2519,"Shri V. D. Deshmukh College of MCA, Kolpa Dist. Latur",0251924110,2025-26,2,Maharashtra,GOBCO,GOBCO,HU,39.3989669,percentile,GOBCO | 18176 | 39.3989669 | Stage-I,31,Other Than Home University Seats Allotted to Home University Candidates,9eafb4a9e9df435e3a56c7bd4bc4efc889dc0f0032c39fb142bd1b5726b95ee6
f6ffd36c4c00-PG_MCA_CAP2_Cutoff_All_Institutes_2025_26__1_.pdf,2519,"Shri V. D. Deshmukh College of MCA, Kolpa Dist. Latur",0251924110,2025-26,2,Maharashtra,EWS,EWS,SL,67.3579428,percentile,EWS | 10605 | 67.3579428 | Stage-I,32,,b4f2f2f6f0ce42fdb9d5609a8c03a0e38908d1766e88d71bb2173f5eba8b7508
f6ffd36c4c00-PG_MCA_CAP2_Cutoff_All_Institutes_2025_26__1_.pdf,2519,"Shri V. D. Deshmukh College of MCA, Kolpa Dist. Latur",0251924110,2025-26,2,Maharashtra,TFWS,TFWS,SL,79.9969812,percentile,TFWS | 6554 | 79.9969812 | Stage-I,32,,26b844b85189f1459ca645f062ff6941920cae116e43180a6d01700c1757c54b
f6ffd36c4c00-PG_MCA_CAP2_Cutoff_All_Institutes_2025_26__1_.pdf,2569,"Suraj Institute of Management, Beed",0256924110,2025-26,2,Maharashtra,GOPENH,GOPENH,HU,34.5198145,percentile,GOPENH | 18812 | 34.5198145 | Stage-I,33,Home University Seats Allotted to Home University Candidates,35a87fb7befa02e954df402165c840e03acca9527132319e36c9c9f257148c50
f6ffd36c4c00-PG_MCA_CAP2_Cutoff_All_Institutes_2025_26__1_.pdf,2569,"Suraj Institute of Management, Beed",0256924110,2025-26,2,Maharashtra,GSCH,GSCH,HU,7.4072677,percentile,GSCH | 24374 | 7.4072677 | Stage-I,33,Home University Seats Allotted to Home University Candidates,8926cf01a2e09777a867bd5fd5fefaceea33929b00e820a029ee517788a8eee7
f6ffd36c4c00-PG_MCA_CAP2_Cutoff_All_Institutes_2025_26__1_.pdf,2569,"Suraj Institute of Management, Beed",0256924110,2025-26,2,Maharashtra,GSTH,GSTH,HU,13.5402134,percentile,GSTH | 23289 | 13.5402134 | Stage-I,33,Home University Seats Allotted to Home University Candidates,f5be17d071beed35d663157f77c4c792a0a536b8e6ef1a56cefc26422c212940
f6ffd36c4c00-PG_MCA_CAP2_Cutoff_All_Institutes_2025_26__1_.pdf,2569,"Suraj Institute of Management, Beed",0256924110,2025-26,2,Maharashtra,GNTAH,GNTAH,HU,23.1010151,percentile,GNTAH | 21450 | 23.1010151 | Stage-I,33,Home University Seats Allotted to Home University Candidates,8512bb40fe85651faef5d5dca9cbfd86dd4b51cb6687970b59221af6dba3edf5
f6ffd36c4c00-PG_MCA_CAP2_Cutoff_All_Institutes_2025_26__1_.pdf,2569,"Suraj Institute of Management, Beed",0256924110,2025-26,2,Maharashtra,GOPENO,GOPENO,HU,23.1010151,percentile,GOPENO | 21563 | 23.1010151 | Stage-I,33,Other Than Home University Seats Allotted to Other Than Home University Candidates,1c7abe66e15a0fb2fcb8a2c3d606643a5d19fc4ce71e9a4503982095703ce980
f6ffd36c4c00-PG_MCA_CAP2_Cutoff_All_Institutes_2025_26__1_.pdf,2569,"Suraj Institute of Management, Beed",0256924110,2025-26,2,Maharashtra,GSCO,GSCO,HU,15.5994113,percentile,GSCO | 22866 | 15.5994113 | Stage-I,33,Other Than Home University Seats Allotted to Other Than Home University Candidates,a8230eb4b856fd72d7ec8f5727850a1551a6fda719a5a8a55af578dee57da734
f6ffd36c4c00-PG_MCA_CAP2_Cutoff_All_Institutes_2025_26__1_.pdf,2621,"MDA EDUCATION AND RESEARCH INSTITUTE, KOLPA, LATUR",0262124110,2025-26,2,Maharashtra,GOPENH,GOPENH,HU,71.1549338,percentile,GOPENH | 9556 | 71.1549338 | Stage-I,34,Home University Seats Allotted to Home University Candidates,2d118c0489ee9848e4a3635f43433377ea44020c7361f4de44399e8b29e1e601
f6ffd36c4c00-PG_MCA_CAP2_Cutoff_All_Institutes_2025_26__1_.pdf,2621,"MDA EDUCATION AND RESEARCH INSTITUTE, KOLPA, LATUR",0262124110,2025-26,2,Maharashtra,GSCH,GSCH,HU,23.1010151,percentile,GSCH | 21620 | 23.1010151 | Stage-I,34,Home University Seats Allotted to Home University Candidates,33ea887eb4c48f7d77f811f7b2c2b6d71a8f644ac86f230f04856315a847fecd
f6ffd36c4c00-PG_MCA_CAP2_Cutoff_All_Institutes_2025_26__1_.pdf,2621,"MDA EDUCATION AND RESEARCH INSTITUTE, KOLPA, LATUR",0262124110,2025-26,2,Maharashtra,GSTH,GSTH,HU,61.2807064,percentile,GSTH | 12379 | 61.2807064 | Stage-I,34,Home University Seats Allotted to Home University Candidates,df2678532b1eed74750a5842d3fa2c39cdcda0a991e0e9efd23a4a3b43a2151f
f6ffd36c4c00-PG_MCA_CAP2_Cutoff_All_Institutes_2025_26__1_.pdf,2621,"MDA EDUCATION AND RESEARCH INSTITUTE, KOLPA, LATUR",0262124110,2025-26,2,Maharashtra,GNTAH,GNTAH,HU,36.496736,percentile,GNTAH | 18626 | 36.496736 | Stage-I,34,Home University Seats Allotted to Home University Candidates,f20440aac8c78aec32c98e742893bac96f33351894294d2a43e9cfe416be0e95
f6ffd36c4c00-PG_MCA_CAP2_Cutoff_All_Institutes_2025_26__1_.pdf,2621,"MDA EDUCATION AND RESEARCH INSTITUTE, KOLPA, LATUR",0262124110,2025-26,2,Maharashtra,GNTBH,GNTBH,HU,27.2744425,percentile,GNTBH | 20364 | 27.2744425 | Stage-I,34,Home University Seats Allotted to Home University Candidates,3a6a541a08cbde58cebdf573b59724b7e229ec22120ae52103b351d57335fa65
f6ffd36c4c00-PG_MCA_CAP2_Cutoff_All_Institutes_2025_26__1_.pdf,2621,"MDA EDUCATION AND RESEARCH INSTITUTE, KOLPA, LATUR",0262124110,2025-26,2,Maharashtra,GNTCH,GNTCH,HU,9.7430286,percentile,GNTCH | 24078 | 9.7430286 | Stage-I,34,Home University Seats Allotted to Home University Candidates,25322a421706e805994dc831ef19eea2a29defc845a5257d29e3fa9597450f3c
f6ffd36c4c00-PG_MCA_CAP2_Cutoff_All_Institutes_2025_26__1_.pdf,2621,"MDA EDUCATION AND RESEARCH INSTITUTE, KOLPA, LATUR",0262124110,2025-26,2,Maharashtra,GNTDH,GNTDH,HU,23.1010151,percentile,GNTDH | 21592 | 23.1010151 | Stage-I,34,Home University Seats Allotted to Home University Candidates,95bb1da8afef49384088e5f4ca162f146efa1e45ddb1a2009604ab92b13b639d
f6ffd36c4c00-PG_MCA_CAP2_Cutoff_All_Institutes_2025_26__1_.pdf,2621,"MDA EDUCATION AND RESEARCH INSTITUTE, KOLPA, LATUR",0262124110,2025-26,2,Maharashtra,GOPENO,GOPENO,HU,0.2564006,percentile,GOPENO | 25454 | 0.2564006 | Stage-I,34,Other Than Home University Seats Allotted to Other Than Home University Candidates,7beb8ec9598cddd99994509bcba9910f0259de9eddca6552d4f4829898c4cc57
f6ffd36c4c00-PG_MCA_CAP2_Cutoff_All_Institutes_2025_26__1_.pdf,2621,"MDA EDUCATION AND RESEARCH INSTITUTE, KOLPA, LATUR",0262124110,2025-26,2,Maharashtra,GOPENO,GOPENO,HU,51.4093808,percentile,GOPENO | 14868 | 51.4093808 | Stage-I,34,Other Than Home University Seats Allotted to Home University Candidates,3ce9e0688a4c4bb89febab8354b8dcf3955722c020d94bedaa5aee4f99e02e63
f6ffd36c4c00-PG_MCA_CAP2_Cutoff_All_Institutes_2025_26__1_.pdf,2621,"MDA EDUCATION AND RESEARCH INSTITUTE, KOLPA, LATUR",0262124110,2025-26,2,Maharashtra,GSCO,GSCO,HU,15.5994113,percentile,GSCO | 22974 | 15.5994113 | Stage-I,34,Other Than Home University Seats Allotted to Home University Candidates,88b095be16bdf755efce36bb81b9afb42ef0c36adaf1e62876d3126fec7320d0
f6ffd36c4c00-PG_MCA_CAP2_Cutoff_All_Institutes_2025_26__1_.pdf,2621,"MDA EDUCATION AND RESEARCH INSTITUTE, KOLPA, LATUR",0262124110,2025-26,2,Maharashtra,GSTO,GSTO,HU,31.6629561,percentile,GSTO | 19494 | 31.6629561 | Stage-I,34,Other Than Home University Seats Allotted to Home University Candidates,008fbb912e4f6b7fa1b8b173307a4cf2ac6b1c03768ceca68bf222950ea42ba0
f6ffd36c4c00-PG_MCA_CAP2_Cutoff_All_Institutes_2025_26__1_.pdf,2621,"MDA EDUCATION AND RESEARCH INSTITUTE, KOLPA, LATUR",0262124110,2025-26,2,Maharashtra,GNTBO,GNTBO,HU,13.5402134,percentile,GNTBO | 23330 | 13.5402134 | Stage-I,34,Other Than Home University Seats Allotted to Home University Candidates,8d5e13302aace28dee22f0294ba26d1b801fba9f78e5271d9618a77c39f6804d
f6ffd36c4c00-PG_MCA_CAP2_Cutoff_All_Institutes_2025_26__1_.pdf,2622,"Jay Bhavani Institute of Management, Badnapur, Jalna",0262224110,2025-26,2,Maharashtra,GOPENH,GOPENH,HU,80.5399495,percentile,GOPENH | 6283 | 80.5399495 | Stage-I,36,Home University Seats Allotted to Home University Candidates,f501b72d02c9a41280e27ed56eba3541b2a65640c60f1fbc07d3bf5cdb6ad0f4
f6ffd36c4c00-PG_MCA_CAP2_Cutoff_All_Institutes_2025_26__1_.pdf,2622,"Jay Bhavani Institute of Management, Badnapur, Jalna",0262224110,2025-26,2,Maharashtra,GOBCH,GOBCH,HU,56.5488095,percentile,GOBCH | 13627 | 56.5488095 | Stage-I,36,Home University Seats Allotted to Home University Candidates,03ed38de69b86de5cb9c1e1bc9ee5deecd24e0a1dac756e047e5d56985f433be
f6ffd36c4c00-PG_MCA_CAP2_Cutoff_All_Institutes_2025_26__1_.pdf,2622,"Jay Bhavani Institute of Management, Badnapur, Jalna",0262224110,2025-26,2,Maharashtra,GSEBCH,GSEBCH,HU,56.5488095,percentile,GSEBCH | 13584 | 56.5488095 | Stage-I,36,Home University Seats Allotted to Home University Candidates,b206903fc639a480306a5699f0dbe62e6f5201f5629088b6a1b7cc5229c61e2f
f6ffd36c4c00-PG_MCA_CAP2_Cutoff_All_Institutes_2025_26__1_.pdf,2622,"Jay Bhavani Institute of Management, Badnapur, Jalna",0262224110,2025-26,2,Maharashtra,GSEBCH,GSEBCH,HU,41.4550394,percentile,GSEBCH | 17406 | 41.4550394 | Stage-I,36,Home University Seats Allotted to Other Than Home University Candidates,9298fd5df61411c16f520f4ca6c22dad41b88ec18f0120ae5c6078e84c2b7fb9
f6ffd36c4c00-PG_MCA_CAP2_Cutoff_All_Institutes_2025_26__1_.pdf,2622,"Jay Bhavani Institute of Management, Badnapur, Jalna",0262224110,2025-26,2,Maharashtra,GOPENO,GOPENO,HU,92.1797821,percentile,GOPENO | 2444 | 92.1797821 | Stage-I,36,Other Than Home University Seats Allotted to Other Than Home University Candidates,0ad80fb741ed56761b60b6d9ed1500e507a5ac7b74ab7876b99cf4f93ac237bf
f6ffd36c4c00-PG_MCA_CAP2_Cutoff_All_Institutes_2025_26__1_.pdf,2622,"Jay Bhavani Institute of Management, Badnapur, Jalna",0262224110,2025-26,2,Maharashtra,GSCO,GSCO,HU,27.2744425,percentile,GSCO | 20562 | 27.2744425 | Stage-I,36,Other Than Home University Seats Allotted to Other Than Home University Candidates,c0f09ed1d3b6109dd95d65e046dc5b077a32b19a924696a58daa7b39c0cbb50f
f6ffd36c4c00-PG_MCA_CAP2_Cutoff_All_Institutes_2025_26__1_.pdf,2622,"Jay Bhavani Institute of Management, Badnapur, Jalna",0262224110,2025-26,2,Maharashtra,GSTO,GSTO,HU,5.9311489,percentile,GSTO | 24585 | 5.9311489 | Stage-I,36,Other Than Home University Seats Allotted to Other Than Home University Candidates,9a8440044405d6781ded2d57a2fca80eb8198ca72aa33f036bcb42924b2f964e
f6ffd36c4c00-PG_MCA_CAP2_Cutoff_All_Institutes_2025_26__1_.pdf,2622,"Jay Bhavani Institute of Management, Badnapur, Jalna",0262224110,2025-26,2,Maharashtra,GSCO,GSCO,HU,21.0059952,percentile,GSCO | 22052 | 21.0059952 | Stage-I,36,Other Than Home University Seats Allotted to Home University Candidates,5b6c41dce4969d5150e16d350eb97ef2d63ad026457f955d7af71cd9a1689410
f6ffd36c4c00-PG_MCA_CAP2_Cutoff_All_Institutes_2025_26__1_.pdf,2622,"Jay Bhavani Institute of Management, Badnapur, Jalna",0262224110,2025-26,2,Maharashtra,GOBCO,GOBCO,HU,39.3989669,percentile,GOBCO | 17793 | 39.3989669 | Stage-I,36,Other Than Home University Seats Allotted to Home University Candidates,eef273b1baca9995658d80430b31ec9659eb11db62e434999963582b03ac48ab
f6ffd36c4c00-PG_MCA_CAP2_Cutoff_All_Institutes_2025_26__1_.pdf,2633,"Yashodeep Institute of Computer Application, MCA",0263324110,2025-26,2,Maharashtra,GOPENH,GOPENH,HU,39.3989669,percentile,GOPENH | 17865 | 39.3989669 | Stage-I,38,Home University Seats Allotted to Home University Candidates,f24ff3ec5ecdd4998a368798a6db4c96d49312a40c46db7dbda654a47b6fd280
f6ffd36c4c00-PG_MCA_CAP2_Cutoff_All_Institutes_2025_26__1_.pdf,2633,"Yashodeep Institute of Computer Application, MCA",0263324110,2025-26,2,Maharashtra,GSCH,GSCH,HU,7.4072677,percentile,GSCH | 24317 | 7.4072677 | Stage-I,38,Home University Seats Allotted to Home University Candidates,188899b445cce4e3a25d1a1b5a0d6f48491d49ad11cca07413daed875dc2aee8
f6ffd36c4c00-PG_MCA_CAP2_Cutoff_All_Institutes_2025_26__1_.pdf,2633,"Yashodeep Institute of Computer Application, MCA",0263324110,2025-26,2,Maharashtra,GOPENO,GOPENO,HU,0.5995249,percentile,GOPENO | 25405 | 0.5995249 | Stage-I,38,Other Than Home University Seats Allotted to Home University Candidates,115147c1a9d51928620e4f56c82194c21e09202cd6f0a2156043b0e2ae5ef13b
f6ffd36c4c00-PG_MCA_CAP2_Cutoff_All_Institutes_2025_26__1_.pdf,2635,"Shri. Sambhaji College of Management & Technology, Degaon Road, Opp. Nadla Digras, Khadkut, Nanded",0263524110,2025-26,2,Maharashtra,GOPENH,GOPENH,HU,56.5488095,percentile,GOPENH | 13524 | 56.5488095 | Stage-I,39,Home University Seats Allotted to Home University Candidates,ec7a2b56602a6b79b3ecd809ecbe767c89a25d86587a686df275fa97a76d1764
f6ffd36c4c00-PG_MCA_CAP2_Cutoff_All_Institutes_2025_26__1_.pdf,2635,"Shri. Sambhaji College of Management & Technology, Degaon Road, Opp. Nadla Digras, Khadkut, Nanded",0263524110,2025-26,2,Maharashtra,GSCH,GSCH,HU,34.5198145,percentile,GSCH | 19215 | 34.5198145 | Stage-I,39,Home University Seats Allotted to Home University Candidates,1eddea534b4cec6f150b5e517343856f3206b8068fba079d4bcaaf64102a7ad2
f6ffd36c4c00-PG_MCA_CAP2_Cutoff_All_Institutes_2025_26__1_.pdf,2635,"Shri. Sambhaji College of Management & Technology, Degaon Road, Opp. Nadla Digras, Khadkut, Nanded",0263524110,2025-26,2,Maharashtra,GSTH,GSTH,HU,27.2744425,percentile,GSTH | 20765 | 27.2744425 | Stage-I,39,Home University Seats Allotted to Home University Candidates,dd61fa2892425110c2317fc858a591d642833b8d02cb8e82a24a972c3d414a58
f6ffd36c4c00-PG_MCA_CAP2_Cutoff_All_Institutes_2025_26__1_.pdf,2635,"Shri. Sambhaji College of Management & Technology, Degaon Road, Opp. Nadla Digras, Khadkut, Nanded",0263524110,2025-26,2,Maharashtra,GNTCH,GNTCH,HU,44.5345198,percentile,GNTCH | 16621 | 44.5345198 | Stage-I,39,Home University Seats Allotted to Home University Candidates,099484a62b70cad2c2cb5bc98e8ac5958778c6ca87faa5f02dd35f0236e87e41
f6ffd36c4c00-PG_MCA_CAP2_Cutoff_All_Institutes_2025_26__1_.pdf,2635,"Shri. Sambhaji College of Management & Technology, Degaon Road, Opp. Nadla Digras, Khadkut, Nanded",0263524110,2025-26,2,Maharashtra,GOPENO,GOPENO,HU,44.5345198,percentile,GOPENO | 16579 | 44.5345198 | Stage-I,39,Other Than Home University Seats Allotted to Home University Candidates,36f812d18391ea6adf466e493d93e90a8780eadb32f8bafdbcdbd05d985e01cc
f6ffd36c4c00-PG_MCA_CAP2_Cutoff_All_Institutes_2025_26__1_.pdf,2635,"Shri. Sambhaji College of Management & Technology, Degaon Road, Opp. Nadla Digras, Khadkut, Nanded",0263524110,2025-26,2,Maharashtra,GSCO,GSCO,HU,27.2744425,percentile,GSCO | 20749 | 27.2744425 | Stage-I,39,Other Than Home University Seats Allotted to Home University Candidates,31de6f3f9cd9bcd1491ad9d1bd88dc3f86729d08b713cff1c7bc031607a9b0a8
f6ffd36c4c00-PG_MCA_CAP2_Cutoff_All_Institutes_2025_26__1_.pdf,2635,"Shri. Sambhaji College of Management & Technology, Degaon Road, Opp. Nadla Digras, Khadkut, Nanded",0263524110,2025-26,2,Maharashtra,GSTO,GSTO,HU,1.3622127,percentile,GSTO | 25304 | 1.3622127 | Stage-I,39,Other Than Home University Seats Allotted to Home University Candidates,4a442389510e301a86d7e8992d34fe19c509627d2fae232a82dbd4972d760a29
f6ffd36c4c00-PG_MCA_CAP2_Cutoff_All_Institutes_2025_26__1_.pdf,2635,"Shri. Sambhaji College of Management & Technology, Degaon Road, Opp. Nadla Digras, Khadkut, Nanded",0263524110,2025-26,2,Maharashtra,GNTAO,GNTAO,HU,31.6629561,percentile,GNTAO | 19525 | 31.6629561 | Stage-I,39,Other Than Home University Seats Allotted to Home University Candidates,3311aaaa47c987b18cf8c2743c5f9afb45ef9386e18fa523ec0fef1e0ef0d394
f6ffd36c4c00-PG_MCA_CAP2_Cutoff_All_Institutes_2025_26__1_.pdf,2664,"Deogiri College, Chh. Sambhaji Nagar",0266424110,2025-26,2,Maharashtra,GOPENH,GOPENH,HU,74.782248,percentile,GOPENH | 7999 | 74.782248 | Stage-I,40,Home University Seats Allotted to Home University Candidates,6f6ab549cd1cb4cf9603023fe1c1e0eea192eefd50315f6c250e065427fe7606
f6ffd36c4c00-PG_MCA_CAP2_Cutoff_All_Institutes_2025_26__1_.pdf,2664,"Deogiri College, Chh. Sambhaji Nagar",0266424110,2025-26,2,Maharashtra,GSCH,GSCH,HU,63.1574978,percentile,GSCH | 12000 | 63.1574978 | Stage-I,40,Home University Seats Allotted to Home University Candidates,7dc480f41a9604d260b8faec49c89db4defc53fc41e23eae568a4d168eb4afc5
f6ffd36c4c00-PG_MCA_CAP2_Cutoff_All_Institutes_2025_26__1_.pdf,2664,"Deogiri College, Chh. Sambhaji Nagar",0266424110,2025-26,2,Maharashtra,GSTH,GSTH,HU,63.1574978,percentile,GSTH | 11641 | 63.1574978 | Stage-I,40,Home University Seats Allotted to Home University Candidates,d4a9a833f85ea6d8b4c31c65dfb02772edb70f827a1a738c46d6d711f60de4cf
f6ffd36c4c00-PG_MCA_CAP2_Cutoff_All_Institutes_2025_26__1_.pdf,2664,"Deogiri College, Chh. Sambhaji Nagar",0266424110,2025-26,2,Maharashtra,GOPENO,GOPENO,HU,63.1574978,percentile,GOPENO | 11643 | 63.1574978 | Stage-I,40,Other Than Home University Seats Allotted to Other Than Home University Candidates,80a9cd0e3c0fb92c4ce795fe62e5c0308f3659b98849a3091e4066e67fba2c4b
f6ffd36c4c00-PG_MCA_CAP2_Cutoff_All_Institutes_2025_26__1_.pdf,2664,"Deogiri College, Chh. Sambhaji Nagar",0266424110,2025-26,2,Maharashtra,GSCO,GSCO,HU,61.2807064,percentile,GSCO | 12499 | 61.2807064 | Stage-I,40,Other Than Home University Seats Allotted to Other Than Home University Candidates,5982a003f08354b16d6b11a8e9177d4f0e7451c23e3f40c84af98e36a1cbf5c9
f6ffd36c4c00-PG_MCA_CAP2_Cutoff_All_Institutes_2025_26__1_.pdf,2664,"Deogiri College, Chh. Sambhaji Nagar",0266424110,2025-26,2,Maharashtra,GSTO,GSTO,HU,39.3989669,percentile,GSTO | 18115 | 39.3989669 | Stage-I,40,Other Than Home University Seats Allotted to Other Than Home University Candidates,3ea016922bbcda774e070768f54fceb3ddba0fd2b3c7600d917c887c076165c6
f6ffd36c4c00-PG_MCA_CAP2_Cutoff_All_Institutes_2025_26__1_.pdf,2664,"Deogiri College, Chh. Sambhaji Nagar",0266424110,2025-26,2,Maharashtra,GNTAO,GNTAO,HU,41.4550394,percentile,GNTAO | 17433 | 41.4550394 | Stage-I,40,Other Than Home University Seats Allotted to Home University Candidates,7b4a51387d505a9d424f06bae25f2ef06dcab6a0071ae6300e6e988439b0ef31
f6ffd36c4c00-PG_MCA_CAP2_Cutoff_All_Institutes_2025_26__1_.pdf,2664,"Deogiri College, Chh. Sambhaji Nagar",0266424110,2025-26,2,Maharashtra,GNTBO,GNTBO,HU,58.7911466,percentile,GNTBO | 13188 | 58.7911466 | Stage-I,40,Other Than Home University Seats Allotted to Home University Candidates,d5a73cd8a7ad2304a8a6447e8f769574201dd8369e727853a41cbd50473457eb
f6ffd36c4c00-PG_MCA_CAP2_Cutoff_All_Institutes_2025_26__1_.pdf,2664,"Deogiri College, Chh. Sambhaji Nagar",0266424110,2025-26,2,Maharashtra,GSEBCO,GSEBCO,HU,67.3579428,percentile,GSEBCO | 10418 | 67.3579428 | Stage-I,40,Other Than Home University Seats Allotted to Home University Candidates,505e44f1fb79ad4b28a1ebdf7dd16d8059d4504964fc13d42eed3203dd88c91d
f6ffd36c4c00-PG_MCA_CAP2_Cutoff_All_Institutes_2025_26__1_.pdf,2665,"Royal Institute of Technical Education, Latur",0266524110,2025-26,2,Maharashtra,GOPENH,GOPENH,HU,67.3579428,percentile,GOPENH | 10682 | 67.3579428 | Stage-I,42,Home University Seats Allotted to Home University Candidates,af01fb0957aeba2038c22e6aa6c03748823e0fa64b4af14bb2b45214dbb3f0d8
f6ffd36c4c00-PG_MCA_CAP2_Cutoff_All_Institutes_2025_26__1_.pdf,2665,"Royal Institute of Technical Education, Latur",0266524110,2025-26,2,Maharashtra,GSCH,GSCH,HU,29.9046039,percentile,GSCH | 20019 | 29.9046039 | Stage-I,42,Home University Seats Allotted to Home University Candidates,1fae98b88065d25704df4dab2cf961968f9a53f7e4e6d7a4eab343cf205d7dea
f6ffd36c4c00-PG_MCA_CAP2_Cutoff_All_Institutes_2025_26__1_.pdf,2665,"Royal Institute of Technical Education, Latur",0266524110,2025-26,2,Maharashtra,GSTH,GSTH,HU,44.5345198,percentile,GSTH | 16776 | 44.5345198 | Stage-I,42,Home University Seats Allotted to Home University Candidates,612eccbe5eb1480f52f6a4c93c8ff7fa4bb1892f6aad9a48e39937f6a1efe9f0
f6ffd36c4c00-PG_MCA_CAP2_Cutoff_All_Institutes_2025_26__1_.pdf,2665,"Royal Institute of Technical Education, Latur",0266524110,2025-26,2,Maharashtra,GNTAH,GNTAH,HU,27.2744425,percentile,GNTAH | 20438 | 27.2744425 | Stage-I,42,Home University Seats Allotted to Home University Candidates,7f79d4cd917483168dace515b8cd4d5d5011e99cdb5c55cdd3a0ac285af45205
f6ffd36c4c00-PG_MCA_CAP2_Cutoff_All_Institutes_2025_26__1_.pdf,2665,"Royal Institute of Technical Education, Latur",0266524110,2025-26,2,Maharashtra,GOBCH,GOBCH,HU,56.5488095,percentile,GOBCH | 13855 | 56.5488095 | Stage-I,42,Home University Seats Allotted to Home University Candidates,32c5aeb14998a4f3fdb824ccc8ea2b7f79b4831f7f5d304b27c4697330b96309
f6ffd36c4c00-PG_MCA_CAP2_Cutoff_All_Institutes_2025_26__1_.pdf,2665,"Royal Institute of Technical Education, Latur",0266524110,2025-26,2,Maharashtra,GOPENO,GOPENO,HU,13.5402134,percentile,GOPENO | 23168 | 13.5402134 | Stage-I,42,Other Than Home University Seats Allotted to Other Than Home University Candidates,a5edd0525fa4dc550aadfb7719186faedf63ba10cd8badb4454f8aaf4a7e6bf0
f6ffd36c4c00-PG_MCA_CAP2_Cutoff_All_Institutes_2025_26__1_.pdf,2665,"Royal Institute of Technical Education, Latur",0266524110,2025-26,2,Maharashtra,GSCO,GSCO,HU,27.2744425,percentile,GSCO | 20328 | 27.2744425 | Stage-I,42,Other Than Home University Seats Allotted to Home University Candidates,b558fe6d00d15b9afa897b26803873951692a21b8a786a4730348406e8c06421
f6ffd36c4c00-PG_MCA_CAP2_Cutoff_All_Institutes_2025_26__1_.pdf,2665,"Royal Institute of Technical Education, Latur",0266524110,2025-26,2,Maharashtra,GSTO,GSTO,HU,9.7430286,percentile,GSTO | 23954 | 9.7430286 | Stage-I,42,Other Than Home University Seats Allotted to Home University Candidates,cbd35b07428fd25bb337175feee756da1f7b34d0f400ad6706e20683a9024453
f6ffd36c4c00-PG_MCA_CAP2_Cutoff_All_Institutes_2025_26__1_.pdf,2665,"Royal Institute of Technical Education, Latur",0266524110,2025-26,2,Maharashtra,EWS,EWS,SL,44.5345198,percentile,EWS | 16652 | 44.5345198 | Stage-I,43,,7fef88c3d05c80479c1b7a8aed28e69fbb0321ac4867c4d8181865790024c0ed
f6ffd36c4c00-PG_MCA_CAP2_Cutoff_All_Institutes_2025_26__1_.pdf,2665,"Royal Institute of Technical Education, Latur",0266524110,2025-26,2,Maharashtra,TFWS,TFWS,SL,80.5399495,percentile,TFWS | 6236 | 80.5399495 | Stage-I,43,,ab2166d796dfc0d659e9a804b1c4b9c7bc10f2dd6f48aec6d20beb275358bb47
f6ffd36c4c00-PG_MCA_CAP2_Cutoff_All_Institutes_2025_26__1_.pdf,2667,DAYANAND COLLEGE OF COMMERCE LATUR,0266524110,2025-26,2,Maharashtra,GOPENH,GOPENH,HU,63.1574978,percentile,GOPENH | 11623 | 63.1574978 | Stage-I,44,Home University Seats Allotted to Home University Candidates,26469dc17b34881ec3bcbc7b522409d40ce4925fe1677e6322740c2fc8a4e8ac
f6ffd36c4c00-PG_MCA_CAP2_Cutoff_All_Institutes_2025_26__1_.pdf,2667,DAYANAND COLLEGE OF COMMERCE LATUR,0266524110,2025-26,2,Maharashtra,GSCH,GSCH,HU,7.4072677,percentile,GSCH | 24321 | 7.4072677 | Stage-I,44,Home University Seats Allotted to Home University Candidates,2a68b66cfb8bc56ff6f33eb659ba68183efd54d43476c7e9a688c72b198a5437
f6ffd36c4c00-PG_MCA_CAP2_Cutoff_All_Institutes_2025_26__1_.pdf,2667,DAYANAND COLLEGE OF COMMERCE LATUR,0266524110,2025-26,2,Maharashtra,GSTH,GSTH,HU,4.067771,percentile,GSTH | 24995 | 4.067771 | Stage-I,44,Home University Seats Allotted to Home University Candidates,2d707cbbc31830efc40f3e3675887be26a4d20fb771673708c5c9a8040ca6a8e
f6ffd36c4c00-PG_MCA_CAP2_Cutoff_All_Institutes_2025_26__1_.pdf,2667,DAYANAND COLLEGE OF COMMERCE LATUR,0266524110,2025-26,2,Maharashtra,GNTAH,GNTAH,HU,46.3793819,percentile,GNTAH | 16033 | 46.3793819 | Stage-I,44,Home University Seats Allotted to Home University Candidates,5a8d5c49439a093e43ac1c0f2707afaf0e42a36c07b1d6885698660714824103
f6ffd36c4c00-PG_MCA_CAP2_Cutoff_All_Institutes_2025_26__1_.pdf,2667,DAYANAND COLLEGE OF COMMERCE LATUR,0266524110,2025-26,2,Maharashtra,GOPENO,GOPENO,HU,4.067771,percentile,GOPENO | 24954 | 4.067771 | Stage-I,44,Other Than Home University Seats Allotted to Other Than Home University Candidates,63aee8da439b4e2f40eb372c46624142ae4186204c5cf8a48562a7d6b8b614ed
f6ffd36c4c00-PG_MCA_CAP2_Cutoff_All_Institutes_2025_26__1_.pdf,2667,DAYANAND COLLEGE OF COMMERCE LATUR,0266524110,2025-26,2,Maharashtra,GSCO,GSCO,HU,7.4072677,percentile,GSCO | 24389 | 7.4072677 | Stage-I,44,Other Than Home University Seats Allotted to Home University Candidates,7c29d135889f349774a705b4e73b4c80f717d217ca461917f6d8bbafa63ba089
f6ffd36c4c00-PG_MCA_CAP2_Cutoff_All_Institutes_2025_26__1_.pdf,2667,DAYANAND COLLEGE OF COMMERCE LATUR,0266524110,2025-26,2,Maharashtra,GSTO,GSTO,HU,46.3793819,percentile,GSTO | 15958 | 46.3793819 | Stage-I,44,Other Than Home University Seats Allotted to Home University Candidates,53d6280bcf6b4b92827b16ba73897afef2687c228571c92a1a3b52c4aee6ae98
f6ffd36c4c00-PG_MCA_CAP2_Cutoff_All_Institutes_2025_26__1_.pdf,2672,ARTS SCIENCE AND COMMERCE COLLEGE,0266524110,2025-26,2,Maharashtra,GOPENH,GOPENH,HU,49.3533426,percentile,GOPENH | 15282 | 49.3533426 | Stage-I,46,Home University Seats Allotted to Home University Candidates,146b7a4d2ec23eb4ffb11858975d3500837454a15a9e8ba11b24f036f4d7b8e9
f6ffd36c4c00-PG_MCA_CAP2_Cutoff_All_Institutes_2025_26__1_.pdf,2672,ARTS SCIENCE AND COMMERCE COLLEGE,0266524110,2025-26,2,Maharashtra,GSCH,GSCH,HU,13.5402134,percentile,GSCH | 23245 | 13.5402134 | Stage-I,46,Home University Seats Allotted to Home University Candidates,368c36f0ba4746cb22bc7e1fa62ecaa0c330f6c57999d57ff9a0aae2794cc35e
f6ffd36c4c00-PG_MCA_CAP2_Cutoff_All_Institutes_2025_26__1_.pdf,2672,ARTS SCIENCE AND COMMERCE COLLEGE,0266524110,2025-26,2,Maharashtra,GSTH,GSTH,HU,34.5198145,percentile,GSTH | 19187 | 34.5198145 | Stage-I,46,Home University Seats Allotted to Home University Candidates,ec4282f9641dc0d66c6c9aef4693f1dc42a69cc6f558d5bb1da4a5a2d4ea478c
f6ffd36c4c00-PG_MCA_CAP2_Cutoff_All_Institutes_2025_26__1_.pdf,2672,ARTS SCIENCE AND COMMERCE COLLEGE,0266524110,2025-26,2,Maharashtra,GNTAH,GNTAH,HU,23.1010151,percentile,GNTAH | 21313 | 23.1010151 | Stage-I,46,Home University Seats Allotted to Home University Candidates,5866ae7cb1884432c7747d3bd899dcf962d3be05944869bc30c55fb072b4dd2b
f6ffd36c4c00-PG_MCA_CAP2_Cutoff_All_Institutes_2025_26__1_.pdf,2672,ARTS SCIENCE AND COMMERCE COLLEGE,0266524110,2025-26,2,Maharashtra,GNTBH,GNTBH,HU,7.4072677,percentile,GNTBH | 24333 | 7.4072677 | Stage-I,46,Home University Seats Allotted to Home University Candidates,a8525927f0e73183235149b1d5a9e8c4830d5ed4a71f8fbd3662a47844787133
f6ffd36c4c00-PG_MCA_CAP2_Cutoff_All_Institutes_2025_26__1_.pdf,2672,ARTS SCIENCE AND COMMERCE COLLEGE,0266524110,2025-26,2,Maharashtra,GOBCH,GOBCH,HU,7.9446476,percentile,GOBCH | 24271 | 7.9446476 | Stage-I,46,Home University Seats Allotted to Home University Candidates,3e5a83046eaa4aafb7435d2c496859f47a77b6a24e771db350747f3941db0688
f6ffd36c4c00-PG_MCA_CAP2_Cutoff_All_Institutes_2025_26__1_.pdf,2672,ARTS SCIENCE AND COMMERCE COLLEGE,0266524110,2025-26,2,Maharashtra,GOPENO,GOPENO,HU,51.4093808,percentile,GOPENO | 14960 | 51.4093808 | Stage-I,46,Other Than Home University Seats Allotted to Other Than Home University Candidates,1c8c048ac3f2e3b7ecf2186783019086ebc6d75f04417dd430a9522a70881011
f6ffd36c4c00-PG_MCA_CAP2_Cutoff_All_Institutes_2025_26__1_.pdf,2672,ARTS SCIENCE AND COMMERCE COLLEGE,0266524110,2025-26,2,Maharashtra,GOBCO,GOBCO,HU,3.0466423,percentile,GOBCO | 25006 | 3.0466423 | Stage-I,46,Other Than Home University Seats Allotted to Other Than Home University Candidates,648095bca121972e016e4ddd8dc27f57136d38dd491a336d3ec2a0a61bfb0be1
f6ffd36c4c00-PG_MCA_CAP2_Cutoff_All_Institutes_2025_26__1_.pdf,2672,ARTS SCIENCE AND COMMERCE COLLEGE,0266524110,2025-26,2,Maharashtra,GSCO,GSCO,HU,31.6629561,percentile,GSCO | 19717 | 31.6629561 | Stage-IV,46,Other Than Home University Seats Allotted to Home University Candidates,9f80d6da548c59bfcb0ec4761116d04f8a2a24662d4df59e7fdaf2ff69ab464d
f6ffd36c4c00-PG_MCA_CAP2_Cutoff_All_Institutes_2025_26__1_.pdf,2672,ARTS SCIENCE AND COMMERCE COLLEGE,0266524110,2025-26,2,Maharashtra,GSTO,GSTO,HU,39.3989669,percentile,GSTO | 17703 | 39.3989669 | Stage-IV,46,Other Than Home University Seats Allotted to Home University Candidates,59e9fd6d7e1f7308f649009c5bad424f4ed7c908189fcd07b89939a48c3ee3e0
f6ffd36c4c00-PG_MCA_CAP2_Cutoff_All_Institutes_2025_26__1_.pdf,2672,ARTS SCIENCE AND COMMERCE COLLEGE,0266524110,2025-26,2,Maharashtra,GNTBO,GNTBO,HU,39.3989669,percentile,GNTBO | 17706 | 39.3989669 | Stage-IV,46,Other Than Home University Seats Allotted to Home University Candidates,fe044786230475e1a7d3d19e20356048c1dec9ce55f0735081beeedad1089e8e
f6ffd36c4c00-PG_MCA_CAP2_Cutoff_All_Institutes_2025_26__1_.pdf,2672,ARTS SCIENCE AND COMMERCE COLLEGE,0266524110,2025-26,2,Maharashtra,GNTCO,GNTCO,HU,34.5198145,percentile,GNTCO | 18860 | 34.5198145 | Stage-IV,46,Other Than Home University Seats Allotted to Home University Candidates,db093a51b050aa6369d416871bca88c6c0b088a0d0b1bce15a9d491959996ae0
f6ffd36c4c00-PG_MCA_CAP2_Cutoff_All_Institutes_2025_26__1_.pdf,2672,ARTS SCIENCE AND COMMERCE COLLEGE,0266524110,2025-26,2,Maharashtra,GOBCO,GOBCO,HU,36.496736,percentile,GOBCO | 18303 | 36.496736 | Stage-IV,46,Other Than Home University Seats Allotted to Home University Candidates,a59bfc9c853ac969e86acb2f24b15b6222899b271f06cc9907ca23173207fc2b
f6ffd36c4c00-PG_MCA_CAP2_Cutoff_All_Institutes_2025_26__1_.pdf,2674,MAHARASHTRA MAHAVIDYALAYA NILANGA,0266524110,2025-26,2,Maharashtra,GOPENH,GOPENH,HU,49.3533426,percentile,GOPENH | 15751 | 49.3533426 | Stage-I,48,Home University Seats Allotted to Home University Candidates,4ca1266e51f51ced84dacd06de58c1fcc6f73bef5c959e7314a4008bcc59283f
f6ffd36c4c00-PG_MCA_CAP2_Cutoff_All_Institutes_2025_26__1_.pdf,2674,MAHARASHTRA MAHAVIDYALAYA NILANGA,0266524110,2025-26,2,Maharashtra,GSCH,GSCH,HU,0.5735633,percentile,GSCH | 25428 | 0.5735633 | Stage-I,48,Home University Seats Allotted to Home University Candidates,5929721d42b45827af42c294882fbe525c549f60e2e0c7f46d33fdd3f357baf8
f6ffd36c4c00-PG_MCA_CAP2_Cutoff_All_Institutes_2025_26__1_.pdf,2674,MAHARASHTRA MAHAVIDYALAYA NILANGA,0266524110,2025-26,2,Maharashtra,GSTH,GSTH,HU,1.3498737,percentile,GSTH | 25335 | 1.3498737 | Stage-I,48,Home University Seats Allotted to Home University Candidates,89f4954df0b48706781321b0ceec25130ab643a6a6d74ae3eadec25575acd0e1
f6ffd36c4c00-PG_MCA_CAP2_Cutoff_All_Institutes_2025_26__1_.pdf,2674,MAHARASHTRA MAHAVIDYALAYA NILANGA,0266524110,2025-26,2,Maharashtra,GNTAH,GNTAH,HU,7.9446476,percentile,GNTAH | 24154 | 7.9446476 | Stage-I,48,Home University Seats Allotted to Home University Candidates,edc31c5be3a46837459434ae4e405fa2ccba5fd860f096e636c375b59428703d
f6ffd36c4c00-PG_MCA_CAP2_Cutoff_All_Institutes_2025_26__1_.pdf,2674,MAHARASHTRA MAHAVIDYALAYA NILANGA,0266524110,2025-26,2,Maharashtra,GOPENO,GOPENO,HU,51.4093808,percentile,GOPENO | 14817 | 51.4093808 | Stage-I,48,Other Than Home University Seats Allotted to Other Than Home University Candidates,a39c061ca15cbaa4869a25ecdf24cdae4b92918f8d1c6f0e3c92143ea3f39b5b
f6ffd36c4c00-PG_MCA_CAP2_Cutoff_All_Institutes_2025_26__1_.pdf,2674,MAHARASHTRA MAHAVIDYALAYA NILANGA,0266524110,2025-26,2,Maharashtra,GOPENO,GOPENO,HU,44.5345198,percentile,GOPENO | 16662 | 44.5345198 | Stage-I,48,Other Than Home University Seats Allotted to Home University Candidates,0f037157d60e260c6d7796df91e43ed3a0aa4a824a7d79d08e0ba53aeb89ed6d
f6ffd36c4c00-PG_MCA_CAP2_Cutoff_All_Institutes_2025_26__1_.pdf,2674,MAHARASHTRA MAHAVIDYALAYA NILANGA,0266524110,2025-26,2,Maharashtra,EWS,EWS,SL,25.4779232,percentile,EWS | 20821 | 25.4779232 | Stage-I,49,,5a4163cdca708d6ace8919c344265089a2ac83325eeac71eef3fb2caad494489
f6ffd36c4c00-PG_MCA_CAP2_Cutoff_All_Institutes_2025_26__1_.pdf,2674,MAHARASHTRA MAHAVIDYALAYA NILANGA,0266524110,2025-26,2,Maharashtra,TFWS,TFWS,SL,53.942159,percentile,TFWS | 14133 | 53.942159 | Stage-I,49,,000df8a56fd86a4c1cffd253f75bd49fbcd923904e294a9354fb155da2db5407
f6ffd36c4c00-PG_MCA_CAP2_Cutoff_All_Institutes_2025_26__1_.pdf,2694,JAY BHARAT COLLEGE OF MCA DAPKA TQ.NILANGA DIST LATUR,0269424210,2025-26,2,Maharashtra,GOPENH,GOPENH,HU,31.6629561,percentile,GOPENH | 19536 | 31.6629561 | Stage-I,50,Home University Seats Allotted to Home University Candidates,a5878458cb6fe379f302ebf5aed318679eb6963a7c09d69f93ff14a7193a6058
f6ffd36c4c00-PG_MCA_CAP2_Cutoff_All_Institutes_2025_26__1_.pdf,2694,JAY BHARAT COLLEGE OF MCA DAPKA TQ.NILANGA DIST LATUR,0269424210,2025-26,2,Maharashtra,GOPENO,GOPENO,HU,21.0059952,percentile,GOPENO | 21881 | 21.0059952 | Stage-I,50,Other Than Home University Seats Allotted to Home University Candidates,0085bd2a29c76b82e0ec470cd500cf0c09ef4ac07313e6499f378631c649f426
f6ffd36c4c00-PG_MCA_CAP2_Cutoff_All_Institutes_2025_26__1_.pdf,2694,JAY BHARAT COLLEGE OF MCA DAPKA TQ.NILANGA DIST LATUR,0269424210,2025-26,2,Maharashtra,EWS,EWS,SL,0.3883715,percentile,EWS | 25435 | 0.3883715 | Stage-I,50,Other Than Home University Seats Allotted to Home University Candidates,0e2631d7af0262abf545ffe7275354302b518566e0a30a8fff6dfb0f02dacc4d
f6ffd36c4c00-PG_MCA_CAP2_Cutoff_All_Institutes_2025_26__1_.pdf,2694,JAY BHARAT COLLEGE OF MCA DAPKA TQ.NILANGA DIST LATUR,0269424210,2025-26,2,Maharashtra,TFWS,TFWS,SL,36.496736,percentile,TFWS | 18427 | 36.496736 | Stage-I,50,Other Than Home University Seats Allotted to Home University Candidates,fff24c25864ce33a2adbf683944dab00f4fab00e1c00e7b912b8b8e22f6aebff
f6ffd36c4c00-PG_MCA_CAP2_Cutoff_All_Institutes_2025_26__1_.pdf,2695,"MARATHWADA INSTITUTE OF TECHNOLOGY CIDCO ,CHHATRAPATI SAMBHAJINAGAR",0269524110,2025-26,2,Maharashtra,GOPENH,GOPENH,HU,49.3533426,percentile,GOPENH | 15784 | 49.3533426 | Stage-I,51,Home University Seats Allotted to Home University Candidates,023c3cacf3f56daad41ecc8f6251a29fd3d2ef58a7d99f06d9fd934a3b104e89
f6ffd36c4c00-PG_MCA_CAP2_Cutoff_All_Institutes_2025_26__1_.pdf,2695,"MARATHWADA INSTITUTE OF TECHNOLOGY CIDCO ,CHHATRAPATI SAMBHAJINAGAR",0269524110,2025-26,2,Maharashtra,GSCH,GSCH,HU,25.4779232,percentile,GSCH | 20816 | 25.4779232 | Stage-I,51,Home University Seats Allotted to Home University Candidates,c7a855a2565c2380f2fda8c3fdd0d00eec22c2a0236cc2610596912afc2989bf
f6ffd36c4c00-PG_MCA_CAP2_Cutoff_All_Institutes_2025_26__1_.pdf,2695,"MARATHWADA INSTITUTE OF TECHNOLOGY CIDCO ,CHHATRAPATI SAMBHAJINAGAR",0269524110,2025-26,2,Maharashtra,GSTH,GSTH,HU,16.9789978,percentile,GSTH | 22524 | 16.9789978 | Stage-I,51,Home University Seats Allotted to Home University Candidates,b03c380634ac9dacb9ba93b7c377351e9f15fc43b36453b0b48805495a0b3254
f6ffd36c4c00-PG_MCA_CAP2_Cutoff_All_Institutes_2025_26__1_.pdf,2695,"MARATHWADA INSTITUTE OF TECHNOLOGY CIDCO ,CHHATRAPATI SAMBHAJINAGAR",0269524110,2025-26,2,Maharashtra,GOPENO,GOPENO,HU,27.2744425,percentile,GOPENO | 20517 | 27.2744425 | Stage-I,51,Other Than Home University Seats Allotted to Other Than Home University Candidates,f63056bd4215646bc42371abd19f3c1986ee45ebb42b46d602d735f983c3ab92
f6ffd36c4c00-PG_MCA_CAP2_Cutoff_All_Institutes_2025_26__1_.pdf,2695,"MARATHWADA INSTITUTE OF TECHNOLOGY CIDCO ,CHHATRAPATI SAMBHAJINAGAR",0269524110,2025-26,2,Maharashtra,GSTO,GSTO,HU,16.9789978,percentile,GSTO | 22458 | 16.9789978 | Stage-I,51,Other Than Home University Seats Allotted to Other Than Home University Candidates,1786f31fd26d6551c22c0c06626e8925aa5f4ab666c097f28c63e6d78589cb95
f6ffd36c4c00-PG_MCA_CAP2_Cutoff_All_Institutes_2025_26__1_.pdf,2695,"MARATHWADA INSTITUTE OF TECHNOLOGY CIDCO ,CHHATRAPATI SAMBHAJINAGAR",0269524110,2025-26,2,Maharashtra,GSCO,GSCO,HU,13.5402134,percentile,GSCO | 23196 | 13.5402134 | Stage-I,51,Other Than Home University Seats Allotted to Home University Candidates,486592422627c5e576778e351a6dcef53e9c02f6d4017d509ac0c877571a4ae6
f6ffd36c4c00-PG_MCA_CAP2_Cutoff_All_Institutes_2025_26__1_.pdf,2695,"MARATHWADA INSTITUTE OF TECHNOLOGY CIDCO ,CHHATRAPATI SAMBHAJINAGAR",0269524110,2025-26,2,Maharashtra,GOBCO,GOBCO,HU,16.9789978,percentile,GOBCO | 22567 | 16.9789978 | Stage-I,51,Other Than Home University Seats Allotted to Home University Candidates,7da03dfd0a84e3fd76dc93b97fac9e099f2ca3c56381819b676ce44b4201ffe1
f6ffd36c4c00-PG_MCA_CAP2_Cutoff_All_Institutes_2025_26__1_.pdf,2695,"MARATHWADA INSTITUTE OF TECHNOLOGY CIDCO ,CHHATRAPATI SAMBHAJINAGAR",0269524110,2025-26,2,Maharashtra,TFWS,TFWS,SL,77.8251197,percentile,TFWS | 7122 | 77.8251197 | Stage-I,52,,447dca232c3fee137d38bdc2a6e7598d2ade9d796bb8d9ffa532bb8d4f083c83
f6ffd36c4c00-PG_MCA_CAP2_Cutoff_All_Institutes_2025_26__1_.pdf,3012,"Veermata Jijabai Technological Institute(VJTI), Matunga, Mumbai",0301224110,2025-26,2,Maharashtra,GSCH,GSCH,HU,99.4721164,percentile,GSCH | 115 | 99.4721164 | Stage-I,53,Home University Seats Allotted to Home University Candidates,6c939cf1d8ad76c60a34c42a537aa35a398c2fa20074a52d3f94229937b3f3b0
f6ffd36c4c00-PG_MCA_CAP2_Cutoff_All_Institutes_2025_26__1_.pdf,3032,"S.N.D.T Women's University P.G.D. of Computer Science, Mumbai",0301224110,2025-26,2,Maharashtra,GOPENS,GOPENS,SL,89.1966341,percentile,GOPENS | 3288 | 89.1966341 | Stage-I,54,,50933fa60013021b42613c66220698ad5698f6918a2b46bc94f546e4bdf2acc5
f6ffd36c4c00-PG_MCA_CAP2_Cutoff_All_Institutes_2025_26__1_.pdf,3032,"S.N.D.T Women's University P.G.D. of Computer Science, Mumbai",0301224110,2025-26,2,Maharashtra,GSCS,GSCS,SL,61.2807064,percentile,GSCS | 12071 | 61.2807064 | Stage-I,54,,33b8e6f613660b63e092f435b9431d9f0f7fd058f866e1faca774cf18bb3cec8
f6ffd36c4c00-PG_MCA_CAP2_Cutoff_All_Institutes_2025_26__1_.pdf,3032,"S.N.D.T Women's University P.G.D. of Computer Science, Mumbai",0301224110,2025-26,2,Maharashtra,GSTS,GSTS,SL,53.942159,percentile,GSTS | 14091 | 53.942159 | Stage-I,54,,ad5d18c13ca95ac4b56554de56c64c4d0136829de8496b7eb42f114d0d45b325
f6ffd36c4c00-PG_MCA_CAP2_Cutoff_All_Institutes_2025_26__1_.pdf,3032,"S.N.D.T Women's University P.G.D. of Computer Science, Mumbai",0301224110,2025-26,2,Maharashtra,GNTAS,GNTAS,SL,63.1574978,percentile,GNTAS | 11923 | 63.1574978 | Stage-I,54,,eb7f36f81244c5ffb6c3f6572fdaa54d86bbf3c4f4bd45eeee9c3a9f8b5e868b
f6ffd36c4c00-PG_MCA_CAP2_Cutoff_All_Institutes_2025_26__1_.pdf,3032,"S.N.D.T Women's University P.G.D. of Computer Science, Mumbai",0301224110,2025-26,2,Maharashtra,GNTCS,GNTCS,SL,74.782248,percentile,GNTCS | 7952 | 74.782248 | Stage-I,54,,7fa7db6e5305dc66b1f4b2d36f73e12aaf3524cada6ba8a760bec244b6737369
f6ffd36c4c00-PG_MCA_CAP2_Cutoff_All_Institutes_2025_26__1_.pdf,3032,"S.N.D.T Women's University P.G.D. of Computer Science, Mumbai",0301224110,2025-26,2,Maharashtra,GNTDS,GNTDS,SL,71.1549338,percentile,GNTDS | 9533 | 71.1549338 | Stage-I,54,,8182ec4e320295551a315c69171c40d476eaf7e5d60610293ad8f6ee18ac439d
f6ffd36c4c00-PG_MCA_CAP2_Cutoff_All_Institutes_2025_26__1_.pdf,3032,"S.N.D.T Women's University P.G.D. of Computer Science, Mumbai",0301224110,2025-26,2,Maharashtra,GOBCS,GOBCS,SL,2.8640429,percentile,GOBCS | 25175 | 2.8640429 | Stage-I,54,,266c2b7360a9202af1faa65ae71096e39ca67d5d72755da4ec8c895487aa96b3
f6ffd36c4c00-PG_MCA_CAP2_Cutoff_All_Institutes_2025_26__1_.pdf,3032,"S.N.D.T Women's University P.G.D. of Computer Science, Mumbai",0301224110,2025-26,2,Maharashtra,GSEBCS,GSEBCS,SL,93.5511867,percentile,GSEBCS | 1863 | 93.5511867 | Stage-I,54,,7339051912503eec7e49e61aacd66fe349aaa4172cdec8d8fa59ceefb3a14be4
f6ffd36c4c00-PG_MCA_CAP2_Cutoff_All_Institutes_2025_26__1_.pdf,3033,"Dr. Babasaheb Ambedkar Technological University, Lonere",0303324110,2025-26,2,Maharashtra,GOPENS,GOPENS,SL,25.4779232,percentile,GOPENS | 20930 | 25.4779232 | Stage-I,55,,dedad360a50c3b44f3e90e5c1906e14beb3e8dd4fd05835a6ae5129882adf369
f6ffd36c4c00-PG_MCA_CAP2_Cutoff_All_Institutes_2025_26__1_.pdf,3109,"S.I.E.S. College of Management Studies, Mumbai",0310924110,2025-26,2,Maharashtra,GOPENH,GOPENH,HU,97.390747,percentile,GOPENH | 761 | 97.390747 | Stage-I,56,Home University Seats Allotted to Home University Candidates,d523a03fb437f9031113b8615d0d528f07ab1c303b2fadde409ed2977d3a1bd9
f6ffd36c4c00-PG_MCA_CAP2_Cutoff_All_Institutes_2025_26__1_.pdf,3109,"S.I.E.S. College of Management Studies, Mumbai",0310924110,2025-26,2,Maharashtra,GOPENO,GOPENO,HU,97.0718086,percentile,GOPENO | 807 | 97.0718086 | Stage-I,56,Other Than Home University Seats Allotted to Other Than Home University Candidates,af8f26b57d3c22568797fd28726e7595fe5b6b8d63dbd51ece14e3f09c6a1d11
f6ffd36c4c00-PG_MCA_CAP2_Cutoff_All_Institutes_2025_26__1_.pdf,3109,"S.I.E.S. College of Management Studies, Mumbai",0310924110,2025-26,2,Maharashtra,TFWS,TFWS,SL,97.6265047,percentile,TFWS | 616 | 97.6265047 | Stage-I,56,Other Than Home University Seats Allotted to Other Than Home University Candidates,7b3796b14108206184101500da3b0c2027edbdfb902f0c1ff8d9fb6203e6ee5a
f6ffd36c4c00-PG_MCA_CAP2_Cutoff_All_Institutes_2025_26__1_.pdf,3109,"S.I.E.S. College of Management Studies, Mumbai",0310924110,2025-26,2,Maharashtra,MI-MH,MI-MH,MI,95.5548847,percentile,MI-MH | 1290 | 95.5548847 | Stage-MI-MH,57,Minority Seats : Minority Seats Allotted to Non Minority Candidates,bc055d2402872db2f429c29caffdbc95f0ff957962f02cb271304622bcc9eaac
f6ffd36c4c00-PG_MCA_CAP2_Cutoff_All_Institutes_2025_26__1_.pdf,3117,"Gurunanak Institute of Management Studies, Mumbai",0311724110,2025-26,2,Maharashtra,GOPENH,GOPENH,HU,96.392589,percentile,GOPENH | 1025 | 96.392589 | Stage-I,58,Home University Seats Allotted to Home University Candidates,83058066e7a2e8f67d839d3092b1ea3ed24d5c4eda4e542f2ff11c4ec2e3a0e0
f6ffd36c4c00-PG_MCA_CAP2_Cutoff_All_Institutes_2025_26__1_.pdf,3117,"Gurunanak Institute of Management Studies, Mumbai",0311724110,2025-26,2,Maharashtra,GOPENO,GOPENO,HU,94.4270578,percentile,GOPENO | 1767 | 94.4270578 | Stage-I,58,Other Than Home University Seats Allotted to Other Than Home University Candidates,db943a29eb56d6f8006e0824d1f27f76bdfd34e9e72a880beff5b82901341ba1
f6ffd36c4c00-PG_MCA_CAP2_Cutoff_All_Institutes_2025_26__1_.pdf,3117,"Gurunanak Institute of Management Studies, Mumbai",0311724110,2025-26,2,Maharashtra,TFWS,TFWS,SL,96.1125146,percentile,TFWS | 1205 | 96.1125146 | Stage-I,58,Other Than Home University Seats Allotted to Other Than Home University Candidates,36dcf7c707848bc688d58ec4de81d170948087113a585329dad4c3bc700105f3
f6ffd36c4c00-PG_MCA_CAP2_Cutoff_All_Institutes_2025_26__1_.pdf,3117,"Gurunanak Institute of Management Studies, Mumbai",0311724110,2025-26,2,Maharashtra,MI-MH,MI-MH,MI,93.405226,percentile,MI-MH | 2017 | 93.405226 | Stage-MI-MH,59,Minority Seats : Minority Seats Allotted to Non Minority Candidates,bf6e2f409a7f69560f253ca369722f8f860177ef0ef0f28eb21228fa5ea5e327
f6ffd36c4c00-PG_MCA_CAP2_Cutoff_All_Institutes_2025_26__1_.pdf,3127,"NCRD's Sterling Institute of Management Studies, Navi Mumbai",0312724110,2025-26,2,Maharashtra,GOPENH,GOPENH,HU,92.1797821,percentile,GOPENH | 2650 | 92.1797821 | Stage-I,60,Home University Seats Allotted to Home University Candidates,070e7564b89eba8c24ada3b7e16a15dd5d72ea8d584afd1f7ae0434e313e6991
f6ffd36c4c00-PG_MCA_CAP2_Cutoff_All_Institutes_2025_26__1_.pdf,3127,"NCRD's Sterling Institute of Management Studies, Navi Mumbai",0312724110,2025-26,2,Maharashtra,GSCH,GSCH,HU,87.3496474,percentile,GSCH | 4092 | 87.3496474 | Stage-I,60,Home University Seats Allotted to Home University Candidates,a955047f1866bd09e763030363c5140477d71ee93c092d12886ad8dace95c5e9
f6ffd36c4c00-PG_MCA_CAP2_Cutoff_All_Institutes_2025_26__1_.pdf,3127,"NCRD's Sterling Institute of Management Studies, Navi Mumbai",0312724110,2025-26,2,Maharashtra,GSTH,GSTH,HU,19.1539942,percentile,GSTH | 22441 | 19.1539942 | Stage-I,60,Home University Seats Allotted to Home University Candidates,a3fc168480cba50764b0bd121b18bd87e08898e9cd6e5898afe6461e942a5834
f6ffd36c4c00-PG_MCA_CAP2_Cutoff_All_Institutes_2025_26__1_.pdf,3127,"NCRD's Sterling Institute of Management Studies, Navi Mumbai",0312724110,2025-26,2,Maharashtra,GNTAH,GNTAH,HU,85.3851665,percentile,GNTAH | 4818 | 85.3851665 | Stage-I,60,Home University Seats Allotted to Home University Candidates,c2a7f7459d230240c6afe28b9f0ea7a66370edc3ce8ff9e1fd65d5500868d310
f6ffd36c4c00-PG_MCA_CAP2_Cutoff_All_Institutes_2025_26__1_.pdf,3127,"NCRD's Sterling Institute of Management Studies, Navi Mumbai",0312724110,2025-26,2,Maharashtra,GNTBH,GNTBH,HU,87.2080299,percentile,GNTBH | 4167 | 87.2080299 | Stage-I,60,Home University Seats Allotted to Home University Candidates,234c40e40f8bfa5ce3b6a06f594303d3f593da2f6dc1f039e03ce67d3e982b57
f6ffd36c4c00-PG_MCA_CAP2_Cutoff_All_Institutes_2025_26__1_.pdf,3127,"NCRD's Sterling Institute of Management Studies, Navi Mumbai",0312724110,2025-26,2,Maharashtra,GNTDH,GNTDH,HU,31.6629561,percentile,GNTDH | 19485 | 31.6629561 | Stage-I,60,Home University Seats Allotted to Other Than Home University Candidates,ad83fdd2e8ccadd39206012c2f34b5dcdb80a3e6da2d3a9bd3ef5c585df62566
f6ffd36c4c00-PG_MCA_CAP2_Cutoff_All_Institutes_2025_26__1_.pdf,3127,"NCRD's Sterling Institute of Management Studies, Navi Mumbai",0312724110,2025-26,2,Maharashtra,GOPENO,GOPENO,HU,90.9663786,percentile,GOPENO | 2762 | 90.9663786 | Stage-I,60,Other Than Home University Seats Allotted to Other Than Home University Candidates,1ee0f74165f716913a535ff5b507fe70a3d0d982a9decc6a966564e803995cb1
f6ffd36c4c00-PG_MCA_CAP2_Cutoff_All_Institutes_2025_26__1_.pdf,3127,"NCRD's Sterling Institute of Management Studies, Navi Mumbai",0312724110,2025-26,2,Maharashtra,GSCO,GSCO,HU,74.782248,percentile,GSCO | 8434 | 74.782248 | Stage-I,60,Other Than Home University Seats Allotted to Other Than Home University Candidates,fb95d14f8225b54f51c0f2a0599d50b9523edfece0e9ba30b5211fbc769e251b
f6ffd36c4c00-PG_MCA_CAP2_Cutoff_All_Institutes_2025_26__1_.pdf,3127,"NCRD's Sterling Institute of Management Studies, Navi Mumbai",0312724110,2025-26,2,Maharashtra,GSTO,GSTO,HU,51.4093808,percentile,GSTO | 14836 | 51.4093808 | Stage-I,60,Other Than Home University Seats Allotted to Other Than Home University Candidates,0ed55765202b4fa8a4ddc13f39471d717beb0c4dc15775c6883b04fd5d6590a6
f6ffd36c4c00-PG_MCA_CAP2_Cutoff_All_Institutes_2025_26__1_.pdf,3127,"NCRD's Sterling Institute of Management Studies, Navi Mumbai",0312724110,2025-26,2,Maharashtra,GNTDO,GNTDO,HU,77.8251197,percentile,GNTDO | 7275 | 77.8251197 | Stage-I,60,Other Than Home University Seats Allotted to Other Than Home University Candidates,93a4533a49bc870379a3bad015afbf632671b51edb59db5d8ed3ca35b8e0a4b3
f6ffd36c4c00-PG_MCA_CAP2_Cutoff_All_Institutes_2025_26__1_.pdf,3127,"NCRD's Sterling Institute of Management Studies, Navi Mumbai",0312724110,2025-26,2,Maharashtra,GOBCO,GOBCO,HU,71.1549338,percentile,GOBCO | 9226 | 71.1549338 | Stage-I,60,Other Than Home University Seats Allotted to Other Than Home University Candidates,5fec4f496b483549ae3b1cc51c12e75ae57e38752d4ce9bf857c8e0027610a3f
f6ffd36c4c00-PG_MCA_CAP2_Cutoff_All_Institutes_2025_26__1_.pdf,3127,"NCRD's Sterling Institute of Management Studies, Navi Mumbai",0312724110,2025-26,2,Maharashtra,EWS,EWS,SL,36.496736,percentile,EWS | 18372 | 36.496736 | Stage-I,61,,954c4a775f3f32d932121be2bd202b1831fac668c9c2053cb298d6ba72059a1c
f6ffd36c4c00-PG_MCA_CAP2_Cutoff_All_Institutes_2025_26__1_.pdf,3127,"NCRD's Sterling Institute of Management Studies, Navi Mumbai",0312724110,2025-26,2,Maharashtra,TFWS,TFWS,SL,94.4270578,percentile,TFWS | 1702 | 94.4270578 | Stage-I,61,,057a1fcaff6e1471060a7dfcac0638e53e3361d3f877b55b7ae9e9e5e7a2a04f
f6ffd36c4c00-PG_MCA_CAP2_Cutoff_All_Institutes_2025_26__1_.pdf,3129,"Mumbai Institute of Management & Research, Mumbai",0312924210,2025-26,2,Maharashtra,GOPENH,GOPENH,HU,89.1331398,percentile,GOPENH | 3820 | 89.1331398 | Stage-I,62,Home University Seats Allotted to Home University Candidates,fbf1f9eea619cb5b432716119a239f23b7bd3c07aedb6156e726092da857395c
f6ffd36c4c00-PG_MCA_CAP2_Cutoff_All_Institutes_2025_26__1_.pdf,3129,"Mumbai Institute of Management & Research, Mumbai",0312924210,2025-26,2,Maharashtra,GSCH,GSCH,HU,51.4093808,percentile,GSCH | 15126 | 51.4093808 | Stage-I,62,Home University Seats Allotted to Home University Candidates,8f1057c6111e094df18c451f6dfafe9e094968aff9f080118309f28c96d18f0d
f6ffd36c4c00-PG_MCA_CAP2_Cutoff_All_Institutes_2025_26__1_.pdf,3129,"Mumbai Institute of Management & Research, Mumbai",0312924210,2025-26,2,Maharashtra,GSTH,GSTH,HU,77.8251197,percentile,GSTH | 7157 | 77.8251197 | Stage-I,62,Home University Seats Allotted to Home University Candidates,8789f942b4c4ec2dc9542bd61d3cab15bd9f3d2b86583061b5880e83c86238ae
f6ffd36c4c00-PG_MCA_CAP2_Cutoff_All_Institutes_2025_26__1_.pdf,3129,"Mumbai Institute of Management & Research, Mumbai",0312924210,2025-26,2,Maharashtra,GNTAH,GNTAH,HU,44.5345198,percentile,GNTAH | 17035 | 44.5345198 | Stage-I,62,Home University Seats Allotted to Home University Candidates,5d184cd15d2e756cbf271eb1963bf34ee07fe0f7cbf00a664cbd5252402106cd
f6ffd36c4c00-PG_MCA_CAP2_Cutoff_All_Institutes_2025_26__1_.pdf,3129,"Mumbai Institute of Management & Research, Mumbai",0312924210,2025-26,2,Maharashtra,GNTCH,GNTCH,HU,29.9046039,percentile,GNTCH | 20267 | 29.9046039 | Stage-I,62,Home University Seats Allotted to Home University Candidates,9f23af3cf833e832ac185f549c59386692e81ee29182c216bc8423625b47ef2a
f6ffd36c4c00-PG_MCA_CAP2_Cutoff_All_Institutes_2025_26__1_.pdf,3129,"Mumbai Institute of Management & Research, Mumbai",0312924210,2025-26,2,Maharashtra,GNTDH,GNTDH,HU,61.2807064,percentile,GNTDH | 12102 | 61.2807064 | Stage-I,62,Home University Seats Allotted to Home University Candidates,d4e439e0b47ce5fa603ede577fcc744e311b7ce411f1e30194c07f90efd1698c
f6ffd36c4c00-PG_MCA_CAP2_Cutoff_All_Institutes_2025_26__1_.pdf,3129,"Mumbai Institute of Management & Research, Mumbai",0312924210,2025-26,2,Maharashtra,GNTBH,GNTBH,HU,63.1574978,percentile,GNTBH | 11700 | 63.1574978 | Stage-I,62,Home University Seats Allotted to Other Than Home University Candidates,50d72ff56f8682eac592a6098f93f1b23a466486635aabae594a0a45291765d5
f6ffd36c4c00-PG_MCA_CAP2_Cutoff_All_Institutes_2025_26__1_.pdf,3129,"Mumbai Institute of Management & Research, Mumbai",0312924210,2025-26,2,Maharashtra,GSEBCH,GSEBCH,HU,25.4779232,percentile,GSEBCH | 21189 | 25.4779232 | Stage-I,62,Home University Seats Allotted to Other Than Home University Candidates,444ac405564dba83810dc7702bc66c07b29ef9f96536b8af496fefc99cfe93aa
f6ffd36c4c00-PG_MCA_CAP2_Cutoff_All_Institutes_2025_26__1_.pdf,3129,"Mumbai Institute of Management & Research, Mumbai",0312924210,2025-26,2,Maharashtra,GOPENO,GOPENO,HU,82.8308366,percentile,GOPENO | 5940 | 82.8308366 | Stage-I,62,Other Than Home University Seats Allotted to Other Than Home University Candidates,a92a22c9beed78efc4712bce95e88660b544fa41c4d5b895ad3555ddf414d54c
f6ffd36c4c00-PG_MCA_CAP2_Cutoff_All_Institutes_2025_26__1_.pdf,3129,"Mumbai Institute of Management & Research, Mumbai",0312924210,2025-26,2,Maharashtra,GSCO,GSCO,HU,51.4093808,percentile,GSCO | 14979 | 51.4093808 | Stage-I,62,Other Than Home University Seats Allotted to Other Than Home University Candidates,5562f3e81167f0a136d734ada656d24776f01afef1452b1289df1b1419ddd1dd
f6ffd36c4c00-PG_MCA_CAP2_Cutoff_All_Institutes_2025_26__1_.pdf,3129,"Mumbai Institute of Management & Research, Mumbai",0312924210,2025-26,2,Maharashtra,GSTO,GSTO,HU,73.5368477,percentile,GSTO | 8618 | 73.5368477 | Stage-I,62,Other Than Home University Seats Allotted to Other Than Home University Candidates,03b0e85959552e86d9d7ce89a484618965c864747b6dc6b7e5e409163581b2cf
f6ffd36c4c00-PG_MCA_CAP2_Cutoff_All_Institutes_2025_26__1_.pdf,3129,"Mumbai Institute of Management & Research, Mumbai",0312924210,2025-26,2,Maharashtra,GNTAO,GNTAO,HU,63.1574978,percentile,GNTAO | 12024 | 63.1574978 | Stage-I,62,Other Than Home University Seats Allotted to Other Than Home University Candidates,534fd9b2132ae728ab846538e1374fb1e7d03974729e3c52cf72a232c8666829
f6ffd36c4c00-PG_MCA_CAP2_Cutoff_All_Institutes_2025_26__1_.pdf,3129,"Mumbai Institute of Management & Research, Mumbai",0312924210,2025-26,2,Maharashtra,GNTBO,GNTBO,HU,74.782248,percentile,GNTBO | 7998 | 74.782248 | Stage-I,62,Other Than Home University Seats Allotted to Other Than Home University Candidates,f15ddcba664a717c628d30983e0c8f269203342bb4b25178beda2dde59bbfb95
f6ffd36c4c00-PG_MCA_CAP2_Cutoff_All_Institutes_2025_26__1_.pdf,3129,"Mumbai Institute of Management & Research, Mumbai",0312924210,2025-26,2,Maharashtra,GNTCO,GNTCO,HU,25.4779232,percentile,GNTCO | 21002 | 25.4779232 | Stage-I,62,Other Than Home University Seats Allotted to Other Than Home University Candidates,112e3dab1fe6a64e0d2faa2e6f950ef60ac2b7c98ead72ec5d23d344c421882d
f6ffd36c4c00-PG_MCA_CAP2_Cutoff_All_Institutes_2025_26__1_.pdf,3129,"Mumbai Institute of Management & Research, Mumbai",0312924210,2025-26,2,Maharashtra,EWS,EWS,SL,56.5488095,percentile,EWS | 13830 | 56.5488095 | Stage-I,63,,092c93a440d3344a4c7594d393aa28dd389fb476ba4dcb6627a521ca3217e39f
f6ffd36c4c00-PG_MCA_CAP2_Cutoff_All_Institutes_2025_26__1_.pdf,3129,"Mumbai Institute of Management & Research, Mumbai",0312924210,2025-26,2,Maharashtra,TFWS,TFWS,SL,85.3851665,percentile,TFWS | 4789 | 85.3851665 | Stage-I,63,,1d3642c18b31afcf0ba14b18ea87509bf7c3e5841dc441a25afc1340a0bcbdfa
f6ffd36c4c00-PG_MCA_CAP2_Cutoff_All_Institutes_2025_26__1_.pdf,3133,"Swayamsiddhi Mitra Sangh's College of Management & Research, Thane",0313324110,2025-26,2,Maharashtra,GOPENH,GOPENH,HU,85.2118788,percentile,GOPENH | 5215 | 85.2118788 | Stage-I,64,Home University Seats Allotted to Home University Candidates,ca64885743f917434ca87fb1b2e25ff34f5b4f44fc4ad80a01e8563185e139da
f6ffd36c4c00-PG_MCA_CAP2_Cutoff_All_Institutes_2025_26__1_.pdf,3133,"Swayamsiddhi Mitra Sangh's College of Management & Research, Thane",0313324110,2025-26,2,Maharashtra,GSCH,GSCH,HU,41.4550394,percentile,GSCH | 17593 | 41.4550394 | Stage-I,64,Home University Seats Allotted to Home University Candidates,6d96044b7a3e7be42c52b94193bc6f520f40c9563e36e725b21327c76737e617
f6ffd36c4c00-PG_MCA_CAP2_Cutoff_All_Institutes_2025_26__1_.pdf,3133,"Swayamsiddhi Mitra Sangh's College of Management & Research, Thane",0313324110,2025-26,2,Maharashtra,GSTH,GSTH,HU,77.8251197,percentile,GSTH | 7082 | 77.8251197 | Stage-I,64,Home University Seats Allotted to Home University Candidates,dd293095a34a001fb46a1071319593bb24c73fa890771febfe91e8b2c2bc8bf6
f6ffd36c4c00-PG_MCA_CAP2_Cutoff_All_Institutes_2025_26__1_.pdf,3133,"Swayamsiddhi Mitra Sangh's College of Management & Research, Thane",0313324110,2025-26,2,Maharashtra,GOPENO,GOPENO,HU,74.782248,percentile,GOPENO | 8413 | 74.782248 | Stage-I,64,Other Than Home University Seats Allotted to Other Than Home University Candidates,d39064eed6789d7315e8e376c2fd8d8246192c2106adec7da280ca9b48b8d2e5
f6ffd36c4c00-PG_MCA_CAP2_Cutoff_All_Institutes_2025_26__1_.pdf,3133,"Swayamsiddhi Mitra Sangh's College of Management & Research, Thane",0313324110,2025-26,2,Maharashtra,GSCO,GSCO,HU,67.3579428,percentile,GSCO | 10562 | 67.3579428 | Stage-I,64,Other Than Home University Seats Allotted to Other Than Home University Candidates,76bd862f2db7b0e8ca60a1a4ea191d95397d692e37b8bb18007682eb2fff8880
f6ffd36c4c00-PG_MCA_CAP2_Cutoff_All_Institutes_2025_26__1_.pdf,3133,"Swayamsiddhi Mitra Sangh's College of Management & Research, Thane",0313324110,2025-26,2,Maharashtra,GSTO,GSTO,HU,34.5198145,percentile,GSTO | 19275 | 34.5198145 | Stage-I,64,Other Than Home University Seats Allotted to Other Than Home University Candidates,14a1b9a52cc829c35add186439c80276aa1449f0b9a894df82dfd5d0837b916e
f6ffd36c4c00-PG_MCA_CAP2_Cutoff_All_Institutes_2025_26__1_.pdf,3133,"Swayamsiddhi Mitra Sangh's College of Management & Research, Thane",0313324110,2025-26,2,Maharashtra,GNTCO,GNTCO,HU,56.5488095,percentile,GNTCO | 13483 | 56.5488095 | Stage-I,64,Other Than Home University Seats Allotted to Other Than Home University Candidates,0f0a8e1fa9e0f4bae00d1b9693025c1ba5772aef85beddec26e91ced35a0b926
f6ffd36c4c00-PG_MCA_CAP2_Cutoff_All_Institutes_2025_26__1_.pdf,3133,"Swayamsiddhi Mitra Sangh's College of Management & Research, Thane",0313324110,2025-26,2,Maharashtra,GOBCO,GOBCO,HU,44.5345198,percentile,GOBCO | 16940 | 44.5345198 | Stage-I,64,Other Than Home University Seats Allotted to Other Than Home University Candidates,5b0c8b7d51c3b0f391a2d2877abc97c6599ddd113ec4f2ce21447c6438ac1f4d
f6ffd36c4c00-PG_MCA_CAP2_Cutoff_All_Institutes_2025_26__1_.pdf,3133,"Swayamsiddhi Mitra Sangh's College of Management & Research, Thane",0313324110,2025-26,2,Maharashtra,EWS,EWS,SL,73.5368477,percentile,EWS | 8838 | 73.5368477 | Stage-I,64,Other Than Home University Seats Allotted to Other Than Home University Candidates,a1dc149b7998b40111a80e4e1e93d778614a0d8e18ff96c396d909cae73b57c6
f6ffd36c4c00-PG_MCA_CAP2_Cutoff_All_Institutes_2025_26__1_.pdf,3133,"Swayamsiddhi Mitra Sangh's College of Management & Research, Thane",0313324110,2025-26,2,Maharashtra,TFWS,TFWS,SL,87.2080299,percentile,TFWS | 4295 | 87.2080299 | Stage-I,64,Other Than Home University Seats Allotted to Other Than Home University Candidates,e600683e962ab4b47393a6fb567cdcd18755719f4c512a9e1c18433e5956f609
f6ffd36c4c00-PG_MCA_CAP2_Cutoff_All_Institutes_2025_26__1_.pdf,3162,"Bharti Vidyapeeth's Institute of Management & Information Technology, Navi Mumbai",0316224110,2025-26,2,Maharashtra,GOPENH,GOPENH,HU,96.1125146,percentile,GOPENH | 1218 | 96.1125146 | Stage-I,65,Home University Seats Allotted to Home University Candidates,3e4198bbadad85aeb3bd0a86267a8cb641ca1b9151e9d5b775cd8d9e33faf500
f6ffd36c4c00-PG_MCA_CAP2_Cutoff_All_Institutes_2025_26__1_.pdf,3162,"Bharti Vidyapeeth's Institute of Management & Information Technology, Navi Mumbai",0316224110,2025-26,2,Maharashtra,GSCH,GSCH,HU,87.3496474,percentile,GSCH | 4130 | 87.3496474 | Stage-I,65,Home University Seats Allotted to Home University Candidates,f69892111d4c6657752fae9eca12c28ae8c5978ce0b088278732b82ad8d6c2e3
f6ffd36c4c00-PG_MCA_CAP2_Cutoff_All_Institutes_2025_26__1_.pdf,3162,"Bharti Vidyapeeth's Institute of Management & Information Technology, Navi Mumbai",0316224110,2025-26,2,Maharashtra,GSTH,GSTH,HU,34.5198145,percentile,GSTH | 18942 | 34.5198145 | Stage-I,65,Home University Seats Allotted to Home University Candidates,0836b0703f562341542ceb99916aa5c66e1a3e1ccc3f146dca053722abad2b98
f6ffd36c4c00-PG_MCA_CAP2_Cutoff_All_Institutes_2025_26__1_.pdf,3162,"Bharti Vidyapeeth's Institute of Management & Information Technology, Navi Mumbai",0316224110,2025-26,2,Maharashtra,GNTAH,GNTAH,HU,67.3579428,percentile,GNTAH | 10487 | 67.3579428 | Stage-I,65,Home University Seats Allotted to Home University Candidates,cdff376217fcc9eb39aa1d8acd135aaf939848e61b842fb9dc84ac3a4195c9cc
f6ffd36c4c00-PG_MCA_CAP2_Cutoff_All_Institutes_2025_26__1_.pdf,3162,"Bharti Vidyapeeth's Institute of Management & Information Technology, Navi Mumbai",0316224110,2025-26,2,Maharashtra,GNTBH,GNTBH,HU,92.3361383,percentile,GNTBH | 2272 | 92.3361383 | Stage-I,65,Home University Seats Allotted to Home University Candidates,b67a5e12f44b80565d2e8ed552409903f17558b2445089d8b66b51ce0f86cd17
f6ffd36c4c00-PG_MCA_CAP2_Cutoff_All_Institutes_2025_26__1_.pdf,3162,"Bharti Vidyapeeth's Institute of Management & Information Technology, Navi Mumbai",0316224110,2025-26,2,Maharashtra,GNTCH,GNTCH,HU,92.3361383,percentile,GNTCH | 2382 | 92.3361383 | Stage-I,65,Home University Seats Allotted to Home University Candidates,a0d527fcdfa582580511dabe26321c8fbc88ef2c428cebd24b03d5b0c3e09d84
f6ffd36c4c00-PG_MCA_CAP2_Cutoff_All_Institutes_2025_26__1_.pdf,3162,"Bharti Vidyapeeth's Institute of Management & Information Technology, Navi Mumbai",0316224110,2025-26,2,Maharashtra,GOBCH,GOBCH,HU,92.1797821,percentile,GOBCH | 2536 | 92.1797821 | Stage-I,65,Home University Seats Allotted to Home University Candidates,2c74ab110308239fd5231a79e67b9bca693068dafb72a68626dcb107d0685953
f6ffd36c4c00-PG_MCA_CAP2_Cutoff_All_Institutes_2025_26__1_.pdf,3162,"Bharti Vidyapeeth's Institute of Management & Information Technology, Navi Mumbai",0316224110,2025-26,2,Maharashtra,GOPENO,GOPENO,HU,95.2942951,percentile,GOPENO | 1378 | 95.2942951 | Stage-I,65,Other Than Home University Seats Allotted to Other Than Home University Candidates,dbe4c08de1996da39f1bb5c1e65fc6add54ca26782e16db119e19f83cbb07d62
f6ffd36c4c00-PG_MCA_CAP2_Cutoff_All_Institutes_2025_26__1_.pdf,3162,"Bharti Vidyapeeth's Institute of Management & Information Technology, Navi Mumbai",0316224110,2025-26,2,Maharashtra,GSCO,GSCO,HU,92.1797821,percentile,GSCO | 2585 | 92.1797821 | Stage-I,65,Other Than Home University Seats Allotted to Other Than Home University Candidates,9ef869841912e301af26794e0599a5d59e17d2ada7cc144f543b1c5c6398f151
f6ffd36c4c00-PG_MCA_CAP2_Cutoff_All_Institutes_2025_26__1_.pdf,3162,"Bharti Vidyapeeth's Institute of Management & Information Technology, Navi Mumbai",0316224110,2025-26,2,Maharashtra,GSTO,GSTO,HU,74.782248,percentile,GSTO | 8388 | 74.782248 | Stage-I,65,Other Than Home University Seats Allotted to Other Than Home University Candidates,965de64a0eacc996e0358d6c3040ee5a67287a218a13def804d2c133bc574c2e
f6ffd36c4c00-PG_MCA_CAP2_Cutoff_All_Institutes_2025_26__1_.pdf,3162,"Bharti Vidyapeeth's Institute of Management & Information Technology, Navi Mumbai",0316224110,2025-26,2,Maharashtra,GNTDO,GNTDO,HU,85.3851665,percentile,GNTDO | 4434 | 85.3851665 | Stage-I,65,Other Than Home University Seats Allotted to Other Than Home University Candidates,411218c115b3bb2c2887467bd4518a739214fed3acf789aa82d17cb763ac9084
f6ffd36c4c00-PG_MCA_CAP2_Cutoff_All_Institutes_2025_26__1_.pdf,3162,"Bharti Vidyapeeth's Institute of Management & Information Technology, Navi Mumbai",0316224110,2025-26,2,Maharashtra,GOBCO,GOBCO,HU,92.1797821,percentile,GOBCO | 2550 | 92.1797821 | Stage-I,65,Other Than Home University Seats Allotted to Other Than Home University Candidates,53e1562d0c8e05d4b74e304fa83891a329ee87aaa16df2a36f65130fc5be9afd
f6ffd36c4c00-PG_MCA_CAP2_Cutoff_All_Institutes_2025_26__1_.pdf,3162,"Bharti Vidyapeeth's Institute of Management & Information Technology, Navi Mumbai",0316224110,2025-26,2,Maharashtra,GSEBCO,GSEBCO,HU,93.5511867,percentile,GSEBCO | 1975 | 93.5511867 | Stage-I,65,Other Than Home University Seats Allotted to Other Than Home University Candidates,1f70ada7fdc9b743c23cf79800ba960b9a684f3d63e556aa3f5c025d0302d834
f6ffd36c4c00-PG_MCA_CAP2_Cutoff_All_Institutes_2025_26__1_.pdf,3162,"Bharti Vidyapeeth's Institute of Management & Information Technology, Navi Mumbai",0316224110,2025-26,2,Maharashtra,EWS,EWS,SL,74.782248,percentile,EWS | 7947 | 74.782248 | Stage-I,65,Other Than Home University Seats Allotted to Other Than Home University Candidates,0eb1c39415a8ddee4185fa2fdaefe649968bbd2393b8a30dca0eda841403f43c
f6ffd36c4c00-PG_MCA_CAP2_Cutoff_All_Institutes_2025_26__1_.pdf,3162,"Bharti Vidyapeeth's Institute of Management & Information Technology, Navi Mumbai",0316224110,2025-26,2,Maharashtra,TFWS,TFWS,SL,97.0718086,percentile,TFWS | 816 | 97.0718086 | Stage-I,65,Other Than Home University Seats Allotted to Other Than Home University Candidates,c45c56e26b371831e6ac7cfc0d5241ab3e708f0f00aeca0ccb2c6ea9b8bf886d
f6ffd36c4c00-PG_MCA_CAP2_Cutoff_All_Institutes_2025_26__1_.pdf,3167,"Mumbai Education Trust's Institute of Computer Science, Bandra (W), Mumbai",0316724110,2025-26,2,Maharashtra,GOPENH,GOPENH,HU,98.2089665,percentile,GOPENH | 467 | 98.2089665 | Stage-I,66,Home University Seats Allotted to Home University Candidates,cde9278c78adc80860a91db58e9beebb8f224330e29b06a0c5150bc55ff27fa3
f6ffd36c4c00-PG_MCA_CAP2_Cutoff_All_Institutes_2025_26__1_.pdf,3167,"Mumbai Education Trust's Institute of Computer Science, Bandra (W), Mumbai",0316724110,2025-26,2,Maharashtra,GSCH,GSCH,HU,94.6454851,percentile,GSCH | 1550 | 94.6454851 | Stage-I,66,Home University Seats Allotted to Home University Candidates,b526f748e57b459be952a1ed34a9412776852fb0917cc86a1c4d8ea1aac99961
f6ffd36c4c00-PG_MCA_CAP2_Cutoff_All_Institutes_2025_26__1_.pdf,3167,"Mumbai Education Trust's Institute of Computer Science, Bandra (W), Mumbai",0316724110,2025-26,2,Maharashtra,GSTH,GSTH,HU,74.782248,percentile,GSTH | 8320 | 74.782248 | Stage-I,66,Home University Seats Allotted to Home University Candidates,e576a4fd8202a989a1b2a2f231689a7e8b21182d932d7f9cf89db23f301df497
f6ffd36c4c00-PG_MCA_CAP2_Cutoff_All_Institutes_2025_26__1_.pdf,3167,"Mumbai Education Trust's Institute of Computer Science, Bandra (W), Mumbai",0316724110,2025-26,2,Maharashtra,GOBCH,GOBCH,HU,97.6265047,percentile,GOBCH | 646 | 97.6265047 | Stage-I,66,Home University Seats Allotted to Home University Candidates,967a561bb2761d292a9323a6a6ab1e37809c1ec86e71f60dcbc82e2d02e8f65c
f6ffd36c4c00-PG_MCA_CAP2_Cutoff_All_Institutes_2025_26__1_.pdf,3167,"Mumbai Education Trust's Institute of Computer Science, Bandra (W), Mumbai",0316724110,2025-26,2,Maharashtra,GNTAH,GNTAH,HU,96.1125146,percentile,GNTAH | 1137 | 96.1125146 | Stage-I,66,Home University Seats Allotted to Other Than Home University Candidates,ca6c3f5f5ab21fbb7aac6a4ebe5be86fa89f7b070bf0f17c050fc8989a4271d7
f6ffd36c4c00-PG_MCA_CAP2_Cutoff_All_Institutes_2025_26__1_.pdf,3167,"Mumbai Education Trust's Institute of Computer Science, Bandra (W), Mumbai",0316724110,2025-26,2,Maharashtra,GNTDH,GNTDH,HU,73.5368477,percentile,GNTDH | 8866 | 73.5368477 | Stage-I,66,Home University Seats Allotted to Other Than Home University Candidates,150ce5803d7432570c66dc56910d6a4368af12c46cde276d1e806cc3e6285375
f6ffd36c4c00-PG_MCA_CAP2_Cutoff_All_Institutes_2025_26__1_.pdf,3167,"Mumbai Education Trust's Institute of Computer Science, Bandra (W), Mumbai",0316724110,2025-26,2,Maharashtra,GOPENO,GOPENO,HU,97.390747,percentile,GOPENO | 702 | 97.390747 | Stage-I,66,Other Than Home University Seats Allotted to Other Than Home University Candidates,b5dd3109d1d1d0afed682b9fdbf42ffbc62cfd254782a9c597301a1d83772c4e
f6ffd36c4c00-PG_MCA_CAP2_Cutoff_All_Institutes_2025_26__1_.pdf,3167,"Mumbai Education Trust's Institute of Computer Science, Bandra (W), Mumbai",0316724110,2025-26,2,Maharashtra,GSCO,GSCO,HU,96.1125146,percentile,GSCO | 1118 | 96.1125146 | Stage-I,66,Other Than Home University Seats Allotted to Other Than Home University Candidates,5da3bcf6fd56bd5cf4a7c1f0978d8622b21d9c9cbee1374874ad587271b4a1dc
f6ffd36c4c00-PG_MCA_CAP2_Cutoff_All_Institutes_2025_26__1_.pdf,3167,"Mumbai Education Trust's Institute of Computer Science, Bandra (W), Mumbai",0316724110,2025-26,2,Maharashtra,GSTO,GSTO,HU,87.3496474,percentile,GSTO | 3935 | 87.3496474 | Stage-I,66,Other Than Home University Seats Allotted to Other Than Home University Candidates,09ae9ca5cff6e7ebf3341df990106b3b6836e9bef93a54680ac2fa4a9e79032a
f6ffd36c4c00-PG_MCA_CAP2_Cutoff_All_Institutes_2025_26__1_.pdf,3167,"Mumbai Education Trust's Institute of Computer Science, Bandra (W), Mumbai",0316724110,2025-26,2,Maharashtra,GOBCO,GOBCO,HU,96.392589,percentile,GOBCO | 1046 | 96.392589 | Stage-I,66,Other Than Home University Seats Allotted to Other Than Home University Candidates,b40581f4aa69d886cc4ee8ba53089d1028d5b0bed4a01d3cecd0292fd338c3dc
f6ffd36c4c00-PG_MCA_CAP2_Cutoff_All_Institutes_2025_26__1_.pdf,3167,"Mumbai Education Trust's Institute of Computer Science, Bandra (W), Mumbai",0316724110,2025-26,2,Maharashtra,GSEBCO,GSEBCO,HU,97.390747,percentile,GSEBCO | 721 | 97.390747 | Stage-I,66,Other Than Home University Seats Allotted to Other Than Home University Candidates,aa51aaeb9d112461d29df63f0630db2b3696b1f0a4c97df44eb27b82b9d9d8d5
f6ffd36c4c00-PG_MCA_CAP2_Cutoff_All_Institutes_2025_26__1_.pdf,3168,"Thakur Institute of Management Studies Career Development & Research, Kandivali (E), Mumbai",0316824110,2025-26,2,Maharashtra,GOPENH,GOPENH,HU,94.6454851,percentile,GOPENH | 1526 | 94.6454851 | Stage-I,67,Home University Seats Allotted to Home University Candidates,249f4067046094a57f4d67c6449a4928037ef2f292f7e308bb9e52988c8d1467
f6ffd36c4c00-PG_MCA_CAP2_Cutoff_All_Institutes_2025_26__1_.pdf,3168,"Thakur Institute of Management Studies Career Development & Research, Kandivali (E), Mumbai",0316824110,2025-26,2,Maharashtra,GOPENO,GOPENO,HU,93.5511867,percentile,GOPENO | 1919 | 93.5511867 | Stage-I,67,Other Than Home University Seats Allotted to Other Than Home University Candidates,f323f707840d1841d6488a9c71dbc4d38a4ab5379d6d6e71f01735afb0a17770
f6ffd36c4c00-PG_MCA_CAP2_Cutoff_All_Institutes_2025_26__1_.pdf,3168,"Thakur Institute of Management Studies Career Development & Research, Kandivali (E), Mumbai",0316824110,2025-26,2,Maharashtra,TFWS,TFWS,SL,96.1125146,percentile,TFWS | 1140 | 96.1125146 | Stage-I,67,Other Than Home University Seats Allotted to Other Than Home University Candidates,e71c1778177b3f395a8f9e8f4a057cc71fe171146cb18b608c686ef6c82431e5
f6ffd36c4c00-PG_MCA_CAP2_Cutoff_All_Institutes_2025_26__1_.pdf,3169,"Late Bhausaheb Hiray S. S. Trust's Institute of Computer Application, Bandra (E), Mumbai",0316924110,2025-26,2,Maharashtra,GOPENH,GOPENH,HU,89.1331398,percentile,GOPENH | 3670 | 89.1331398 | Stage-I,68,Home University Seats Allotted to Home University Candidates,5fb9080e954fe66332e480ac49837c77ee695a7b68fee515a0fe9cac42e3cdc5
f6ffd36c4c00-PG_MCA_CAP2_Cutoff_All_Institutes_2025_26__1_.pdf,3169,"Late Bhausaheb Hiray S. S. Trust's Institute of Computer Application, Bandra (E), Mumbai",0316924110,2025-26,2,Maharashtra,GSCH,GSCH,HU,65.8578922,percentile,GSCH | 11320 | 65.8578922 | Stage-I,68,Home University Seats Allotted to Home University Candidates,83678ad43994b2ce815e467e7b793a1c61689495396b32f17884deeaa3f95c08
f6ffd36c4c00-PG_MCA_CAP2_Cutoff_All_Institutes_2025_26__1_.pdf,3169,"Late Bhausaheb Hiray S. S. Trust's Institute of Computer Application, Bandra (E), Mumbai",0316924110,2025-26,2,Maharashtra,GSTH,GSTH,HU,65.8578922,percentile,GSTH | 10871 | 65.8578922 | Stage-I,68,Home University Seats Allotted to Home University Candidates,af16d11bf8f5f4b5ad2936aab0fb3a94ccd26a2c9ef50796b14c3aee714f0c19
f6ffd36c4c00-PG_MCA_CAP2_Cutoff_All_Institutes_2025_26__1_.pdf,3169,"Late Bhausaheb Hiray S. S. Trust's Institute of Computer Application, Bandra (E), Mumbai",0316924110,2025-26,2,Maharashtra,GNTBH,GNTBH,HU,36.496736,percentile,GNTBH | 18673 | 36.496736 | Stage-I,68,Home University Seats Allotted to Home University Candidates,a3f09da90865099358d1b631fcc7fae6e06cf9481817fcc9e29ebce90de55dd5
f6ffd36c4c00-PG_MCA_CAP2_Cutoff_All_Institutes_2025_26__1_.pdf,3169,"Late Bhausaheb Hiray S. S. Trust's Institute of Computer Application, Bandra (E), Mumbai",0316924110,2025-26,2,Maharashtra,GNTAH,GNTAH,HU,25.4779232,percentile,GNTAH | 21242 | 25.4779232 | Stage-I,68,Home University Seats Allotted to Other Than Home University Candidates,9c5ee6482210e99e5a8b488a4a5a049ba2223837db2a76685f14141acfe85529
f6ffd36c4c00-PG_MCA_CAP2_Cutoff_All_Institutes_2025_26__1_.pdf,3169,"Late Bhausaheb Hiray S. S. Trust's Institute of Computer Application, Bandra (E), Mumbai",0316924110,2025-26,2,Maharashtra,GOPENO,GOPENO,HU,61.2807064,percentile,GOPENO | 12205 | 61.2807064 | Stage-I,68,Other Than Home University Seats Allotted to Other Than Home University Candidates,fdd0f32208e0a09b63d60debd7ece0766d4ef36e155c642dc6a9b4c0d559f7dc
f6ffd36c4c00-PG_MCA_CAP2_Cutoff_All_Institutes_2025_26__1_.pdf,3169,"Late Bhausaheb Hiray S. S. Trust's Institute of Computer Application, Bandra (E), Mumbai",0316924110,2025-26,2,Maharashtra,GSCO,GSCO,HU,44.5345198,percentile,GSCO | 16485 | 44.5345198 | Stage-I,68,Other Than Home University Seats Allotted to Other Than Home University Candidates,40522ebe493b67ac75a95dd7d5e6ef345a8145a557dcd7d263c2f567f4ce91d0
f6ffd36c4c00-PG_MCA_CAP2_Cutoff_All_Institutes_2025_26__1_.pdf,3169,"Late Bhausaheb Hiray S. S. Trust's Institute of Computer Application, Bandra (E), Mumbai",0316924110,2025-26,2,Maharashtra,GSTO,GSTO,HU,49.3533426,percentile,GSTO | 15690 | 49.3533426 | Stage-I,68,Other Than Home University Seats Allotted to Other Than Home University Candidates,6101bd19cb989c317abd813870dffa7d7bf02ecb91c669efe86ddb5fab639d6b
f6ffd36c4c00-PG_MCA_CAP2_Cutoff_All_Institutes_2025_26__1_.pdf,3169,"Late Bhausaheb Hiray S. S. Trust's Institute of Computer Application, Bandra (E), Mumbai",0316924110,2025-26,2,Maharashtra,GNTAO,GNTAO,HU,25.4779232,percentile,GNTAO | 20989 | 25.4779232 | Stage-I,68,Other Than Home University Seats Allotted to Other Than Home University Candidates,15591e31c460d68e35a62f52df810be0bdef291aa02aca8093b7b19a8da90fde
f6ffd36c4c00-PG_MCA_CAP2_Cutoff_All_Institutes_2025_26__1_.pdf,3169,"Late Bhausaheb Hiray S. S. Trust's Institute of Computer Application, Bandra (E), Mumbai",0316924110,2025-26,2,Maharashtra,GNTCO,GNTCO,HU,36.496736,percentile,GNTCO | 18312 | 36.496736 | Stage-I,68,Other Than Home University Seats Allotted to Other Than Home University Candidates,38edf50d579dcd2b6e9f58d23c5c161c70d1bd480b561b302203527dc2747e9d
f6ffd36c4c00-PG_MCA_CAP2_Cutoff_All_Institutes_2025_26__1_.pdf,3169,"Late Bhausaheb Hiray S. S. Trust's Institute of Computer Application, Bandra (E), Mumbai",0316924110,2025-26,2,Maharashtra,GNTDO,GNTDO,HU,61.2807064,percentile,GNTDO | 12427 | 61.2807064 | Stage-I,68,Other Than Home University Seats Allotted to Other Than Home University Candidates,46420a54a074d73ae34032d95dc4d91b82fba7e49b04dc200369fcfd23c4a798
f6ffd36c4c00-PG_MCA_CAP2_Cutoff_All_Institutes_2025_26__1_.pdf,3169,"Late Bhausaheb Hiray S. S. Trust's Institute of Computer Application, Bandra (E), Mumbai",0316924110,2025-26,2,Maharashtra,EWS,EWS,SL,56.5488095,percentile,EWS | 13923 | 56.5488095 | Stage-I,69,,46818cc9497b5215136d1f82b0c04cec55236d5f94398597147ffcfea73d312d
f6ffd36c4c00-PG_MCA_CAP2_Cutoff_All_Institutes_2025_26__1_.pdf,3169,"Late Bhausaheb Hiray S. S. Trust's Institute of Computer Application, Bandra (E), Mumbai",0316924110,2025-26,2,Maharashtra,TFWS,TFWS,SL,90.7733494,percentile,TFWS | 3132 | 90.7733494 | Stage-I,69,,7fee9b3c033a193e88f5f5a0b15131d1421de5cd5a2f2a858950eccdde43601d
f6ffd36c4c00-PG_MCA_CAP2_Cutoff_All_Institutes_2025_26__1_.pdf,3173,"Deccan Education Society's Navinchandra Mehta Institute of Technology & Development, Dadar, Mumbai",0317324110,2025-26,2,Maharashtra,GOPENH,GOPENH,HU,93.405226,percentile,GOPENH | 2171 | 93.405226 | Stage-I,70,Home University Seats Allotted to Home University Candidates,31cb78b265a09bcbdfb6839391731353ee879ea9b44d65b30dc286176983fe39
f6ffd36c4c00-PG_MCA_CAP2_Cutoff_All_Institutes_2025_26__1_.pdf,3173,"Deccan Education Society's Navinchandra Mehta Institute of Technology & Development, Dadar, Mumbai",0317324110,2025-26,2,Maharashtra,GSCH,GSCH,HU,87.2080299,percentile,GSCH | 4409 | 87.2080299 | Stage-I,70,Home University Seats Allotted to Home University Candidates,ef48994c8a4374af9ca1232face52700f0d456f78565ef897f48688377003bcc
f6ffd36c4c00-PG_MCA_CAP2_Cutoff_All_Institutes_2025_26__1_.pdf,3173,"Deccan Education Society's Navinchandra Mehta Institute of Technology & Development, Dadar, Mumbai",0317324110,2025-26,2,Maharashtra,GSTH,GSTH,HU,77.8251197,percentile,GSTH | 7012 | 77.8251197 | Stage-I,70,Home University Seats Allotted to Home University Candidates,4d13ed74c6966f2fec30e66d8cc22ec3b093692482327e6e9d86a3548e544fec
f6ffd36c4c00-PG_MCA_CAP2_Cutoff_All_Institutes_2025_26__1_.pdf,3173,"Deccan Education Society's Navinchandra Mehta Institute of Technology & Development, Dadar, Mumbai",0317324110,2025-26,2,Maharashtra,GNTDH,GNTDH,HU,87.2080299,percentile,GNTDH | 4345 | 87.2080299 | Stage-I,70,Home University Seats Allotted to Home University Candidates,cc95cdb5907463a45310b5e75684f4e8283221b0e1a3521b4e05d8d16b5b2fb1
f6ffd36c4c00-PG_MCA_CAP2_Cutoff_All_Institutes_2025_26__1_.pdf,3173,"Deccan Education Society's Navinchandra Mehta Institute of Technology & Development, Dadar, Mumbai",0317324110,2025-26,2,Maharashtra,GOBCH,GOBCH,HU,85.2118788,percentile,GOBCH | 4894 | 85.2118788 | Stage-I,70,Home University Seats Allotted to Home University Candidates,2f7b2c29005f4ea8b377ab4eb26bddffc9c55d4be6b4e12535f5260c63c0af9a
f6ffd36c4c00-PG_MCA_CAP2_Cutoff_All_Institutes_2025_26__1_.pdf,3173,"Deccan Education Society's Navinchandra Mehta Institute of Technology & Development, Dadar, Mumbai",0317324110,2025-26,2,Maharashtra,GNTCH,GNTCH,HU,76.9216256,percentile,GNTCH | 7781 | 76.9216256 | Stage-I,70,Home University Seats Allotted to Other Than Home University Candidates,4bd88c1248eb6a48d7c1134891efe5ccf1f9dd759d489218bf0d6ad9a5fc4474
f6ffd36c4c00-PG_MCA_CAP2_Cutoff_All_Institutes_2025_26__1_.pdf,3173,"Deccan Education Society's Navinchandra Mehta Institute of Technology & Development, Dadar, Mumbai",0317324110,2025-26,2,Maharashtra,GOPENO,GOPENO,HU,85.2118788,percentile,GOPENO | 4886 | 85.2118788 | Stage-I,70,Other Than Home University Seats Allotted to Other Than Home University Candidates,652804194628452acc0d8151e388ad58ef37a2e3a77ec2fd70c314df1205e8d2
f6ffd36c4c00-PG_MCA_CAP2_Cutoff_All_Institutes_2025_26__1_.pdf,3173,"Deccan Education Society's Navinchandra Mehta Institute of Technology & Development, Dadar, Mumbai",0317324110,2025-26,2,Maharashtra,GSCO,GSCO,HU,73.5368477,percentile,GSCO | 8647 | 73.5368477 | Stage-I,70,Other Than Home University Seats Allotted to Other Than Home University Candidates,1387094aab6bd503e66fcb68db76040cf8937c2bb8d6f5530d9de892d165eba2
f6ffd36c4c00-PG_MCA_CAP2_Cutoff_All_Institutes_2025_26__1_.pdf,3173,"Deccan Education Society's Navinchandra Mehta Institute of Technology & Development, Dadar, Mumbai",0317324110,2025-26,2,Maharashtra,GSTO,GSTO,HU,51.4093808,percentile,GSTO | 14756 | 51.4093808 | Stage-I,70,Other Than Home University Seats Allotted to Other Than Home University Candidates,fed18f7ebf6f18d68b6611e1d97d1076d48d1650afd334a939c41be2b66316cd
f6ffd36c4c00-PG_MCA_CAP2_Cutoff_All_Institutes_2025_26__1_.pdf,3173,"Deccan Education Society's Navinchandra Mehta Institute of Technology & Development, Dadar, Mumbai",0317324110,2025-26,2,Maharashtra,GNTAO,GNTAO,HU,77.8251197,percentile,GNTAO | 7062 | 77.8251197 | Stage-I,70,Other Than Home University Seats Allotted to Other Than Home University Candidates,f71824a834785f3651219295b1c4d9defe3ec778e0c299d42a4913625b8837c8
f6ffd36c4c00-PG_MCA_CAP2_Cutoff_All_Institutes_2025_26__1_.pdf,3173,"Deccan Education Society's Navinchandra Mehta Institute of Technology & Development, Dadar, Mumbai",0317324110,2025-26,2,Maharashtra,GNTDO,GNTDO,HU,53.942159,percentile,GNTDO | 14325 | 53.942159 | Stage-I,70,Other Than Home University Seats Allotted to Other Than Home University Candidates,cd5bb98eda993a46f11fd6721325349e6e147455e1a6ffc4a3141712431384dd
f6ffd36c4c00-PG_MCA_CAP2_Cutoff_All_Institutes_2025_26__1_.pdf,3173,"Deccan Education Society's Navinchandra Mehta Institute of Technology & Development, Dadar, Mumbai",0317324110,2025-26,2,Maharashtra,EWS,EWS,SL,73.5368477,percentile,EWS | 8832 | 73.5368477 | Stage-I,71,,5df0d9700b03239ad4e53212e4512787b0933903b491fa7a1c73f58690dd4a34
f6ffd36c4c00-PG_MCA_CAP2_Cutoff_All_Institutes_2025_26__1_.pdf,3173,"Deccan Education Society's Navinchandra Mehta Institute of Technology & Development, Dadar, Mumbai",0317324110,2025-26,2,Maharashtra,TFWS,TFWS,SL,95.5548847,percentile,TFWS | 1354 | 95.5548847 | Stage-I,71,,7b713cb27f8964075a268fedf3d56c64612af03bc286e527a117cf75d8614134
f6ffd36c4c00-PG_MCA_CAP2_Cutoff_All_Institutes_2025_26__1_.pdf,3176,"Thakur College of Engineering and Technology, Kandivali, Mumbai",0317624210,2025-26,2,Maharashtra,GOPENH,GOPENH,HU,96.392589,percentile,GOPENH | 1022 | 96.392589 | Stage-I,72,Home University Seats Allotted to Home University Candidates,334b1c7a5a583a1a3f8fcbcbff254ef2937a40353332c0613b7c1997922612ed
f6ffd36c4c00-PG_MCA_CAP2_Cutoff_All_Institutes_2025_26__1_.pdf,3176,"Thakur College of Engineering and Technology, Kandivali, Mumbai",0317624210,2025-26,2,Maharashtra,GOPENO,GOPENO,HU,95.2942951,percentile,GOPENO | 1425 | 95.2942951 | Stage-I,72,Other Than Home University Seats Allotted to Other Than Home University Candidates,34dd78b108268626dbebda54a6e9f2aad9cd6bf9776f306dd1b656399633897f
f6ffd36c4c00-PG_MCA_CAP2_Cutoff_All_Institutes_2025_26__1_.pdf,3176,"Thakur College of Engineering and Technology, Kandivali, Mumbai",0317624210,2025-26,2,Maharashtra,TFWS,TFWS,SL,97.6265047,percentile,TFWS | 642 | 97.6265047 | Stage-I,72,Other Than Home University Seats Allotted to Other Than Home University Candidates,dc680b957d5aa136052e1a67f38a569a945fe28272a3424b63987f0cabdfc8f3
f6ffd36c4c00-PG_MCA_CAP2_Cutoff_All_Institutes_2025_26__1_.pdf,3185,"Vivekanand Education Society's Institute of Technology, Chembur, Mumbai",0318524210,2025-26,2,Maharashtra,GOPENH,GOPENH,HU,99.113241,percentile,GOPENH | 202 | 99.113241 | Stage-I,73,Home University Seats Allotted to Home University Candidates,3b476a83ffd94165e594175c359c2bda9e15adc6eca71b91fe2f0bef46d5b954
f6ffd36c4c00-PG_MCA_CAP2_Cutoff_All_Institutes_2025_26__1_.pdf,3185,"Vivekanand Education Society's Institute of Technology, Chembur, Mumbai",0318524210,2025-26,2,Maharashtra,GOPENO,GOPENO,HU,98.7632442,percentile,GOPENO | 285 | 98.7632442 | Stage-I,73,Other Than Home University Seats Allotted to Other Than Home University Candidates,024ab32400f7d5110ee4109a1f4bf267aea7c06dc1b5a8dcb4895903b48e70fb
f6ffd36c4c00-PG_MCA_CAP2_Cutoff_All_Institutes_2025_26__1_.pdf,3185,"Vivekanand Education Society's Institute of Technology, Chembur, Mumbai",0318524210,2025-26,2,Maharashtra,TFWS,TFWS,SL,99.3736085,percentile,TFWS | 153 | 99.3736085 | Stage-I,73,Other Than Home University Seats Allotted to Other Than Home University Candidates,67a601cf3cb074c98916af3e754aea575bd549d7e86c7939b0ee123ecaaff660
f6ffd36c4c00-PG_MCA_CAP2_Cutoff_All_Institutes_2025_26__1_.pdf,3185,"Vivekanand Education Society's Institute of Technology, Chembur, Mumbai",0318524210,2025-26,2,Maharashtra,MI-MH,MI-MH,MI,98.3811932,percentile,MI-MH | 433 | 98.3811932 | Stage-MI-MH,74,Minority Seats : Minority Seats Allotted to Non Minority Candidates,588d7fcd1b6f127b34c3c79cf1f91b7b5aca70c5eea872cfd9b200fc46a1c0ed
f6ffd36c4c00-PG_MCA_CAP2_Cutoff_All_Institutes_2025_26__1_.pdf,3200,"Hope Foundation and research center's Finolex Academy of Management and Technology, Ratnagiri",0320024110,2025-26,2,Maharashtra,GOPENH,GOPENH,HU,69.7143504,percentile,GOPENH | 9960 | 69.7143504 | Stage-I,75,Home University Seats Allotted to Home University Candidates,85d5c912f5b220728b00dc55237b49a0455d9fa6334ea06595d5410ff6a6e834
f6ffd36c4c00-PG_MCA_CAP2_Cutoff_All_Institutes_2025_26__1_.pdf,3200,"Hope Foundation and research center's Finolex Academy of Management and Technology, Ratnagiri",0320024110,2025-26,2,Maharashtra,GOPENO,GOPENO,HU,46.3793819,percentile,GOPENO | 16309 | 46.3793819 | Stage-I,75,Other Than Home University Seats Allotted to Other Than Home University Candidates,71f2500d9d34e501fe23f3a5e4f59892775f9199f6ce3abfc0ac7af846015371
f6ffd36c4c00-PG_MCA_CAP2_Cutoff_All_Institutes_2025_26__1_.pdf,3200,"Hope Foundation and research center's Finolex Academy of Management and Technology, Ratnagiri",0320024110,2025-26,2,Maharashtra,GSCO,GSCO,HU,29.9046039,percentile,GSCO | 20240 | 29.9046039 | Stage-I,75,Other Than Home University Seats Allotted to Other Than Home University Candidates,d3526e84a729616c669d043b286a65967f0e09afe5937e2584e447248fd85398
f6ffd36c4c00-PG_MCA_CAP2_Cutoff_All_Institutes_2025_26__1_.pdf,3200,"Hope Foundation and research center's Finolex Academy of Management and Technology, Ratnagiri",0320024110,2025-26,2,Maharashtra,GNTAO,GNTAO,HU,34.5198145,percentile,GNTAO | 18818 | 34.5198145 | Stage-I,75,Other Than Home University Seats Allotted to Other Than Home University Candidates,d48f942729b8ab275194c062d94d98c5dedf17b93bc30b7450c1cb6aed1cf35b
f6ffd36c4c00-PG_MCA_CAP2_Cutoff_All_Institutes_2025_26__1_.pdf,3200,"Hope Foundation and research center's Finolex Academy of Management and Technology, Ratnagiri",0320024110,2025-26,2,Maharashtra,GSCO,GSCO,HU,31.6629561,percentile,GSCO | 19601 | 31.6629561 | Stage-IV,75,Other Than Home University Seats Allotted to Home University Candidates,8f339eba9397d920b99df053f6518e628387c328d12a1496c10626df6bf82120
f6ffd36c4c00-PG_MCA_CAP2_Cutoff_All_Institutes_2025_26__1_.pdf,3200,"Hope Foundation and research center's Finolex Academy of Management and Technology, Ratnagiri",0320024110,2025-26,2,Maharashtra,GSTO,GSTO,HU,19.1539942,percentile,GSTO | 22383 | 19.1539942 | Stage-IV,75,Other Than Home University Seats Allotted to Home University Candidates,ff174611984088879e98717b386d71aa615cc5565e49b86dbe30112e0705fd3d
f6ffd36c4c00-PG_MCA_CAP2_Cutoff_All_Institutes_2025_26__1_.pdf,3200,"Hope Foundation and research center's Finolex Academy of Management and Technology, Ratnagiri",0320024110,2025-26,2,Maharashtra,GSEBCO,GSEBCO,HU,36.496736,percentile,GSEBCO | 18679 | 36.496736 | Stage-IV,75,Other Than Home University Seats Allotted to Home University Candidates,af561346c64b15406d036e5ad853236ae2c458ac1326a2dbff70dacff694196e
f6ffd36c4c00-PG_MCA_CAP2_Cutoff_All_Institutes_2025_26__1_.pdf,3215,"Bhartiya Vidya Bhavan's Sardar Patel Institute of Technology , Andheri, Mumbai",0321524110,2025-26,2,Maharashtra,GOPENH,GOPENH,HU,99.6830308,percentile,GOPENH | 81 | 99.6830308 | Stage-I,77,Home University Seats Allotted to Home University Candidates,b6f05575a62f0ecaba2d6d8d361de997856d6a7b2c9f36b8fb79597513e15911
f6ffd36c4c00-PG_MCA_CAP2_Cutoff_All_Institutes_2025_26__1_.pdf,3215,"Bhartiya Vidya Bhavan's Sardar Patel Institute of Technology , Andheri, Mumbai",0321524110,2025-26,2,Maharashtra,GNTDO,GNTDO,HU,95.5548847,percentile,GNTDO | 1307 | 95.5548847 | Stage-I,77,Other Than Home University Seats Allotted to Other Than Home University Candidates,b879ec7b3b369e329bd9054746f3d0dd023d6e7c30da970a77a4b7c4d7889e83
f6ffd36c4c00-PG_MCA_CAP2_Cutoff_All_Institutes_2025_26__1_.pdf,3215,"Bhartiya Vidya Bhavan's Sardar Patel Institute of Technology , Andheri, Mumbai",0321524110,2025-26,2,Maharashtra,GOBCO,GOBCO,HU,99.3740809,percentile,GOBCO | 126 | 99.3740809 | Stage-I,77,Other Than Home University Seats Allotted to Other Than Home University Candidates,cca4371b65a2e41e0234c140c38ae8f944ab5295372bd1c0d763a9e08a88084d
f6ffd36c4c00-PG_MCA_CAP2_Cutoff_All_Institutes_2025_26__1_.pdf,3216,"Gharda Foundation's Gharda Institute of Technology,Khed, Ratnagiri",0321624210,2025-26,2,Maharashtra,GOPENH,GOPENH,HU,7.9446476,percentile,GOPENH | 24287 | 7.9446476 | Stage-I,78,Home University Seats Allotted to Home University Candidates,d34fa578cc17688a68954ebafb9100d7e86de10b2fef546ef053458dfc2e76ef
f6ffd36c4c00-PG_MCA_CAP2_Cutoff_All_Institutes_2025_26__1_.pdf,3216,"Gharda Foundation's Gharda Institute of Technology,Khed, Ratnagiri",0321624210,2025-26,2,Maharashtra,TFWS,TFWS,SL,69.7143504,percentile,TFWS | 10101 | 69.7143504 | Stage-I,78,Home University Seats Allotted to Home University Candidates,523679b54cdfbcc748c3af9d44e18cda0e1ce0c0a7cee906078a9175e2230c70
f6ffd36c4c00-PG_MCA_CAP2_Cutoff_All_Institutes_2025_26__1_.pdf,3218,"Aldel Education Trust's St. John College of Engineering & Management, Vevoor, Palghar",0321824110,2025-26,2,Maharashtra,GOPENH,GOPENH,HU,63.1574978,percentile,GOPENH | 11981 | 63.1574978 | Stage-I,79,Home University Seats Allotted to Home University Candidates,48399e0efe8298225e4d8761af0817dfcedff8521aa836c8fe3882f309f4ba7f
f6ffd36c4c00-PG_MCA_CAP2_Cutoff_All_Institutes_2025_26__1_.pdf,3218,"Aldel Education Trust's St. John College of Engineering & Management, Vevoor, Palghar",0321824110,2025-26,2,Maharashtra,GOPENO,GOPENO,HU,29.9046039,percentile,GOPENO | 20239 | 29.9046039 | Stage-I,79,Other Than Home University Seats Allotted to Other Than Home University Candidates,da59143fdb1280e63a64f21c64fce16a2e09e03357ff5a9aeda811968db18d83
f6ffd36c4c00-PG_MCA_CAP2_Cutoff_All_Institutes_2025_26__1_.pdf,3218,"Aldel Education Trust's St. John College of Engineering & Management, Vevoor, Palghar",0321824110,2025-26,2,Maharashtra,TFWS,TFWS,SL,77.8251197,percentile,TFWS | 7287 | 77.8251197 | Stage-I,79,Other Than Home University Seats Allotted to Other Than Home University Candidates,255e46a8f30174f3fb78784fd954423008cdbe8fe6fe32ec75f2e69fd698e360
f6ffd36c4c00-PG_MCA_CAP2_Cutoff_All_Institutes_2025_26__1_.pdf,3218,"Aldel Education Trust's St. John College of Engineering & Management, Vevoor, Palghar",0321824110,2025-26,2,Maharashtra,MI-MH,MI-MH,MI,13.5402134,percentile,MI-MH | 23346 | 13.5402134 | Stage-MI-MH,79,Minority Seats : Minority Seats Allotted to Non Minority Candidates,8e95b47016b706331a302b424bea3e9b3dc1e57b5edb005b77b2c02a2b7708ef
f6ffd36c4c00-PG_MCA_CAP2_Cutoff_All_Institutes_2025_26__1_.pdf,3221,"Vishnu Waman Thakur Charitable Trust's VIVA Institute of Technology, Virar",0322124110,2025-26,2,Maharashtra,GOPENH,GOPENH,HU,76.9216256,percentile,GOPENH | 7444 | 76.9216256 | Stage-I,80,Home University Seats Allotted to Home University Candidates,5164fde004729e61e5d527eedba7af2ad6e4fb6853a4627850dcba5280edd6f0
f6ffd36c4c00-PG_MCA_CAP2_Cutoff_All_Institutes_2025_26__1_.pdf,3221,"Vishnu Waman Thakur Charitable Trust's VIVA Institute of Technology, Virar",0322124110,2025-26,2,Maharashtra,GSCH,GSCH,HU,53.942159,percentile,GSCH | 14552 | 53.942159 | Stage-I,80,Home University Seats Allotted to Home University Candidates,e36ef0fb937a56a407dd5769d070f8166217d7c453665936a79378443bc1fa90
f6ffd36c4c00-PG_MCA_CAP2_Cutoff_All_Institutes_2025_26__1_.pdf,3221,"Vishnu Waman Thakur Charitable Trust's VIVA Institute of Technology, Virar",0322124110,2025-26,2,Maharashtra,GSTH,GSTH,HU,46.3793819,percentile,GSTH | 16242 | 46.3793819 | Stage-I,80,Home University Seats Allotted to Home University Candidates,701190cd0a725a66b99914a5047859546e6043cd9d97d9df4f6b2b926b6f4f2c
f6ffd36c4c00-PG_MCA_CAP2_Cutoff_All_Institutes_2025_26__1_.pdf,3221,"Vishnu Waman Thakur Charitable Trust's VIVA Institute of Technology, Virar",0322124110,2025-26,2,Maharashtra,GOPENO,GOPENO,HU,56.5488095,percentile,GOPENO | 13865 | 56.5488095 | Stage-I,80,Other Than Home University Seats Allotted to Other Than Home University Candidates,0aea4575f81c15a443df3080923e727fee2c0ca159b11413f08543b19da3a030
f6ffd36c4c00-PG_MCA_CAP2_Cutoff_All_Institutes_2025_26__1_.pdf,3221,"Vishnu Waman Thakur Charitable Trust's VIVA Institute of Technology, Virar",0322124110,2025-26,2,Maharashtra,GSCO,GSCO,HU,46.3793819,percentile,GSCO | 16077 | 46.3793819 | Stage-I,80,Other Than Home University Seats Allotted to Other Than Home University Candidates,2bd56dbb82aeb49dd9354b807a7e22ef217bcf60d9289601fe9b2429159a07e1
f6ffd36c4c00-PG_MCA_CAP2_Cutoff_All_Institutes_2025_26__1_.pdf,3221,"Vishnu Waman Thakur Charitable Trust's VIVA Institute of Technology, Virar",0322124110,2025-26,2,Maharashtra,GNTAO,GNTAO,HU,21.0059952,percentile,GNTAO | 21730 | 21.0059952 | Stage-I,80,Other Than Home University Seats Allotted to Other Than Home University Candidates,583a53152839418b06d913727ce5457471c202c6501086a1b382e4f39b98fb47
f6ffd36c4c00-PG_MCA_CAP2_Cutoff_All_Institutes_2025_26__1_.pdf,3221,"Vishnu Waman Thakur Charitable Trust's VIVA Institute of Technology, Virar",0322124110,2025-26,2,Maharashtra,GSTO,GSTO,HU,67.3579428,percentile,GSTO | 10205 | 67.3579428 | Stage-IV,80,Other Than Home University Seats Allotted to Home University Candidates,7ab578a9702488f4a63c0b2b79fcd7fde006edd2387a05482e9f742b2f6058fc
f6ffd36c4c00-PG_MCA_CAP2_Cutoff_All_Institutes_2025_26__1_.pdf,3221,"Vishnu Waman Thakur Charitable Trust's VIVA Institute of Technology, Virar",0322124110,2025-26,2,Maharashtra,TFWS,TFWS,SL,87.2080299,percentile,TFWS | 4424 | 87.2080299 | Stage-I,81,,0ed2bc3b709ede4deb1cd0b71eb3aa29271b2c3fc401defec4bc44da2cf48325
f6ffd36c4c00-PG_MCA_CAP2_Cutoff_All_Institutes_2025_26__1_.pdf,3223,"Mahatma Education Society's Pillai HOC College of Engineering & Technology, Tal. Khalapur. Dist. Raigad",0322324210,2025-26,2,Maharashtra,GOPENH,GOPENH,HU,82.8308366,percentile,GOPENH | 6033 | 82.8308366 | Stage-I,82,Home University Seats Allotted to Home University Candidates,e8b9969d1370d3a2862507d9a22e15a47e952908191dfbe82223f4a2b52654e7
f6ffd36c4c00-PG_MCA_CAP2_Cutoff_All_Institutes_2025_26__1_.pdf,3223,"Mahatma Education Society's Pillai HOC College of Engineering & Technology, Tal. Khalapur. Dist. Raigad",0322324210,2025-26,2,Maharashtra,GOPENO,GOPENO,HU,16.9789978,percentile,GOPENO | 22547 | 16.9789978 | Stage-I,82,Other Than Home University Seats Allotted to Other Than Home University Candidates,cd9e7cdd71aeea128ef1aeafcbd94558f07d6f9c5f1a788c609ab5c8cd002ba3
f6ffd36c4c00-PG_MCA_CAP2_Cutoff_All_Institutes_2025_26__1_.pdf,3223,"Mahatma Education Society's Pillai HOC College of Engineering & Technology, Tal. Khalapur. Dist. Raigad",0322324210,2025-26,2,Maharashtra,TFWS,TFWS,SL,87.3496474,percentile,TFWS | 3995 | 87.3496474 | Stage-I,82,Other Than Home University Seats Allotted to Other Than Home University Candidates,16cc4f34815bb38dfc48e5b7d7b63f33173f84817b9fd4c21e6867dea24df9dd
f6ffd36c4c00-PG_MCA_CAP2_Cutoff_All_Institutes_2025_26__1_.pdf,3223,"Mahatma Education Society's Pillai HOC College of Engineering & Technology, Tal. Khalapur. Dist. Raigad",0322324210,2025-26,2,Maharashtra,MI-MH,MI-MH,MI,44.5345198,percentile,MI-MH | 16577 | 44.5345198 | Stage-MI-MH,83,Minority Seats : Minority Seats Allotted to Non Minority Candidates,02852f93172fa688547c79fc0cf23faa22831de6f0f98fed83d5759cb8f9e46d
f6ffd36c4c00-PG_MCA_CAP2_Cutoff_All_Institutes_2025_26__1_.pdf,3438,"Aditya Institute of Management Studies & Research, Borivali",0343824110,2025-26,2,Maharashtra,GOPENH,GOPENH,HU,92.3361383,percentile,GOPENH | 2366 | 92.3361383 | Stage-I,84,Home University Seats Allotted to Home University Candidates,49f20901624877b58c78c8137e57d34b892815e195b2203af07871ae21a1ad9d
f6ffd36c4c00-PG_MCA_CAP2_Cutoff_All_Institutes_2025_26__1_.pdf,3438,"Aditya Institute of Management Studies & Research, Borivali",0343824110,2025-26,2,Maharashtra,GOPENO,GOPENO,HU,87.2080299,percentile,GOPENO | 4199 | 87.2080299 | Stage-I,84,Other Than Home University Seats Allotted to Other Than Home University Candidates,3e9631273af45b8f46ca074aa78fe572fdd127f12bad19edca0541e3dd1ab116
f6ffd36c4c00-PG_MCA_CAP2_Cutoff_All_Institutes_2025_26__1_.pdf,3438,"Aditya Institute of Management Studies & Research, Borivali",0343824110,2025-26,2,Maharashtra,TFWS,TFWS,SL,90.7733494,percentile,TFWS | 3008 | 90.7733494 | Stage-I,84,Other Than Home University Seats Allotted to Other Than Home University Candidates,79db3b6e1904918da3e7ff4699a82623826d7c4e8e6e0ded0b64f8802d1aaa05
f6ffd36c4c00-PG_MCA_CAP2_Cutoff_All_Institutes_2025_26__1_.pdf,3438,"Aditya Institute of Management Studies & Research, Borivali",0343824110,2025-26,2,Maharashtra,MI-MH,MI-MH,MI,85.3851665,percentile,MI-MH | 4467 | 85.3851665 | Stage-MI-MH,85,Minority Seats : Minority Seats Allotted to Non Minority Candidates,05bd68704a84bf4cc976e7c977076a841049c16e0cede664a1b3c57036fe8af5
f6ffd36c4c00-PG_MCA_CAP2_Cutoff_All_Institutes_2025_26__1_.pdf,3539,"St. Wilfred's College of Computer Sciences, Mira Road(E)",0353924110,2025-26,2,Maharashtra,GOPENH,GOPENH,HU,69.7143504,percentile,GOPENH | 9991 | 69.7143504 | Stage-I,86,Home University Seats Allotted to Home University Candidates,99b3b0fb4746d66ac0108362a6833ffad6d279a51542e1533a6ccef5af92b05c
f6ffd36c4c00-PG_MCA_CAP2_Cutoff_All_Institutes_2025_26__1_.pdf,3539,"St. Wilfred's College of Computer Sciences, Mira Road(E)",0353924110,2025-26,2,Maharashtra,GSCH,GSCH,HU,41.4550394,percentile,GSCH | 17638 | 41.4550394 | Stage-I,86,Home University Seats Allotted to Home University Candidates,0e76c8f197032e811d9f4cd4114653c6c01b480ee62a59ba31d9e3dbae6bc0e1
f6ffd36c4c00-PG_MCA_CAP2_Cutoff_All_Institutes_2025_26__1_.pdf,3539,"St. Wilfred's College of Computer Sciences, Mira Road(E)",0353924110,2025-26,2,Maharashtra,GSTH,GSTH,HU,15.5994113,percentile,GSTH | 23102 | 15.5994113 | Stage-I,86,Home University Seats Allotted to Home University Candidates,b7dd257d45bd86de6b533a40b8789186ec4f85b8b35de17401afc874b01223eb
f6ffd36c4c00-PG_MCA_CAP2_Cutoff_All_Institutes_2025_26__1_.pdf,3539,"St. Wilfred's College of Computer Sciences, Mira Road(E)",0353924110,2025-26,2,Maharashtra,GOPENO,GOPENO,HU,15.5994113,percentile,GOPENO | 22977 | 15.5994113 | Stage-I,86,Other Than Home University Seats Allotted to Other Than Home University Candidates,ea56550d3b39f54d09f73448c2984f88e9a39247a7e036e51f14ebb8b9833bdb
f6ffd36c4c00-PG_MCA_CAP2_Cutoff_All_Institutes_2025_26__1_.pdf,3539,"St. Wilfred's College of Computer Sciences, Mira Road(E)",0353924110,2025-26,2,Maharashtra,GOBCO,GOBCO,HU,10.5199653,percentile,GOBCO | 23708 | 10.5199653 | Stage-I,86,Other Than Home University Seats Allotted to Other Than Home University Candidates,55bbb5e523a8051ee9cc99a1397dd68142f2813ad283ced967a35826502215bc
f6ffd36c4c00-PG_MCA_CAP2_Cutoff_All_Institutes_2025_26__1_.pdf,3539,"St. Wilfred's College of Computer Sciences, Mira Road(E)",0353924110,2025-26,2,Maharashtra,GSTO,GSTO,HU,13.5402134,percentile,GSTO | 23328 | 13.5402134 | Stage-IV,86,Other Than Home University Seats Allotted to Home University Candidates,1e71c0900f2c3da1dcd5ac1f9a8bb02d2aa80ba14f295cedfc0a70fdb90d65e0
f6ffd36c4c00-PG_MCA_CAP2_Cutoff_All_Institutes_2025_26__1_.pdf,3539,"St. Wilfred's College of Computer Sciences, Mira Road(E)",0353924110,2025-26,2,Maharashtra,GNTBO,GNTBO,HU,13.5402134,percentile,GNTBO | 23410 | 13.5402134 | Stage-IV,86,Other Than Home University Seats Allotted to Home University Candidates,679a2b411734b75e75d95f4124fcd66a304697affa340a9cfeb12d85f579d637
f6ffd36c4c00-PG_MCA_CAP2_Cutoff_All_Institutes_2025_26__1_.pdf,3539,"St. Wilfred's College of Computer Sciences, Mira Road(E)",0353924110,2025-26,2,Maharashtra,GNTCO,GNTCO,HU,12.4750009,percentile,GNTCO | 23541 | 12.4750009 | Stage-IV,86,Other Than Home University Seats Allotted to Home University Candidates,ee95f299ca9b1251c57de565f0a73391f7bb47195adc420fa732d499772cab9f
f6ffd36c4c00-PG_MCA_CAP2_Cutoff_All_Institutes_2025_26__1_.pdf,3539,"St. Wilfred's College of Computer Sciences, Mira Road(E)",0353924110,2025-26,2,Maharashtra,GNTDO,GNTDO,HU,10.5199653,percentile,GNTDO | 23898 | 10.5199653 | Stage-IV,86,Other Than Home University Seats Allotted to Home University Candidates,55b7183d67aebde13b95d90da5bda15eb1667743182c5ee9403006b4a62b17aa
f6ffd36c4c00-PG_MCA_CAP2_Cutoff_All_Institutes_2025_26__1_.pdf,3539,"St. Wilfred's College of Computer Sciences, Mira Road(E)",0353924110,2025-26,2,Maharashtra,GOBCO,GOBCO,HU,0.3883715,percentile,GOBCO | 25441 | 0.3883715 | Stage-IV,86,Other Than Home University Seats Allotted to Home University Candidates,f1562f51bf6248c705e707106bc3c2907bfd49a99d769f413ee69cb2f7204ba5
f6ffd36c4c00-PG_MCA_CAP2_Cutoff_All_Institutes_2025_26__1_.pdf,3651,KANDIVLI EDUCATION SOCIETY'S B K SHROFF COLLEGE OF ARTS AND M H SHROFF COLLEGE OF COMMERCE,0365124110,2025-26,2,Maharashtra,GOPENH,GOPENH,HU,93.5511867,percentile,GOPENH | 1964 | 93.5511867 | Stage-I,87,Home University Seats Allotted to Home University Candidates,4291d48b29e17a252b1f013ddb24012e01e61a014d3f3cdd1be1bfa2e5f2a01a
f6ffd36c4c00-PG_MCA_CAP2_Cutoff_All_Institutes_2025_26__1_.pdf,3651,KANDIVLI EDUCATION SOCIETY'S B K SHROFF COLLEGE OF ARTS AND M H SHROFF COLLEGE OF COMMERCE,0365124110,2025-26,2,Maharashtra,GOPENO,GOPENO,HU,74.782248,percentile,GOPENO | 8393 | 74.782248 | Stage-I,87,Other Than Home University Seats Allotted to Other Than Home University Candidates,4cd3c62fed249a5336f79f4b2a1904da6cca8ea55f8f7974481ab43f23ff504f
f6ffd36c4c00-PG_MCA_CAP2_Cutoff_All_Institutes_2025_26__1_.pdf,3651,KANDIVLI EDUCATION SOCIETY'S B K SHROFF COLLEGE OF ARTS AND M H SHROFF COLLEGE OF COMMERCE,0365124110,2025-26,2,Maharashtra,TFWS,TFWS,SL,92.1797821,percentile,TFWS | 2549 | 92.1797821 | Stage-I,87,Other Than Home University Seats Allotted to Other Than Home University Candidates,6b9bcb4cb9874c2d8a0b54e02aeda8b48f24ceb408f9707fea48b751ffafdd14
f6ffd36c4c00-PG_MCA_CAP2_Cutoff_All_Institutes_2025_26__1_.pdf,3651,KANDIVLI EDUCATION SOCIETY'S B K SHROFF COLLEGE OF ARTS AND M H SHROFF COLLEGE OF COMMERCE,0365124110,2025-26,2,Maharashtra,MI-MH,MI-MH,MI,77.8251197,percentile,MI-MH | 7296 | 77.8251197 | Stage-MI-MH,88,Minority Seats : Minority Seats Allotted to Non Minority Candidates,a3fc739ed10bd045a401a64a00dd3c874507ab6a7ecca1dca737835a3b24e5c5
f6ffd36c4c00-PG_MCA_CAP2_Cutoff_All_Institutes_2025_26__1_.pdf,4003,"Inter Institutional Computer Center and Dept. of Computer Science & Electronics, RTM Nagpur University",0400324110,2025-26,2,Maharashtra,GOPENH,GOPENH,HU,93.405226,percentile,GOPENH | 2124 | 93.405226 | Stage-I,89,Home University Seats Allotted to Home University Candidates,f1fd4ccffa9b8f68712a2672621b6ba7b99d5e2b1fb1dd5a19002273ae6307d7
f6ffd36c4c00-PG_MCA_CAP2_Cutoff_All_Institutes_2025_26__1_.pdf,4003,"Inter Institutional Computer Center and Dept. of Computer Science & Electronics, RTM Nagpur University",0400324110,2025-26,2,Maharashtra,GSCH,GSCH,HU,85.3851665,percentile,GSCH | 4498 | 85.3851665 | Stage-I,89,Home University Seats Allotted to Home University Candidates,17e1abacf163d1ce18c05b378c1ceb33778c09b4af1354c5b138a159ceeab44a
f6ffd36c4c00-PG_MCA_CAP2_Cutoff_All_Institutes_2025_26__1_.pdf,4003,"Inter Institutional Computer Center and Dept. of Computer Science & Electronics, RTM Nagpur University",0400324110,2025-26,2,Maharashtra,GSTH,GSTH,HU,36.496736,percentile,GSTH | 18244 | 36.496736 | Stage-I,89,Home University Seats Allotted to Home University Candidates,abfe05ef47958eaddd835ac5033dc9818392585b448ad1e0516434ba67c90947
f6ffd36c4c00-PG_MCA_CAP2_Cutoff_All_Institutes_2025_26__1_.pdf,4003,"Inter Institutional Computer Center and Dept. of Computer Science & Electronics, RTM Nagpur University",0400324110,2025-26,2,Maharashtra,GOBCH,GOBCH,HU,92.1797821,percentile,GOBCH | 2636 | 92.1797821 | Stage-I,89,Home University Seats Allotted to Home University Candidates,8840c8d95b7aea4f72ecde13fb4918d74fe259582868da52f51e56a3b84c49c4
f6ffd36c4c00-PG_MCA_CAP2_Cutoff_All_Institutes_2025_26__1_.pdf,4003,"Inter Institutional Computer Center and Dept. of Computer Science & Electronics, RTM Nagpur University",0400324110,2025-26,2,Maharashtra,GOPENO,GOPENO,HU,93.405226,percentile,GOPENO | 2163 | 93.405226 | Stage-I,89,Other Than Home University Seats Allotted to Other Than Home University Candidates,5b23e90bb74d97f5071b7da7ec6a4bec3af069ddf7658f1e381212283a76de62
f6ffd36c4c00-PG_MCA_CAP2_Cutoff_All_Institutes_2025_26__1_.pdf,4003,"Inter Institutional Computer Center and Dept. of Computer Science & Electronics, RTM Nagpur University",0400324110,2025-26,2,Maharashtra,GOBCO,GOBCO,HU,92.3361383,percentile,GOBCO | 2246 | 92.3361383 | Stage-I,89,Other Than Home University Seats Allotted to Other Than Home University Candidates,ce40e10aed00a2f9492bef411f1e447cbf83a59b4a7edef5029cf25e6d401e63
f6ffd36c4c00-PG_MCA_CAP2_Cutoff_All_Institutes_2025_26__1_.pdf,4003,"Inter Institutional Computer Center and Dept. of Computer Science & Electronics, RTM Nagpur University",0400324110,2025-26,2,Maharashtra,EWS,EWS,SL,87.2080299,percentile,EWS | 4261 | 87.2080299 | Stage-I,89,Other Than Home University Seats Allotted to Other Than Home University Candidates,f65e38cf1c5b2aaabda7df1bfd876082105d7ede91311ac19cfcfb31d2c264ff
f6ffd36c4c00-PG_MCA_CAP2_Cutoff_All_Institutes_2025_26__1_.pdf,4003,"Inter Institutional Computer Center and Dept. of Computer Science & Electronics, RTM Nagpur University",0400324110,2025-26,2,Maharashtra,TFWS,TFWS,SL,95.2942951,percentile,TFWS | 1396 | 95.2942951 | Stage-I,89,Other Than Home University Seats Allotted to Other Than Home University Candidates,7d00a8a405fd139feacfdf6b7e40841824d5160c884c4b252ebeedfb353d460b
f6ffd36c4c00-PG_MCA_CAP2_Cutoff_All_Institutes_2025_26__1_.pdf,4124,"Amar Seva Mandal's Kamla Nehru Mahavidyalaya, Nagpur",0412424110,2025-26,2,Maharashtra,GOPENH,GOPENH,HU,58.7911466,percentile,GOPENH | 12953 | 58.7911466 | Stage-I,90,Home University Seats Allotted to Home University Candidates,88851a94bc7779b5999e1b6c58db45fa826bfa5d740eb05c9f887a0958b65390
f6ffd36c4c00-PG_MCA_CAP2_Cutoff_All_Institutes_2025_26__1_.pdf,4124,"Amar Seva Mandal's Kamla Nehru Mahavidyalaya, Nagpur",0412424110,2025-26,2,Maharashtra,GSCH,GSCH,HU,49.3533426,percentile,GSCH | 15425 | 49.3533426 | Stage-I,90,Home University Seats Allotted to Home University Candidates,0267428c69e6a33c5a2800815e8d39c342a43b16b9e57cf799b9c3d1f0280e9b
f6ffd36c4c00-PG_MCA_CAP2_Cutoff_All_Institutes_2025_26__1_.pdf,4124,"Amar Seva Mandal's Kamla Nehru Mahavidyalaya, Nagpur",0412424110,2025-26,2,Maharashtra,GSTH,GSTH,HU,39.3989669,percentile,GSTH | 18081 | 39.3989669 | Stage-I,90,Home University Seats Allotted to Home University Candidates,e854e7765fc3f7cbc48e3d441c55d1ed838bc67c247c9ad901e265fb50c6b002
f6ffd36c4c00-PG_MCA_CAP2_Cutoff_All_Institutes_2025_26__1_.pdf,4124,"Amar Seva Mandal's Kamla Nehru Mahavidyalaya, Nagpur",0412424110,2025-26,2,Maharashtra,GNTAH,GNTAH,HU,53.942159,percentile,GNTAH | 14446 | 53.942159 | Stage-I,90,Home University Seats Allotted to Home University Candidates,7e51b6ab9b740896d12bbe38b0145f8b37ee05127d55d7b1b40c6ce7fa7c4237
f6ffd36c4c00-PG_MCA_CAP2_Cutoff_All_Institutes_2025_26__1_.pdf,4124,"Amar Seva Mandal's Kamla Nehru Mahavidyalaya, Nagpur",0412424110,2025-26,2,Maharashtra,GOPENO,GOPENO,HU,41.4550394,percentile,GOPENO | 17073 | 41.4550394 | Stage-I,90,Other Than Home University Seats Allotted to Other Than Home University Candidates,64ed48d1af4ce995f80402b5fd0d4b6458b5f38bad3a5b816fb876215f95b192
f6ffd36c4c00-PG_MCA_CAP2_Cutoff_All_Institutes_2025_26__1_.pdf,4124,"Amar Seva Mandal's Kamla Nehru Mahavidyalaya, Nagpur",0412424110,2025-26,2,Maharashtra,GSCO,GSCO,HU,5.5960152,percentile,GSCO | 24714 | 5.5960152 | Stage-I,90,Other Than Home University Seats Allotted to Other Than Home University Candidates,5a7df3ba54c30263c51710ceaf2124fabccb512dfa3c1529960d3409f73a0534
f6ffd36c4c00-PG_MCA_CAP2_Cutoff_All_Institutes_2025_26__1_.pdf,4124,"Amar Seva Mandal's Kamla Nehru Mahavidyalaya, Nagpur",0412424110,2025-26,2,Maharashtra,GSTO,GSTO,HU,36.496736,percentile,GSTO | 18628 | 36.496736 | Stage-I,90,Other Than Home University Seats Allotted to Other Than Home University Candidates,6644f809779bc634cfc6f8adce7f06cc235d84c8e23ce9324dfac6af95a3a2fa
f6ffd36c4c00-PG_MCA_CAP2_Cutoff_All_Institutes_2025_26__1_.pdf,4128,"Ranibai Agnihotri Institute of Computer Information Technology, Wardha",0412824110,2025-26,2,Maharashtra,GOPENH,GOPENH,HU,29.9046039,percentile,GOPENH | 20291 | 29.9046039 | Stage-I,91,Home University Seats Allotted to Home University Candidates,f37d2da655ee573adf8f72e023680b4f46337f8b82217b6f3703c39a1f3f7ad6
f6ffd36c4c00-PG_MCA_CAP2_Cutoff_All_Institutes_2025_26__1_.pdf,4128,"Ranibai Agnihotri Institute of Computer Information Technology, Wardha",0412824110,2025-26,2,Maharashtra,GSTH,GSTH,HU,23.1010151,percentile,GSTH | 21427 | 23.1010151 | Stage-I,91,Home University Seats Allotted to Home University Candidates,1ec920899359a798337bd990ad01e18031826a3b91bfa95580c4f96a662d6eee
f6ffd36c4c00-PG_MCA_CAP2_Cutoff_All_Institutes_2025_26__1_.pdf,4128,"Ranibai Agnihotri Institute of Computer Information Technology, Wardha",0412824110,2025-26,2,Maharashtra,GOPENO,GOPENO,HU,67.3579428,percentile,GOPENO | 10657 | 67.3579428 | Stage-I,91,Other Than Home University Seats Allotted to Other Than Home University Candidates,022d333b128e55acaf92c17f906f9afae814b3341945a60bc3ebf5652e9c6ab0
f6ffd36c4c00-PG_MCA_CAP2_Cutoff_All_Institutes_2025_26__1_.pdf,4128,"Ranibai Agnihotri Institute of Computer Information Technology, Wardha",0412824110,2025-26,2,Maharashtra,GSTO,GSTO,HU,7.4072677,percentile,GSTO | 24325 | 7.4072677 | Stage-I,91,Other Than Home University Seats Allotted to Other Than Home University Candidates,abc10c29b7f20e2a16084f8b7fdef94b5600901ea590667b1ed3caf2c16a0831
f6ffd36c4c00-PG_MCA_CAP2_Cutoff_All_Institutes_2025_26__1_.pdf,4128,"Ranibai Agnihotri Institute of Computer Information Technology, Wardha",0412824110,2025-26,2,Maharashtra,GSCO,GSCO,HU,7.9446476,percentile,GSCO | 24274 | 7.9446476 | Stage-I,91,Other Than Home University Seats Allotted to Home University Candidates,00587ebf3abbd1f29d04336d447bde9adc972ebde4b46af4ec7f8c09a7b23692
f6ffd36c4c00-PG_MCA_CAP2_Cutoff_All_Institutes_2025_26__1_.pdf,4133,"Sanmarg Shikshan Sanstha's Smt. Radhikatai Pandav College of Engineering, Nagpur",0413324110,2025-26,2,Maharashtra,GOPENH,GOPENH,HU,44.5345198,percentile,GOPENH | 16445 | 44.5345198 | Stage-I,92,Home University Seats Allotted to Home University Candidates,be2b61f8bd1e741123c83fd4bda3bc085ae80f7816f779354cea7d91cb8ac794
f6ffd36c4c00-PG_MCA_CAP2_Cutoff_All_Institutes_2025_26__1_.pdf,4133,"Sanmarg Shikshan Sanstha's Smt. Radhikatai Pandav College of Engineering, Nagpur",0413324110,2025-26,2,Maharashtra,GSCH,GSCH,HU,7.4072677,percentile,GSCH | 24406 | 7.4072677 | Stage-I,92,Home University Seats Allotted to Home University Candidates,584a9bf3ecc799b6eefb0110e98b30394f56bc9d4859fba2170e8729441bc866
f6ffd36c4c00-PG_MCA_CAP2_Cutoff_All_Institutes_2025_26__1_.pdf,4133,"Sanmarg Shikshan Sanstha's Smt. Radhikatai Pandav College of Engineering, Nagpur",0413324110,2025-26,2,Maharashtra,GSTH,GSTH,HU,21.0059952,percentile,GSTH | 21906 | 21.0059952 | Stage-I,92,Home University Seats Allotted to Home University Candidates,0d7ec1599157f00159ce7596aab12ab5fafa159f31c5595350f3a153b5035baa
f6ffd36c4c00-PG_MCA_CAP2_Cutoff_All_Institutes_2025_26__1_.pdf,4133,"Sanmarg Shikshan Sanstha's Smt. Radhikatai Pandav College of Engineering, Nagpur",0413324110,2025-26,2,Maharashtra,GNTBH,GNTBH,HU,39.3989669,percentile,GNTBH | 18148 | 39.3989669 | Stage-I,92,Home University Seats Allotted to Home University Candidates,97c87b910987da38f482109f764aa13ca7b11148b3d72e3a294fbe37cdb27ca9
f6ffd36c4c00-PG_MCA_CAP2_Cutoff_All_Institutes_2025_26__1_.pdf,4133,"Sanmarg Shikshan Sanstha's Smt. Radhikatai Pandav College of Engineering, Nagpur",0413324110,2025-26,2,Maharashtra,GOPENO,GOPENO,HU,67.3579428,percentile,GOPENO | 10445 | 67.3579428 | Stage-I,92,Other Than Home University Seats Allotted to Other Than Home University Candidates,40b211280685c74cfa231de993fd6f134e44c527f988da8d2210d33ec661b076
f6ffd36c4c00-PG_MCA_CAP2_Cutoff_All_Institutes_2025_26__1_.pdf,4133,"Sanmarg Shikshan Sanstha's Smt. Radhikatai Pandav College of Engineering, Nagpur",0413324110,2025-26,2,Maharashtra,GSCO,GSCO,HU,25.4779232,percentile,GSCO | 20941 | 25.4779232 | Stage-I,92,Other Than Home University Seats Allotted to Other Than Home University Candidates,e59d3864b747294b953c4c4578fb0c20d488e78d45092dcbde6b250b95af4fc1
f6ffd36c4c00-PG_MCA_CAP2_Cutoff_All_Institutes_2025_26__1_.pdf,4133,"Sanmarg Shikshan Sanstha's Smt. Radhikatai Pandav College of Engineering, Nagpur",0413324110,2025-26,2,Maharashtra,GSTO,GSTO,HU,39.3989669,percentile,GSTO | 17832 | 39.3989669 | Stage-I,92,Other Than Home University Seats Allotted to Other Than Home University Candidates,7eb531e81c4fd216c1866e3f598843c8a4262869892bb40d4c2e40e3210cdff2
f6ffd36c4c00-PG_MCA_CAP2_Cutoff_All_Institutes_2025_26__1_.pdf,4133,"Sanmarg Shikshan Sanstha's Smt. Radhikatai Pandav College of Engineering, Nagpur",0413324110,2025-26,2,Maharashtra,TFWS,TFWS,SL,90.9663786,percentile,TFWS | 2792 | 90.9663786 | Stage-I,92,Other Than Home University Seats Allotted to Other Than Home University Candidates,72eb9d719786a10b434424f9f198b707d7edfb43e521c6ec74c45ffe4f84d7c6
f6ffd36c4c00-PG_MCA_CAP2_Cutoff_All_Institutes_2025_26__1_.pdf,4137,"Sir Shantilal Badjate Charitable Trust's S. B. Jain Institute of technology, Management & Research, Nagpur",0413724210,2025-26,2,Maharashtra,GOPENH,GOPENH,HU,69.7143504,percentile,GOPENH | 9899 | 69.7143504 | Stage-I,93,Home University Seats Allotted to Home University Candidates,70d1b12392e31f59a37554ac0c4182947add1ea59b3a2fd9317367284905d23a
f6ffd36c4c00-PG_MCA_CAP2_Cutoff_All_Institutes_2025_26__1_.pdf,4137,"Sir Shantilal Badjate Charitable Trust's S. B. Jain Institute of technology, Management & Research, Nagpur",0413724210,2025-26,2,Maharashtra,GOPENO,GOPENO,HU,39.3989669,percentile,GOPENO | 17915 | 39.3989669 | Stage-I,93,Other Than Home University Seats Allotted to Other Than Home University Candidates,c1d1622c1b931326cc637c399daf999449a6ce1ba4813b76f55e1cce1cb966a3
f6ffd36c4c00-PG_MCA_CAP2_Cutoff_All_Institutes_2025_26__1_.pdf,4137,"Sir Shantilal Badjate Charitable Trust's S. B. Jain Institute of technology, Management & Research, Nagpur",0413724210,2025-26,2,Maharashtra,MI-MH,MI-MH,MI,51.4093808,percentile,MI-MH | 14920 | 51.4093808 | Stage-MI-MH,93,Minority Seats : Minority Seats Allotted to Non Minority Candidates,9a2bdaba4be28256129070ed226d9e368fd2932d6d3201872e3bf48cf34df791
f6ffd36c4c00-PG_MCA_CAP2_Cutoff_All_Institutes_2025_26__1_.pdf,4138,"Jaidev Education Society, J D College of Engineering and Management, Nagpur",0413824110,2025-26,2,Maharashtra,GOPENH,GOPENH,HU,44.5345198,percentile,GOPENH | 16771 | 44.5345198 | Stage-I,94,Home University Seats Allotted to Home University Candidates,c5178e1417cab83fe2b8b412858a33f71e25ef5cd2df162bfcf20a91c14eb27c
f6ffd36c4c00-PG_MCA_CAP2_Cutoff_All_Institutes_2025_26__1_.pdf,4138,"Jaidev Education Society, J D College of Engineering and Management, Nagpur",0413824110,2025-26,2,Maharashtra,GOPENO,GOPENO,HU,21.0059952,percentile,GOPENO | 21814 | 21.0059952 | Stage-I,94,Other Than Home University Seats Allotted to Other Than Home University Candidates,ed8d058cbad9618bcc81d4ba2e44277ae2ff47330f82f7d5abd09d833023f58b
f6ffd36c4c00-PG_MCA_CAP2_Cutoff_All_Institutes_2025_26__1_.pdf,4138,"Jaidev Education Society, J D College of Engineering and Management, Nagpur",0413824110,2025-26,2,Maharashtra,TFWS,TFWS,SL,65.8578922,percentile,TFWS | 10836 | 65.8578922 | Stage-I,94,Other Than Home University Seats Allotted to Other Than Home University Candidates,2ef635a7ed03077fed1424fc208748c25b73d7d3f3d9612aad25096aaa38402d
f6ffd36c4c00-PG_MCA_CAP2_Cutoff_All_Institutes_2025_26__1_.pdf,4138,"Jaidev Education Society, J D College of Engineering and Management, Nagpur",0413824110,2025-26,2,Maharashtra,MI-MH,MI-MH,MI,5.5960152,percentile,MI-MH | 24640 | 5.5960152 | Stage-MI-MH,95,Minority Seats : Minority Seats Allotted to Non Minority Candidates,3eb7d5c0fb71623720ebe03066790c4f5ece8d913b0a677d71db9cfef73055af
f6ffd36c4c00-PG_MCA_CAP2_Cutoff_All_Institutes_2025_26__1_.pdf,4142,"G H Raisoni College of Engineering & Management, Nagpur",0414224110,2025-26,2,Maharashtra,GOPENH,GOPENH,HU,80.5399495,percentile,GOPENH | 6200 | 80.5399495 | Stage-I,96,Home University Seats Allotted to Home University Candidates,d8b7fec3711e0a22bd4a33d979507b939da8596eac12f8dba50e05f4329d89c5
f6ffd36c4c00-PG_MCA_CAP2_Cutoff_All_Institutes_2025_26__1_.pdf,4142,"G H Raisoni College of Engineering & Management, Nagpur",0414224110,2025-26,2,Maharashtra,GOPENO,GOPENO,HU,76.9216256,percentile,GOPENO | 7488 | 76.9216256 | Stage-I,96,Other Than Home University Seats Allotted to Other Than Home University Candidates,fcb49dc1107bdd96ad735929930ba7f7d38bf8109efdab7c8a53442b8c69a5ef
f6ffd36c4c00-PG_MCA_CAP2_Cutoff_All_Institutes_2025_26__1_.pdf,4142,"G H Raisoni College of Engineering & Management, Nagpur",0414224110,2025-26,2,Maharashtra,TFWS,TFWS,SL,92.3361383,percentile,TFWS | 2409 | 92.3361383 | Stage-I,96,Other Than Home University Seats Allotted to Other Than Home University Candidates,20f63b46b63405d0c7d4a93fa2bef80522888e36f59ab61647fa26a7be600c75
f6ffd36c4c00-PG_MCA_CAP2_Cutoff_All_Institutes_2025_26__1_.pdf,4142,"G H Raisoni College of Engineering & Management, Nagpur",0414224110,2025-26,2,Maharashtra,MI-MH,MI-MH,MI,69.7143504,percentile,MI-MH | 10074 | 69.7143504 | Stage-MI-MH,97,Minority Seats : Minority Seats Allotted to Non Minority Candidates,a1a1dc5c48be90a6f9d9398e4a521f8719c5e37d057cedda76ba3ccaea4cdd93
f6ffd36c4c00-PG_MCA_CAP2_Cutoff_All_Institutes_2025_26__1_.pdf,4145,"Wainganga College of Engineering and Management, Dongargaon, Nagpur",0414524110,2025-26,2,Maharashtra,GOPENH,GOPENH,HU,46.3793819,percentile,GOPENH | 16213 | 46.3793819 | Stage-I,98,Home University Seats Allotted to Home University Candidates,c0f48dcf0d61fe45c13b531b30f01dd899f9a18bf3d207d7c33821efdfec1c95
f6ffd36c4c00-PG_MCA_CAP2_Cutoff_All_Institutes_2025_26__1_.pdf,4145,"Wainganga College of Engineering and Management, Dongargaon, Nagpur",0414524110,2025-26,2,Maharashtra,GSCH,GSCH,HU,13.5402134,percentile,GSCH | 23300 | 13.5402134 | Stage-I,98,Home University Seats Allotted to Home University Candidates,1a4b5bec05c11f0e82b6caebbedb1db2f432ce9bfffcc779992ed6eae59899d7
f6ffd36c4c00-PG_MCA_CAP2_Cutoff_All_Institutes_2025_26__1_.pdf,4145,"Wainganga College of Engineering and Management, Dongargaon, Nagpur",0414524110,2025-26,2,Maharashtra,GSTH,GSTH,HU,7.9446476,percentile,GSTH | 24147 | 7.9446476 | Stage-I,98,Home University Seats Allotted to Home University Candidates,fbfedec92dc726e31e41c3dd5bb3b4ff4bd4abb19ba8732b7bdfa55dd3afc044
f6ffd36c4c00-PG_MCA_CAP2_Cutoff_All_Institutes_2025_26__1_.pdf,4145,"Wainganga College of Engineering and Management, Dongargaon, Nagpur",0414524110,2025-26,2,Maharashtra,GNTAH,GNTAH,HU,9.7430286,percentile,GNTAH | 24096 | 9.7430286 | Stage-I,98,Home University Seats Allotted to Home University Candidates,7209e5c98d6e63605be4f9d1a7d29f6f6d605b4008fcaf7eef02d772765e313a
f6ffd36c4c00-PG_MCA_CAP2_Cutoff_All_Institutes_2025_26__1_.pdf,4145,"Wainganga College of Engineering and Management, Dongargaon, Nagpur",0414524110,2025-26,2,Maharashtra,GNTBH,GNTBH,HU,21.0059952,percentile,GNTBH | 21882 | 21.0059952 | Stage-I,98,Home University Seats Allotted to Home University Candidates,509aac77dfae3984283bf4584f15657c732d70f84bce00a6f4756036928ee52c
f6ffd36c4c00-PG_MCA_CAP2_Cutoff_All_Institutes_2025_26__1_.pdf,4145,"Wainganga College of Engineering and Management, Dongargaon, Nagpur",0414524110,2025-26,2,Maharashtra,GOPENO,GOPENO,HU,65.8578922,percentile,GOPENO | 10967 | 65.8578922 | Stage-I,98,Other Than Home University Seats Allotted to Other Than Home University Candidates,5f14b9017834d0d44ba097f570a9754f36b58a9a3fb0fb05d7240e6c5fa64498
f6ffd36c4c00-PG_MCA_CAP2_Cutoff_All_Institutes_2025_26__1_.pdf,4145,"Wainganga College of Engineering and Management, Dongargaon, Nagpur",0414524110,2025-26,2,Maharashtra,GSCO,GSCO,HU,25.4779232,percentile,GSCO | 20994 | 25.4779232 | Stage-I,98,Other Than Home University Seats Allotted to Other Than Home University Candidates,4b9744759220f1a78a94cce526fa46080de4314caa62c94050a76ab85c97daf8
f6ffd36c4c00-PG_MCA_CAP2_Cutoff_All_Institutes_2025_26__1_.pdf,4145,"Wainganga College of Engineering and Management, Dongargaon, Nagpur",0414524110,2025-26,2,Maharashtra,GSTO,GSTO,HU,41.4550394,percentile,GSTO | 17633 | 41.4550394 | Stage-I,98,Other Than Home University Seats Allotted to Other Than Home University Candidates,eb477789ae31c72f6e9534697721dbafe256447e947889dbf4ebd8bfcf2d7b49
f6ffd36c4c00-PG_MCA_CAP2_Cutoff_All_Institutes_2025_26__1_.pdf,4145,"Wainganga College of Engineering and Management, Dongargaon, Nagpur",0414524110,2025-26,2,Maharashtra,EWS,EWS,SL,41.4550394,percentile,EWS | 17570 | 41.4550394 | Stage-I,98,Other Than Home University Seats Allotted to Other Than Home University Candidates,ff55655f123ae8139f4b022054a4334bcdddf001ce207c69da375a256b00148b
f6ffd36c4c00-PG_MCA_CAP2_Cutoff_All_Institutes_2025_26__1_.pdf,4145,"Wainganga College of Engineering and Management, Dongargaon, Nagpur",0414524110,2025-26,2,Maharashtra,TFWS,TFWS,SL,49.3533426,percentile,TFWS | 15643 | 49.3533426 | Stage-I,98,Other Than Home University Seats Allotted to Other Than Home University Candidates,eeebcfbb7726cae7c243c983b9e41cdbfef14befbe523d149d2e67ac5cb9a01e
f6ffd36c4c00-PG_MCA_CAP2_Cutoff_All_Institutes_2025_26__1_.pdf,4147,"K.D.K. College of Engineering, Nagpur",0414724110,2025-26,2,Maharashtra,GOPENH,GOPENH,HU,67.3579428,percentile,GOPENH | 10493 | 67.3579428 | Stage-I,99,Home University Seats Allotted to Home University Candidates,fdf3a2290750e78c3d95ef227cbc76d01fb4c576c0f7355b57d58ebcb670f95e
f6ffd36c4c00-PG_MCA_CAP2_Cutoff_All_Institutes_2025_26__1_.pdf,4147,"K.D.K. College of Engineering, Nagpur",0414724110,2025-26,2,Maharashtra,GSCH,GSCH,HU,61.2807064,percentile,GSCH | 12401 | 61.2807064 | Stage-I,99,Home University Seats Allotted to Home University Candidates,6712c60cc28af936b980ab8381f0d650eaa405a1a7a690b6b1162362ecdcd464
f6ffd36c4c00-PG_MCA_CAP2_Cutoff_All_Institutes_2025_26__1_.pdf,4147,"K.D.K. College of Engineering, Nagpur",0414724110,2025-26,2,Maharashtra,GSTH,GSTH,HU,65.8578922,percentile,GSTH | 10900 | 65.8578922 | Stage-I,99,Home University Seats Allotted to Home University Candidates,02c369469d4f4c6d6e305f6169dba18adb1c8f7e651fe3b7303e9c6b2b0f8472
f6ffd36c4c00-PG_MCA_CAP2_Cutoff_All_Institutes_2025_26__1_.pdf,4147,"K.D.K. College of Engineering, Nagpur",0414724110,2025-26,2,Maharashtra,GOPENO,GOPENO,HU,67.3579428,percentile,GOPENO | 10453 | 67.3579428 | Stage-I,99,Other Than Home University Seats Allotted to Other Than Home University Candidates,61750a137e03d837dd3e62ceac496ca38ba6bcc6224e719188b613af2a01f509
f6ffd36c4c00-PG_MCA_CAP2_Cutoff_All_Institutes_2025_26__1_.pdf,4147,"K.D.K. College of Engineering, Nagpur",0414724110,2025-26,2,Maharashtra,GSCO,GSCO,HU,31.6629561,percentile,GSCO | 19431 | 31.6629561 | Stage-I,99,Other Than Home University Seats Allotted to Other Than Home University Candidates,9ef2994ccd3c75d5b457f35c9d8b57845285be7982d8ae1fad63aa3612d06443
f6ffd36c4c00-PG_MCA_CAP2_Cutoff_All_Institutes_2025_26__1_.pdf,4147,"K.D.K. College of Engineering, Nagpur",0414724110,2025-26,2,Maharashtra,GSTO,GSTO,HU,58.7911466,percentile,GSTO | 12834 | 58.7911466 | Stage-I,99,Other Than Home University Seats Allotted to Other Than Home University Candidates,368c8c39005a4ba8ce17bab9adac8c4aae3fd9bc4805a608fa1d72e0dedc09b9
f6ffd36c4c00-PG_MCA_CAP2_Cutoff_All_Institutes_2025_26__1_.pdf,4147,"K.D.K. College of Engineering, Nagpur",0414724110,2025-26,2,Maharashtra,TFWS,TFWS,SL,82.9644433,percentile,TFWS | 5279 | 82.9644433 | Stage-I,99,Other Than Home University Seats Allotted to Other Than Home University Candidates,96ad4375681b3c8d5748ddd1cd656b38b18832280862b12a6286f931ab1db814
f6ffd36c4c00-PG_MCA_CAP2_Cutoff_All_Institutes_2025_26__1_.pdf,4151,"Tulsiramji Gaikwad Patil College of Engineering & Technology, Nagpur",0415124110,2025-26,2,Maharashtra,GOPENH,GOPENH,HU,46.3793819,percentile,GOPENH | 16146 | 46.3793819 | Stage-I,100,Home University Seats Allotted to Home University Candidates,638bc7029a7cb9974f1318af461e6dfd0c91bca00112f99e4d075bb8e1bbd077
f6ffd36c4c00-PG_MCA_CAP2_Cutoff_All_Institutes_2025_26__1_.pdf,4151,"Tulsiramji Gaikwad Patil College of Engineering & Technology, Nagpur",0415124110,2025-26,2,Maharashtra,GSCH,GSCH,HU,16.9789978,percentile,GSCH | 22519 | 16.9789978 | Stage-I,100,Home University Seats Allotted to Home University Candidates,0f8e75ef5a4cdb6e977442cf0d19812454e7ca3c660b752087325757a04bf560
f6ffd36c4c00-PG_MCA_CAP2_Cutoff_All_Institutes_2025_26__1_.pdf,4151,"Tulsiramji Gaikwad Patil College of Engineering & Technology, Nagpur",0415124110,2025-26,2,Maharashtra,GSTH,GSTH,HU,12.4750009,percentile,GSTH | 23664 | 12.4750009 | Stage-I,100,Home University Seats Allotted to Home University Candidates,a1e039880a917265c4047d6e1199294529c7185d1a26e044370794be1aaa0299
f6ffd36c4c00-PG_MCA_CAP2_Cutoff_All_Institutes_2025_26__1_.pdf,4151,"Tulsiramji Gaikwad Patil College of Engineering & Technology, Nagpur",0415124110,2025-26,2,Maharashtra,GNTAH,GNTAH,HU,34.5198145,percentile,GNTAH | 19315 | 34.5198145 | Stage-I,100,Home University Seats Allotted to Home University Candidates,c6f48c028c9d120d2d34a037502e8a2ade473ed9eaeca482484bbaa07c3a3c6d
f6ffd36c4c00-PG_MCA_CAP2_Cutoff_All_Institutes_2025_26__1_.pdf,4151,"Tulsiramji Gaikwad Patil College of Engineering & Technology, Nagpur",0415124110,2025-26,2,Maharashtra,GNTBH,GNTBH,HU,36.496736,percentile,GNTBH | 18574 | 36.496736 | Stage-I,100,Home University Seats Allotted to Home University Candidates,39d97149b8dd0bf6dd465d206981a7172813a82a870c261c36d2db963022c693
f6ffd36c4c00-PG_MCA_CAP2_Cutoff_All_Institutes_2025_26__1_.pdf,4151,"Tulsiramji Gaikwad Patil College of Engineering & Technology, Nagpur",0415124110,2025-26,2,Maharashtra,GNTAH,GNTAH,HU,12.4750009,percentile,GNTAH | 23479 | 12.4750009 | Stage-I,100,Home University Seats Allotted to Other Than Home University Candidates,01c8782ad46da3e3b342505b12e7689b75fbb3bf483272cb06cda6cfe1b79667
f6ffd36c4c00-PG_MCA_CAP2_Cutoff_All_Institutes_2025_26__1_.pdf,4151,"Tulsiramji Gaikwad Patil College of Engineering & Technology, Nagpur",0415124110,2025-26,2,Maharashtra,GOPENO,GOPENO,HU,67.3579428,percentile,GOPENO | 10198 | 67.3579428 | Stage-I,100,Other Than Home University Seats Allotted to Other Than Home University Candidates,bb5570bb4164750166bea135b077d72dc8e2241178efa20093a973dba5a1a64d
f6ffd36c4c00-PG_MCA_CAP2_Cutoff_All_Institutes_2025_26__1_.pdf,4151,"Tulsiramji Gaikwad Patil College of Engineering & Technology, Nagpur",0415124110,2025-26,2,Maharashtra,GSCO,GSCO,HU,27.2744425,percentile,GSCO | 20751 | 27.2744425 | Stage-I,100,Other Than Home University Seats Allotted to Other Than Home University Candidates,93bcf3859ff4bf6bdc0dec0d1d18bdfc8774556c4c48c0f878bf4bb81effa66f
f6ffd36c4c00-PG_MCA_CAP2_Cutoff_All_Institutes_2025_26__1_.pdf,4151,"Tulsiramji Gaikwad Patil College of Engineering & Technology, Nagpur",0415124110,2025-26,2,Maharashtra,GSTO,GSTO,HU,41.4550394,percentile,GSTO | 17222 | 41.4550394 | Stage-I,100,Other Than Home University Seats Allotted to Other Than Home University Candidates,431f7286c59a584811a055e2c10276337722277ad836dd33b784a6f57e115699
f6ffd36c4c00-PG_MCA_CAP2_Cutoff_All_Institutes_2025_26__1_.pdf,4151,"Tulsiramji Gaikwad Patil College of Engineering & Technology, Nagpur",0415124110,2025-26,2,Maharashtra,GNTBO,GNTBO,HU,46.3793819,percentile,GNTBO | 16376 | 46.3793819 | Stage-I,100,Other Than Home University Seats Allotted to Other Than Home University Candidates,998a02247bad91814933fa247717371b95a6f14b457c2ba8a4ba5c5ad39f4d77
f6ffd36c4c00-PG_MCA_CAP2_Cutoff_All_Institutes_2025_26__1_.pdf,4151,"Tulsiramji Gaikwad Patil College of Engineering & Technology, Nagpur",0415124110,2025-26,2,Maharashtra,TFWS,TFWS,SL,58.7911466,percentile,TFWS | 13167 | 58.7911466 | Stage-I,101,,df1c586f894eaf8488e914eea95fe7575300f47db343afea0699990bab582347
f6ffd36c4c00-PG_MCA_CAP2_Cutoff_All_Institutes_2025_26__1_.pdf,4152,"Shri Shivaji Education Society Amravati's Science College (MCA), Nagpur",0415224110,2025-26,2,Maharashtra,GOPENH,GOPENH,HU,82.9644433,percentile,GOPENH | 5557 | 82.9644433 | Stage-I,102,Home University Seats Allotted to Home University Candidates,2e627b9d9358ca78eece2e328400ffed9c465b8ac61b568c54e0052de181b4de
f6ffd36c4c00-PG_MCA_CAP2_Cutoff_All_Institutes_2025_26__1_.pdf,4152,"Shri Shivaji Education Society Amravati's Science College (MCA), Nagpur",0415224110,2025-26,2,Maharashtra,GSCH,GSCH,HU,80.5399495,percentile,GSCH | 6479 | 80.5399495 | Stage-I,102,Home University Seats Allotted to Home University Candidates,ca20d1da9d01d83bb9258e1ecfbe420125ef9f0f9bc8269e8e9025264a0a37b5
f6ffd36c4c00-PG_MCA_CAP2_Cutoff_All_Institutes_2025_26__1_.pdf,4152,"Shri Shivaji Education Society Amravati's Science College (MCA), Nagpur",0415224110,2025-26,2,Maharashtra,GNTDH,GNTDH,HU,79.9969812,percentile,GNTDH | 6508 | 79.9969812 | Stage-I,102,Home University Seats Allotted to Home University Candidates,18d12ba660ab55ab789711a365d41594ac79f0c42d658f60a84c9d9c6189646c
f6ffd36c4c00-PG_MCA_CAP2_Cutoff_All_Institutes_2025_26__1_.pdf,4152,"Shri Shivaji Education Society Amravati's Science College (MCA), Nagpur",0415224110,2025-26,2,Maharashtra,GOPENO,GOPENO,HU,82.8308366,percentile,GOPENO | 5692 | 82.8308366 | Stage-I,102,Other Than Home University Seats Allotted to Other Than Home University Candidates,dc145755d37bfb7307a43bdef91ac86124d696af50a3e0237da3f26f5f3ac6ce
f6ffd36c4c00-PG_MCA_CAP2_Cutoff_All_Institutes_2025_26__1_.pdf,4152,"Shri Shivaji Education Society Amravati's Science College (MCA), Nagpur",0415224110,2025-26,2,Maharashtra,GNTAO,GNTAO,HU,2.0301121,percentile,GNTAO | 25290 | 2.0301121 | Stage-I,102,Other Than Home University Seats Allotted to Other Than Home University Candidates,2217081911e0395a431c909502064d1472982f6bbf69457ec0f0afadfdda0780
f6ffd36c4c00-PG_MCA_CAP2_Cutoff_All_Institutes_2025_26__1_.pdf,4152,"Shri Shivaji Education Society Amravati's Science College (MCA), Nagpur",0415224110,2025-26,2,Maharashtra,GOBCO,GOBCO,HU,73.5368477,percentile,GOBCO | 8521 | 73.5368477 | Stage-I,102,Other Than Home University Seats Allotted to Other Than Home University Candidates,4498200545a2e5d4dd02356337cb0bb9d0e0998571946f8d0ff0e8021595fc3c
f6ffd36c4c00-PG_MCA_CAP2_Cutoff_All_Institutes_2025_26__1_.pdf,4152,"Shri Shivaji Education Society Amravati's Science College (MCA), Nagpur",0415224110,2025-26,2,Maharashtra,EWS,EWS,SL,44.5345198,percentile,EWS | 16447 | 44.5345198 | Stage-I,102,Other Than Home University Seats Allotted to Other Than Home University Candidates,779d32f940fb7edb06c55593b19ebfa70075e0797b8a63f2afd897abac045f54
f6ffd36c4c00-PG_MCA_CAP2_Cutoff_All_Institutes_2025_26__1_.pdf,4152,"Shri Shivaji Education Society Amravati's Science College (MCA), Nagpur",0415224110,2025-26,2,Maharashtra,TFWS,TFWS,SL,90.9663786,percentile,TFWS | 2770 | 90.9663786 | Stage-I,102,Other Than Home University Seats Allotted to Other Than Home University Candidates,ceeca1d90c0afc0e4246bd1e480af3324897b1a92dc4f805fa527be5a81dba9c
f6ffd36c4c00-PG_MCA_CAP2_Cutoff_All_Institutes_2025_26__1_.pdf,4153,"Sarvodaya Shikshan Mandal's Sardar Patel Mahavidayalaya, Dept. of Computer Studies & Research, Chandrapur",0415324110,2025-26,2,Maharashtra,GOPENH,GOPENH,HU,34.5198145,percentile,GOPENH | 18894 | 34.5198145 | Stage-I,103,Home University Seats Allotted to Home University Candidates,8ff2a1be7993baf17183595540cbc9970478b03c6c5df4a49629f8ddea183199
f6ffd36c4c00-PG_MCA_CAP2_Cutoff_All_Institutes_2025_26__1_.pdf,4153,"Sarvodaya Shikshan Mandal's Sardar Patel Mahavidayalaya, Dept. of Computer Studies & Research, Chandrapur",0415324110,2025-26,2,Maharashtra,GSTH,GSTH,HU,29.9046039,percentile,GSTH | 20104 | 29.9046039 | Stage-I,103,Home University Seats Allotted to Home University Candidates,ed2cc5623043a6b05f8c0d841578c1ec2d82883d930291bfc1a38ab84289e594
f6ffd36c4c00-PG_MCA_CAP2_Cutoff_All_Institutes_2025_26__1_.pdf,4153,"Sarvodaya Shikshan Mandal's Sardar Patel Mahavidayalaya, Dept. of Computer Studies & Research, Chandrapur",0415324110,2025-26,2,Maharashtra,GOPENO,GOPENO,HU,23.1010151,percentile,GOPENO | 21386 | 23.1010151 | Stage-I,103,Other Than Home University Seats Allotted to Other Than Home University Candidates,9f7ccbcb29e1933a355979264dae947842e0380333b2609799833a588677f2cc
f6ffd36c4c00-PG_MCA_CAP2_Cutoff_All_Institutes_2025_26__1_.pdf,4153,"Sarvodaya Shikshan Mandal's Sardar Patel Mahavidayalaya, Dept. of Computer Studies & Research, Chandrapur",0415324110,2025-26,2,Maharashtra,GNTCO,GNTCO,HU,16.9789978,percentile,GNTCO | 22794 | 16.9789978 | Stage-IV,103,Other Than Home University Seats Allotted to Home University Candidates,2cf3f79b35d20431f91fdcd30b5c0e5f30da29664a00179196b6e3ae9b40a8ac
f6ffd36c4c00-PG_MCA_CAP2_Cutoff_All_Institutes_2025_26__1_.pdf,4153,"Sarvodaya Shikshan Mandal's Sardar Patel Mahavidayalaya, Dept. of Computer Studies & Research, Chandrapur",0415324110,2025-26,2,Maharashtra,GSEBCO,GSEBCO,HU,16.9789978,percentile,GSEBCO | 22633 | 16.9789978 | Stage-IV,103,Other Than Home University Seats Allotted to Home University Candidates,ade72b831ca296fa71fc3161a4a2043721ada8c15a87132dc2262cb4f223d669
f6ffd36c4c00-PG_MCA_CAP2_Cutoff_All_Institutes_2025_26__1_.pdf,4157,"V. M. Vasant Commerce, J.M. Thakar Arts & J.J. Patel Science College,Nagpur",0415724110,2025-26,2,Maharashtra,GOPENH,GOPENH,HU,27.2744425,percentile,GOPENH | 20611 | 27.2744425 | Stage-I,104,Home University Seats Allotted to Home University Candidates,41c07f773507d9a517714327604fae9b4724b1183b93b2ad2ffa3897a14f488f
f6ffd36c4c00-PG_MCA_CAP2_Cutoff_All_Institutes_2025_26__1_.pdf,4157,"V. M. Vasant Commerce, J.M. Thakar Arts & J.J. Patel Science College,Nagpur",0415724110,2025-26,2,Maharashtra,GOPENO,GOPENO,HU,1.3622127,percentile,GOPENO | 25325 | 1.3622127 | Stage-I,104,Other Than Home University Seats Allotted to Other Than Home University Candidates,9b4e7d1e520f46b533edf98f352ce863475a29f61629524c5c5c19f332930fe9
f6ffd36c4c00-PG_MCA_CAP2_Cutoff_All_Institutes_2025_26__1_.pdf,4157,"V. M. Vasant Commerce, J.M. Thakar Arts & J.J. Patel Science College,Nagpur",0415724110,2025-26,2,Maharashtra,GOPENO,GOPENO,HU,21.0059952,percentile,GOPENO | 22014 | 21.0059952 | Stage-I,104,Other Than Home University Seats Allotted to Home University Candidates,d18c15732d9bb20d20203d378857ab3104778a0335c77841902ff3e0a3eebf6f
f6ffd36c4c00-PG_MCA_CAP2_Cutoff_All_Institutes_2025_26__1_.pdf,4157,"V. M. Vasant Commerce, J.M. Thakar Arts & J.J. Patel Science College,Nagpur",0415724110,2025-26,2,Maharashtra,TFWS,TFWS,SL,49.3533426,percentile,TFWS | 15448 | 49.3533426 | Stage-I,104,Other Than Home University Seats Allotted to Home University Candidates,bd4630de38a0d5c88d113b42bf414db7cd21b41b4f9bf01fd55fdceefa2d91d1
f6ffd36c4c00-PG_MCA_CAP2_Cutoff_All_Institutes_2025_26__1_.pdf,4157,"V. M. Vasant Commerce, J.M. Thakar Arts & J.J. Patel Science College,Nagpur",0415724110,2025-26,2,Maharashtra,MI-MH,MI-MH,MI,1.3498737,percentile,MI-MH | 25338 | 1.3498737 | Stage-MI-MH,105,Minority Seats : Minority Seats Allotted to Non Minority Candidates,876b8dd11998d9fa241d372886831dba6f961393300d0753cb55f46c10e1de3a
f6ffd36c4c00-PG_MCA_CAP2_Cutoff_All_Institutes_2025_26__1_.pdf,4188,"Krushi Jivan Vikas Pratishthan, Ballarpur Institute of Technology, Mouza Bamni",0418824110,2025-26,2,Maharashtra,GOBCH,GOBCH,HU,79.9969812,percentile,GOBCH | 6725 | 79.9969812 | Stage-I,106,Home University Seats Allotted to Home University Candidates,d0e962b000b559df2a815614ec74871d773b87768fbb166649322ca17a36b38c
f6ffd36c4c00-PG_MCA_CAP2_Cutoff_All_Institutes_2025_26__1_.pdf,4188,"Krushi Jivan Vikas Pratishthan, Ballarpur Institute of Technology, Mouza Bamni",0418824110,2025-26,2,Maharashtra,GOPENO,GOPENO,HU,90.9663786,percentile,GOPENO | 2944 | 90.9663786 | Stage-I,106,Other Than Home University Seats Allotted to Other Than Home University Candidates,b2e0a2222c460a6c3a5edea33bacc323141593c496486e83c2abcf6eb62fe7fc
f6ffd36c4c00-PG_MCA_CAP2_Cutoff_All_Institutes_2025_26__1_.pdf,4613,"Suryodaya College of Engineering & Technology, Nagpur",0461324110,2025-26,2,Maharashtra,GOPENH,GOPENH,HU,76.9216256,percentile,GOPENH | 7614 | 76.9216256 | Stage-I,107,Home University Seats Allotted to Home University Candidates,1de41781488243e89b994b09d0d9a4d97337375c615266adf23051798e0470f3
f6ffd36c4c00-PG_MCA_CAP2_Cutoff_All_Institutes_2025_26__1_.pdf,4613,"Suryodaya College of Engineering & Technology, Nagpur",0461324110,2025-26,2,Maharashtra,GSCH,GSCH,HU,53.942159,percentile,GSCH | 13991 | 53.942159 | Stage-I,107,Home University Seats Allotted to Home University Candidates,6387f09d81590e77a6391587c4fe4b96f26744bd30018185e3fbecd2aeb9d93e
f6ffd36c4c00-PG_MCA_CAP2_Cutoff_All_Institutes_2025_26__1_.pdf,4613,"Suryodaya College of Engineering & Technology, Nagpur",0461324110,2025-26,2,Maharashtra,GNTAH,GNTAH,HU,63.1574978,percentile,GNTAH | 11814 | 63.1574978 | Stage-I,107,Home University Seats Allotted to Home University Candidates,64bf55eb930122ca1a08093b45298907a7f56fa508431507cdccd864a06ea3d8
f6ffd36c4c00-PG_MCA_CAP2_Cutoff_All_Institutes_2025_26__1_.pdf,4613,"Suryodaya College of Engineering & Technology, Nagpur",0461324110,2025-26,2,Maharashtra,GOPENO,GOPENO,HU,44.5345198,percentile,GOPENO | 16553 | 44.5345198 | Stage-I,107,Other Than Home University Seats Allotted to Other Than Home University Candidates,cd9c24e5e27cb036e2769156944b417a35ee1648a64009b399920d2c433de77b
f6ffd36c4c00-PG_MCA_CAP2_Cutoff_All_Institutes_2025_26__1_.pdf,4613,"Suryodaya College of Engineering & Technology, Nagpur",0461324110,2025-26,2,Maharashtra,GSCO,GSCO,HU,10.5199653,percentile,GSCO | 23721 | 10.5199653 | Stage-I,107,Other Than Home University Seats Allotted to Other Than Home University Candidates,70fe213e86354da6112f776733adb53fa80cc59676593b183dcf0da00ca55f6a
f6ffd36c4c00-PG_MCA_CAP2_Cutoff_All_Institutes_2025_26__1_.pdf,4613,"Suryodaya College of Engineering & Technology, Nagpur",0461324110,2025-26,2,Maharashtra,GSTO,GSTO,HU,25.4779232,percentile,GSTO | 21219 | 25.4779232 | Stage-I,107,Other Than Home University Seats Allotted to Other Than Home University Candidates,f2edc05901632c8fb109115c4f58d13fd835bec59630c22579c85ed1f0cd2a7c
f6ffd36c4c00-PG_MCA_CAP2_Cutoff_All_Institutes_2025_26__1_.pdf,4613,"Suryodaya College of Engineering & Technology, Nagpur",0461324110,2025-26,2,Maharashtra,TFWS,TFWS,SL,89.1331398,percentile,TFWS | 3799 | 89.1331398 | Stage-I,107,Other Than Home University Seats Allotted to Other Than Home University Candidates,65d9e1d167355ea41529bd07361df216bb5a053c0df96ec4b97716b430770da8
f6ffd36c4c00-PG_MCA_CAP2_Cutoff_All_Institutes_2025_26__1_.pdf,4679,"Karanjekar College of Engineering & Management, Sakoli",0467924110,2025-26,2,Maharashtra,GOPENH,GOPENH,HU,63.1574978,percentile,GOPENH | 11522 | 63.1574978 | Stage-I,108,Home University Seats Allotted to Home University Candidates,0d9142baabbe5bf10d286816a2e16e425fb836d30f7c9e48a9f36c83376dfc1e
f6ffd36c4c00-PG_MCA_CAP2_Cutoff_All_Institutes_2025_26__1_.pdf,4679,"Karanjekar College of Engineering & Management, Sakoli",0467924110,2025-26,2,Maharashtra,GOPENO,GOPENO,HU,9.7430286,percentile,GOPENO | 24107 | 9.7430286 | Stage-I,108,Other Than Home University Seats Allotted to Home University Candidates,af859d1582c79d1c6de1ea6b42d485180bf959c149ad4fa7c3f7273974f60962
f6ffd36c4c00-PG_MCA_CAP2_Cutoff_All_Institutes_2025_26__1_.pdf,4701,"Dr.S.C. Gulhane Prerna College of Management and Technology, Nagpur",0470124110,2025-26,2,Maharashtra,GOPENH,GOPENH,HU,51.4093808,percentile,GOPENH | 15120 | 51.4093808 | Stage-I,109,Home University Seats Allotted to Home University Candidates,89051caa5164004808b85030137c1004fd7bc1138b6675b8888264d3e095b417
f6ffd36c4c00-PG_MCA_CAP2_Cutoff_All_Institutes_2025_26__1_.pdf,4701,"Dr.S.C. Gulhane Prerna College of Management and Technology, Nagpur",0470124110,2025-26,2,Maharashtra,GSCH,GSCH,HU,12.4750009,percentile,GSCH | 23599 | 12.4750009 | Stage-I,109,Home University Seats Allotted to Home University Candidates,5571e87031015b9bddb6d02920e2efd15f6a9d00b7e89f5e45c8ee7bddcbe3fc
f6ffd36c4c00-PG_MCA_CAP2_Cutoff_All_Institutes_2025_26__1_.pdf,4701,"Dr.S.C. Gulhane Prerna College of Management and Technology, Nagpur",0470124110,2025-26,2,Maharashtra,GSTH,GSTH,HU,34.5198145,percentile,GSTH | 19296 | 34.5198145 | Stage-I,109,Home University Seats Allotted to Home University Candidates,5362aa5a84238d8b01b17741fc648b6457d4dca88bebcfdc728826ce20b54c6a
f6ffd36c4c00-PG_MCA_CAP2_Cutoff_All_Institutes_2025_26__1_.pdf,4701,"Dr.S.C. Gulhane Prerna College of Management and Technology, Nagpur",0470124110,2025-26,2,Maharashtra,GNTAH,GNTAH,HU,44.5345198,percentile,GNTAH | 16727 | 44.5345198 | Stage-I,109,Home University Seats Allotted to Home University Candidates,11c9a448a5dcf794af52c054280718654ee9059839ac8209acb62c7a966a13eb
f6ffd36c4c00-PG_MCA_CAP2_Cutoff_All_Institutes_2025_26__1_.pdf,4701,"Dr.S.C. Gulhane Prerna College of Management and Technology, Nagpur",0470124110,2025-26,2,Maharashtra,GNTAH,GNTAH,HU,5.5960152,percentile,GNTAH | 24683 | 5.5960152 | Stage-I,109,Home University Seats Allotted to Other Than Home University Candidates,250ae6e79ad9855384407e50d73a72d0cf97de312e22e62aa8f20e2153d0f7c7
f6ffd36c4c00-PG_MCA_CAP2_Cutoff_All_Institutes_2025_26__1_.pdf,4701,"Dr.S.C. Gulhane Prerna College of Management and Technology, Nagpur",0470124110,2025-26,2,Maharashtra,GOPENO,GOPENO,HU,23.1010151,percentile,GOPENO | 21389 | 23.1010151 | Stage-I,109,Other Than Home University Seats Allotted to Other Than Home University Candidates,d827080cdbc1d18b72c6e4af25b54c678a718dc2e4e7a7d0fff46419202d5fe9
f6ffd36c4c00-PG_MCA_CAP2_Cutoff_All_Institutes_2025_26__1_.pdf,4701,"Dr.S.C. Gulhane Prerna College of Management and Technology, Nagpur",0470124110,2025-26,2,Maharashtra,GSCO,GSCO,HU,23.1010151,percentile,GSCO | 21488 | 23.1010151 | Stage-I,109,Other Than Home University Seats Allotted to Other Than Home University Candidates,462e65eebb5be519f14d62918b3264b11b4f6834997bd212235d177b64f25973
f6ffd36c4c00-PG_MCA_CAP2_Cutoff_All_Institutes_2025_26__1_.pdf,4701,"Dr.S.C. Gulhane Prerna College of Management and Technology, Nagpur",0470124110,2025-26,2,Maharashtra,GSTO,GSTO,HU,16.9789978,percentile,GSTO | 22579 | 16.9789978 | Stage-I,109,Other Than Home University Seats Allotted to Other Than Home University Candidates,c50da6b86409fbefdf6f0682492461222e5bbbd9abb950378b5b67a0035f99b7
f6ffd36c4c00-PG_MCA_CAP2_Cutoff_All_Institutes_2025_26__1_.pdf,4701,"Dr.S.C. Gulhane Prerna College of Management and Technology, Nagpur",0470124110,2025-26,2,Maharashtra,TFWS,TFWS,SL,61.2807064,percentile,TFWS | 12465 | 61.2807064 | Stage-I,110,,8c419480c0ffd646e5e4d7c17c2d34409e3a528142b8b4b28c78a7896e953c86
f6ffd36c4c00-PG_MCA_CAP2_Cutoff_All_Institutes_2025_26__1_.pdf,5002,"Department of Computer Science, North Maharashtra University, Jalgaon",0500224110,2025-26,2,Maharashtra,GOPENH,GOPENH,HU,89.1966341,percentile,GOPENH | 3379 | 89.1966341 | Stage-I,111,Home University Seats Allotted to Home University Candidates,f729b4dce564e8222dc3e72e90b15f7f85391f5946b13583c1fac90a42c530d4
f6ffd36c4c00-PG_MCA_CAP2_Cutoff_All_Institutes_2025_26__1_.pdf,5002,"Department of Computer Science, North Maharashtra University, Jalgaon",0500224110,2025-26,2,Maharashtra,GSCH,GSCH,HU,65.8578922,percentile,GSCH | 10988 | 65.8578922 | Stage-I,111,Home University Seats Allotted to Home University Candidates,22362afa2d6fceada625864834be73f8448c3d921b3dce5aa6308ef7c7eaf8d1
f6ffd36c4c00-PG_MCA_CAP2_Cutoff_All_Institutes_2025_26__1_.pdf,5002,"Department of Computer Science, North Maharashtra University, Jalgaon",0500224110,2025-26,2,Maharashtra,GOPENO,GOPENO,HU,73.5368477,percentile,GOPENO | 8650 | 73.5368477 | Stage-I,111,Other Than Home University Seats Allotted to Other Than Home University Candidates,d62c13878d08810278f1cf8fdeb8807ab2baefe78c59ea0aa8f9f33b7c94b595
f6ffd36c4c00-PG_MCA_CAP2_Cutoff_All_Institutes_2025_26__1_.pdf,5101,"Khandesh College Education Society's Institute of Management & Research, Jalgaon",0510124110,2025-26,2,Maharashtra,GOPENH,GOPENH,HU,46.3793819,percentile,GOPENH | 15904 | 46.3793819 | Stage-I,112,Home University Seats Allotted to Home University Candidates,a850fd89335242ff074914b7f79793af610f2d751b96b31345d3a75809319f86
f6ffd36c4c00-PG_MCA_CAP2_Cutoff_All_Institutes_2025_26__1_.pdf,5101,"Khandesh College Education Society's Institute of Management & Research, Jalgaon",0510124110,2025-26,2,Maharashtra,GSCH,GSCH,HU,34.5198145,percentile,GSCH | 19002 | 34.5198145 | Stage-I,112,Home University Seats Allotted to Home University Candidates,0023ac4ffe15acc5afdbcbc2689ffe1d2cace63b36fd8a13733596be5edc9a03
f6ffd36c4c00-PG_MCA_CAP2_Cutoff_All_Institutes_2025_26__1_.pdf,5101,"Khandesh College Education Society's Institute of Management & Research, Jalgaon",0510124110,2025-26,2,Maharashtra,GSTH,GSTH,HU,27.2744425,percentile,GSTH | 20404 | 27.2744425 | Stage-I,112,Home University Seats Allotted to Home University Candidates,6025e7537d7b6aa0754a677fbc727c465b8b2c277451a5da8cf7008b374bffb9
f6ffd36c4c00-PG_MCA_CAP2_Cutoff_All_Institutes_2025_26__1_.pdf,5101,"Khandesh College Education Society's Institute of Management & Research, Jalgaon",0510124110,2025-26,2,Maharashtra,GNTAH,GNTAH,HU,39.3989669,percentile,GNTAH | 17792 | 39.3989669 | Stage-I,112,Home University Seats Allotted to Home University Candidates,da5a92e91158704b6de5bd27e7df135748307884ba7fe06989787bbca2070b15
f6ffd36c4c00-PG_MCA_CAP2_Cutoff_All_Institutes_2025_26__1_.pdf,5101,"Khandesh College Education Society's Institute of Management & Research, Jalgaon",0510124110,2025-26,2,Maharashtra,GOPENO,GOPENO,HU,4.302251,percentile,GOPENO | 24794 | 4.302251 | Stage-I,112,Other Than Home University Seats Allotted to Other Than Home University Candidates,5cba792daed26e84d050a0bb1e638f7189d1037a42506ca0e5a43be0eaba0d09
f6ffd36c4c00-PG_MCA_CAP2_Cutoff_All_Institutes_2025_26__1_.pdf,5101,"Khandesh College Education Society's Institute of Management & Research, Jalgaon",0510124110,2025-26,2,Maharashtra,GOPENO,GOPENO,HU,36.496736,percentile,GOPENO | 18774 | 36.496736 | Stage-I,112,Other Than Home University Seats Allotted to Home University Candidates,5d60bf5cf25d6f0735e58fcc190704b96d91ba6b5d057badf12df1f407522f7f
f6ffd36c4c00-PG_MCA_CAP2_Cutoff_All_Institutes_2025_26__1_.pdf,5101,"Khandesh College Education Society's Institute of Management & Research, Jalgaon",0510124110,2025-26,2,Maharashtra,GSCO,GSCO,HU,29.9046039,percentile,GSCO | 20004 | 29.9046039 | Stage-I,112,Other Than Home University Seats Allotted to Home University Candidates,e5cd8d33fe0597a68c177cfee8f55c7c56ef7654feb78f5433fce6f139aa2304
f6ffd36c4c00-PG_MCA_CAP2_Cutoff_All_Institutes_2025_26__1_.pdf,5101,"Khandesh College Education Society's Institute of Management & Research, Jalgaon",0510124110,2025-26,2,Maharashtra,EWS,EWS,SL,7.4072677,percentile,EWS | 24343 | 7.4072677 | Stage-I,113,,151b638c67f1f3a3b49bd6f20447eb6850d7671afc549fd0b655fca8bbdc9f1c
f6ffd36c4c00-PG_MCA_CAP2_Cutoff_All_Institutes_2025_26__1_.pdf,5101,"Khandesh College Education Society's Institute of Management & Research, Jalgaon",0510124110,2025-26,2,Maharashtra,TFWS,TFWS,SL,76.9216256,percentile,TFWS | 7474 | 76.9216256 | Stage-I,113,,aeca6de9990dfde982836967f5fef5cf55bc75b7d61ed7051a5aa1e03c80623e
f6ffd36c4c00-PG_MCA_CAP2_Cutoff_All_Institutes_2025_26__1_.pdf,5102,"Godavari Institute of Management & Research, Jalgaon",0510224110,2025-26,2,Maharashtra,GOPENH,GOPENH,HU,82.8308366,percentile,GOPENH | 5883 | 82.8308366 | Stage-I,114,Home University Seats Allotted to Home University Candidates,7492f5df8d251d70a9dc0aff2a573fe2b251f864e621d046169625b432758e0c
f6ffd36c4c00-PG_MCA_CAP2_Cutoff_All_Institutes_2025_26__1_.pdf,5102,"Godavari Institute of Management & Research, Jalgaon",0510224110,2025-26,2,Maharashtra,GSCH,GSCH,HU,34.5198145,percentile,GSCH | 19060 | 34.5198145 | Stage-I,114,Home University Seats Allotted to Home University Candidates,9765231c2eb39320fca9542bc1e8c997c21de7d8645471aa61dcbd796e2b5aac
f6ffd36c4c00-PG_MCA_CAP2_Cutoff_All_Institutes_2025_26__1_.pdf,5102,"Godavari Institute of Management & Research, Jalgaon",0510224110,2025-26,2,Maharashtra,GSTH,GSTH,HU,49.3533426,percentile,GSTH | 15346 | 49.3533426 | Stage-I,114,Home University Seats Allotted to Home University Candidates,a7e36804a87b74fd18a2700f508b38918682802df2ac6bc2cd6474adee574347
f6ffd36c4c00-PG_MCA_CAP2_Cutoff_All_Institutes_2025_26__1_.pdf,5102,"Godavari Institute of Management & Research, Jalgaon",0510224110,2025-26,2,Maharashtra,GOPENO,GOPENO,HU,7.4072677,percentile,GOPENO | 24443 | 7.4072677 | Stage-I,114,Other Than Home University Seats Allotted to Other Than Home University Candidates,92e17e20cff66b6802ab9aeb099a794d4ce2f326413aa355a89b1cc0970801b4
f6ffd36c4c00-PG_MCA_CAP2_Cutoff_All_Institutes_2025_26__1_.pdf,5102,"Godavari Institute of Management & Research, Jalgaon",0510224110,2025-26,2,Maharashtra,GSCO,GSCO,HU,27.2744425,percentile,GSCO | 20630 | 27.2744425 | Stage-IV,114,Other Than Home University Seats Allotted to Home University Candidates,1a0bf8bc9517a144f8c14c726d1903b81d472b5cb0ef4c9d7665caca2a269542
f6ffd36c4c00-PG_MCA_CAP2_Cutoff_All_Institutes_2025_26__1_.pdf,5102,"Godavari Institute of Management & Research, Jalgaon",0510224110,2025-26,2,Maharashtra,GSTO,GSTO,HU,29.9046039,percentile,GSTO | 19861 | 29.9046039 | Stage-IV,114,Other Than Home University Seats Allotted to Home University Candidates,26ef199d4fc868fe16e60d02a247f49aaad4c2fea6ba241ab86e501a32f5eff2
f6ffd36c4c00-PG_MCA_CAP2_Cutoff_All_Institutes_2025_26__1_.pdf,5102,"Godavari Institute of Management & Research, Jalgaon",0510224110,2025-26,2,Maharashtra,GNTAO,GNTAO,HU,29.9046039,percentile,GNTAO | 19924 | 29.9046039 | Stage-IV,114,Other Than Home University Seats Allotted to Home University Candidates,5265f3ec9173b91369f068abd588e5596086b7fc14b727e2cfbedf880e05fef8
f6ffd36c4c00-PG_MCA_CAP2_Cutoff_All_Institutes_2025_26__1_.pdf,5102,"Godavari Institute of Management & Research, Jalgaon",0510224110,2025-26,2,Maharashtra,GNTBO,GNTBO,HU,29.9046039,percentile,GNTBO | 19963 | 29.9046039 | Stage-IV,114,Other Than Home University Seats Allotted to Home University Candidates,357184867f77de55c5bdb4cc18a21ab6af3f77eeabec38859bb32e6d206bd098
f6ffd36c4c00-PG_MCA_CAP2_Cutoff_All_Institutes_2025_26__1_.pdf,5102,"Godavari Institute of Management & Research, Jalgaon",0510224110,2025-26,2,Maharashtra,GNTCO,GNTCO,HU,29.9046039,percentile,GNTCO | 20020 | 29.9046039 | Stage-IV,114,Other Than Home University Seats Allotted to Home University Candidates,c5ab8c3850a8b26d6d27b61d5ed9571452dbb3f099d210f1eb6315ae08aa33ae
f6ffd36c4c00-PG_MCA_CAP2_Cutoff_All_Institutes_2025_26__1_.pdf,5102,"Godavari Institute of Management & Research, Jalgaon",0510224110,2025-26,2,Maharashtra,GNTDO,GNTDO,HU,27.2744425,percentile,GNTDO | 20721 | 27.2744425 | Stage-IV,114,Other Than Home University Seats Allotted to Home University Candidates,34baf565ff8e30f8d4261eb394ca9eb2a3a253becdc5e0826da1c154b23e64f0
f6ffd36c4c00-PG_MCA_CAP2_Cutoff_All_Institutes_2025_26__1_.pdf,5102,"Godavari Institute of Management & Research, Jalgaon",0510224110,2025-26,2,Maharashtra,EWS,EWS,SL,4.067771,percentile,EWS | 24887 | 4.067771 | Stage-I,115,,0a99e7e3f0d727103da381da1bd185a331206ec2c0b3b7aca99c8216c5c52b2a
f6ffd36c4c00-PG_MCA_CAP2_Cutoff_All_Institutes_2025_26__1_.pdf,5102,"Godavari Institute of Management & Research, Jalgaon",0510224110,2025-26,2,Maharashtra,TFWS,TFWS,SL,76.9216256,percentile,TFWS | 7900 | 76.9216256 | Stage-I,115,,73de4be43b685495437e8e61383455672b2d85cf501e5b967e427623bd6dcfde
f6ffd36c4c00-PG_MCA_CAP2_Cutoff_All_Institutes_2025_26__1_.pdf,5104,"Shramsadhana Bombay Trust, College of Engineering & Technology, Jalgaon",0510424110,2025-26,2,Maharashtra,GOPENH,GOPENH,HU,74.782248,percentile,GOPENH | 8203 | 74.782248 | Stage-I,116,Home University Seats Allotted to Home University Candidates,9b4579f16f4d563c958609ba416212b5c05252dae8a1e795b4633181ef5ebdbb
f6ffd36c4c00-PG_MCA_CAP2_Cutoff_All_Institutes_2025_26__1_.pdf,5104,"Shramsadhana Bombay Trust, College of Engineering & Technology, Jalgaon",0510424110,2025-26,2,Maharashtra,GSTH,GSTH,HU,56.5488095,percentile,GSTH | 13448 | 56.5488095 | Stage-I,116,Home University Seats Allotted to Home University Candidates,436440ab82e082a8372f085c891774dc3f20f42b6d0f85a9b01de26015fc0633
f6ffd36c4c00-PG_MCA_CAP2_Cutoff_All_Institutes_2025_26__1_.pdf,5104,"Shramsadhana Bombay Trust, College of Engineering & Technology, Jalgaon",0510424110,2025-26,2,Maharashtra,GNTCH,GNTCH,HU,67.3579428,percentile,GNTCH | 10641 | 67.3579428 | Stage-I,116,Home University Seats Allotted to Home University Candidates,a23543698e3aad5f0cbf0efa3123948aa37b7d42ac2630e9903e9cf86922922d
f6ffd36c4c00-PG_MCA_CAP2_Cutoff_All_Institutes_2025_26__1_.pdf,5104,"Shramsadhana Bombay Trust, College of Engineering & Technology, Jalgaon",0510424110,2025-26,2,Maharashtra,GOPENO,GOPENO,HU,39.3989669,percentile,GOPENO | 17723 | 39.3989669 | Stage-I,116,Other Than Home University Seats Allotted to Other Than Home University Candidates,f02fbd200cd2223c1ac9ddd00eea4da2cc9c28435f484220d023d7176c73c524
f6ffd36c4c00-PG_MCA_CAP2_Cutoff_All_Institutes_2025_26__1_.pdf,5104,"Shramsadhana Bombay Trust, College of Engineering & Technology, Jalgaon",0510424110,2025-26,2,Maharashtra,GSTO,GSTO,HU,39.3989669,percentile,GSTO | 17808 | 39.3989669 | Stage-I,116,Other Than Home University Seats Allotted to Other Than Home University Candidates,40d4791b78a4df852d8730bb45383e64e68be8be79e7820a67108e8c64f44ef4
f6ffd36c4c00-PG_MCA_CAP2_Cutoff_All_Institutes_2025_26__1_.pdf,5109,"Sandip Foundation, Sandip Institute of Technology and Research Centre, Mahiravani, Nashik",0510924110,2025-26,2,Maharashtra,GOPENH,GOPENH,HU,67.3579428,percentile,GOPENH | 10629 | 67.3579428 | Stage-I,117,Home University Seats Allotted to Home University Candidates,c44a7969947b5fa3c7c6a338c3321d56108bf2f61bd52dad21638a3e6aedfdf2
f6ffd36c4c00-PG_MCA_CAP2_Cutoff_All_Institutes_2025_26__1_.pdf,5109,"Sandip Foundation, Sandip Institute of Technology and Research Centre, Mahiravani, Nashik",0510924110,2025-26,2,Maharashtra,GSCH,GSCH,HU,7.9446476,percentile,GSCH | 24270 | 7.9446476 | Stage-I,117,Home University Seats Allotted to Home University Candidates,afcf87c41f312892e453bd8b20f61421c5f9a4f7a3511340dba0773ea42b211c
f6ffd36c4c00-PG_MCA_CAP2_Cutoff_All_Institutes_2025_26__1_.pdf,5109,"Sandip Foundation, Sandip Institute of Technology and Research Centre, Mahiravani, Nashik",0510924110,2025-26,2,Maharashtra,GSTH,GSTH,HU,65.8578922,percentile,GSTH | 11362 | 65.8578922 | Stage-I,117,Home University Seats Allotted to Home University Candidates,c9d57914d8aea50b665c0d03f258121dd0afcc9530ba8e79f3b5ed2fd869db25
f6ffd36c4c00-PG_MCA_CAP2_Cutoff_All_Institutes_2025_26__1_.pdf,5109,"Sandip Foundation, Sandip Institute of Technology and Research Centre, Mahiravani, Nashik",0510924110,2025-26,2,Maharashtra,GNTBH,GNTBH,HU,27.2744425,percentile,GNTBH | 20665 | 27.2744425 | Stage-I,117,Home University Seats Allotted to Home University Candidates,dfeb1b24c809f9a4121b5fc7b9211491cefc22936e85befb08fc1a5e3784d618
f6ffd36c4c00-PG_MCA_CAP2_Cutoff_All_Institutes_2025_26__1_.pdf,5109,"Sandip Foundation, Sandip Institute of Technology and Research Centre, Mahiravani, Nashik",0510924110,2025-26,2,Maharashtra,GNTCH,GNTCH,HU,58.7911466,percentile,GNTCH | 13047 | 58.7911466 | Stage-I,117,Home University Seats Allotted to Home University Candidates,ea9786db73883cde3d606c1a1af7d8f978344f64608c4dc525bd53e170db48f4
f6ffd36c4c00-PG_MCA_CAP2_Cutoff_All_Institutes_2025_26__1_.pdf,5109,"Sandip Foundation, Sandip Institute of Technology and Research Centre, Mahiravani, Nashik",0510924110,2025-26,2,Maharashtra,GNTDH,GNTDH,HU,53.942159,percentile,GNTDH | 14493 | 53.942159 | Stage-I,117,Home University Seats Allotted to Home University Candidates,6ccf284a51df2e89de82765b9bef673de413267a5de1ad6722073f80bcda8bde
f6ffd36c4c00-PG_MCA_CAP2_Cutoff_All_Institutes_2025_26__1_.pdf,5109,"Sandip Foundation, Sandip Institute of Technology and Research Centre, Mahiravani, Nashik",0510924110,2025-26,2,Maharashtra,GNTAH,GNTAH,HU,15.5994113,percentile,GNTAH | 22911 | 15.5994113 | Stage-I,117,Home University Seats Allotted to Other Than Home University Candidates,a2037a7b7b24e3779e13e8e99fc3c7b03d447d53771438f919112817dd98fec1
f6ffd36c4c00-PG_MCA_CAP2_Cutoff_All_Institutes_2025_26__1_.pdf,5109,"Sandip Foundation, Sandip Institute of Technology and Research Centre, Mahiravani, Nashik",0510924110,2025-26,2,Maharashtra,GSEBCH,GSEBCH,HU,74.782248,percentile,GSEBCH | 8304 | 74.782248 | Stage-I,117,Home University Seats Allotted to Other Than Home University Candidates,631bd96dc12875c65af70febae29b189a4a0dabd1591de1439b91eb21903da96
f6ffd36c4c00-PG_MCA_CAP2_Cutoff_All_Institutes_2025_26__1_.pdf,5109,"Sandip Foundation, Sandip Institute of Technology and Research Centre, Mahiravani, Nashik",0510924110,2025-26,2,Maharashtra,PWDOPENH,PWDOPENH,HU,7.9446476,percentile,PWDOPENH | 24242 | 7.9446476 | Stage-I,117,Home University Seats Allotted to Other Than Home University Candidates,570d5a73f540dfdf378a0684628380adbbc95f28cb2eabe8f94d144e74b67c84
f6ffd36c4c00-PG_MCA_CAP2_Cutoff_All_Institutes_2025_26__1_.pdf,5109,"Sandip Foundation, Sandip Institute of Technology and Research Centre, Mahiravani, Nashik",0510924110,2025-26,2,Maharashtra,GOPENO,GOPENO,HU,80.5399495,percentile,GOPENO | 6129 | 80.5399495 | Stage-I,117,Other Than Home University Seats Allotted to Other Than Home University Candidates,61a902bbd8a1dcd75c3519b004d4927dba5f71796434f174da3577a7f95f5b04
f6ffd36c4c00-PG_MCA_CAP2_Cutoff_All_Institutes_2025_26__1_.pdf,5109,"Sandip Foundation, Sandip Institute of Technology and Research Centre, Mahiravani, Nashik",0510924110,2025-26,2,Maharashtra,GSCO,GSCO,HU,76.9216256,percentile,GSCO | 7637 | 76.9216256 | Stage-I,117,Other Than Home University Seats Allotted to Other Than Home University Candidates,d3d9c4f34797491bf988c16f44b027dcccf54813d29eca08aa7872b52aa43420
f6ffd36c4c00-PG_MCA_CAP2_Cutoff_All_Institutes_2025_26__1_.pdf,5109,"Sandip Foundation, Sandip Institute of Technology and Research Centre, Mahiravani, Nashik",0510924110,2025-26,2,Maharashtra,GSTO,GSTO,HU,71.1549338,percentile,GSTO | 9389 | 71.1549338 | Stage-I,117,Other Than Home University Seats Allotted to Other Than Home University Candidates,d5b5d9eb3b76b82f9bd041b005e65d6521af5d471cb75f6695bed233a4847070
f6ffd36c4c00-PG_MCA_CAP2_Cutoff_All_Institutes_2025_26__1_.pdf,5109,"Sandip Foundation, Sandip Institute of Technology and Research Centre, Mahiravani, Nashik",0510924110,2025-26,2,Maharashtra,GNTAO,GNTAO,HU,79.9969812,percentile,GNTAO | 6667 | 79.9969812 | Stage-I,117,Other Than Home University Seats Allotted to Other Than Home University Candidates,8a36ec34b8ef1d7c61c9eb06b2d41c686c58c350ae0904493d4c11b90da28712
f6ffd36c4c00-PG_MCA_CAP2_Cutoff_All_Institutes_2025_26__1_.pdf,5109,"Sandip Foundation, Sandip Institute of Technology and Research Centre, Mahiravani, Nashik",0510924110,2025-26,2,Maharashtra,EWS,EWS,SL,19.1539942,percentile,EWS | 22236 | 19.1539942 | Stage-I,117,Other Than Home University Seats Allotted to Other Than Home University Candidates,e779d76f6a9116b1393506a1a939d3f7fbc18540f0ff5ec81211d4c38f68fd3a
f6ffd36c4c00-PG_MCA_CAP2_Cutoff_All_Institutes_2025_26__1_.pdf,5109,"Sandip Foundation, Sandip Institute of Technology and Research Centre, Mahiravani, Nashik",0510924110,2025-26,2,Maharashtra,TFWS,TFWS,SL,76.9216256,percentile,TFWS | 7800 | 76.9216256 | Stage-I,117,Other Than Home University Seats Allotted to Other Than Home University Candidates,8ad47797e49bbfabe99be0a4d62cfd8e527fb3d53d4b62c15a3ac98a6deb0ea2
f6ffd36c4c00-PG_MCA_CAP2_Cutoff_All_Institutes_2025_26__1_.pdf,5111,"B. P. Hivale Education Society's Institute of Management Studies Career Development Research, Ahmednagar",0511124110,2025-26,2,Maharashtra,GOPENH,GOPENH,HU,71.1549338,percentile,GOPENH | 9206 | 71.1549338 | Stage-I,118,Home University Seats Allotted to Home University Candidates,4b5aa21fd9f0b0d4afce3031892b6f50fa75bc44b05f9adfcff5f96b8f5a3f12
f6ffd36c4c00-PG_MCA_CAP2_Cutoff_All_Institutes_2025_26__1_.pdf,5111,"B. P. Hivale Education Society's Institute of Management Studies Career Development Research, Ahmednagar",0511124110,2025-26,2,Maharashtra,GOPENO,GOPENO,HU,21.0059952,percentile,GOPENO | 21763 | 21.0059952 | Stage-I,118,Other Than Home University Seats Allotted to Other Than Home University Candidates,bccfed0b07f28d9fbed30caf0766060305941abed29ea0a93a6da70b4c765e81
f6ffd36c4c00-PG_MCA_CAP2_Cutoff_All_Institutes_2025_26__1_.pdf,5111,"B. P. Hivale Education Society's Institute of Management Studies Career Development Research, Ahmednagar",0511124110,2025-26,2,Maharashtra,TFWS,TFWS,SL,90.9663786,percentile,TFWS | 2825 | 90.9663786 | Stage-I,118,Other Than Home University Seats Allotted to Other Than Home University Candidates,539e6fb75766899b186d8037932c08ff67ce0970394c401e304204944f736912
f6ffd36c4c00-PG_MCA_CAP2_Cutoff_All_Institutes_2025_26__1_.pdf,5111,"B. P. Hivale Education Society's Institute of Management Studies Career Development Research, Ahmednagar",0511124110,2025-26,2,Maharashtra,MI-MH,MI-MH,MI,49.3533426,percentile,MI-MH | 15347 | 49.3533426 | Stage-MI-MH,119,Minority Seats : Minority Seats Allotted to Non Minority Candidates,570ee1d11b0c956d1798901a1beec0be6ac34d7447c47f387f0c8330546168bd
f6ffd36c4c00-PG_MCA_CAP2_Cutoff_All_Institutes_2025_26__1_.pdf,5112,"Padmashree Dr. Vithalrao Vikhe Patil Foundation's Institute of Business Management & Rural Development, Ahmednagar",0511224110,2025-26,2,Maharashtra,GOPENH,GOPENH,HU,77.8251197,percentile,GOPENH | 7076 | 77.8251197 | Stage-I,120,Home University Seats Allotted to Home University Candidates,5d32b09bd3b03cdf856f580d24ce102d2468d32204ec5bd7f893408b3de111b8
f6ffd36c4c00-PG_MCA_CAP2_Cutoff_All_Institutes_2025_26__1_.pdf,5112,"Padmashree Dr. Vithalrao Vikhe Patil Foundation's Institute of Business Management & Rural Development, Ahmednagar",0511224110,2025-26,2,Maharashtra,GSTH,GSTH,HU,44.5345198,percentile,GSTH | 16539 | 44.5345198 | Stage-I,120,Home University Seats Allotted to Home University Candidates,0ea4334d0415322ec80d6bfbd874b67496fd484fcd70ed50da6ea09bd81b3739
f6ffd36c4c00-PG_MCA_CAP2_Cutoff_All_Institutes_2025_26__1_.pdf,5112,"Padmashree Dr. Vithalrao Vikhe Patil Foundation's Institute of Business Management & Rural Development, Ahmednagar",0511224110,2025-26,2,Maharashtra,GNTCH,GNTCH,HU,69.7143504,percentile,GNTCH | 9697 | 69.7143504 | Stage-I,120,Home University Seats Allotted to Home University Candidates,93786f00c20d86f5c3274447cf0da42cc95cc3d0704a810ae54b411d308fae3d
f6ffd36c4c00-PG_MCA_CAP2_Cutoff_All_Institutes_2025_26__1_.pdf,5112,"Padmashree Dr. Vithalrao Vikhe Patil Foundation's Institute of Business Management & Rural Development, Ahmednagar",0511224110,2025-26,2,Maharashtra,GOBCH,GOBCH,HU,9.7430286,percentile,GOBCH | 24035 | 9.7430286 | Stage-I,120,Home University Seats Allotted to Home University Candidates,8adba2e654d2612fa00a544db132db9937529c674711dffd6a1e57da34fc4c20
f6ffd36c4c00-PG_MCA_CAP2_Cutoff_All_Institutes_2025_26__1_.pdf,5112,"Padmashree Dr. Vithalrao Vikhe Patil Foundation's Institute of Business Management & Rural Development, Ahmednagar",0511224110,2025-26,2,Maharashtra,GOPENO,GOPENO,HU,29.9046039,percentile,GOPENO | 20051 | 29.9046039 | Stage-I,120,Other Than Home University Seats Allotted to Other Than Home University Candidates,7d76216bd7773d430f7bce214f5dbd1b42be6bad1451edf7bfd483fb439ca3e2
f6ffd36c4c00-PG_MCA_CAP2_Cutoff_All_Institutes_2025_26__1_.pdf,5112,"Padmashree Dr. Vithalrao Vikhe Patil Foundation's Institute of Business Management & Rural Development, Ahmednagar",0511224110,2025-26,2,Maharashtra,GSTO,GSTO,HU,4.067771,percentile,GSTO | 24976 | 4.067771 | Stage-I,120,Other Than Home University Seats Allotted to Other Than Home University Candidates,e2662384fc962ccdeeba48e735a0e0132b226c4a9dbef764ca034cd5399c591a
f6ffd36c4c00-PG_MCA_CAP2_Cutoff_All_Institutes_2025_26__1_.pdf,5112,"Padmashree Dr. Vithalrao Vikhe Patil Foundation's Institute of Business Management & Rural Development, Ahmednagar",0511224110,2025-26,2,Maharashtra,GOBCO,GOBCO,HU,4.302251,percentile,GOBCO | 24809 | 4.302251 | Stage-I,120,Other Than Home University Seats Allotted to Other Than Home University Candidates,e42d610fd80e26933b6d519aebc5ec9ed7200c834f458635872591d6ebe71df9
f6ffd36c4c00-PG_MCA_CAP2_Cutoff_All_Institutes_2025_26__1_.pdf,5112,"Padmashree Dr. Vithalrao Vikhe Patil Foundation's Institute of Business Management & Rural Development, Ahmednagar",0511224110,2025-26,2,Maharashtra,GNTBO,GNTBO,HU,25.4779232,percentile,GNTBO | 21233 | 25.4779232 | Stage-I,120,Other Than Home University Seats Allotted to Home University Candidates,4ee1d568d04ed0a4fa7a02ab27d7b9dd4fb27d320f4ac046885fff12c1cca990
f6ffd36c4c00-PG_MCA_CAP2_Cutoff_All_Institutes_2025_26__1_.pdf,5112,"Padmashree Dr. Vithalrao Vikhe Patil Foundation's Institute of Business Management & Rural Development, Ahmednagar",0511224110,2025-26,2,Maharashtra,GNTDO,GNTDO,HU,49.3533426,percentile,GNTDO | 15566 | 49.3533426 | Stage-I,120,Other Than Home University Seats Allotted to Home University Candidates,bc63bd87af47bccf40da44dc7f709f9cf8da9241f3521e38ee3bfef07ba1f26e
f6ffd36c4c00-PG_MCA_CAP2_Cutoff_All_Institutes_2025_26__1_.pdf,5112,"Padmashree Dr. Vithalrao Vikhe Patil Foundation's Institute of Business Management & Rural Development, Ahmednagar",0511224110,2025-26,2,Maharashtra,GOBCO,GOBCO,HU,65.8578922,percentile,GOBCO | 11261 | 65.8578922 | Stage-I,120,Other Than Home University Seats Allotted to Home University Candidates,35ad6e10f987781ae5ba60e6a11ba5a7a97238cccf12ce5eef5730479dd8a979
f6ffd36c4c00-PG_MCA_CAP2_Cutoff_All_Institutes_2025_26__1_.pdf,5113,"Nashik District Maratha Vidya Prasarak Samaj's Institute of Management Research & Technology, Nashik",0511324110,2025-26,2,Maharashtra,GOPENH,GOPENH,HU,65.8578922,percentile,GOPENH | 10921 | 65.8578922 | Stage-I,121,Home University Seats Allotted to Home University Candidates,76afa25a48113a6375de8866cc34ad654ee29b0fb2ec574fb910b7c413cde0a6
f6ffd36c4c00-PG_MCA_CAP2_Cutoff_All_Institutes_2025_26__1_.pdf,5113,"Nashik District Maratha Vidya Prasarak Samaj's Institute of Management Research & Technology, Nashik",0511324110,2025-26,2,Maharashtra,GSCH,GSCH,HU,36.496736,percentile,GSCH | 18678 | 36.496736 | Stage-I,121,Home University Seats Allotted to Home University Candidates,5655cc27744b4d2963189aa7b38f0a06ffa418f971d7304d1db3e572f6947eb4
f6ffd36c4c00-PG_MCA_CAP2_Cutoff_All_Institutes_2025_26__1_.pdf,5113,"Nashik District Maratha Vidya Prasarak Samaj's Institute of Management Research & Technology, Nashik",0511324110,2025-26,2,Maharashtra,GSTH,GSTH,HU,49.3533426,percentile,GSTH | 15363 | 49.3533426 | Stage-I,121,Home University Seats Allotted to Home University Candidates,17144a8dea9f6a79a649407b4eb90a6668b8a71bc13b50c0ce5d8e8ca8328bae
f6ffd36c4c00-PG_MCA_CAP2_Cutoff_All_Institutes_2025_26__1_.pdf,5113,"Nashik District Maratha Vidya Prasarak Samaj's Institute of Management Research & Technology, Nashik",0511324110,2025-26,2,Maharashtra,GNTCH,GNTCH,HU,4.067771,percentile,GNTCH | 24879 | 4.067771 | Stage-I,121,Home University Seats Allotted to Other Than Home University Candidates,158e743209ece75097b3b05d75ed7f8fcb5a5fa079c24f77827450800b96c5a1
f6ffd36c4c00-PG_MCA_CAP2_Cutoff_All_Institutes_2025_26__1_.pdf,5113,"Nashik District Maratha Vidya Prasarak Samaj's Institute of Management Research & Technology, Nashik",0511324110,2025-26,2,Maharashtra,GOPENO,GOPENO,HU,51.4093808,percentile,GOPENO | 14725 | 51.4093808 | Stage-I,121,Other Than Home University Seats Allotted to Other Than Home University Candidates,ade20d4b6e776bf38c08ba0b17a080bd067ae91133594d8a2d7f1a51d64316de
f6ffd36c4c00-PG_MCA_CAP2_Cutoff_All_Institutes_2025_26__1_.pdf,5113,"Nashik District Maratha Vidya Prasarak Samaj's Institute of Management Research & Technology, Nashik",0511324110,2025-26,2,Maharashtra,GSCO,GSCO,HU,15.5994113,percentile,GSCO | 22991 | 15.5994113 | Stage-I,121,Other Than Home University Seats Allotted to Other Than Home University Candidates,bdfd71cdefb3ce9e73cd51c84bb133ada657252a9feed4db27c9069036843ae7
f6ffd36c4c00-PG_MCA_CAP2_Cutoff_All_Institutes_2025_26__1_.pdf,5113,"Nashik District Maratha Vidya Prasarak Samaj's Institute of Management Research & Technology, Nashik",0511324110,2025-26,2,Maharashtra,GSTO,GSTO,HU,51.4093808,percentile,GSTO | 14824 | 51.4093808 | Stage-I,121,Other Than Home University Seats Allotted to Other Than Home University Candidates,8215894eda81261bf14e139587422ec8c741b94a9c5d68262487365fc2546dbf
f6ffd36c4c00-PG_MCA_CAP2_Cutoff_All_Institutes_2025_26__1_.pdf,5113,"Nashik District Maratha Vidya Prasarak Samaj's Institute of Management Research & Technology, Nashik",0511324110,2025-26,2,Maharashtra,EWS,EWS,SL,25.4779232,percentile,EWS | 20797 | 25.4779232 | Stage-I,122,,a7a6bd8681132b664d324c71032cc0c33de3b8d93626f3189292ce0bdbfe2af6
f6ffd36c4c00-PG_MCA_CAP2_Cutoff_All_Institutes_2025_26__1_.pdf,5113,"Nashik District Maratha Vidya Prasarak Samaj's Institute of Management Research & Technology, Nashik",0511324110,2025-26,2,Maharashtra,TFWS,TFWS,SL,65.8578922,percentile,TFWS | 11199 | 65.8578922 | Stage-I,122,,78d3a4289340aee141921b344d81635b08e4839c2ed043befb7a8297d8de67c5
f6ffd36c4c00-PG_MCA_CAP2_Cutoff_All_Institutes_2025_26__1_.pdf,5117,Pirens Institute Of Business Management And Administration (IBMA) Loni (BK),0511724110,2025-26,2,Maharashtra,GOPENH,GOPENH,HU,73.5368477,percentile,GOPENH | 8690 | 73.5368477 | Stage-I,123,Home University Seats Allotted to Home University Candidates,c4287e7244b58f88d2bbe8adda392b9daeb3bd92fc8c25670f90684c4e8b095d
f6ffd36c4c00-PG_MCA_CAP2_Cutoff_All_Institutes_2025_26__1_.pdf,5117,Pirens Institute Of Business Management And Administration (IBMA) Loni (BK),0511724110,2025-26,2,Maharashtra,GSCH,GSCH,HU,25.4779232,percentile,GSCH | 20943 | 25.4779232 | Stage-I,123,Home University Seats Allotted to Home University Candidates,a03b49668afb6c0fa6c784087d90f8fe8183b30502affb5c4e3eafbe39ce79f9
f6ffd36c4c00-PG_MCA_CAP2_Cutoff_All_Institutes_2025_26__1_.pdf,5117,Pirens Institute Of Business Management And Administration (IBMA) Loni (BK),0511724110,2025-26,2,Maharashtra,GSTH,GSTH,HU,9.7430286,percentile,GSTH | 24076 | 9.7430286 | Stage-I,123,Home University Seats Allotted to Home University Candidates,170de7ff6321422f143aeed247ef9197309243e5fd7d39b3420bc8e7a20a6c11
f6ffd36c4c00-PG_MCA_CAP2_Cutoff_All_Institutes_2025_26__1_.pdf,5117,Pirens Institute Of Business Management And Administration (IBMA) Loni (BK),0511724110,2025-26,2,Maharashtra,GNTBH,GNTBH,HU,15.5994113,percentile,GNTBH | 22826 | 15.5994113 | Stage-I,123,Home University Seats Allotted to Home University Candidates,c2f08397cf6d15c31f95f48c37edbba614056eb0d98a4d2a6d8b206524ec29ff
f6ffd36c4c00-PG_MCA_CAP2_Cutoff_All_Institutes_2025_26__1_.pdf,5117,Pirens Institute Of Business Management And Administration (IBMA) Loni (BK),0511724110,2025-26,2,Maharashtra,GNTDH,GNTDH,HU,46.3793819,percentile,GNTDH | 16277 | 46.3793819 | Stage-I,123,Home University Seats Allotted to Home University Candidates,c076de0c185d6362638410dd032e65faf51faf9a33eb3670b76599d944377cd9
f6ffd36c4c00-PG_MCA_CAP2_Cutoff_All_Institutes_2025_26__1_.pdf,5117,Pirens Institute Of Business Management And Administration (IBMA) Loni (BK),0511724110,2025-26,2,Maharashtra,GOPENO,GOPENO,HU,13.5402134,percentile,GOPENO | 23322 | 13.5402134 | Stage-I,123,Other Than Home University Seats Allotted to Other Than Home University Candidates,200f25f233dc5717d5cda4229415ce48943a21e089e7931eb2af3a6efd468443
f6ffd36c4c00-PG_MCA_CAP2_Cutoff_All_Institutes_2025_26__1_.pdf,5117,Pirens Institute Of Business Management And Administration (IBMA) Loni (BK),0511724110,2025-26,2,Maharashtra,GSCO,GSCO,HU,41.4550394,percentile,GSCO | 17173 | 41.4550394 | Stage-IV,123,Other Than Home University Seats Allotted to Home University Candidates,9753e219c231ee6de84b329351508c5c37db12ababe550977cdcb738e73fb21c
f6ffd36c4c00-PG_MCA_CAP2_Cutoff_All_Institutes_2025_26__1_.pdf,5117,Pirens Institute Of Business Management And Administration (IBMA) Loni (BK),0511724110,2025-26,2,Maharashtra,GSTO,GSTO,HU,41.4550394,percentile,GSTO | 17277 | 41.4550394 | Stage-IV,123,Other Than Home University Seats Allotted to Home University Candidates,8cf642be387caf82d4f90fd88f18c78d4525c31c288f5feadc4478089e3a445f
f6ffd36c4c00-PG_MCA_CAP2_Cutoff_All_Institutes_2025_26__1_.pdf,5117,Pirens Institute Of Business Management And Administration (IBMA) Loni (BK),0511724110,2025-26,2,Maharashtra,GNTBO,GNTBO,HU,41.4550394,percentile,GNTBO | 17390 | 41.4550394 | Stage-IV,123,Other Than Home University Seats Allotted to Home University Candidates,09f9264c63d95796f7c7deb4b91810f07ae9f0ded1f57d5a3a3354d028641964
f6ffd36c4c00-PG_MCA_CAP2_Cutoff_All_Institutes_2025_26__1_.pdf,5117,Pirens Institute Of Business Management And Administration (IBMA) Loni (BK),0511724110,2025-26,2,Maharashtra,GNTCO,GNTCO,HU,41.4550394,percentile,GNTCO | 17363 | 41.4550394 | Stage-IV,123,Other Than Home University Seats Allotted to Home University Candidates,e134ba09e5fe4bed25db5b32a6c8be79f973845c95167018a533d2f2f18688ba
f6ffd36c4c00-PG_MCA_CAP2_Cutoff_All_Institutes_2025_26__1_.pdf,5117,Pirens Institute Of Business Management And Administration (IBMA) Loni (BK),0511724110,2025-26,2,Maharashtra,TFWS,TFWS,SL,82.9644433,percentile,TFWS | 5335 | 82.9644433 | Stage-I,124,,fdcef74899dba022946775d5d03f9277e953ceb8f0c1add8f76d008be664db9e
f6ffd36c4c00-PG_MCA_CAP2_Cutoff_All_Institutes_2025_26__1_.pdf,5119,"C.H.M.E. Society's Dr. Moonje Institute for Management & Computer Studies, Nashik",0511924110,2025-26,2,Maharashtra,GOPENH,GOPENH,HU,65.8578922,percentile,GOPENH | 11027 | 65.8578922 | Stage-I,125,Home University Seats Allotted to Home University Candidates,46aa0e5c5de0f2f131d2a1288919fc4f680c7c3896d60bf9e69af9639f714c06
f6ffd36c4c00-PG_MCA_CAP2_Cutoff_All_Institutes_2025_26__1_.pdf,5119,"C.H.M.E. Society's Dr. Moonje Institute for Management & Computer Studies, Nashik",0511924110,2025-26,2,Maharashtra,GSCH,GSCH,HU,41.4550394,percentile,GSCH | 17333 | 41.4550394 | Stage-I,125,Home University Seats Allotted to Home University Candidates,9e3ea01f27a035b9520fab63c4c581d69eb871977b6b564513a62b544df95d6c
f6ffd36c4c00-PG_MCA_CAP2_Cutoff_All_Institutes_2025_26__1_.pdf,5119,"C.H.M.E. Society's Dr. Moonje Institute for Management & Computer Studies, Nashik",0511924110,2025-26,2,Maharashtra,GSTH,GSTH,HU,21.0059952,percentile,GSTH | 22035 | 21.0059952 | Stage-I,125,Home University Seats Allotted to Home University Candidates,49fee99fb060cb729955e90963675738b9901d6ddb8d96735c0a65c18f4fb0b3
f6ffd36c4c00-PG_MCA_CAP2_Cutoff_All_Institutes_2025_26__1_.pdf,5119,"C.H.M.E. Society's Dr. Moonje Institute for Management & Computer Studies, Nashik",0511924110,2025-26,2,Maharashtra,GOBCH,GOBCH,HU,58.7911466,percentile,GOBCH | 13131 | 58.7911466 | Stage-I,125,Home University Seats Allotted to Home University Candidates,f12eccb34eeab189ced5d97cefc615b94d0cd51078feeb495dd5c29f30031deb
f6ffd36c4c00-PG_MCA_CAP2_Cutoff_All_Institutes_2025_26__1_.pdf,5119,"C.H.M.E. Society's Dr. Moonje Institute for Management & Computer Studies, Nashik",0511924110,2025-26,2,Maharashtra,GSEBCH,GSEBCH,HU,44.5345198,percentile,GSEBCH | 16707 | 44.5345198 | Stage-I,125,Home University Seats Allotted to Home University Candidates,169064bc416eb0520e8cdaa1659e949696b67cd542e4e05361979dbf67010486
f6ffd36c4c00-PG_MCA_CAP2_Cutoff_All_Institutes_2025_26__1_.pdf,5119,"C.H.M.E. Society's Dr. Moonje Institute for Management & Computer Studies, Nashik",0511924110,2025-26,2,Maharashtra,GOPENO,GOPENO,HU,44.5345198,percentile,GOPENO | 16486 | 44.5345198 | Stage-I,125,Other Than Home University Seats Allotted to Other Than Home University Candidates,1881adc66ff1182659636a0b2695f698067542ade8ea5816199e1a4fb6b0c11b
f6ffd36c4c00-PG_MCA_CAP2_Cutoff_All_Institutes_2025_26__1_.pdf,5119,"C.H.M.E. Society's Dr. Moonje Institute for Management & Computer Studies, Nashik",0511924110,2025-26,2,Maharashtra,GSCO,GSCO,HU,25.4779232,percentile,GSCO | 20897 | 25.4779232 | Stage-I,125,Other Than Home University Seats Allotted to Other Than Home University Candidates,c6df682da349caae4c03f917a8dd10168666bff678efcb8cf59e2e5fa0beb5d7
f6ffd36c4c00-PG_MCA_CAP2_Cutoff_All_Institutes_2025_26__1_.pdf,5119,"C.H.M.E. Society's Dr. Moonje Institute for Management & Computer Studies, Nashik",0511924110,2025-26,2,Maharashtra,GNTAO,GNTAO,HU,44.5345198,percentile,GNTAO | 16658 | 44.5345198 | Stage-I,125,Other Than Home University Seats Allotted to Other Than Home University Candidates,63b8590f679a8678600938f39ab240372ef5dee671ad056c5e00224bd642f56f
f6ffd36c4c00-PG_MCA_CAP2_Cutoff_All_Institutes_2025_26__1_.pdf,5120,"MET's Institute of Management, Adgaon, Nashik",0512024110,2025-26,2,Maharashtra,GOPENH,GOPENH,HU,74.782248,percentile,GOPENH | 8117 | 74.782248 | Stage-I,126,Home University Seats Allotted to Home University Candidates,b39b454d8ceba0c976702bb87957fac1691947706259db6e1135f7693fc4f6c4
f6ffd36c4c00-PG_MCA_CAP2_Cutoff_All_Institutes_2025_26__1_.pdf,5120,"MET's Institute of Management, Adgaon, Nashik",0512024110,2025-26,2,Maharashtra,GSCH,GSCH,HU,15.5994113,percentile,GSCH | 23104 | 15.5994113 | Stage-I,126,Home University Seats Allotted to Home University Candidates,579b26cffa5a6d00a7a4a851df400032e36132a4202079347790b304a3c528db
f6ffd36c4c00-PG_MCA_CAP2_Cutoff_All_Institutes_2025_26__1_.pdf,5120,"MET's Institute of Management, Adgaon, Nashik",0512024110,2025-26,2,Maharashtra,GSTH,GSTH,HU,69.7143504,percentile,GSTH | 10080 | 69.7143504 | Stage-I,126,Home University Seats Allotted to Home University Candidates,13bb17799e02a5ce2b9cf24fed34b3cc6178ddd5a7b98ac7461f4f4ea5311169
f6ffd36c4c00-PG_MCA_CAP2_Cutoff_All_Institutes_2025_26__1_.pdf,5120,"MET's Institute of Management, Adgaon, Nashik",0512024110,2025-26,2,Maharashtra,GSEBCH,GSEBCH,HU,39.3989669,percentile,GSEBCH | 18202 | 39.3989669 | Stage-I,126,Home University Seats Allotted to Other Than Home University Candidates,70c1a0696d5a661d920a55747bc01f9e734cac6df9030bcab26c198fdad6dc76
f6ffd36c4c00-PG_MCA_CAP2_Cutoff_All_Institutes_2025_26__1_.pdf,5120,"MET's Institute of Management, Adgaon, Nashik",0512024110,2025-26,2,Maharashtra,GOPENO,GOPENO,HU,93.5511867,percentile,GOPENO | 1996 | 93.5511867 | Stage-I,126,Other Than Home University Seats Allotted to Other Than Home University Candidates,ee8294ff8746ce9e2d61745cbb7cac7f0c71dd935f7420f42f7b0af308cce2f3
f6ffd36c4c00-PG_MCA_CAP2_Cutoff_All_Institutes_2025_26__1_.pdf,5120,"MET's Institute of Management, Adgaon, Nashik",0512024110,2025-26,2,Maharashtra,GSTO,GSTO,HU,7.9446476,percentile,GSTO | 24167 | 7.9446476 | Stage-I,126,Other Than Home University Seats Allotted to Other Than Home University Candidates,5d1cee139193733adf683f56ce5195887a7bbf35e357ee708655ad13c608b04a
f6ffd36c4c00-PG_MCA_CAP2_Cutoff_All_Institutes_2025_26__1_.pdf,5120,"MET's Institute of Management, Adgaon, Nashik",0512024110,2025-26,2,Maharashtra,GOBCO,GOBCO,HU,77.8251197,percentile,GOBCO | 7160 | 77.8251197 | Stage-I,126,Other Than Home University Seats Allotted to Other Than Home University Candidates,e4368d2d9197a48191e0f32b7523215dfdbc7d9847dc44024c09dd967bb3d71f
f6ffd36c4c00-PG_MCA_CAP2_Cutoff_All_Institutes_2025_26__1_.pdf,5120,"MET's Institute of Management, Adgaon, Nashik",0512024110,2025-26,2,Maharashtra,EWS,EWS,SL,49.3533426,percentile,EWS | 15621 | 49.3533426 | Stage-I,126,Other Than Home University Seats Allotted to Other Than Home University Candidates,2d74357b041d271892b51cd3eeba6401a1ca6be45bf033feb46d2de2e0c18843
f6ffd36c4c00-PG_MCA_CAP2_Cutoff_All_Institutes_2025_26__1_.pdf,5120,"MET's Institute of Management, Adgaon, Nashik",0512024110,2025-26,2,Maharashtra,TFWS,TFWS,SL,85.2118788,percentile,TFWS | 5086 | 85.2118788 | Stage-I,126,Other Than Home University Seats Allotted to Other Than Home University Candidates,1651db0e64204a9f775781d2b0b76608a6a538b63f9408e0dc0e3cd5b055d04c
f6ffd36c4c00-PG_MCA_CAP2_Cutoff_All_Institutes_2025_26__1_.pdf,5121,"K. K. Wagh Institute of Engineering Education and Research, Nashik",0512124110,2025-26,2,Maharashtra,GOPENH,GOPENH,HU,94.4270578,percentile,GOPENH | 1769 | 94.4270578 | Stage-I,127,Home University Seats Allotted to Home University Candidates,cc80c3e0a623b6ce95d7f2801c181b1321b797a733b31204c111f6e2d6ce099f
f6ffd36c4c00-PG_MCA_CAP2_Cutoff_All_Institutes_2025_26__1_.pdf,5121,"K. K. Wagh Institute of Engineering Education and Research, Nashik",0512124110,2025-26,2,Maharashtra,GOBCH,GOBCH,HU,89.1966341,percentile,GOBCH | 3449 | 89.1966341 | Stage-I,127,Home University Seats Allotted to Home University Candidates,26b46646f74b58274b10aa4f93d63cdac3903e4acf18219cb4e1779620a03d46
f6ffd36c4c00-PG_MCA_CAP2_Cutoff_All_Institutes_2025_26__1_.pdf,5121,"K. K. Wagh Institute of Engineering Education and Research, Nashik",0512124110,2025-26,2,Maharashtra,GSEBCH,GSEBCH,HU,77.8251197,percentile,GSEBCH | 7308 | 77.8251197 | Stage-I,127,Home University Seats Allotted to Home University Candidates,bd19fb3cc1e2c472702544cae207f335062ff0b717b7a2f4f2ce8709cd89214d
f6ffd36c4c00-PG_MCA_CAP2_Cutoff_All_Institutes_2025_26__1_.pdf,5121,"K. K. Wagh Institute of Engineering Education and Research, Nashik",0512124110,2025-26,2,Maharashtra,GOPENO,GOPENO,HU,89.1966341,percentile,GOPENO | 3527 | 89.1966341 | Stage-I,127,Other Than Home University Seats Allotted to Other Than Home University Candidates,74703fe4c6ff829bb594b7eb9866efcbf5b443ee53f4acff2b0a4f4413d095e0
f6ffd36c4c00-PG_MCA_CAP2_Cutoff_All_Institutes_2025_26__1_.pdf,5121,"K. K. Wagh Institute of Engineering Education and Research, Nashik",0512124110,2025-26,2,Maharashtra,GSCO,GSCO,HU,71.1549338,percentile,GSCO | 9102 | 71.1549338 | Stage-I,127,Other Than Home University Seats Allotted to Other Than Home University Candidates,cbacdc8c754bbafbd7d4a12222dcd6adf04ed46c4cd61920075573f232f5f520
f6ffd36c4c00-PG_MCA_CAP2_Cutoff_All_Institutes_2025_26__1_.pdf,5121,"K. K. Wagh Institute of Engineering Education and Research, Nashik",0512124110,2025-26,2,Maharashtra,GSTO,GSTO,HU,46.3793819,percentile,GSTO | 15970 | 46.3793819 | Stage-I,127,Other Than Home University Seats Allotted to Other Than Home University Candidates,8f8b698d74de4374cee4cef09a62bdab5ec8f72ecaa9284f88ffbd275af46fdb
f6ffd36c4c00-PG_MCA_CAP2_Cutoff_All_Institutes_2025_26__1_.pdf,5121,"K. K. Wagh Institute of Engineering Education and Research, Nashik",0512124110,2025-26,2,Maharashtra,GNTAO,GNTAO,HU,63.1574978,percentile,GNTAO | 11997 | 63.1574978 | Stage-I,127,Other Than Home University Seats Allotted to Other Than Home University Candidates,4eba238ac73c74ae2cef4c345365bcc0af5b9b9c7efba2eed0e20468e2ba3edc
f6ffd36c4c00-PG_MCA_CAP2_Cutoff_All_Institutes_2025_26__1_.pdf,5121,"K. K. Wagh Institute of Engineering Education and Research, Nashik",0512124110,2025-26,2,Maharashtra,GOBCO,GOBCO,HU,87.3496474,percentile,GOBCO | 4012 | 87.3496474 | Stage-I,127,Other Than Home University Seats Allotted to Other Than Home University Candidates,c5a6be1fb0027c3d293b57bb0d4101b393184a99b41522ffd753976a9eec7d10
f6ffd36c4c00-PG_MCA_CAP2_Cutoff_All_Institutes_2025_26__1_.pdf,5124,"Jagadamba Education Soc. Nashik's S.N.D. College of Engineering & Reserch, Babulgaon",0512424210,2025-26,2,Maharashtra,GOPENH,GOPENH,HU,49.3533426,percentile,GOPENH | 15502 | 49.3533426 | Stage-I,128,Home University Seats Allotted to Home University Candidates,d4ea77c6cc6c639b5f8fce51626789c2b04fd19cf11036ca9b5d91ad570ad499
f6ffd36c4c00-PG_MCA_CAP2_Cutoff_All_Institutes_2025_26__1_.pdf,5124,"Jagadamba Education Soc. Nashik's S.N.D. College of Engineering & Reserch, Babulgaon",0512424210,2025-26,2,Maharashtra,GSCH,GSCH,HU,0.8905324,percentile,GSCH | 25382 | 0.8905324 | Stage-I,128,Home University Seats Allotted to Home University Candidates,1024c527e2c5c4216abe4ad64af10fbe620ddef2b7e167bdbe183539a18e4563
f6ffd36c4c00-PG_MCA_CAP2_Cutoff_All_Institutes_2025_26__1_.pdf,5124,"Jagadamba Education Soc. Nashik's S.N.D. College of Engineering & Reserch, Babulgaon",0512424210,2025-26,2,Maharashtra,GSTH,GSTH,HU,41.4550394,percentile,GSTH | 17295 | 41.4550394 | Stage-I,128,Home University Seats Allotted to Home University Candidates,1509dd2ba925e2460f64c9fa1a59d086800328f0b2ea6cfc50322d09bb1cb802
f6ffd36c4c00-PG_MCA_CAP2_Cutoff_All_Institutes_2025_26__1_.pdf,5124,"Jagadamba Education Soc. Nashik's S.N.D. College of Engineering & Reserch, Babulgaon",0512424210,2025-26,2,Maharashtra,GOPENO,GOPENO,HU,58.7911466,percentile,GOPENO | 13280 | 58.7911466 | Stage-I,128,Other Than Home University Seats Allotted to Other Than Home University Candidates,1e00d96ac9ee62338496d6b7cbaa5e4f308d531d6a5b687e89e7042af5bfa326
f6ffd36c4c00-PG_MCA_CAP2_Cutoff_All_Institutes_2025_26__1_.pdf,5124,"Jagadamba Education Soc. Nashik's S.N.D. College of Engineering & Reserch, Babulgaon",0512424210,2025-26,2,Maharashtra,GSCO,GSCO,HU,41.4550394,percentile,GSCO | 17239 | 41.4550394 | Stage-I,128,Other Than Home University Seats Allotted to Other Than Home University Candidates,9f5bb222adeb019e1c1461e06a8245831167aff451e8a7cce186031715496161
f6ffd36c4c00-PG_MCA_CAP2_Cutoff_All_Institutes_2025_26__1_.pdf,5124,"Jagadamba Education Soc. Nashik's S.N.D. College of Engineering & Reserch, Babulgaon",0512424210,2025-26,2,Maharashtra,TFWS,TFWS,SL,79.9969812,percentile,TFWS | 6721 | 79.9969812 | Stage-I,128,Other Than Home University Seats Allotted to Other Than Home University Candidates,4f3d4bfe756135d6c0e0e30f73bb1670403c193cade29c2d59cc6e071adbf61d
f6ffd36c4c00-PG_MCA_CAP2_Cutoff_All_Institutes_2025_26__1_.pdf,5131,"C.H.M.E. Society's Dr. Moonje Institute of Management & Information Technology, Nashik",0513124110,2025-26,2,Maharashtra,GOPENH,GOPENH,HU,56.5488095,percentile,GOPENH | 13828 | 56.5488095 | Stage-I,129,Home University Seats Allotted to Home University Candidates,d148c366e24e0858220715da68b636c3f167ccc87e66b3d3377aecec301144d4
f6ffd36c4c00-PG_MCA_CAP2_Cutoff_All_Institutes_2025_26__1_.pdf,5131,"C.H.M.E. Society's Dr. Moonje Institute of Management & Information Technology, Nashik",0513124110,2025-26,2,Maharashtra,GSCH,GSCH,HU,13.5402134,percentile,GSCH | 23231 | 13.5402134 | Stage-I,129,Home University Seats Allotted to Home University Candidates,7d4804148ed668126b0304288ed1ce45bb1fb2e2f7250cba577bf57489d621a3
f6ffd36c4c00-PG_MCA_CAP2_Cutoff_All_Institutes_2025_26__1_.pdf,5131,"C.H.M.E. Society's Dr. Moonje Institute of Management & Information Technology, Nashik",0513124110,2025-26,2,Maharashtra,GNTAH,GNTAH,HU,41.4550394,percentile,GNTAH | 17503 | 41.4550394 | Stage-I,129,Home University Seats Allotted to Home University Candidates,95ad31faff4f10e2b1862c37922bbdf727cc2ba2612e8f2265bcde84a8f54306
f6ffd36c4c00-PG_MCA_CAP2_Cutoff_All_Institutes_2025_26__1_.pdf,5131,"C.H.M.E. Society's Dr. Moonje Institute of Management & Information Technology, Nashik",0513124110,2025-26,2,Maharashtra,GNTCH,GNTCH,HU,44.5345198,percentile,GNTCH | 16512 | 44.5345198 | Stage-I,129,Home University Seats Allotted to Home University Candidates,8ddce9031e44d928d66d5a989c10577c75e22cf92fe01792bc8076abe4bc4aff
f6ffd36c4c00-PG_MCA_CAP2_Cutoff_All_Institutes_2025_26__1_.pdf,5131,"C.H.M.E. Society's Dr. Moonje Institute of Management & Information Technology, Nashik",0513124110,2025-26,2,Maharashtra,GOPENO,GOPENO,HU,44.5345198,percentile,GOPENO | 16545 | 44.5345198 | Stage-I,129,Other Than Home University Seats Allotted to Other Than Home University Candidates,3fb20254d9cbd5c60d4a92180e56791d4b6718a5396017e06edf878f9b4ea33d
f6ffd36c4c00-PG_MCA_CAP2_Cutoff_All_Institutes_2025_26__1_.pdf,5131,"C.H.M.E. Society's Dr. Moonje Institute of Management & Information Technology, Nashik",0513124110,2025-26,2,Maharashtra,GSCO,GSCO,HU,39.3989669,percentile,GSCO | 17758 | 39.3989669 | Stage-I,129,Other Than Home University Seats Allotted to Other Than Home University Candidates,277397f8787f9ff2c7db6fa3f37f081a92e44e4808695cbfae11254658811400
f6ffd36c4c00-PG_MCA_CAP2_Cutoff_All_Institutes_2025_26__1_.pdf,5150,"R.C. Patel Educational Trust, Institute of Management Reasearch & Development, Shirpur",0515024110,2025-26,2,Maharashtra,GOPENH,GOPENH,HU,77.8251197,percentile,GOPENH | 7301 | 77.8251197 | Stage-I,130,Home University Seats Allotted to Home University Candidates,8972ddd2d5fe4dc75e8d26911da840abd57474abe7ad81826f93c836fe0a7690
f6ffd36c4c00-PG_MCA_CAP2_Cutoff_All_Institutes_2025_26__1_.pdf,5150,"R.C. Patel Educational Trust, Institute of Management Reasearch & Development, Shirpur",0515024110,2025-26,2,Maharashtra,GOPENO,GOPENO,HU,41.4550394,percentile,GOPENO | 17257 | 41.4550394 | Stage-I,130,Other Than Home University Seats Allotted to Other Than Home University Candidates,89dd3b63f1ca9e2e9c7ee2c01af8c9ff1b8b9cd46f17c38889ea21901d0d7d12
f6ffd36c4c00-PG_MCA_CAP2_Cutoff_All_Institutes_2025_26__1_.pdf,5150,"R.C. Patel Educational Trust, Institute of Management Reasearch & Development, Shirpur",0515024110,2025-26,2,Maharashtra,MI-MH,MI-MH,MI,58.7911466,percentile,MI-MH | 13342 | 58.7911466 | Stage-MI-MH,130,Minority Seats : Minority Seats Allotted to Non Minority Candidates,91c871ee7197959374d97eb80f1fbe2a655a5b33cccf167c9a5e862a8f8bf76c
f6ffd36c4c00-PG_MCA_CAP2_Cutoff_All_Institutes_2025_26__1_.pdf,5151,"MET Bhujbal Knowledge City MET League's Engineering College, Adgaon, Nashik.",0515124110,2025-26,2,Maharashtra,GOPENH,GOPENH,HU,90.9663786,percentile,GOPENH | 2860 | 90.9663786 | Stage-I,131,Home University Seats Allotted to Home University Candidates,9f60b3cbe9da1049c33e9bee36be6a9d2d341c0d04d691113c50260fe7d5986f
f6ffd36c4c00-PG_MCA_CAP2_Cutoff_All_Institutes_2025_26__1_.pdf,5151,"MET Bhujbal Knowledge City MET League's Engineering College, Adgaon, Nashik.",0515124110,2025-26,2,Maharashtra,GSCH,GSCH,HU,63.1574978,percentile,GSCH | 12032 | 63.1574978 | Stage-I,131,Home University Seats Allotted to Home University Candidates,3cc978b2f53dc09677f27c39d5e779074ad8ade8c5a09ec84db0325cc58deeaa
f6ffd36c4c00-PG_MCA_CAP2_Cutoff_All_Institutes_2025_26__1_.pdf,5151,"MET Bhujbal Knowledge City MET League's Engineering College, Adgaon, Nashik.",0515124110,2025-26,2,Maharashtra,GNTDH,GNTDH,HU,67.3579428,percentile,GNTDH | 10716 | 67.3579428 | Stage-I,131,Home University Seats Allotted to Home University Candidates,a8fddd02109506a64ab831e9bb79b0f21cd23063c5b1c5399e1d4536c96a4443
f6ffd36c4c00-PG_MCA_CAP2_Cutoff_All_Institutes_2025_26__1_.pdf,5151,"MET Bhujbal Knowledge City MET League's Engineering College, Adgaon, Nashik.",0515124110,2025-26,2,Maharashtra,GOBCH,GOBCH,HU,82.9644433,percentile,GOBCH | 5401 | 82.9644433 | Stage-I,131,Home University Seats Allotted to Home University Candidates,f494b6f32284d5e475c2c2d5aa887b2a7f1cd7b109227fca3f665c866abe17d5
f6ffd36c4c00-PG_MCA_CAP2_Cutoff_All_Institutes_2025_26__1_.pdf,5151,"MET Bhujbal Knowledge City MET League's Engineering College, Adgaon, Nashik.",0515124110,2025-26,2,Maharashtra,GSEBCH,GSEBCH,HU,61.2807064,percentile,GSEBCH | 12483 | 61.2807064 | Stage-I,131,Home University Seats Allotted to Home University Candidates,10cc27026db0d395e3d72d7ca55f97d7922614286cb44c1d97f417f6d7a8b9cf
f6ffd36c4c00-PG_MCA_CAP2_Cutoff_All_Institutes_2025_26__1_.pdf,5151,"MET Bhujbal Knowledge City MET League's Engineering College, Adgaon, Nashik.",0515124110,2025-26,2,Maharashtra,GOPENO,GOPENO,HU,90.9663786,percentile,GOPENO | 2933 | 90.9663786 | Stage-I,131,Other Than Home University Seats Allotted to Other Than Home University Candidates,ea3751af5ff27bdda4a0df01d97b8e148f5739947ef48f9395350c52947cf097
f6ffd36c4c00-PG_MCA_CAP2_Cutoff_All_Institutes_2025_26__1_.pdf,5151,"MET Bhujbal Knowledge City MET League's Engineering College, Adgaon, Nashik.",0515124110,2025-26,2,Maharashtra,GSCO,GSCO,HU,69.7143504,percentile,GSCO | 9739 | 69.7143504 | Stage-I,131,Other Than Home University Seats Allotted to Other Than Home University Candidates,2a336fd144aa356db70e3e5057a72b19e1609093f388d4c921ff4281493154f3
f6ffd36c4c00-PG_MCA_CAP2_Cutoff_All_Institutes_2025_26__1_.pdf,5151,"MET Bhujbal Knowledge City MET League's Engineering College, Adgaon, Nashik.",0515124110,2025-26,2,Maharashtra,GSTO,GSTO,HU,46.3793819,percentile,GSTO | 16165 | 46.3793819 | Stage-I,131,Other Than Home University Seats Allotted to Other Than Home University Candidates,c3532e58315f9c4997c76b6ee5063548d99df87f4ce497632d7cd8c90461bfd8
f6ffd36c4c00-PG_MCA_CAP2_Cutoff_All_Institutes_2025_26__1_.pdf,5151,"MET Bhujbal Knowledge City MET League's Engineering College, Adgaon, Nashik.",0515124110,2025-26,2,Maharashtra,GOBCO,GOBCO,HU,89.1966341,percentile,GOBCO | 3383 | 89.1966341 | Stage-I,131,Other Than Home University Seats Allotted to Other Than Home University Candidates,e6f2262f2c6cea01d21452aa5c7b5edef0295f9da72d1e7133eda31e29075dc7
f6ffd36c4c00-PG_MCA_CAP2_Cutoff_All_Institutes_2025_26__1_.pdf,5151,"MET Bhujbal Knowledge City MET League's Engineering College, Adgaon, Nashik.",0515124110,2025-26,2,Maharashtra,GSEBCO,GSEBCO,HU,53.942159,percentile,GSEBCO | 14132 | 53.942159 | Stage-I,131,Other Than Home University Seats Allotted to Other Than Home University Candidates,064a67acda79d017e03ccb691f7af323b97a1a88268ee51bf26db4f7e72b97b8
f6ffd36c4c00-PG_MCA_CAP2_Cutoff_All_Institutes_2025_26__1_.pdf,5151,"MET Bhujbal Knowledge City MET League's Engineering College, Adgaon, Nashik.",0515124110,2025-26,2,Maharashtra,TFWS,TFWS,SL,93.405226,percentile,TFWS | 2202 | 93.405226 | Stage-I,131,Other Than Home University Seats Allotted to Other Than Home University Candidates,48e62029a32fe84da46cf3dc30942106feaee1844336445d87ef1b5c764af3c9
f6ffd36c4c00-PG_MCA_CAP2_Cutoff_All_Institutes_2025_26__1_.pdf,5152,"G H Raisoni College of Engineering and Management, Jalgaon",0515224110,2025-26,2,Maharashtra,GOPENH,GOPENH,HU,61.2807064,percentile,GOPENH | 12185 | 61.2807064 | Stage-I,132,Home University Seats Allotted to Home University Candidates,cfb5b6c1194c6a1dde711c6400b70caf4eca03ef9d84d44136777260a1ce6781
f6ffd36c4c00-PG_MCA_CAP2_Cutoff_All_Institutes_2025_26__1_.pdf,5152,"G H Raisoni College of Engineering and Management, Jalgaon",0515224110,2025-26,2,Maharashtra,GOPENO,GOPENO,HU,49.3533426,percentile,GOPENO | 15560 | 49.3533426 | Stage-I,132,Other Than Home University Seats Allotted to Other Than Home University Candidates,a55e291dcc910b6955887a22f1e3d1556a1bfc4dd53af22dbc94183e120262e5
f6ffd36c4c00-PG_MCA_CAP2_Cutoff_All_Institutes_2025_26__1_.pdf,5152,"G H Raisoni College of Engineering and Management, Jalgaon",0515224110,2025-26,2,Maharashtra,TFWS,TFWS,SL,94.4270578,percentile,TFWS | 1712 | 94.4270578 | Stage-I,132,Other Than Home University Seats Allotted to Other Than Home University Candidates,480e05480662d0efd379924e13569fefd5ed98f1036da8b09209db1b4fd45042
f6ffd36c4c00-PG_MCA_CAP2_Cutoff_All_Institutes_2025_26__1_.pdf,5152,"G H Raisoni College of Engineering and Management, Jalgaon",0515224110,2025-26,2,Maharashtra,MI-MH,MI-MH,MI,36.496736,percentile,MI-MH | 18443 | 36.496736 | Stage-MI-MH,132,Minority Seats : Minority Seats Allotted to Non Minority Candidates,cabd12d4856a1f4d782c427035deed3872fe34715c2da491bfd8492a06848963
f6ffd36c4c00-PG_MCA_CAP2_Cutoff_All_Institutes_2025_26__1_.pdf,5153,"West Khandesh Bhagini Seva Mandal's Dr. Suryakanta R. Ajmera M.C.A. College for Women, Dhule",0515224110,2025-26,2,Maharashtra,GOPENS,GOPENS,SL,56.5488095,percentile,GOPENS | 13519 | 56.5488095 | Stage-I,133,,17bdaeb19b095a02e0a4776edcbee59ee03c2f30481c97691edcf1c3bb3342d6
f6ffd36c4c00-PG_MCA_CAP2_Cutoff_All_Institutes_2025_26__1_.pdf,5153,"West Khandesh Bhagini Seva Mandal's Dr. Suryakanta R. Ajmera M.C.A. College for Women, Dhule",0515224110,2025-26,2,Maharashtra,MI-MH,MI-MH,MI,34.5198145,percentile,MI-MH | 19067 | 34.5198145 | Stage-MI-MH,133,Minority Seats : Minority Seats Allotted to Non Minority Candidates,313a2caeecbf3298d4f8a83bf7ab0c2758137b72508867bed7ae14b41b13e072
f6ffd36c4c00-PG_MCA_CAP2_Cutoff_All_Institutes_2025_26__1_.pdf,5170,"Hindi Seva Mandal's Shri Sant Gadgebaba College of Engineering & Technology, Bhusawal",0517024110,2025-26,2,Maharashtra,GOPENO,GOPENO,HU,10.5199653,percentile,GOPENO | 23722 | 10.5199653 | Stage-I,134,Other Than Home University Seats Allotted to Other Than Home University Candidates,3566a35c0ac11b66b4e32d616e8b42a1385609f8b1850c1c0594154ffa800435
f6ffd36c4c00-PG_MCA_CAP2_Cutoff_All_Institutes_2025_26__1_.pdf,5170,"Hindi Seva Mandal's Shri Sant Gadgebaba College of Engineering & Technology, Bhusawal",0517024110,2025-26,2,Maharashtra,GOPENO,GOPENO,HU,36.496736,percentile,GOPENO | 18537 | 36.496736 | Stage-I,134,Other Than Home University Seats Allotted to Home University Candidates,3231ba9708c64e9f25da0ebbb10a466ce12ac56c5eca3f59b8ecda2284ce17fb
f6ffd36c4c00-PG_MCA_CAP2_Cutoff_All_Institutes_2025_26__1_.pdf,5170,"Hindi Seva Mandal's Shri Sant Gadgebaba College of Engineering & Technology, Bhusawal",0517024110,2025-26,2,Maharashtra,MI-MH,MI-MH,MI,10.5199653,percentile,MI-MH | 23765 | 10.5199653 | Stage-MI-MH,134,Minority Seats : Minority Seats Allotted to Non Minority Candidates,ff7d11235e6dd922f2b2a2625cbf1166cd9f7052e70c6ff63b391846e2369499
f6ffd36c4c00-PG_MCA_CAP2_Cutoff_All_Institutes_2025_26__1_.pdf,5177,"Matoshri College of Engineering and Research Centre, Eklahare, Nashik",0517724110,2025-26,2,Maharashtra,GOPENH,GOPENH,HU,74.782248,percentile,GOPENH | 8286 | 74.782248 | Stage-I,135,Home University Seats Allotted to Home University Candidates,9a5b966735cbe92cf936e3d1a85aa23b3ca2391496bf278eaf6e647ae3348b67
f6ffd36c4c00-PG_MCA_CAP2_Cutoff_All_Institutes_2025_26__1_.pdf,5177,"Matoshri College of Engineering and Research Centre, Eklahare, Nashik",0517724110,2025-26,2,Maharashtra,GSCH,GSCH,HU,71.1549338,percentile,GSCH | 9605 | 71.1549338 | Stage-I,135,Home University Seats Allotted to Home University Candidates,beccd91ff43f0102a4eed77ce64ec5f60f2cef9ada2c8d62d03cd172631a8b5e
f6ffd36c4c00-PG_MCA_CAP2_Cutoff_All_Institutes_2025_26__1_.pdf,5177,"Matoshri College of Engineering and Research Centre, Eklahare, Nashik",0517724110,2025-26,2,Maharashtra,GSTH,GSTH,HU,7.9446476,percentile,GSTH | 24213 | 7.9446476 | Stage-I,135,Home University Seats Allotted to Home University Candidates,a1354673101b6eaf573ea00be9be6848283c4e05358c3994994d4ee111c72a5a
f6ffd36c4c00-PG_MCA_CAP2_Cutoff_All_Institutes_2025_26__1_.pdf,5177,"Matoshri College of Engineering and Research Centre, Eklahare, Nashik",0517724110,2025-26,2,Maharashtra,GNTCH,GNTCH,HU,36.496736,percentile,GNTCH | 18437 | 36.496736 | Stage-I,135,Home University Seats Allotted to Home University Candidates,a427ddcff0d6177b7df53e94cc6c538dc54d7447fa7ce8606f0b689f7b78fd65
f6ffd36c4c00-PG_MCA_CAP2_Cutoff_All_Institutes_2025_26__1_.pdf,5177,"Matoshri College of Engineering and Research Centre, Eklahare, Nashik",0517724110,2025-26,2,Maharashtra,GNTBH,GNTBH,HU,36.496736,percentile,GNTBH | 18247 | 36.496736 | Stage-I,135,Home University Seats Allotted to Other Than Home University Candidates,ca6afba3cede7b4137e8c03e002a20f5fe861b2d5a111a39b8d6cd12c498e5ea
f6ffd36c4c00-PG_MCA_CAP2_Cutoff_All_Institutes_2025_26__1_.pdf,5177,"Matoshri College of Engineering and Research Centre, Eklahare, Nashik",0517724110,2025-26,2,Maharashtra,GOPENO,GOPENO,HU,58.7911466,percentile,GOPENO | 13345 | 58.7911466 | Stage-I,135,Other Than Home University Seats Allotted to Other Than Home University Candidates,42be60e01fe37b6b79e0125543b24a772ea4027c148319aebf7e585c44bfb6a2
f6ffd36c4c00-PG_MCA_CAP2_Cutoff_All_Institutes_2025_26__1_.pdf,5177,"Matoshri College of Engineering and Research Centre, Eklahare, Nashik",0517724110,2025-26,2,Maharashtra,GSCO,GSCO,HU,19.1539942,percentile,GSCO | 22393 | 19.1539942 | Stage-I,135,Other Than Home University Seats Allotted to Other Than Home University Candidates,cf37026e39a844b6552df9b3b8b81096897e499e0e5a81e80f8043312dd125a0
f6ffd36c4c00-PG_MCA_CAP2_Cutoff_All_Institutes_2025_26__1_.pdf,5177,"Matoshri College of Engineering and Research Centre, Eklahare, Nashik",0517724110,2025-26,2,Maharashtra,GSTO,GSTO,HU,44.5345198,percentile,GSTO | 16590 | 44.5345198 | Stage-I,135,Other Than Home University Seats Allotted to Other Than Home University Candidates,6cbfac021462f511b2411afee903cfd58c45b5d06368d5bc8e10f8c3a924cd0f
f6ffd36c4c00-PG_MCA_CAP2_Cutoff_All_Institutes_2025_26__1_.pdf,5181,"Gokhale Education Society's, R.H. Sapat College of Engineering, Management Studies and Research, Nashik",0518124110,2025-26,2,Maharashtra,GOPENH,GOPENH,HU,82.9644433,percentile,GOPENH | 5332 | 82.9644433 | Stage-I,137,Home University Seats Allotted to Home University Candidates,25b674b6eb621168e58dde9b789d508eadebc1ae46c9ca619c0245608ccb0576
f6ffd36c4c00-PG_MCA_CAP2_Cutoff_All_Institutes_2025_26__1_.pdf,5181,"Gokhale Education Society's, R.H. Sapat College of Engineering, Management Studies and Research, Nashik",0518124110,2025-26,2,Maharashtra,GSCH,GSCH,HU,27.2744425,percentile,GSCH | 20644 | 27.2744425 | Stage-I,137,Home University Seats Allotted to Home University Candidates,d3b3d5ccff8733c79ee33f428180b8245f95a683bf8dd53c16dd79d21576800a
f6ffd36c4c00-PG_MCA_CAP2_Cutoff_All_Institutes_2025_26__1_.pdf,5181,"Gokhale Education Society's, R.H. Sapat College of Engineering, Management Studies and Research, Nashik",0518124110,2025-26,2,Maharashtra,GSTH,GSTH,HU,76.9216256,percentile,GSTH | 7884 | 76.9216256 | Stage-I,137,Home University Seats Allotted to Home University Candidates,d0f7a7ea74516507323d38b17268df2ba597aec39a1fc4a3d70baadd1161893d
f6ffd36c4c00-PG_MCA_CAP2_Cutoff_All_Institutes_2025_26__1_.pdf,5181,"Gokhale Education Society's, R.H. Sapat College of Engineering, Management Studies and Research, Nashik",0518124110,2025-26,2,Maharashtra,GOBCH,GOBCH,HU,69.7143504,percentile,GOBCH | 9833 | 69.7143504 | Stage-I,137,Home University Seats Allotted to Home University Candidates,15b598727a991b773a41b3c546da5223a7a8b2c0f4de5fac7c372b2a40e148d2
f6ffd36c4c00-PG_MCA_CAP2_Cutoff_All_Institutes_2025_26__1_.pdf,5181,"Gokhale Education Society's, R.H. Sapat College of Engineering, Management Studies and Research, Nashik",0518124110,2025-26,2,Maharashtra,GNTCH,GNTCH,HU,19.1539942,percentile,GNTCH | 22255 | 19.1539942 | Stage-I,137,Home University Seats Allotted to Other Than Home University Candidates,b49a3679edc770d245a8840e1245cccc47d972950fc3a7485ae59ab9c6d0cf69
f6ffd36c4c00-PG_MCA_CAP2_Cutoff_All_Institutes_2025_26__1_.pdf,5181,"Gokhale Education Society's, R.H. Sapat College of Engineering, Management Studies and Research, Nashik",0518124110,2025-26,2,Maharashtra,GOPENO,GOPENO,HU,74.782248,percentile,GOPENO | 8307 | 74.782248 | Stage-I,137,Other Than Home University Seats Allotted to Other Than Home University Candidates,703a30108ad93ee9ef9c93ac4d92f20225fc216cf7ee0307166ccaa25c9c2bbd
f6ffd36c4c00-PG_MCA_CAP2_Cutoff_All_Institutes_2025_26__1_.pdf,5181,"Gokhale Education Society's, R.H. Sapat College of Engineering, Management Studies and Research, Nashik",0518124110,2025-26,2,Maharashtra,GSCO,GSCO,HU,65.8578922,percentile,GSCO | 11195 | 65.8578922 | Stage-I,137,Other Than Home University Seats Allotted to Other Than Home University Candidates,b9f6955c01fde163122bd6ebfb20cb428941c93bf232dd2938ea4b9995e63c0a
f6ffd36c4c00-PG_MCA_CAP2_Cutoff_All_Institutes_2025_26__1_.pdf,5181,"Gokhale Education Society's, R.H. Sapat College of Engineering, Management Studies and Research, Nashik",0518124110,2025-26,2,Maharashtra,GSTO,GSTO,HU,29.9046039,percentile,GSTO | 20026 | 29.9046039 | Stage-I,137,Other Than Home University Seats Allotted to Other Than Home University Candidates,70fdda1dc84d04d0eb0e9a5e3b28231be2896d57c0a0bbc530cee4c66ad1b7c6
f6ffd36c4c00-PG_MCA_CAP2_Cutoff_All_Institutes_2025_26__1_.pdf,5181,"Gokhale Education Society's, R.H. Sapat College of Engineering, Management Studies and Research, Nashik",0518124110,2025-26,2,Maharashtra,GNTCO,GNTCO,HU,44.5345198,percentile,GNTCO | 16559 | 44.5345198 | Stage-I,137,Other Than Home University Seats Allotted to Other Than Home University Candidates,e1dea66a5cb42e69e0ba8e65e9dc46671d470905563ec2033774b841bbf4d5de
f6ffd36c4c00-PG_MCA_CAP2_Cutoff_All_Institutes_2025_26__1_.pdf,5303,"Hon. Shri. Babanrao Pachpute Vichardhara Trust, Group of Institutions (Integrated Campus)-Parikrama, Kashti Shrigondha,",0530324110,2025-26,2,Maharashtra,GOPENH,GOPENH,HU,61.2807064,percentile,GOPENH | 12417 | 61.2807064 | Stage-I,139,Home University Seats Allotted to Home University Candidates,8e98b308d95de90c918ed30dec2f3d6c390878a1f308c0f98d3df80faabcd2b1
f6ffd36c4c00-PG_MCA_CAP2_Cutoff_All_Institutes_2025_26__1_.pdf,5303,"Hon. Shri. Babanrao Pachpute Vichardhara Trust, Group of Institutions (Integrated Campus)-Parikrama, Kashti Shrigondha,",0530324110,2025-26,2,Maharashtra,GSCH,GSCH,HU,61.2807064,percentile,GSCH | 12524 | 61.2807064 | Stage-I,139,Home University Seats Allotted to Home University Candidates,d74672538013bc493aad1358cd3e88669d83fad5450bfc597bdb242e0de36815
f6ffd36c4c00-PG_MCA_CAP2_Cutoff_All_Institutes_2025_26__1_.pdf,5303,"Hon. Shri. Babanrao Pachpute Vichardhara Trust, Group of Institutions (Integrated Campus)-Parikrama, Kashti Shrigondha,",0530324110,2025-26,2,Maharashtra,GSTH,GSTH,HU,25.4779232,percentile,GSTH | 20869 | 25.4779232 | Stage-I,139,Home University Seats Allotted to Home University Candidates,dae2fb4d8ca9af0fd42872f4179bc1570544903d055890895275ece45fdb53a0
f6ffd36c4c00-PG_MCA_CAP2_Cutoff_All_Institutes_2025_26__1_.pdf,5303,"Hon. Shri. Babanrao Pachpute Vichardhara Trust, Group of Institutions (Integrated Campus)-Parikrama, Kashti Shrigondha,",0530324110,2025-26,2,Maharashtra,GNTAH,GNTAH,HU,23.1010151,percentile,GNTAH | 21463 | 23.1010151 | Stage-I,139,Home University Seats Allotted to Home University Candidates,3c9c362ff608e8404d11c61f5fe5a30a6a944cbf0e1c1d61d0741c4f9e835ca5
f6ffd36c4c00-PG_MCA_CAP2_Cutoff_All_Institutes_2025_26__1_.pdf,5303,"Hon. Shri. Babanrao Pachpute Vichardhara Trust, Group of Institutions (Integrated Campus)-Parikrama, Kashti Shrigondha,",0530324110,2025-26,2,Maharashtra,GNTDH,GNTDH,HU,58.7911466,percentile,GNTDH | 13150 | 58.7911466 | Stage-I,139,Home University Seats Allotted to Home University Candidates,e3bb5ce36ab1e5a1b4d502d9ca39fa11f7149697e40c93d7cd3963922dc6bee9
f6ffd36c4c00-PG_MCA_CAP2_Cutoff_All_Institutes_2025_26__1_.pdf,5303,"Hon. Shri. Babanrao Pachpute Vichardhara Trust, Group of Institutions (Integrated Campus)-Parikrama, Kashti Shrigondha,",0530324110,2025-26,2,Maharashtra,GOPENO,GOPENO,HU,67.3579428,percentile,GOPENO | 10654 | 67.3579428 | Stage-I,139,Other Than Home University Seats Allotted to Other Than Home University Candidates,222b4b096ef36b40d5b368f6ac8ba47a9d384e6b8b99a03b0749c3b86a8316c3
f6ffd36c4c00-PG_MCA_CAP2_Cutoff_All_Institutes_2025_26__1_.pdf,5303,"Hon. Shri. Babanrao Pachpute Vichardhara Trust, Group of Institutions (Integrated Campus)-Parikrama, Kashti Shrigondha,",0530324110,2025-26,2,Maharashtra,GSTO,GSTO,HU,63.1574978,percentile,GSTO | 11461 | 63.1574978 | Stage-I,139,Other Than Home University Seats Allotted to Other Than Home University Candidates,4875a0e1112438fe7ee539dbb1f20925d00d23cde8f3c9f107e8508dd4a7e929
f6ffd36c4c00-PG_MCA_CAP2_Cutoff_All_Institutes_2025_26__1_.pdf,5303,"Hon. Shri. Babanrao Pachpute Vichardhara Trust, Group of Institutions (Integrated Campus)-Parikrama, Kashti Shrigondha,",0530324110,2025-26,2,Maharashtra,GSCO,GSCO,HU,56.5488095,percentile,GSCO | 13688 | 56.5488095 | Stage-I,139,Other Than Home University Seats Allotted to Home University Candidates,9d3bd151294f74665578ac274c78d44b2b5150ee4601d56fc44f7aa84ef20955
f6ffd36c4c00-PG_MCA_CAP2_Cutoff_All_Institutes_2025_26__1_.pdf,5303,"Hon. Shri. Babanrao Pachpute Vichardhara Trust, Group of Institutions (Integrated Campus)-Parikrama, Kashti Shrigondha,",0530324110,2025-26,2,Maharashtra,GNTAO,GNTAO,HU,13.5402134,percentile,GNTAO | 23156 | 13.5402134 | Stage-I,139,Other Than Home University Seats Allotted to Home University Candidates,b98b394ac988fbf0238e80e25b85c3cc650f06aa0bb1d6e880e518ce6138b66c
f6ffd36c4c00-PG_MCA_CAP2_Cutoff_All_Institutes_2025_26__1_.pdf,5303,"Hon. Shri. Babanrao Pachpute Vichardhara Trust, Group of Institutions (Integrated Campus)-Parikrama, Kashti Shrigondha,",0530324110,2025-26,2,Maharashtra,EWS,EWS,SL,71.1549338,percentile,EWS | 9133 | 71.1549338 | Stage-I,140,,7929027ec2558a54599d9e5294dbca908593b09c4916366e64e1af4a4cc7af0a
f6ffd36c4c00-PG_MCA_CAP2_Cutoff_All_Institutes_2025_26__1_.pdf,5303,"Hon. Shri. Babanrao Pachpute Vichardhara Trust, Group of Institutions (Integrated Campus)-Parikrama, Kashti Shrigondha,",0530324110,2025-26,2,Maharashtra,TFWS,TFWS,SL,89.1331398,percentile,TFWS | 3550 | 89.1331398 | Stage-I,140,,7be187bf91b090318c7eb72d2de1e92f800c7e5ce5b32a21bd163484edb9cbbf
f6ffd36c4c00-PG_MCA_CAP2_Cutoff_All_Institutes_2025_26__1_.pdf,5331,"Sandip Foundation's, Sandip Institute of Engineering & Management, Nashik",0533124110,2025-26,2,Maharashtra,GOPENH,GOPENH,HU,63.1574978,percentile,GOPENH | 11860 | 63.1574978 | Stage-I,141,Home University Seats Allotted to Home University Candidates,eb42dcaf44e7f71485d8603d2b80416f61ea0622a659213acf90df63d81cf592
f6ffd36c4c00-PG_MCA_CAP2_Cutoff_All_Institutes_2025_26__1_.pdf,5331,"Sandip Foundation's, Sandip Institute of Engineering & Management, Nashik",0533124110,2025-26,2,Maharashtra,GSCH,GSCH,HU,53.942159,percentile,GSCH | 14020 | 53.942159 | Stage-I,141,Home University Seats Allotted to Home University Candidates,ac5f07bacfaba959722dceb4ff6d9dbb1a42e54ae89da6fa3f868e15d11bb277
f6ffd36c4c00-PG_MCA_CAP2_Cutoff_All_Institutes_2025_26__1_.pdf,5331,"Sandip Foundation's, Sandip Institute of Engineering & Management, Nashik",0533124110,2025-26,2,Maharashtra,GSTH,GSTH,HU,25.4779232,percentile,GSTH | 21097 | 25.4779232 | Stage-I,141,Home University Seats Allotted to Home University Candidates,cfa15dbfaa8964c3731ca3eeb2536eeeea9a32bbef99ef5567158a3a71d8f3d9
f6ffd36c4c00-PG_MCA_CAP2_Cutoff_All_Institutes_2025_26__1_.pdf,5331,"Sandip Foundation's, Sandip Institute of Engineering & Management, Nashik",0533124110,2025-26,2,Maharashtra,GNTBH,GNTBH,HU,49.3533426,percentile,GNTBH | 15428 | 49.3533426 | Stage-I,141,Home University Seats Allotted to Home University Candidates,6641e1088a9b39df6c8824a03235fd50df53c4f3ace247159a8c1dd5dc9a7595
f6ffd36c4c00-PG_MCA_CAP2_Cutoff_All_Institutes_2025_26__1_.pdf,5331,"Sandip Foundation's, Sandip Institute of Engineering & Management, Nashik",0533124110,2025-26,2,Maharashtra,GNTCH,GNTCH,HU,27.2744425,percentile,GNTCH | 20563 | 27.2744425 | Stage-I,141,Home University Seats Allotted to Home University Candidates,be7adb2daeab4d89b551261f3afff08588e24e8ee3b56bf415d71fe8d909440f
f6ffd36c4c00-PG_MCA_CAP2_Cutoff_All_Institutes_2025_26__1_.pdf,5331,"Sandip Foundation's, Sandip Institute of Engineering & Management, Nashik",0533124110,2025-26,2,Maharashtra,GSCH,GSCH,HU,49.3533426,percentile,GSCH | 15480 | 49.3533426 | Stage-I,141,Home University Seats Allotted to Other Than Home University Candidates,f7e06e7a8e9b9450b11481389291033382928baf9b2ed21dbd079a79debf29bf
f6ffd36c4c00-PG_MCA_CAP2_Cutoff_All_Institutes_2025_26__1_.pdf,5331,"Sandip Foundation's, Sandip Institute of Engineering & Management, Nashik",0533124110,2025-26,2,Maharashtra,GOPENO,GOPENO,HU,58.7911466,percentile,GOPENO | 13205 | 58.7911466 | Stage-I,141,Other Than Home University Seats Allotted to Other Than Home University Candidates,ffcf6283a2e023f1dce373bba8213be9320e059cc0a033ed796d3b47d78e414b
f6ffd36c4c00-PG_MCA_CAP2_Cutoff_All_Institutes_2025_26__1_.pdf,5331,"Sandip Foundation's, Sandip Institute of Engineering & Management, Nashik",0533124110,2025-26,2,Maharashtra,GSTO,GSTO,HU,39.3989669,percentile,GSTO | 18199 | 39.3989669 | Stage-I,141,Other Than Home University Seats Allotted to Other Than Home University Candidates,8ba03675285530378f6ce59d04cb960e7964bad92d0391b62054b845506c0adc
f6ffd36c4c00-PG_MCA_CAP2_Cutoff_All_Institutes_2025_26__1_.pdf,5331,"Sandip Foundation's, Sandip Institute of Engineering & Management, Nashik",0533124110,2025-26,2,Maharashtra,GNTBO,GNTBO,HU,51.4093808,percentile,GNTBO | 14804 | 51.4093808 | Stage-I,141,Other Than Home University Seats Allotted to Other Than Home University Candidates,d4a0dc849860a381b026ae23a56dda5ed9565457c510ff554187448018096692
f6ffd36c4c00-PG_MCA_CAP2_Cutoff_All_Institutes_2025_26__1_.pdf,5331,"Sandip Foundation's, Sandip Institute of Engineering & Management, Nashik",0533124110,2025-26,2,Maharashtra,GOBCO,GOBCO,HU,34.5198145,percentile,GOBCO | 18857 | 34.5198145 | Stage-I,141,Other Than Home University Seats Allotted to Other Than Home University Candidates,b8292f1f11ec09da51eb1f8b6906849c02cf63e3da5db49f4882b51517836e4c
f6ffd36c4c00-PG_MCA_CAP2_Cutoff_All_Institutes_2025_26__1_.pdf,5331,"Sandip Foundation's, Sandip Institute of Engineering & Management, Nashik",0533124110,2025-26,2,Maharashtra,EWS,EWS,SL,2.0301121,percentile,EWS | 25254 | 2.0301121 | Stage-I,142,,d0d0dced289c6770bb0804bbd8038ae10be946c3eb375003d7dad71d2b5a3d8b
f6ffd36c4c00-PG_MCA_CAP2_Cutoff_All_Institutes_2025_26__1_.pdf,5331,"Sandip Foundation's, Sandip Institute of Engineering & Management, Nashik",0533124110,2025-26,2,Maharashtra,TFWS,TFWS,SL,77.8251197,percentile,TFWS | 7056 | 77.8251197 | Stage-I,142,,cd34c7c6f99ff87638006205e57be42c5456843783a265564a44dc5ace3df041
f6ffd36c4c00-PG_MCA_CAP2_Cutoff_All_Institutes_2025_26__1_.pdf,5380,"Adsul's Technical Campus, Chas Dist. Ahmednagar",0538024110,2025-26,2,Maharashtra,GOPENH,GOPENH,HU,63.1574978,percentile,GOPENH | 11525 | 63.1574978 | Stage-I,143,Home University Seats Allotted to Home University Candidates,40e5bb1a5bc9462624654957c3bccbfb897fe12e1d44143a6304e209c5e911b6
f6ffd36c4c00-PG_MCA_CAP2_Cutoff_All_Institutes_2025_26__1_.pdf,5380,"Adsul's Technical Campus, Chas Dist. Ahmednagar",0538024110,2025-26,2,Maharashtra,GSCH,GSCH,HU,49.3533426,percentile,GSCH | 15600 | 49.3533426 | Stage-I,143,Home University Seats Allotted to Home University Candidates,8bb17a5c48858d124401eabf1572604a9708878ea1f85e9d578d03e834d43719
f6ffd36c4c00-PG_MCA_CAP2_Cutoff_All_Institutes_2025_26__1_.pdf,5380,"Adsul's Technical Campus, Chas Dist. Ahmednagar",0538024110,2025-26,2,Maharashtra,GSTH,GSTH,HU,46.3793819,percentile,GSTH | 16199 | 46.3793819 | Stage-I,143,Home University Seats Allotted to Home University Candidates,0bc4ec4b727640d1f2300dcad6712d5ea3139cdae7be31b0c0eef9fa28bc92fb
f6ffd36c4c00-PG_MCA_CAP2_Cutoff_All_Institutes_2025_26__1_.pdf,5380,"Adsul's Technical Campus, Chas Dist. Ahmednagar",0538024110,2025-26,2,Maharashtra,GNTCH,GNTCH,HU,61.2807064,percentile,GNTCH | 12279 | 61.2807064 | Stage-I,143,Home University Seats Allotted to Home University Candidates,699f2a00a5158a5e5ca46652b5419005a6b878b7c2f2b527e3ebbb0c24bb4aac
f6ffd36c4c00-PG_MCA_CAP2_Cutoff_All_Institutes_2025_26__1_.pdf,5380,"Adsul's Technical Campus, Chas Dist. Ahmednagar",0538024110,2025-26,2,Maharashtra,GOBCH,GOBCH,HU,25.4779232,percentile,GOBCH | 20996 | 25.4779232 | Stage-I,143,Home University Seats Allotted to Home University Candidates,7a01d77127a3cdf29da4a70639f3ba82d11f12f5efa175040b0d0b86e8eff2d9
f6ffd36c4c00-PG_MCA_CAP2_Cutoff_All_Institutes_2025_26__1_.pdf,5380,"Adsul's Technical Campus, Chas Dist. Ahmednagar",0538024110,2025-26,2,Maharashtra,GOPENO,GOPENO,HU,36.496736,percentile,GOPENO | 18413 | 36.496736 | Stage-I,143,Other Than Home University Seats Allotted to Other Than Home University Candidates,928043c903c9fdbb7d6d0cc8a64399dbca7d4b5bdd8ca96e255d897078739af0
f6ffd36c4c00-PG_MCA_CAP2_Cutoff_All_Institutes_2025_26__1_.pdf,5380,"Adsul's Technical Campus, Chas Dist. Ahmednagar",0538024110,2025-26,2,Maharashtra,GSTO,GSTO,HU,2.8640429,percentile,GSTO | 25119 | 2.8640429 | Stage-I,143,Other Than Home University Seats Allotted to Other Than Home University Candidates,6ba65c2c1bbf4b91e1160fe60abfaae8db18c262357d760b2a10586c6d5fc8a8
f6ffd36c4c00-PG_MCA_CAP2_Cutoff_All_Institutes_2025_26__1_.pdf,5380,"Adsul's Technical Campus, Chas Dist. Ahmednagar",0538024110,2025-26,2,Maharashtra,GSCO,GSCO,HU,19.1539942,percentile,GSCO | 22401 | 19.1539942 | Stage-I,143,Other Than Home University Seats Allotted to Home University Candidates,138d53c70cfe8b6f9da60ba612218ac1aee994631d7513195d8607903ce2cc4e
f6ffd36c4c00-PG_MCA_CAP2_Cutoff_All_Institutes_2025_26__1_.pdf,5380,"Adsul's Technical Campus, Chas Dist. Ahmednagar",0538024110,2025-26,2,Maharashtra,GNTDO,GNTDO,HU,49.3533426,percentile,GNTDO | 15403 | 49.3533426 | Stage-I,143,Other Than Home University Seats Allotted to Home University Candidates,6c215f59624270810656986da9cec383592024f4895c3094721cda44ee020ef2
f6ffd36c4c00-PG_MCA_CAP2_Cutoff_All_Institutes_2025_26__1_.pdf,5380,"Adsul's Technical Campus, Chas Dist. Ahmednagar",0538024110,2025-26,2,Maharashtra,GSEBCO,GSEBCO,HU,21.0059952,percentile,GSEBCO | 21725 | 21.0059952 | Stage-I,143,Other Than Home University Seats Allotted to Home University Candidates,a884b07339d5521fd500205e40d3225f7ac03941f80c8f8490a50bf574e34bf7
f6ffd36c4c00-PG_MCA_CAP2_Cutoff_All_Institutes_2025_26__1_.pdf,5381,"Shri. Jaykumar Rawal Institute of Technology, Dondaicha.",0538124110,2025-26,2,Maharashtra,GOPENH,GOPENH,HU,46.3793819,percentile,GOPENH | 16083 | 46.3793819 | Stage-I,144,Home University Seats Allotted to Home University Candidates,bc07ccc66ed581c7d86ab27ab91e28b95d4cb17d6aa1e57c0bed2fb5311c836d
f6ffd36c4c00-PG_MCA_CAP2_Cutoff_All_Institutes_2025_26__1_.pdf,5381,"Shri. Jaykumar Rawal Institute of Technology, Dondaicha.",0538124110,2025-26,2,Maharashtra,GSTH,GSTH,HU,29.9046039,percentile,GSTH | 20029 | 29.9046039 | Stage-I,144,Home University Seats Allotted to Home University Candidates,7379b1681fbcdf6d4bd11dff6c08fb5961931e3c5a7130f4cdfaae29a28f68c3
f6ffd36c4c00-PG_MCA_CAP2_Cutoff_All_Institutes_2025_26__1_.pdf,5381,"Shri. Jaykumar Rawal Institute of Technology, Dondaicha.",0538124110,2025-26,2,Maharashtra,GNTAH,GNTAH,HU,44.5345198,percentile,GNTAH | 16472 | 44.5345198 | Stage-I,144,Home University Seats Allotted to Home University Candidates,466d2f78db445d7e7497356de18c5fc33f1a4a37e20b8a6b2a053521ad7a56ec
f6ffd36c4c00-PG_MCA_CAP2_Cutoff_All_Institutes_2025_26__1_.pdf,5381,"Shri. Jaykumar Rawal Institute of Technology, Dondaicha.",0538124110,2025-26,2,Maharashtra,GOPENO,GOPENO,HU,79.9969812,percentile,GOPENO | 6633 | 79.9969812 | Stage-I,144,Other Than Home University Seats Allotted to Other Than Home University Candidates,c9164c3a860c32239b3e5e95fe20d9054046d7b88d0744b43826ab8dbdb8412d
f6ffd36c4c00-PG_MCA_CAP2_Cutoff_All_Institutes_2025_26__1_.pdf,5381,"Shri. Jaykumar Rawal Institute of Technology, Dondaicha.",0538124110,2025-26,2,Maharashtra,GSCO,GSCO,HU,36.496736,percentile,GSCO | 18370 | 36.496736 | Stage-IV,144,Other Than Home University Seats Allotted to Home University Candidates,02a14f1b9544e25a6f7183557e141f6f5aeb6c6c61b887a680638e486a1ce725
f6ffd36c4c00-PG_MCA_CAP2_Cutoff_All_Institutes_2025_26__1_.pdf,5381,"Shri. Jaykumar Rawal Institute of Technology, Dondaicha.",0538124110,2025-26,2,Maharashtra,GSTO,GSTO,HU,36.496736,percentile,GSTO | 18394 | 36.496736 | Stage-IV,144,Other Than Home University Seats Allotted to Home University Candidates,10cecd9034d9fcf3b39d4d7eea43daa3fd8a303c451bb2b7e6006b549fe78b40
f6ffd36c4c00-PG_MCA_CAP2_Cutoff_All_Institutes_2025_26__1_.pdf,5381,"Shri. Jaykumar Rawal Institute of Technology, Dondaicha.",0538124110,2025-26,2,Maharashtra,GNTDO,GNTDO,HU,39.3989669,percentile,GNTDO | 17799 | 39.3989669 | Stage-IV,144,Other Than Home University Seats Allotted to Home University Candidates,3354c1a2079850f856fc6f9d73f761bb5ee8a645108d89c97f3095dc6841b323
f6ffd36c4c00-PG_MCA_CAP2_Cutoff_All_Institutes_2025_26__1_.pdf,5381,"Shri. Jaykumar Rawal Institute of Technology, Dondaicha.",0538124110,2025-26,2,Maharashtra,GSEBCO,GSEBCO,HU,39.3989669,percentile,GSEBCO | 17833 | 39.3989669 | Stage-IV,144,Other Than Home University Seats Allotted to Home University Candidates,906385e91281668a09c8b9b8737fc79d298a0e01c63feaec5de51487bf36cb48
f6ffd36c4c00-PG_MCA_CAP2_Cutoff_All_Institutes_2025_26__1_.pdf,5385,"Akole Taluka Education Society,s Agasti Institute of Management, Computer Application & Research, Akole, Ahmednagar",0538524110,2025-26,2,Maharashtra,GOPENH,GOPENH,HU,41.4550394,percentile,GOPENH | 17346 | 41.4550394 | Stage-I,145,Home University Seats Allotted to Home University Candidates,94ab17b679d7568a0c6a9a9d7f88723bca2b436481581b8248e4ff5a42f3efc1
f6ffd36c4c00-PG_MCA_CAP2_Cutoff_All_Institutes_2025_26__1_.pdf,5385,"Akole Taluka Education Society,s Agasti Institute of Management, Computer Application & Research, Akole, Ahmednagar",0538524110,2025-26,2,Maharashtra,GSCH,GSCH,HU,27.2744425,percentile,GSCH | 20696 | 27.2744425 | Stage-I,145,Home University Seats Allotted to Home University Candidates,9e870043f9ac1882567e8f2c6ded777ae859aec4aba7ddbc47ddf7929beb3075
f6ffd36c4c00-PG_MCA_CAP2_Cutoff_All_Institutes_2025_26__1_.pdf,5385,"Akole Taluka Education Society,s Agasti Institute of Management, Computer Application & Research, Akole, Ahmednagar",0538524110,2025-26,2,Maharashtra,GOPENO,GOPENO,HU,51.4093808,percentile,GOPENO | 14755 | 51.4093808 | Stage-I,145,Other Than Home University Seats Allotted to Other Than Home University Candidates,e45bfe8e3146603d751dd77fcf50b278d849497ea864c87e5c3bf7b3b5e4faf6
f6ffd36c4c00-PG_MCA_CAP2_Cutoff_All_Institutes_2025_26__1_.pdf,5385,"Akole Taluka Education Society,s Agasti Institute of Management, Computer Application & Research, Akole, Ahmednagar",0538524110,2025-26,2,Maharashtra,GOPENO,GOPENO,HU,13.5402134,percentile,GOPENO | 23393 | 13.5402134 | Stage-I,145,Other Than Home University Seats Allotted to Home University Candidates,dc95f7db3c8cd0ccc23ca3519f0902887afce3a11a8eb90ce4580a79e07f77d1
f6ffd36c4c00-PG_MCA_CAP2_Cutoff_All_Institutes_2025_26__1_.pdf,5385,"Akole Taluka Education Society,s Agasti Institute of Management, Computer Application & Research, Akole, Ahmednagar",0538524110,2025-26,2,Maharashtra,GSCO,GSCO,HU,7.4072677,percentile,GSCO | 24476 | 7.4072677 | Stage-I,145,Other Than Home University Seats Allotted to Home University Candidates,d1a7e1154880b103bef89409da9e0438e5ea0e5db91046b06935b085a1eb199a
f6ffd36c4c00-PG_MCA_CAP2_Cutoff_All_Institutes_2025_26__1_.pdf,5386,"Dr. B.V. Hiray College of Management & Research Centre, Malegaon.",0538624110,2025-26,2,Maharashtra,GOPENH,GOPENH,HU,87.2080299,percentile,GOPENH | 4342 | 87.2080299 | Stage-I,146,Home University Seats Allotted to Home University Candidates,e76e20275325897419fb62e7676969747ae5636b81f6b3e20c1dd4f418ee6aa7
f6ffd36c4c00-PG_MCA_CAP2_Cutoff_All_Institutes_2025_26__1_.pdf,5386,"Dr. B.V. Hiray College of Management & Research Centre, Malegaon.",0538624110,2025-26,2,Maharashtra,GSTH,GSTH,HU,61.2807064,percentile,GSTH | 12072 | 61.2807064 | Stage-I,146,Home University Seats Allotted to Home University Candidates,fccf161135eb9595f8a671a907523bcfe408b2535e3f93d09eaf6eb93ca447f7
f6ffd36c4c00-PG_MCA_CAP2_Cutoff_All_Institutes_2025_26__1_.pdf,5386,"Dr. B.V. Hiray College of Management & Research Centre, Malegaon.",0538624110,2025-26,2,Maharashtra,GOBCH,GOBCH,HU,58.7911466,percentile,GOBCH | 12786 | 58.7911466 | Stage-I,146,Home University Seats Allotted to Home University Candidates,2f6803bf5664d2a72afd7f6b3e5ad91c66eb29105d28fe94ea6c8f97e9b2c203
f6ffd36c4c00-PG_MCA_CAP2_Cutoff_All_Institutes_2025_26__1_.pdf,5386,"Dr. B.V. Hiray College of Management & Research Centre, Malegaon.",0538624110,2025-26,2,Maharashtra,GOPENO,GOPENO,HU,74.782248,percentile,GOPENO | 8310 | 74.782248 | Stage-I,146,Other Than Home University Seats Allotted to Other Than Home University Candidates,1c0299f17901e08dd7b39a1f34363d8bac36f95d07aa7462961efcecbff8b62e
f6ffd36c4c00-PG_MCA_CAP2_Cutoff_All_Institutes_2025_26__1_.pdf,5386,"Dr. B.V. Hiray College of Management & Research Centre, Malegaon.",0538624110,2025-26,2,Maharashtra,GSCO,GSCO,HU,21.0059952,percentile,GSCO | 21927 | 21.0059952 | Stage-I,146,Other Than Home University Seats Allotted to Other Than Home University Candidates,23388fd6924f4118831a77a31fcdc02fc488a8c50c574b2675a8c8d0db0481c1
f6ffd36c4c00-PG_MCA_CAP2_Cutoff_All_Institutes_2025_26__1_.pdf,5386,"Dr. B.V. Hiray College of Management & Research Centre, Malegaon.",0538624110,2025-26,2,Maharashtra,GSTO,GSTO,HU,53.942159,percentile,GSTO | 14028 | 53.942159 | Stage-I,146,Other Than Home University Seats Allotted to Other Than Home University Candidates,d6d71bf3f995f5316208165102d26938aebab145a72ea222a229e3d3fcd048f7
f6ffd36c4c00-PG_MCA_CAP2_Cutoff_All_Institutes_2025_26__1_.pdf,5386,"Dr. B.V. Hiray College of Management & Research Centre, Malegaon.",0538624110,2025-26,2,Maharashtra,EWS,EWS,SL,31.6629561,percentile,EWS | 19573 | 31.6629561 | Stage-I,146,Other Than Home University Seats Allotted to Other Than Home University Candidates,b6b92ae20952a5d69309896f12e675a8863fc7a010b7e07fa0883934b88b057e
f6ffd36c4c00-PG_MCA_CAP2_Cutoff_All_Institutes_2025_26__1_.pdf,5386,"Dr. B.V. Hiray College of Management & Research Centre, Malegaon.",0538624110,2025-26,2,Maharashtra,TFWS,TFWS,SL,87.3496474,percentile,TFWS | 4089 | 87.3496474 | Stage-I,146,Other Than Home University Seats Allotted to Other Than Home University Candidates,e3a272aed976d354ab3b8288b16ef7a2660941b23a5f21232871db4ecb4d6629
f6ffd36c4c00-PG_MCA_CAP2_Cutoff_All_Institutes_2025_26__1_.pdf,5509,"Shri Swami Samarth Institute of Management and Technology, Malwadi-Bota",0550924110,2025-26,2,Maharashtra,GOPENH,GOPENH,HU,56.5488095,percentile,GOPENH | 13925 | 56.5488095 | Stage-I,147,Home University Seats Allotted to Home University Candidates,05d820d2622edca8bf77753953e7ea73ee08e4d2e93e35f2220245aacd1ee485
f6ffd36c4c00-PG_MCA_CAP2_Cutoff_All_Institutes_2025_26__1_.pdf,5509,"Shri Swami Samarth Institute of Management and Technology, Malwadi-Bota",0550924110,2025-26,2,Maharashtra,GSCH,GSCH,HU,2.0301121,percentile,GSCH | 25277 | 2.0301121 | Stage-I,147,Home University Seats Allotted to Home University Candidates,afe263051350690f6a23c1829826009cf93c94f29665368a5fe9d1b6a141385c
f6ffd36c4c00-PG_MCA_CAP2_Cutoff_All_Institutes_2025_26__1_.pdf,5509,"Shri Swami Samarth Institute of Management and Technology, Malwadi-Bota",0550924110,2025-26,2,Maharashtra,GSTH,GSTH,HU,36.496736,percentile,GSTH | 18497 | 36.496736 | Stage-I,147,Home University Seats Allotted to Home University Candidates,3b5e2a0bb3cac405e1df743513bf45cc406a88e50fe36898c8f563a78d54bdd8
f6ffd36c4c00-PG_MCA_CAP2_Cutoff_All_Institutes_2025_26__1_.pdf,5509,"Shri Swami Samarth Institute of Management and Technology, Malwadi-Bota",0550924110,2025-26,2,Maharashtra,GNTAH,GNTAH,HU,13.5402134,percentile,GNTAH | 23177 | 13.5402134 | Stage-I,147,Home University Seats Allotted to Home University Candidates,8943606ec2dc611a9658ceaf876027807a4096e712b2b2055799c0054686622e
f6ffd36c4c00-PG_MCA_CAP2_Cutoff_All_Institutes_2025_26__1_.pdf,5509,"Shri Swami Samarth Institute of Management and Technology, Malwadi-Bota",0550924110,2025-26,2,Maharashtra,GNTBH,GNTBH,HU,51.4093808,percentile,GNTBH | 15166 | 51.4093808 | Stage-I,147,Home University Seats Allotted to Home University Candidates,5eab218f889558f7c73eda992d2ab1fc729c9091517124d1bbf6425aa951d11b
f6ffd36c4c00-PG_MCA_CAP2_Cutoff_All_Institutes_2025_26__1_.pdf,5509,"Shri Swami Samarth Institute of Management and Technology, Malwadi-Bota",0550924110,2025-26,2,Maharashtra,GNTCH,GNTCH,HU,39.3989669,percentile,GNTCH | 17918 | 39.3989669 | Stage-I,147,Home University Seats Allotted to Home University Candidates,8bdcc6f45a402c26c6b95afea08bdcefbedd9f1bff1d4166e40fa7295a35adca
f6ffd36c4c00-PG_MCA_CAP2_Cutoff_All_Institutes_2025_26__1_.pdf,5509,"Shri Swami Samarth Institute of Management and Technology, Malwadi-Bota",0550924110,2025-26,2,Maharashtra,GOPENO,GOPENO,HU,51.4093808,percentile,GOPENO | 14796 | 51.4093808 | Stage-I,147,Other Than Home University Seats Allotted to Other Than Home University Candidates,d7d0fb7921162b8419be9120e0bae520d35957bac0ce2e183557dbd0918cc7e9
f6ffd36c4c00-PG_MCA_CAP2_Cutoff_All_Institutes_2025_26__1_.pdf,5509,"Shri Swami Samarth Institute of Management and Technology, Malwadi-Bota",0550924110,2025-26,2,Maharashtra,GSCO,GSCO,HU,41.4550394,percentile,GSCO | 17149 | 41.4550394 | Stage-I,147,Other Than Home University Seats Allotted to Other Than Home University Candidates,6dba9095b9d5af3b2e681969ee49b756f78fe065c439a183df630c6d5f93865b
f6ffd36c4c00-PG_MCA_CAP2_Cutoff_All_Institutes_2025_26__1_.pdf,5509,"Shri Swami Samarth Institute of Management and Technology, Malwadi-Bota",0550924110,2025-26,2,Maharashtra,GSTO,GSTO,HU,23.1010151,percentile,GSTO | 21414 | 23.1010151 | Stage-I,147,Other Than Home University Seats Allotted to Other Than Home University Candidates,5fa732f3ab998ea2eb7daad53ca8b778489d15bfd3e5af09548d196ae7c5cb61
f6ffd36c4c00-PG_MCA_CAP2_Cutoff_All_Institutes_2025_26__1_.pdf,5509,"Shri Swami Samarth Institute of Management and Technology, Malwadi-Bota",0550924110,2025-26,2,Maharashtra,EWS,EWS,SL,0.5995249,percentile,EWS | 25419 | 0.5995249 | Stage-I,147,Other Than Home University Seats Allotted to Other Than Home University Candidates,be23d6bc813b98e210fd245c275aa26c4820d809e9f3fc8d58447780a5ecb9b9
f6ffd36c4c00-PG_MCA_CAP2_Cutoff_All_Institutes_2025_26__1_.pdf,5509,"Shri Swami Samarth Institute of Management and Technology, Malwadi-Bota",0550924110,2025-26,2,Maharashtra,TFWS,TFWS,SL,92.3361383,percentile,TFWS | 2277 | 92.3361383 | Stage-I,147,Other Than Home University Seats Allotted to Other Than Home University Candidates,99e4f046f586bf65d51c9596a2dcc0e728ab0751b35e67d56c267489387ccfb8
f6ffd36c4c00-PG_MCA_CAP2_Cutoff_All_Institutes_2025_26__1_.pdf,5550,BHUSAWAL ARTS SCIENCE AND P O NAHATA COMMERCE COLLEGE BHUSAWAL,0550924110,2025-26,2,Maharashtra,GOPENH,GOPENH,HU,34.5198145,percentile,GOPENH | 19044 | 34.5198145 | Stage-I,148,Home University Seats Allotted to Home University Candidates,af516ebc32c09d3a8f5f84dc4a6498ce492fe974a3a7031f5bad5269f5901881
f6ffd36c4c00-PG_MCA_CAP2_Cutoff_All_Institutes_2025_26__1_.pdf,5550,BHUSAWAL ARTS SCIENCE AND P O NAHATA COMMERCE COLLEGE BHUSAWAL,0550924110,2025-26,2,Maharashtra,GSCH,GSCH,HU,5.9311489,percentile,GSCH | 24605 | 5.9311489 | Stage-I,148,Home University Seats Allotted to Home University Candidates,90da6dcf2e3fe61167f0fd18a23bc84ce29286761e52a6768bfe8f911398e949
f6ffd36c4c00-PG_MCA_CAP2_Cutoff_All_Institutes_2025_26__1_.pdf,5550,BHUSAWAL ARTS SCIENCE AND P O NAHATA COMMERCE COLLEGE BHUSAWAL,0550924110,2025-26,2,Maharashtra,GSTH,GSTH,HU,31.6629561,percentile,GSTH | 19441 | 31.6629561 | Stage-I,148,Home University Seats Allotted to Home University Candidates,2cd57a3d42c5c34271872e6485d2091681a6a88400df0730d1ab5a6424006a45
f6ffd36c4c00-PG_MCA_CAP2_Cutoff_All_Institutes_2025_26__1_.pdf,5550,BHUSAWAL ARTS SCIENCE AND P O NAHATA COMMERCE COLLEGE BHUSAWAL,0550924110,2025-26,2,Maharashtra,GOPENO,GOPENO,HU,12.4750009,percentile,GOPENO | 23470 | 12.4750009 | Stage-I,148,Other Than Home University Seats Allotted to Other Than Home University Candidates,447c7b2f135e07319b49885cf53dee748d75e75d3500bdd30f672fe4493228dd
f6ffd36c4c00-PG_MCA_CAP2_Cutoff_All_Institutes_2025_26__1_.pdf,5550,BHUSAWAL ARTS SCIENCE AND P O NAHATA COMMERCE COLLEGE BHUSAWAL,0550924110,2025-26,2,Maharashtra,GSCO,GSCO,HU,21.0059952,percentile,GSCO | 21873 | 21.0059952 | Stage-IV,148,Other Than Home University Seats Allotted to Home University Candidates,474753e180772f349770c5837baef165c0233e278cba192399e2eb835bdecd20
f6ffd36c4c00-PG_MCA_CAP2_Cutoff_All_Institutes_2025_26__1_.pdf,5550,BHUSAWAL ARTS SCIENCE AND P O NAHATA COMMERCE COLLEGE BHUSAWAL,0550924110,2025-26,2,Maharashtra,GSTO,GSTO,HU,21.0059952,percentile,GSTO | 22041 | 21.0059952 | Stage-IV,148,Other Than Home University Seats Allotted to Home University Candidates,235c0c806dce1f9ded2022fa7ea3e31f3648029c2aca690c2fe1d8afd171ef26
f6ffd36c4c00-PG_MCA_CAP2_Cutoff_All_Institutes_2025_26__1_.pdf,5550,BHUSAWAL ARTS SCIENCE AND P O NAHATA COMMERCE COLLEGE BHUSAWAL,0550924110,2025-26,2,Maharashtra,GNTAO,GNTAO,HU,23.1010151,percentile,GNTAO | 21446 | 23.1010151 | Stage-IV,148,Other Than Home University Seats Allotted to Home University Candidates,dbb943e1a5bc898b189886bed4961f44100b027699af764d847b991fc51b05d1
f6ffd36c4c00-PG_MCA_CAP2_Cutoff_All_Institutes_2025_26__1_.pdf,5550,BHUSAWAL ARTS SCIENCE AND P O NAHATA COMMERCE COLLEGE BHUSAWAL,0550924110,2025-26,2,Maharashtra,GOBCO,GOBCO,HU,21.0059952,percentile,GOBCO | 21740 | 21.0059952 | Stage-IV,148,Other Than Home University Seats Allotted to Home University Candidates,d9f9fb0c2fbf70c0f9ebca293d6f02e49899c8756f2dd18855e3f9fc1d617998
f6ffd36c4c00-PG_MCA_CAP2_Cutoff_All_Institutes_2025_26__1_.pdf,5556,DADASAHEB DR.SURESH G.PATIL COLLEGE CHOPDA,0550924110,2025-26,2,Maharashtra,GSCH,GSCH,HU,46.3793819,percentile,GSCH | 16177 | 46.3793819 | Stage-IV,149,Home University Seats Allotted to Home University Candidates,8e51c1dd6dd1149204ba83461ea3f73318bd0f17f235aeb635ded45c864b905f
f6ffd36c4c00-PG_MCA_CAP2_Cutoff_All_Institutes_2025_26__1_.pdf,5556,DADASAHEB DR.SURESH G.PATIL COLLEGE CHOPDA,0550924110,2025-26,2,Maharashtra,GSTH,GSTH,HU,31.6629561,percentile,GSTH | 19679 | 31.6629561 | Stage-IV,149,Home University Seats Allotted to Home University Candidates,c2767563ab4115bf5597a660a23fcfd865ef07ff43345ab48f8bd9169365b2fc
f6ffd36c4c00-PG_MCA_CAP2_Cutoff_All_Institutes_2025_26__1_.pdf,5556,DADASAHEB DR.SURESH G.PATIL COLLEGE CHOPDA,0550924110,2025-26,2,Maharashtra,GNTCH,GNTCH,HU,34.5198145,percentile,GNTCH | 19063 | 34.5198145 | Stage-IV,149,Home University Seats Allotted to Home University Candidates,5d0c51362b3c7e48cf4d5971a7703d1441f54f41e98d5490f1bcf9d7d2edecb8
f6ffd36c4c00-PG_MCA_CAP2_Cutoff_All_Institutes_2025_26__1_.pdf,5556,DADASAHEB DR.SURESH G.PATIL COLLEGE CHOPDA,0550924110,2025-26,2,Maharashtra,GNTDH,GNTDH,HU,31.6629561,percentile,GNTDH | 19684 | 31.6629561 | Stage-IV,149,Home University Seats Allotted to Home University Candidates,97a1556cf4881bb0f894c8ca9bf746f868d28a88bc61c54ef9ea547878e70fc9
f6ffd36c4c00-PG_MCA_CAP2_Cutoff_All_Institutes_2025_26__1_.pdf,5556,DADASAHEB DR.SURESH G.PATIL COLLEGE CHOPDA,0550924110,2025-26,2,Maharashtra,GOPENO,GOPENO,HU,31.6629561,percentile,GOPENO | 19653 | 31.6629561 | Stage-I,149,Other Than Home University Seats Allotted to Home University Candidates,327026cf850842a195aa3a29ffa416dc88011e08467a48909b63ee6ddf4e4044
f6ffd36c4c00-PG_MCA_CAP2_Cutoff_All_Institutes_2025_26__1_.pdf,5556,DADASAHEB DR.SURESH G.PATIL COLLEGE CHOPDA,0550924110,2025-26,2,Maharashtra,GSCO,GSCO,HU,31.6629561,percentile,GSCO | 19733 | 31.6629561 | Stage-I,149,Other Than Home University Seats Allotted to Home University Candidates,fc26db1c7060ba98c5c3e953c26793130ef10360d03acda4407cc02573e9544f
f6ffd36c4c00-PG_MCA_CAP2_Cutoff_All_Institutes_2025_26__1_.pdf,5556,DADASAHEB DR.SURESH G.PATIL COLLEGE CHOPDA,0550924110,2025-26,2,Maharashtra,EWS,EWS,SL,16.9789978,percentile,EWS | 22486 | 16.9789978 | Stage-I,149,Other Than Home University Seats Allotted to Home University Candidates,eadbf55686b489cfeef974ec126ed7f27a2aa23995da4bbcee194be1fa37c18e
f6ffd36c4c00-PG_MCA_CAP2_Cutoff_All_Institutes_2025_26__1_.pdf,5556,DADASAHEB DR.SURESH G.PATIL COLLEGE CHOPDA,0550924110,2025-26,2,Maharashtra,TFWS,TFWS,SL,80.5399495,percentile,TFWS | 6181 | 80.5399495 | Stage-I,149,Other Than Home University Seats Allotted to Home University Candidates,3ecd3d82a75f164a53172c505b83a821ed46c8b2b4e34f06c87ebfc0fd693785
f6ffd36c4c00-PG_MCA_CAP2_Cutoff_All_Institutes_2025_26__1_.pdf,5569,SHRI SHIVAJI VIDYA PRASARAK SANSTHA L.K.DR.P.R.GHOGREY SCIENCE COLLEGE DHULE,0550924110,2025-26,2,Maharashtra,GOPENH,GOPENH,HU,41.4550394,percentile,GOPENH | 17070 | 41.4550394 | Stage-I,150,Home University Seats Allotted to Home University Candidates,6ca7f04c195905414387efdcfab946f230eea220743ecf9eb92b1cb18d1c15a0
f6ffd36c4c00-PG_MCA_CAP2_Cutoff_All_Institutes_2025_26__1_.pdf,5569,SHRI SHIVAJI VIDYA PRASARAK SANSTHA L.K.DR.P.R.GHOGREY SCIENCE COLLEGE DHULE,0550924110,2025-26,2,Maharashtra,GSCH,GSCH,HU,19.1539942,percentile,GSCH | 22235 | 19.1539942 | Stage-I,150,Home University Seats Allotted to Home University Candidates,fbd29f5f319b1c55fb415c1d3d876b6ba0fc58fa8b2baf0c9933f8a6d445e257
f6ffd36c4c00-PG_MCA_CAP2_Cutoff_All_Institutes_2025_26__1_.pdf,5569,SHRI SHIVAJI VIDYA PRASARAK SANSTHA L.K.DR.P.R.GHOGREY SCIENCE COLLEGE DHULE,0550924110,2025-26,2,Maharashtra,GSTH,GSTH,HU,10.5199653,percentile,GSTH | 23819 | 10.5199653 | Stage-I,150,Home University Seats Allotted to Home University Candidates,d12653c7dfbed4a1981728e0853c487e133008e2a3c70e390d480d315d5bc231
f6ffd36c4c00-PG_MCA_CAP2_Cutoff_All_Institutes_2025_26__1_.pdf,5569,SHRI SHIVAJI VIDYA PRASARAK SANSTHA L.K.DR.P.R.GHOGREY SCIENCE COLLEGE DHULE,0550924110,2025-26,2,Maharashtra,GNTAH,GNTAH,HU,29.9046039,percentile,GNTAH | 20030 | 29.9046039 | Stage-I,150,Home University Seats Allotted to Home University Candidates,3ed388c511a6abe224d9e82590d7eea2c2e34232609fcbc947940aa08c6d9e94
f6ffd36c4c00-PG_MCA_CAP2_Cutoff_All_Institutes_2025_26__1_.pdf,5569,SHRI SHIVAJI VIDYA PRASARAK SANSTHA L.K.DR.P.R.GHOGREY SCIENCE COLLEGE DHULE,0550924110,2025-26,2,Maharashtra,GNTBH,GNTBH,HU,34.5198145,percentile,GNTBH | 19009 | 34.5198145 | Stage-I,150,Home University Seats Allotted to Home University Candidates,bcb8a3cf65926409934bcff45de5e3dae0287c47980332cecd74fc07e04a9935
f6ffd36c4c00-PG_MCA_CAP2_Cutoff_All_Institutes_2025_26__1_.pdf,5569,SHRI SHIVAJI VIDYA PRASARAK SANSTHA L.K.DR.P.R.GHOGREY SCIENCE COLLEGE DHULE,0550924110,2025-26,2,Maharashtra,GOPENO,GOPENO,HU,10.5199653,percentile,GOPENO | 23843 | 10.5199653 | Stage-I,150,Other Than Home University Seats Allotted to Other Than Home University Candidates,e9dc0e94fca191d9d54b861d484e339d0f1ac7819eda6f8852d247805bab3bca
f6ffd36c4c00-PG_MCA_CAP2_Cutoff_All_Institutes_2025_26__1_.pdf,5569,SHRI SHIVAJI VIDYA PRASARAK SANSTHA L.K.DR.P.R.GHOGREY SCIENCE COLLEGE DHULE,0550924110,2025-26,2,Maharashtra,GOPENO,GOPENO,HU,31.6629561,percentile,GOPENO | 19427 | 31.6629561 | Stage-I,150,Other Than Home University Seats Allotted to Home University Candidates,cd7749337a454c3e5f3fcf134cf89be511bc35d4ea906efcaa6c2ba7e322cd8c
f6ffd36c4c00-PG_MCA_CAP2_Cutoff_All_Institutes_2025_26__1_.pdf,5569,SHRI SHIVAJI VIDYA PRASARAK SANSTHA L.K.DR.P.R.GHOGREY SCIENCE COLLEGE DHULE,0550924110,2025-26,2,Maharashtra,GSCO,GSCO,HU,10.5199653,percentile,GSCO | 23793 | 10.5199653 | Stage-I,150,Other Than Home University Seats Allotted to Home University Candidates,0a8be03b657d4f7de8128df8b7dd2e37bbfbb27c89d3742302ea9aefe8b6a4ec
f6ffd36c4c00-PG_MCA_CAP2_Cutoff_All_Institutes_2025_26__1_.pdf,5569,SHRI SHIVAJI VIDYA PRASARAK SANSTHA L.K.DR.P.R.GHOGREY SCIENCE COLLEGE DHULE,0550924110,2025-26,2,Maharashtra,GSTO,GSTO,HU,29.9046039,percentile,GSTO | 20115 | 29.9046039 | Stage-I,150,Other Than Home University Seats Allotted to Home University Candidates,adcbb4ed44fb2ce60dda4e08f9c5564734ba9765a771344bc05f3a33bc510ff0
f6ffd36c4c00-PG_MCA_CAP2_Cutoff_All_Institutes_2025_26__1_.pdf,5569,SHRI SHIVAJI VIDYA PRASARAK SANSTHA L.K.DR.P.R.GHOGREY SCIENCE COLLEGE DHULE,0550924110,2025-26,2,Maharashtra,EWS,EWS,SL,12.4750009,percentile,EWS | 23447 | 12.4750009 | Stage-I,150,Other Than Home University Seats Allotted to Home University Candidates,c9c3a98f501f46d38d30ffe562e92c68fd352c32c7512be5ceeffab158e95f94
f6ffd36c4c00-PG_MCA_CAP2_Cutoff_All_Institutes_2025_26__1_.pdf,5569,SHRI SHIVAJI VIDYA PRASARAK SANSTHA L.K.DR.P.R.GHOGREY SCIENCE COLLEGE DHULE,0550924110,2025-26,2,Maharashtra,TFWS,TFWS,SL,77.8251197,percentile,TFWS | 7290 | 77.8251197 | Stage-I,150,Other Than Home University Seats Allotted to Home University Candidates,bc7f83f15cc4ab6d9c66462d03a2f5251c2a0226235e66558374f8605fa14746
f6ffd36c4c00-PG_MCA_CAP2_Cutoff_All_Institutes_2025_26__1_.pdf,5597,VAMANRAO ITHAPE COLLEGE OF ENGINEERING AND MANAGEMENT,0559724110,2025-26,2,Maharashtra,GOPENH,GOPENH,HU,36.496736,percentile,GOPENH | 18530 | 36.496736 | Stage-I,151,Home University Seats Allotted to Home University Candidates,f8caa1835afde7536fa1ec78fcdfaeba2476ed915f3adf2c189d5e7576c6796d
f6ffd36c4c00-PG_MCA_CAP2_Cutoff_All_Institutes_2025_26__1_.pdf,5597,VAMANRAO ITHAPE COLLEGE OF ENGINEERING AND MANAGEMENT,0559724110,2025-26,2,Maharashtra,GSCH,GSCH,HU,23.1010151,percentile,GSCH | 21593 | 23.1010151 | Stage-I,151,Home University Seats Allotted to Home University Candidates,b965adc3e6f32de078345ed1f31b94450725ef5be14b9395e1dfd6dc2347991f
f6ffd36c4c00-PG_MCA_CAP2_Cutoff_All_Institutes_2025_26__1_.pdf,5597,VAMANRAO ITHAPE COLLEGE OF ENGINEERING AND MANAGEMENT,0559724110,2025-26,2,Maharashtra,GSTH,GSTH,HU,16.9789978,percentile,GSTH | 22777 | 16.9789978 | Stage-I,151,Home University Seats Allotted to Home University Candidates,9ae8e0330e00dc5f97d2bfa7fbd4f9a443f9a724ca2036ad5de072f5202e393b
f6ffd36c4c00-PG_MCA_CAP2_Cutoff_All_Institutes_2025_26__1_.pdf,5597,VAMANRAO ITHAPE COLLEGE OF ENGINEERING AND MANAGEMENT,0559724110,2025-26,2,Maharashtra,GOPENO,GOPENO,HU,4.067771,percentile,GOPENO | 24886 | 4.067771 | Stage-I,151,Other Than Home University Seats Allotted to Other Than Home University Candidates,89508f8d149305103b49d49cebbf9086a6f51e8500babf90424849dcbff32d4e
f6ffd36c4c00-PG_MCA_CAP2_Cutoff_All_Institutes_2025_26__1_.pdf,5597,VAMANRAO ITHAPE COLLEGE OF ENGINEERING AND MANAGEMENT,0559724110,2025-26,2,Maharashtra,GOPENO,GOPENO,HU,3.0466423,percentile,GOPENO | 25072 | 3.0466423 | Stage-I,151,Other Than Home University Seats Allotted to Home University Candidates,f1787af8fd50dde2400fbb2498ab5b057c41ab3bac07259968c571d1547aee3a
f6ffd36c4c00-PG_MCA_CAP2_Cutoff_All_Institutes_2025_26__1_.pdf,5597,VAMANRAO ITHAPE COLLEGE OF ENGINEERING AND MANAGEMENT,0559724110,2025-26,2,Maharashtra,GSTO,GSTO,HU,2.0662871,percentile,GSTO | 25209 | 2.0662871 | Stage-I,151,Other Than Home University Seats Allotted to Home University Candidates,3771400d4faa88d97a37a59dd38d0da4cc45fb08ca4a6ecb032d714faf04269c
f6ffd36c4c00-PG_MCA_CAP2_Cutoff_All_Institutes_2025_26__1_.pdf,5597,VAMANRAO ITHAPE COLLEGE OF ENGINEERING AND MANAGEMENT,0559724110,2025-26,2,Maharashtra,TFWS,TFWS,SL,89.1966341,percentile,TFWS | 3544 | 89.1966341 | Stage-I,152,,5034f7beb374a5aa1e0bb56ed6f777eae144659decf2093daed381fb86e69bb3
f6ffd36c4c00-PG_MCA_CAP2_Cutoff_All_Institutes_2025_26__1_.pdf,5619,COMMERCE MANAGEMENT AND COMPUTER SCIENCE COLLEGE,0561924110,2025-26,2,Maharashtra,GOPENH,GOPENH,HU,44.5345198,percentile,GOPENH | 17028 | 44.5345198 | Stage-I,153,Home University Seats Allotted to Home University Candidates,11721a723abe614ba1bfcb97d6e23a83769dbfa6d95dcb1c9806878b15650e6c
f6ffd36c4c00-PG_MCA_CAP2_Cutoff_All_Institutes_2025_26__1_.pdf,5619,COMMERCE MANAGEMENT AND COMPUTER SCIENCE COLLEGE,0561924110,2025-26,2,Maharashtra,GSCH,GSCH,HU,15.5994113,percentile,GSCH | 23045 | 15.5994113 | Stage-I,153,Home University Seats Allotted to Home University Candidates,94fed6a15a848c11b7a23f4ae5856cf135ac2beed6abce2fe4f5ca4c51528364
f6ffd36c4c00-PG_MCA_CAP2_Cutoff_All_Institutes_2025_26__1_.pdf,5619,COMMERCE MANAGEMENT AND COMPUTER SCIENCE COLLEGE,0561924110,2025-26,2,Maharashtra,GNTBH,GNTBH,HU,34.5198145,percentile,GNTBH | 19170 | 34.5198145 | Stage-I,153,Home University Seats Allotted to Home University Candidates,df5b508a67d76c7f160a8d9adef73582985f84e5367792bffa31a24a6f7abe4d
f6ffd36c4c00-PG_MCA_CAP2_Cutoff_All_Institutes_2025_26__1_.pdf,5619,COMMERCE MANAGEMENT AND COMPUTER SCIENCE COLLEGE,0561924110,2025-26,2,Maharashtra,GOPENO,GOPENO,HU,27.2744425,percentile,GOPENO | 20432 | 27.2744425 | Stage-I,153,Other Than Home University Seats Allotted to Other Than Home University Candidates,02dd4cb531c88e8b631072846ed2e117428035e77381bda36164e8445635c54a
f6ffd36c4c00-PG_MCA_CAP2_Cutoff_All_Institutes_2025_26__1_.pdf,5619,COMMERCE MANAGEMENT AND COMPUTER SCIENCE COLLEGE,0561924110,2025-26,2,Maharashtra,GSCO,GSCO,HU,19.1539942,percentile,GSCO | 22332 | 19.1539942 | Stage-I,153,Other Than Home University Seats Allotted to Other Than Home University Candidates,f6da14207e5dda27b8b67945fa9b02fdae86518180212ae02c9d56f50f09878c
f6ffd36c4c00-PG_MCA_CAP2_Cutoff_All_Institutes_2025_26__1_.pdf,5619,COMMERCE MANAGEMENT AND COMPUTER SCIENCE COLLEGE,0561924110,2025-26,2,Maharashtra,TFWS,TFWS,SL,44.5345198,percentile,TFWS | 16881 | 44.5345198 | Stage-I,153,Other Than Home University Seats Allotted to Other Than Home University Candidates,c20b81bab4bd7cc710e31b4401d7405cacb0e4ec4f6b3d1fcec9d11cbf281c1e
f6ffd36c4c00-PG_MCA_CAP2_Cutoff_All_Institutes_2025_26__1_.pdf,5665,Vidya Niketan Institute of Management And Computer Applications,0566524210,2025-26,2,Maharashtra,GOPENH,GOPENH,HU,41.4550394,percentile,GOPENH | 17575 | 41.4550394 | Stage-I,154,Home University Seats Allotted to Home University Candidates,210d36f37234d20694acd2b06b6d9e57c61be6592cb160833de349240713572f
f6ffd36c4c00-PG_MCA_CAP2_Cutoff_All_Institutes_2025_26__1_.pdf,5665,Vidya Niketan Institute of Management And Computer Applications,0566524210,2025-26,2,Maharashtra,GSCH,GSCH,HU,0.5995249,percentile,GSCH | 25412 | 0.5995249 | Stage-I,154,Home University Seats Allotted to Home University Candidates,b1dc2fdbf051e5edc502c840f9359b170d45450e08fd04fe6edbc759a17b49f1
f6ffd36c4c00-PG_MCA_CAP2_Cutoff_All_Institutes_2025_26__1_.pdf,5665,Vidya Niketan Institute of Management And Computer Applications,0566524210,2025-26,2,Maharashtra,GSTH,GSTH,HU,21.0059952,percentile,GSTH | 21670 | 21.0059952 | Stage-I,154,Home University Seats Allotted to Home University Candidates,5f19be5a45777bc56f3f989b467b867561be33beace33f60b77818b556067b09
f6ffd36c4c00-PG_MCA_CAP2_Cutoff_All_Institutes_2025_26__1_.pdf,5665,Vidya Niketan Institute of Management And Computer Applications,0566524210,2025-26,2,Maharashtra,GNTAH,GNTAH,HU,25.4779232,percentile,GNTAH | 21088 | 25.4779232 | Stage-I,154,Home University Seats Allotted to Home University Candidates,98690dd551b3af1d451499780a152f855b90028740d5f965ea290ead78cdf876
f6ffd36c4c00-PG_MCA_CAP2_Cutoff_All_Institutes_2025_26__1_.pdf,5665,Vidya Niketan Institute of Management And Computer Applications,0566524210,2025-26,2,Maharashtra,GNTBH,GNTBH,HU,5.5960152,percentile,GNTBH | 24743 | 5.5960152 | Stage-I,154,Home University Seats Allotted to Other Than Home University Candidates,1a534b978703b5fee0478229d84145b984de847e412aa05f91a0c3a1d50ac2ae
f6ffd36c4c00-PG_MCA_CAP2_Cutoff_All_Institutes_2025_26__1_.pdf,5665,Vidya Niketan Institute of Management And Computer Applications,0566524210,2025-26,2,Maharashtra,GOPENO,GOPENO,HU,36.496736,percentile,GOPENO | 18449 | 36.496736 | Stage-I,154,Other Than Home University Seats Allotted to Other Than Home University Candidates,136295c8b7295dd624f02109fe097dc659e0562ddbb807a408ee62381d58ed5e
f6ffd36c4c00-PG_MCA_CAP2_Cutoff_All_Institutes_2025_26__1_.pdf,5665,Vidya Niketan Institute of Management And Computer Applications,0566524210,2025-26,2,Maharashtra,GSCO,GSCO,HU,23.1010151,percentile,GSCO | 21478 | 23.1010151 | Stage-I,154,Other Than Home University Seats Allotted to Other Than Home University Candidates,566a83d6d8b52f49a56e413829681b07b7d48aa09d6ee20d36aa126d327f11e2
f6ffd36c4c00-PG_MCA_CAP2_Cutoff_All_Institutes_2025_26__1_.pdf,5665,Vidya Niketan Institute of Management And Computer Applications,0566524210,2025-26,2,Maharashtra,GSCO,GSCO,HU,19.1539942,percentile,GSCO | 22431 | 19.1539942 | Stage-IV,155,Other Than Home University Seats Allotted to Home University Candidates,25341bb5e505626ad02992b1fce5cd6cdd0e6795d159aac01d6570c82b9992a5
f6ffd36c4c00-PG_MCA_CAP2_Cutoff_All_Institutes_2025_26__1_.pdf,5665,Vidya Niketan Institute of Management And Computer Applications,0566524210,2025-26,2,Maharashtra,TFWS,TFWS,SL,87.2080299,percentile,TFWS | 4398 | 87.2080299 | Stage-I,155,Other Than Home University Seats Allotted to Home University Candidates,315184aaba0f9800266d17363bec77adce9af04a3c364897ff069ce28c377aaa
f6ffd36c4c00-PG_MCA_CAP2_Cutoff_All_Institutes_2025_26__1_.pdf,5674,"Khandesh Education Society's Institute of Management and Technology, Amalner",0567424110,2025-26,2,Maharashtra,GSCH,GSCH,HU,25.4779232,percentile,GSCH | 20980 | 25.4779232 | Stage-IV,156,Home University Seats Allotted to Home University Candidates,b9c4b0b1ebd9a283170e61ee981a7ffdfbe477a0b1821cff328aeec573215e4a
f6ffd36c4c00-PG_MCA_CAP2_Cutoff_All_Institutes_2025_26__1_.pdf,5674,"Khandesh Education Society's Institute of Management and Technology, Amalner",0567424110,2025-26,2,Maharashtra,GSTH,GSTH,HU,34.5198145,percentile,GSTH | 18940 | 34.5198145 | Stage-IV,156,Home University Seats Allotted to Home University Candidates,faba8e3c5d6ab69b814381c2a78d1cb06ee24590cdb0d13009f51420bc0ac045
f6ffd36c4c00-PG_MCA_CAP2_Cutoff_All_Institutes_2025_26__1_.pdf,5674,"Khandesh Education Society's Institute of Management and Technology, Amalner",0567424110,2025-26,2,Maharashtra,GNTCH,GNTCH,HU,31.6629561,percentile,GNTCH | 19521 | 31.6629561 | Stage-IV,156,Home University Seats Allotted to Home University Candidates,14da661b4946607994bd7ded17946610c146f8c0634941cb4b51d26f6c47c82e
f6ffd36c4c00-PG_MCA_CAP2_Cutoff_All_Institutes_2025_26__1_.pdf,5674,"Khandesh Education Society's Institute of Management and Technology, Amalner",0567424110,2025-26,2,Maharashtra,GNTDH,GNTDH,HU,27.2744425,percentile,GNTDH | 20567 | 27.2744425 | Stage-IV,156,Home University Seats Allotted to Home University Candidates,714e3f56582657b7363d166faaace7dfd4aacc1284123c072624d98a7baf541d
f6ffd36c4c00-PG_MCA_CAP2_Cutoff_All_Institutes_2025_26__1_.pdf,5674,"Khandesh Education Society's Institute of Management and Technology, Amalner",0567424110,2025-26,2,Maharashtra,GOPENO,GOPENO,HU,39.3989669,percentile,GOPENO | 17781 | 39.3989669 | Stage-I,156,Other Than Home University Seats Allotted to Home University Candidates,cf585d8d1e5d813bd122c15e2cc07559ffc4314d834efa0e36cfa829ac94df75
f6ffd36c4c00-PG_MCA_CAP2_Cutoff_All_Institutes_2025_26__1_.pdf,5674,"Khandesh Education Society's Institute of Management and Technology, Amalner",0567424110,2025-26,2,Maharashtra,GSCO,GSCO,HU,25.4779232,percentile,GSCO | 20792 | 25.4779232 | Stage-I,156,Other Than Home University Seats Allotted to Home University Candidates,01104fdb03f3aed34e5b7e9adfdbc2f65979e8cae5de5e7cb4539b86c512020f
f6ffd36c4c00-PG_MCA_CAP2_Cutoff_All_Institutes_2025_26__1_.pdf,6005,"Government College of Engineering, Karad",0600524110,2025-26,2,Maharashtra,GOPENH,GOPENH,HU,96.828928,percentile,GOPENH | 973 | 96.828928 | Stage-I,157,Home University Seats Allotted to Home University Candidates,f2feac0fb68e6997dc679f5978b5745e92a60adf244bf5bfac8192a9c4536527
f6ffd36c4c00-PG_MCA_CAP2_Cutoff_All_Institutes_2025_26__1_.pdf,6005,"Government College of Engineering, Karad",0600524110,2025-26,2,Maharashtra,GSCH,GSCH,HU,82.9644433,percentile,GSCH | 5282 | 82.9644433 | Stage-I,157,Home University Seats Allotted to Home University Candidates,6f70e309772f372d3e1cb0d126d7e150cfc5e00b9877722e0108ba4c82413d9e
f6ffd36c4c00-PG_MCA_CAP2_Cutoff_All_Institutes_2025_26__1_.pdf,6005,"Government College of Engineering, Karad",0600524110,2025-26,2,Maharashtra,GOPENO,GOPENO,HU,96.828928,percentile,GOPENO | 948 | 96.828928 | Stage-I,157,Other Than Home University Seats Allotted to Other Than Home University Candidates,98c2f3d371b1eda154aec088d9bf5909203e3bb26b9cdaeb00c0d88e16a309a1
f6ffd36c4c00-PG_MCA_CAP2_Cutoff_All_Institutes_2025_26__1_.pdf,6005,"Government College of Engineering, Karad",0600524110,2025-26,2,Maharashtra,GSCO,GSCO,HU,95.2942951,percentile,GSCO | 1456 | 95.2942951 | Stage-I,157,Other Than Home University Seats Allotted to Other Than Home University Candidates,a980466afff8a8519e236d6eca3a8676e1289f232a53e978320de6a01038334f
f6ffd36c4c00-PG_MCA_CAP2_Cutoff_All_Institutes_2025_26__1_.pdf,6005,"Government College of Engineering, Karad",0600524110,2025-26,2,Maharashtra,GSTO,GSTO,HU,92.1797821,percentile,GSTO | 2657 | 92.1797821 | Stage-I,157,Other Than Home University Seats Allotted to Other Than Home University Candidates,06411e02039af1da9df67f1e28e5ba5f15bd6886c456e442f3cc55f5cbdb44a1
f6ffd36c4c00-PG_MCA_CAP2_Cutoff_All_Institutes_2025_26__1_.pdf,6005,"Government College of Engineering, Karad",0600524110,2025-26,2,Maharashtra,TFWS,TFWS,SL,97.8055126,percentile,TFWS | 593 | 97.8055126 | Stage-I,157,Other Than Home University Seats Allotted to Other Than Home University Candidates,b18bb794225982258d54a92f73d74df4ec390ac1a2f85e63c86b31884884c912
f6ffd36c4c00-PG_MCA_CAP2_Cutoff_All_Institutes_2025_26__1_.pdf,6029,"Yashwantrao Chavan School of Rural Development, Kolhapur",0602924110,2025-26,2,Maharashtra,GOPENH,GOPENH,HU,76.9216256,percentile,GOPENH | 7570 | 76.9216256 | Stage-I,158,Home University Seats Allotted to Home University Candidates,175b63b88f38e88c0a35cf13d27bb73b5e301effd1d2e9f60b37a4c4284008c9
f6ffd36c4c00-PG_MCA_CAP2_Cutoff_All_Institutes_2025_26__1_.pdf,6029,"Yashwantrao Chavan School of Rural Development, Kolhapur",0602924110,2025-26,2,Maharashtra,GSCH,GSCH,HU,23.1010151,percentile,GSCH | 21562 | 23.1010151 | Stage-I,158,Home University Seats Allotted to Home University Candidates,a862e6d327a7e1d86e2d20b31cfcdeeb9ececcb2efdea17a5c676bb5152c973c
f6ffd36c4c00-PG_MCA_CAP2_Cutoff_All_Institutes_2025_26__1_.pdf,6029,"Yashwantrao Chavan School of Rural Development, Kolhapur",0602924110,2025-26,2,Maharashtra,GSTH,GSTH,HU,67.3579428,percentile,GSTH | 10428 | 67.3579428 | Stage-I,158,Home University Seats Allotted to Home University Candidates,dd82dd79e953d9b263b54d34bdaf358a7c57abd367d9b1dbd91ec48b13c40f61
f6ffd36c4c00-PG_MCA_CAP2_Cutoff_All_Institutes_2025_26__1_.pdf,6029,"Yashwantrao Chavan School of Rural Development, Kolhapur",0602924110,2025-26,2,Maharashtra,GNTAH,GNTAH,HU,46.3793819,percentile,GNTAH | 16339 | 46.3793819 | Stage-I,158,Home University Seats Allotted to Home University Candidates,f139ab5aff7f667061eca6420b175bad305d5d01637d260969a5620d7e29e812
f6ffd36c4c00-PG_MCA_CAP2_Cutoff_All_Institutes_2025_26__1_.pdf,6029,"Yashwantrao Chavan School of Rural Development, Kolhapur",0602924110,2025-26,2,Maharashtra,GNTBH,GNTBH,HU,71.1549338,percentile,GNTBH | 9331 | 71.1549338 | Stage-I,158,Home University Seats Allotted to Home University Candidates,1c45be95add9ef6b3eccc326462af176828c7ce7a278d17ce8a68cab11e470d8
f6ffd36c4c00-PG_MCA_CAP2_Cutoff_All_Institutes_2025_26__1_.pdf,6029,"Yashwantrao Chavan School of Rural Development, Kolhapur",0602924110,2025-26,2,Maharashtra,GOPENO,GOPENO,HU,90.7733494,percentile,GOPENO | 3237 | 90.7733494 | Stage-I,158,Other Than Home University Seats Allotted to Other Than Home University Candidates,a994fc8dac77ff26dd97bd28b57ad6e24a8d3f339d1bad2c89b775970203871e
f6ffd36c4c00-PG_MCA_CAP2_Cutoff_All_Institutes_2025_26__1_.pdf,6029,"Yashwantrao Chavan School of Rural Development, Kolhapur",0602924110,2025-26,2,Maharashtra,GNTAO,GNTAO,HU,76.9216256,percentile,GNTAO | 7429 | 76.9216256 | Stage-I,158,Other Than Home University Seats Allotted to Other Than Home University Candidates,0bec02315a1b0605fef8165a48abd96a79bc6881073213a71594c32bf0df43c5
f6ffd36c4c00-PG_MCA_CAP2_Cutoff_All_Institutes_2025_26__1_.pdf,6029,"Yashwantrao Chavan School of Rural Development, Kolhapur",0602924110,2025-26,2,Maharashtra,GSCO,GSCO,HU,23.1010151,percentile,GSCO | 21583 | 23.1010151 | Stage-I,158,Other Than Home University Seats Allotted to Home University Candidates,8c2782bfc720f0c7ca28d34452f7e7f915f0203ee330e634aec6a13d085a79f6
f6ffd36c4c00-PG_MCA_CAP2_Cutoff_All_Institutes_2025_26__1_.pdf,6029,"Yashwantrao Chavan School of Rural Development, Kolhapur",0602924110,2025-26,2,Maharashtra,GNTCO,GNTCO,HU,44.5345198,percentile,GNTCO | 16982 | 44.5345198 | Stage-I,158,Other Than Home University Seats Allotted to Home University Candidates,3d52a58bb862fe2030abaedf90a484ccad3296ce2a675f93c329506a1a870ef5
f6ffd36c4c00-PG_MCA_CAP2_Cutoff_All_Institutes_2025_26__1_.pdf,6029,"Yashwantrao Chavan School of Rural Development, Kolhapur",0602924110,2025-26,2,Maharashtra,GSEBCO,GSEBCO,HU,67.3579428,percentile,GSEBCO | 10421 | 67.3579428 | Stage-I,158,Other Than Home University Seats Allotted to Home University Candidates,7c3511b881b232e105ec38fe446091627e05e96b0a313fa979110bf12d295664
f6ffd36c4c00-PG_MCA_CAP2_Cutoff_All_Institutes_2025_26__1_.pdf,6029,"Yashwantrao Chavan School of Rural Development, Kolhapur",0602924110,2025-26,2,Maharashtra,TFWS,TFWS,SL,89.1331398,percentile,TFWS | 3764 | 89.1331398 | Stage-I,159,,dde0ab50b9b3d2840b6a4a2891bd15e48a2371f939e60022291bc8b0f764553c
f6ffd36c4c00-PG_MCA_CAP2_Cutoff_All_Institutes_2025_26__1_.pdf,6031,"Punyashlok Ahilyadevi Holkar Solapur University, Solapur",0603124110,2025-26,2,Maharashtra,PWDOPENH,PWDOPENH,HU,79.9969812,percentile,PWDOPENH | 6864 | 79.9969812 | I-Non PWD / DEF,160,Home University Seats Allotted to Home University Candidates,30b6550682fee4fe1ec5616547a4bc585efde5d26d64c1a3a785d963cedc65ca
f6ffd36c4c00-PG_MCA_CAP2_Cutoff_All_Institutes_2025_26__1_.pdf,6031,"Punyashlok Ahilyadevi Holkar Solapur University, Solapur",0603124110,2025-26,2,Maharashtra,GOPENO,GOPENO,HU,29.9046039,percentile,GOPENO | 19933 | 29.9046039 | Stage-I,160,Other Than Home University Seats Allotted to Other Than Home University Candidates,849577c4be7c089e52feb235204794bd29ac4028a9cbdeeab97995d519333686
f6ffd36c4c00-PG_MCA_CAP2_Cutoff_All_Institutes_2025_26__1_.pdf,6031,"Punyashlok Ahilyadevi Holkar Solapur University, Solapur",0603124110,2025-26,2,Maharashtra,GSCO,GSCO,HU,25.4779232,percentile,GSCO | 21071 | 25.4779232 | Stage-I,160,Other Than Home University Seats Allotted to Other Than Home University Candidates,e5c70a5dd4a7cfe37d93696b388a0e74bb352c70382bd0dcf21c7bebea292bae
f6ffd36c4c00-PG_MCA_CAP2_Cutoff_All_Institutes_2025_26__1_.pdf,6031,"Punyashlok Ahilyadevi Holkar Solapur University, Solapur",0603124110,2025-26,2,Maharashtra,GSTO,GSTO,HU,25.4779232,percentile,GSTO | 21199 | 25.4779232 | Stage-I,160,Other Than Home University Seats Allotted to Other Than Home University Candidates,2690fb79966969d8678e487c5a9bf8135ae5e048633467def15c3404856be8db
f6ffd36c4c00-PG_MCA_CAP2_Cutoff_All_Institutes_2025_26__1_.pdf,6031,"Punyashlok Ahilyadevi Holkar Solapur University, Solapur",0603124110,2025-26,2,Maharashtra,GSCO,GSCO,HU,63.1574978,percentile,GSCO | 11759 | 63.1574978 | Stage-I,160,Other Than Home University Seats Allotted to Home University Candidates,2caf8ede747107bdda221a94a09281e64a801fa68518ef95f2281422d1c0eddb
f6ffd36c4c00-PG_MCA_CAP2_Cutoff_All_Institutes_2025_26__1_.pdf,6031,"Punyashlok Ahilyadevi Holkar Solapur University, Solapur",0603124110,2025-26,2,Maharashtra,GOBCO,GOBCO,HU,61.2807064,percentile,GOBCO | 12331 | 61.2807064 | Stage-I,160,Other Than Home University Seats Allotted to Home University Candidates,71fbb790145a1304211578b1253c5f65eebafab539d2d70fda0ea3c8b74f6881
f6ffd36c4c00-PG_MCA_CAP2_Cutoff_All_Institutes_2025_26__1_.pdf,6031,"Punyashlok Ahilyadevi Holkar Solapur University, Solapur",0603124110,2025-26,2,Maharashtra,GSEBCO,GSEBCO,HU,53.942159,percentile,GSEBCO | 14225 | 53.942159 | Stage-I,160,Other Than Home University Seats Allotted to Home University Candidates,dab997ece1eaf93209e6d4468cd940ec57369f3519ac8e8a866263171085d425
f6ffd36c4c00-PG_MCA_CAP2_Cutoff_All_Institutes_2025_26__1_.pdf,6033,"Department of Computer Science, Savitribai Phule Pune University, Pune",0603324110,2025-26,2,Maharashtra,GSCH,GSCH,HU,97.0718086,percentile,GSCH | 862 | 97.0718086 | Stage-I,161,Home University Seats Allotted to Home University Candidates,795e91ba085c1086ac69aea11e22d3b534ce2073c51783bd4204cea6bf6a5307
f6ffd36c4c00-PG_MCA_CAP2_Cutoff_All_Institutes_2025_26__1_.pdf,6033,"Department of Computer Science, Savitribai Phule Pune University, Pune",0603324110,2025-26,2,Maharashtra,GSTH,GSTH,HU,93.5511867,percentile,GSTH | 1944 | 93.5511867 | Stage-I,161,Home University Seats Allotted to Home University Candidates,0422226fd028f18ca443266121fe842aab0c6f3df9beef4d6c52e341d8cdb9de
f6ffd36c4c00-PG_MCA_CAP2_Cutoff_All_Institutes_2025_26__1_.pdf,6033,"Department of Computer Science, Savitribai Phule Pune University, Pune",0603324110,2025-26,2,Maharashtra,GOBCH,GOBCH,HU,98.5181554,percentile,GOBCH | 385 | 98.5181554 | Stage-I,161,Home University Seats Allotted to Home University Candidates,f3190932cc2d6ea0a2f20cda53da37b0552fc015e53d80b462de46cf87d26f05
f6ffd36c4c00-PG_MCA_CAP2_Cutoff_All_Institutes_2025_26__1_.pdf,6033,"Department of Computer Science, Savitribai Phule Pune University, Pune",0603324110,2025-26,2,Maharashtra,GOPENO,GOPENO,HU,99.3740809,percentile,GOPENO | 132 | 99.3740809 | Stage-I,161,Other Than Home University Seats Allotted to Other Than Home University Candidates,4972321108fe04e698b493cf6bd4e149dedc9e0e209f0fb83d6c5c6b65c0abff
f6ffd36c4c00-PG_MCA_CAP2_Cutoff_All_Institutes_2025_26__1_.pdf,6120,"Shri. Khanderai Pratishthans Dnyansagar Institute of Management and Research, Balewadi, Pune",0612024110,2025-26,2,Maharashtra,GOPENH,GOPENH,HU,67.3579428,percentile,GOPENH | 10400 | 67.3579428 | Stage-I,162,Home University Seats Allotted to Home University Candidates,e6fe3e88a92104247892984120931e6c65b7fe4b0d2ad18b4efab3c70a194bf7
f6ffd36c4c00-PG_MCA_CAP2_Cutoff_All_Institutes_2025_26__1_.pdf,6120,"Shri. Khanderai Pratishthans Dnyansagar Institute of Management and Research, Balewadi, Pune",0612024110,2025-26,2,Maharashtra,GSCH,GSCH,HU,27.2744425,percentile,GSCH | 20457 | 27.2744425 | Stage-I,162,Home University Seats Allotted to Home University Candidates,83bf9d0b27740630e10944a0ea9884a35bcad395d7dfabc5bb6555bb9c1e6f92
f6ffd36c4c00-PG_MCA_CAP2_Cutoff_All_Institutes_2025_26__1_.pdf,6120,"Shri. Khanderai Pratishthans Dnyansagar Institute of Management and Research, Balewadi, Pune",0612024110,2025-26,2,Maharashtra,GSTH,GSTH,HU,46.3793819,percentile,GSTH | 16059 | 46.3793819 | Stage-I,162,Home University Seats Allotted to Home University Candidates,88ca65e5c0b6956f616839e0e4b056638c60bb43c045ce876b52412fc1b3d6a1
f6ffd36c4c00-PG_MCA_CAP2_Cutoff_All_Institutes_2025_26__1_.pdf,6120,"Shri. Khanderai Pratishthans Dnyansagar Institute of Management and Research, Balewadi, Pune",0612024110,2025-26,2,Maharashtra,GNTAH,GNTAH,HU,51.4093808,percentile,GNTAH | 14810 | 51.4093808 | Stage-I,162,Home University Seats Allotted to Home University Candidates,be20a0e83facd66359a1e55b8de86d99d9e98c5f7c6feeb06a063a94cd9424d2
f6ffd36c4c00-PG_MCA_CAP2_Cutoff_All_Institutes_2025_26__1_.pdf,6120,"Shri. Khanderai Pratishthans Dnyansagar Institute of Management and Research, Balewadi, Pune",0612024110,2025-26,2,Maharashtra,GNTCH,GNTCH,HU,53.942159,percentile,GNTCH | 14104 | 53.942159 | Stage-I,162,Home University Seats Allotted to Home University Candidates,e38a8b56f8213d1954db39c86706762495a4dcb028f67df03a5e0f96d5882d62
f6ffd36c4c00-PG_MCA_CAP2_Cutoff_All_Institutes_2025_26__1_.pdf,6120,"Shri. Khanderai Pratishthans Dnyansagar Institute of Management and Research, Balewadi, Pune",0612024110,2025-26,2,Maharashtra,GNTDH,GNTDH,HU,51.4093808,percentile,GNTDH | 15164 | 51.4093808 | Stage-I,162,Home University Seats Allotted to Home University Candidates,e3f60bb265981fbf5bd71cf312cba7575b025a04c6611a6f5cfc6469bb1c065f
f6ffd36c4c00-PG_MCA_CAP2_Cutoff_All_Institutes_2025_26__1_.pdf,6120,"Shri. Khanderai Pratishthans Dnyansagar Institute of Management and Research, Balewadi, Pune",0612024110,2025-26,2,Maharashtra,GOBCH,GOBCH,HU,34.5198145,percentile,GOBCH | 18871 | 34.5198145 | Stage-I,162,Home University Seats Allotted to Home University Candidates,8fda4b6db56d77d44636021188319a8b79c17e4e115d4120ca911b172eb5b061
f6ffd36c4c00-PG_MCA_CAP2_Cutoff_All_Institutes_2025_26__1_.pdf,6120,"Shri. Khanderai Pratishthans Dnyansagar Institute of Management and Research, Balewadi, Pune",0612024110,2025-26,2,Maharashtra,GSCH,GSCH,HU,58.7911466,percentile,GSCH | 12767 | 58.7911466 | Stage-I,162,Home University Seats Allotted to Other Than Home University Candidates,a47909de12c23828a3548e9fb3566aa0acc9fc9a00c60fc426184324ac14e19d
f6ffd36c4c00-PG_MCA_CAP2_Cutoff_All_Institutes_2025_26__1_.pdf,6120,"Shri. Khanderai Pratishthans Dnyansagar Institute of Management and Research, Balewadi, Pune",0612024110,2025-26,2,Maharashtra,GNTBH,GNTBH,HU,29.9046039,percentile,GNTBH | 20136 | 29.9046039 | Stage-I,162,Home University Seats Allotted to Other Than Home University Candidates,805b6aa348bb85d6f5cbff5d17185c16a2c798a0f678da60751fe13f3edc0a69
f6ffd36c4c00-PG_MCA_CAP2_Cutoff_All_Institutes_2025_26__1_.pdf,6120,"Shri. Khanderai Pratishthans Dnyansagar Institute of Management and Research, Balewadi, Pune",0612024110,2025-26,2,Maharashtra,GNTDH,GNTDH,HU,31.6629561,percentile,GNTDH | 19482 | 31.6629561 | Stage-I,162,Home University Seats Allotted to Other Than Home University Candidates,985054eb100a3366ac63a28cecd315b772a6073cce86493de1d39d1e85459acc
f6ffd36c4c00-PG_MCA_CAP2_Cutoff_All_Institutes_2025_26__1_.pdf,6120,"Shri. Khanderai Pratishthans Dnyansagar Institute of Management and Research, Balewadi, Pune",0612024110,2025-26,2,Maharashtra,GOPENO,GOPENO,HU,77.8251197,percentile,GOPENO | 7381 | 77.8251197 | Stage-I,162,Other Than Home University Seats Allotted to Other Than Home University Candidates,54f5da16b3aaf37412e02d5491ed57bf872cc87a56a517e09a09951a7b7b0036
f6ffd36c4c00-PG_MCA_CAP2_Cutoff_All_Institutes_2025_26__1_.pdf,6120,"Shri. Khanderai Pratishthans Dnyansagar Institute of Management and Research, Balewadi, Pune",0612024110,2025-26,2,Maharashtra,GSCO,GSCO,HU,63.1574978,percentile,GSCO | 11885 | 63.1574978 | Stage-I,162,Other Than Home University Seats Allotted to Other Than Home University Candidates,7c17b0db6546cfb3ea91311239652aac01423351647b68d631515b3a3940dac6
f6ffd36c4c00-PG_MCA_CAP2_Cutoff_All_Institutes_2025_26__1_.pdf,6120,"Shri. Khanderai Pratishthans Dnyansagar Institute of Management and Research, Balewadi, Pune",0612024110,2025-26,2,Maharashtra,GSTO,GSTO,HU,61.2807064,percentile,GSTO | 12208 | 61.2807064 | Stage-I,162,Other Than Home University Seats Allotted to Other Than Home University Candidates,7a315a1664063563f3efa170687b1aa60d276a2b14acc49dbf1498aae3dd8987
f6ffd36c4c00-PG_MCA_CAP2_Cutoff_All_Institutes_2025_26__1_.pdf,6120,"Shri. Khanderai Pratishthans Dnyansagar Institute of Management and Research, Balewadi, Pune",0612024110,2025-26,2,Maharashtra,GNTAO,GNTAO,HU,41.4550394,percentile,GNTAO | 17627 | 41.4550394 | Stage-I,162,Other Than Home University Seats Allotted to Other Than Home University Candidates,03dfcd8d9a161a5c690c1ed9e3c11e269e325077ab4d986b9b4ab7f755b6a8e8
f6ffd36c4c00-PG_MCA_CAP2_Cutoff_All_Institutes_2025_26__1_.pdf,6120,"Shri. Khanderai Pratishthans Dnyansagar Institute of Management and Research, Balewadi, Pune",0612024110,2025-26,2,Maharashtra,GNTBO,GNTBO,HU,73.5368477,percentile,GNTBO | 8743 | 73.5368477 | Stage-I,162,Other Than Home University Seats Allotted to Other Than Home University Candidates,2ba359c5491af91868d7cc6a71c32f8b7d81b047f7ccbaff294d7b53e6a19124
f6ffd36c4c00-PG_MCA_CAP2_Cutoff_All_Institutes_2025_26__1_.pdf,6120,"Shri. Khanderai Pratishthans Dnyansagar Institute of Management and Research, Balewadi, Pune",0612024110,2025-26,2,Maharashtra,GNTDO,GNTDO,HU,69.7143504,percentile,GNTDO | 9758 | 69.7143504 | Stage-I,162,Other Than Home University Seats Allotted to Other Than Home University Candidates,a49c765f447840e4cfcfbf89e6f7debbce6fb12dd729d8666591b7dea84873e3
f6ffd36c4c00-PG_MCA_CAP2_Cutoff_All_Institutes_2025_26__1_.pdf,6120,"Shri. Khanderai Pratishthans Dnyansagar Institute of Management and Research, Balewadi, Pune",0612024110,2025-26,2,Maharashtra,EWS,EWS,SL,21.0059952,percentile,EWS | 21690 | 21.0059952 | Stage-I,163,,88e7e51ea297f308f59522769c644324bcfc68f8bb77084b4912c94f9f365f7c
f6ffd36c4c00-PG_MCA_CAP2_Cutoff_All_Institutes_2025_26__1_.pdf,6120,"Shri. Khanderai Pratishthans Dnyansagar Institute of Management and Research, Balewadi, Pune",0612024110,2025-26,2,Maharashtra,TFWS,TFWS,SL,87.3496474,percentile,TFWS | 3954 | 87.3496474 | Stage-I,163,,18e5e001390927792204d0e6c3c667d1d36edf2e88013f7f26ac50b0513e1c2a
f6ffd36c4c00-PG_MCA_CAP2_Cutoff_All_Institutes_2025_26__1_.pdf,6129,"Jayawant Shikshan Prasarak Mandal's Jayawant Institute of Management Studies, Tathawade Pune-411033",0612924110,2025-26,2,Maharashtra,GOPENH,GOPENH,HU,93.5511867,percentile,GOPENH | 1908 | 93.5511867 | Stage-I,164,Home University Seats Allotted to Home University Candidates,7de56000d13348d326c81cddc2caebc33116a9b65fa953c8bb69bfe3eb3d4adb
f6ffd36c4c00-PG_MCA_CAP2_Cutoff_All_Institutes_2025_26__1_.pdf,6129,"Jayawant Shikshan Prasarak Mandal's Jayawant Institute of Management Studies, Tathawade Pune-411033",0612924110,2025-26,2,Maharashtra,GSCH,GSCH,HU,85.3851665,percentile,GSCH | 4620 | 85.3851665 | Stage-I,164,Home University Seats Allotted to Home University Candidates,fac020bcadc0c1e0262d257c6308a4481c2e25e2fb721e5ab4a69e75d6991bb6
f6ffd36c4c00-PG_MCA_CAP2_Cutoff_All_Institutes_2025_26__1_.pdf,6129,"Jayawant Shikshan Prasarak Mandal's Jayawant Institute of Management Studies, Tathawade Pune-411033",0612924110,2025-26,2,Maharashtra,GNTAH,GNTAH,HU,34.5198145,percentile,GNTAH | 19321 | 34.5198145 | Stage-I,164,Home University Seats Allotted to Home University Candidates,910d837b824c191e9de223a0e9d7e8ee6a5be2409b49eef92b0a4c246d0b09de
f6ffd36c4c00-PG_MCA_CAP2_Cutoff_All_Institutes_2025_26__1_.pdf,6129,"Jayawant Shikshan Prasarak Mandal's Jayawant Institute of Management Studies, Tathawade Pune-411033",0612924110,2025-26,2,Maharashtra,GNTCH,GNTCH,HU,89.1331398,percentile,GNTCH | 3830 | 89.1331398 | Stage-I,164,Home University Seats Allotted to Home University Candidates,a743f823d1e7cf080b2b329f564796f81f54d7b0dc488487796db2ec374209ef
f6ffd36c4c00-PG_MCA_CAP2_Cutoff_All_Institutes_2025_26__1_.pdf,6129,"Jayawant Shikshan Prasarak Mandal's Jayawant Institute of Management Studies, Tathawade Pune-411033",0612924110,2025-26,2,Maharashtra,GOBCH,GOBCH,HU,92.3361383,percentile,GOBCH | 2328 | 92.3361383 | Stage-I,164,Home University Seats Allotted to Home University Candidates,e959b394c25187d4fb19ea7114184da825d38c79e1c9871ac80204b85da81664
f6ffd36c4c00-PG_MCA_CAP2_Cutoff_All_Institutes_2025_26__1_.pdf,6129,"Jayawant Shikshan Prasarak Mandal's Jayawant Institute of Management Studies, Tathawade Pune-411033",0612924110,2025-26,2,Maharashtra,PWDOPENH,PWDOPENH,HU,39.3989669,percentile,PWDOPENH | 17953 | 39.3989669 | Stage-I,164,Home University Seats Allotted to Home University Candidates,033d41886f0c6777b00d6b8851775ee9941a6a2f7cb49a4e18fa043677679864
f6ffd36c4c00-PG_MCA_CAP2_Cutoff_All_Institutes_2025_26__1_.pdf,6129,"Jayawant Shikshan Prasarak Mandal's Jayawant Institute of Management Studies, Tathawade Pune-411033",0612924110,2025-26,2,Maharashtra,PWDROBCH,PWDROBCH,HU,31.6629561,percentile,PWDROBCH | 19515 | 31.6629561 | Stage-I,164,Home University Seats Allotted to Other Than Home University Candidates,32d9e735eddee7d5adeef8bf0344b70b3fcbc785213246e633249ba95e6c4978
f6ffd36c4c00-PG_MCA_CAP2_Cutoff_All_Institutes_2025_26__1_.pdf,6129,"Jayawant Shikshan Prasarak Mandal's Jayawant Institute of Management Studies, Tathawade Pune-411033",0612924110,2025-26,2,Maharashtra,GOPENO,GOPENO,HU,96.1125146,percentile,GOPENO | 1105 | 96.1125146 | Stage-I,164,Other Than Home University Seats Allotted to Other Than Home University Candidates,1d3b64ed3eda8e924d95f77056e97434a81ec38330405beade58f60ec7c4c4a7
f6ffd36c4c00-PG_MCA_CAP2_Cutoff_All_Institutes_2025_26__1_.pdf,6129,"Jayawant Shikshan Prasarak Mandal's Jayawant Institute of Management Studies, Tathawade Pune-411033",0612924110,2025-26,2,Maharashtra,GNTCO,GNTCO,HU,90.9663786,percentile,GNTCO | 2674 | 90.9663786 | Stage-I,164,Other Than Home University Seats Allotted to Other Than Home University Candidates,d0a8fa37661b66ba2cb58b5a2d95d0c97e462d18db6ee67b7e775a5c9fa2bcb3
f6ffd36c4c00-PG_MCA_CAP2_Cutoff_All_Institutes_2025_26__1_.pdf,6129,"Jayawant Shikshan Prasarak Mandal's Jayawant Institute of Management Studies, Tathawade Pune-411033",0612924110,2025-26,2,Maharashtra,GOBCO,GOBCO,HU,95.5548847,percentile,GOBCO | 1314 | 95.5548847 | Stage-I,164,Other Than Home University Seats Allotted to Other Than Home University Candidates,59ed7c903822021c46601797485b60aa5f05d9c57e278966bd4149d6d6f360bd
f6ffd36c4c00-PG_MCA_CAP2_Cutoff_All_Institutes_2025_26__1_.pdf,6129,"Jayawant Shikshan Prasarak Mandal's Jayawant Institute of Management Studies, Tathawade Pune-411033",0612924110,2025-26,2,Maharashtra,EWS,EWS,SL,89.1966341,percentile,EWS | 3253 | 89.1966341 | Stage-I,164,Other Than Home University Seats Allotted to Other Than Home University Candidates,8f1642504927f129727d8a0b700f2eab66fe5fc6177cd92ab7e33cf6a5cf089c
f6ffd36c4c00-PG_MCA_CAP2_Cutoff_All_Institutes_2025_26__1_.pdf,6129,"Jayawant Shikshan Prasarak Mandal's Jayawant Institute of Management Studies, Tathawade Pune-411033",0612924110,2025-26,2,Maharashtra,TFWS,TFWS,SL,97.8055126,percentile,TFWS | 586 | 97.8055126 | Stage-I,164,Other Than Home University Seats Allotted to Other Than Home University Candidates,be0d7e27cb4b6601e36b6558ed54520bb70cb33a540d7efa1cc2666434a15edb
f6ffd36c4c00-PG_MCA_CAP2_Cutoff_All_Institutes_2025_26__1_.pdf,6137,"Vidya Pratishthan Institute of Information Technology, Baramati, Pune",0613724110,2025-26,2,Maharashtra,GOPENH,GOPENH,HU,82.8308366,percentile,GOPENH | 5944 | 82.8308366 | Stage-I,165,Home University Seats Allotted to Home University Candidates,3e1b07abbc725260f0eb264f63d6543ec2bca4381a35810f284ef9d571d3d8c7
f6ffd36c4c00-PG_MCA_CAP2_Cutoff_All_Institutes_2025_26__1_.pdf,6137,"Vidya Pratishthan Institute of Information Technology, Baramati, Pune",0613724110,2025-26,2,Maharashtra,GSCH,GSCH,HU,49.3533426,percentile,GSCH | 15390 | 49.3533426 | Stage-I,165,Home University Seats Allotted to Home University Candidates,dd9dd8372832e74737223e22b4d40e97495a776f805fb07b2c77f3f0347ce5a4
f6ffd36c4c00-PG_MCA_CAP2_Cutoff_All_Institutes_2025_26__1_.pdf,6137,"Vidya Pratishthan Institute of Information Technology, Baramati, Pune",0613724110,2025-26,2,Maharashtra,GSTH,GSTH,HU,74.782248,percentile,GSTH | 8359 | 74.782248 | Stage-I,165,Home University Seats Allotted to Home University Candidates,64155dc4686898166ec6c7f1339ab15ded58066f9519bdfb6885f1840cab8076
f6ffd36c4c00-PG_MCA_CAP2_Cutoff_All_Institutes_2025_26__1_.pdf,6137,"Vidya Pratishthan Institute of Information Technology, Baramati, Pune",0613724110,2025-26,2,Maharashtra,GOBCH,GOBCH,HU,82.8308366,percentile,GOBCH | 5994 | 82.8308366 | Stage-I,165,Home University Seats Allotted to Home University Candidates,5d96f19e15e75766d5c16ad3fb7b7745f5ef5d1a51145409f0a76a4c296d8767
f6ffd36c4c00-PG_MCA_CAP2_Cutoff_All_Institutes_2025_26__1_.pdf,6137,"Vidya Pratishthan Institute of Information Technology, Baramati, Pune",0613724110,2025-26,2,Maharashtra,GOPENO,GOPENO,HU,90.9663786,percentile,GOPENO | 2783 | 90.9663786 | Stage-I,165,Other Than Home University Seats Allotted to Other Than Home University Candidates,bd3a346ce182d4c07ef0223dd1a194e7e2a798c40201c2a3c001774b6f048a7e
f6ffd36c4c00-PG_MCA_CAP2_Cutoff_All_Institutes_2025_26__1_.pdf,6137,"Vidya Pratishthan Institute of Information Technology, Baramati, Pune",0613724110,2025-26,2,Maharashtra,GSCO,GSCO,HU,80.5399495,percentile,GSCO | 6335 | 80.5399495 | Stage-I,165,Other Than Home University Seats Allotted to Other Than Home University Candidates,e57cedc44aa33d8a85b8453fe5b0d784291eabf4f3972bd83a5e4ba377203abf
f6ffd36c4c00-PG_MCA_CAP2_Cutoff_All_Institutes_2025_26__1_.pdf,6137,"Vidya Pratishthan Institute of Information Technology, Baramati, Pune",0613724110,2025-26,2,Maharashtra,GSTO,GSTO,HU,21.0059952,percentile,GSTO | 21816 | 21.0059952 | Stage-I,165,Other Than Home University Seats Allotted to Other Than Home University Candidates,89188d91df32cff6dfc6da098a6f2a26dfc57365031ecc7f9a2b89ba63a5559e
f6ffd36c4c00-PG_MCA_CAP2_Cutoff_All_Institutes_2025_26__1_.pdf,6137,"Vidya Pratishthan Institute of Information Technology, Baramati, Pune",0613724110,2025-26,2,Maharashtra,GNTBO,GNTBO,HU,87.2080299,percentile,GNTBO | 4368 | 87.2080299 | Stage-I,165,Other Than Home University Seats Allotted to Other Than Home University Candidates,aeb2a3a8923319e81a526e47d9acff70319175dcff77c9dd6b91276832345bd5
f6ffd36c4c00-PG_MCA_CAP2_Cutoff_All_Institutes_2025_26__1_.pdf,6137,"Vidya Pratishthan Institute of Information Technology, Baramati, Pune",0613724110,2025-26,2,Maharashtra,GOBCO,GOBCO,HU,87.3496474,percentile,GOBCO | 3958 | 87.3496474 | Stage-I,165,Other Than Home University Seats Allotted to Other Than Home University Candidates,83983f71084ad1be5bb65417967d6fc4b2efd9501bd79a17aaa4ae94562defe5
f6ffd36c4c00-PG_MCA_CAP2_Cutoff_All_Institutes_2025_26__1_.pdf,6137,"Vidya Pratishthan Institute of Information Technology, Baramati, Pune",0613724110,2025-26,2,Maharashtra,EWS,EWS,SL,41.4550394,percentile,EWS | 17168 | 41.4550394 | Stage-I,165,Other Than Home University Seats Allotted to Other Than Home University Candidates,f9c857e2e988c96c77f99667482f71efdeda044c7774bc4532f38b7b0843f973
f6ffd36c4c00-PG_MCA_CAP2_Cutoff_All_Institutes_2025_26__1_.pdf,6137,"Vidya Pratishthan Institute of Information Technology, Baramati, Pune",0613724110,2025-26,2,Maharashtra,TFWS,TFWS,SL,93.405226,percentile,TFWS | 2021 | 93.405226 | Stage-I,165,Other Than Home University Seats Allotted to Other Than Home University Candidates,3eaf021b88158f5cc1c1871d96e3ae03074fa74f945002d672d33d5f2183cd4b
f6ffd36c4c00-PG_MCA_CAP2_Cutoff_All_Institutes_2025_26__1_.pdf,6138,"Genba Sopanrao Moze Trust Parvatibai Genba Moze College of Engineering,Wagholi, Pune",0613824110,2025-26,2,Maharashtra,GOPENH,GOPENH,HU,82.9644433,percentile,GOPENH | 5542 | 82.9644433 | Stage-I,166,Home University Seats Allotted to Home University Candidates,58f6134e5cd6a920b2302cfd57dcb6ca70b3fa0765da686149fff20b1178adfd
f6ffd36c4c00-PG_MCA_CAP2_Cutoff_All_Institutes_2025_26__1_.pdf,6138,"Genba Sopanrao Moze Trust Parvatibai Genba Moze College of Engineering,Wagholi, Pune",0613824110,2025-26,2,Maharashtra,GSCH,GSCH,HU,44.5345198,percentile,GSCH | 16901 | 44.5345198 | Stage-I,166,Home University Seats Allotted to Home University Candidates,73973299b0a99d2fe934588c80902470367dfdd6237318c0ec6a48a4829eb448
f6ffd36c4c00-PG_MCA_CAP2_Cutoff_All_Institutes_2025_26__1_.pdf,6138,"Genba Sopanrao Moze Trust Parvatibai Genba Moze College of Engineering,Wagholi, Pune",0613824110,2025-26,2,Maharashtra,GSTH,GSTH,HU,73.5368477,percentile,GSTH | 8716 | 73.5368477 | Stage-I,166,Home University Seats Allotted to Home University Candidates,d85991773b6b182e8e8e004fdc6f7ff26bb8777b6da4a0c0c64e2da2126888d7
f6ffd36c4c00-PG_MCA_CAP2_Cutoff_All_Institutes_2025_26__1_.pdf,6138,"Genba Sopanrao Moze Trust Parvatibai Genba Moze College of Engineering,Wagholi, Pune",0613824110,2025-26,2,Maharashtra,GNTBH,GNTBH,HU,49.3533426,percentile,GNTBH | 15706 | 49.3533426 | Stage-I,166,Home University Seats Allotted to Home University Candidates,338de178249ed9eecbae1f8c9e01fb6590683738f6b0f2805cd36431ad1af747
f6ffd36c4c00-PG_MCA_CAP2_Cutoff_All_Institutes_2025_26__1_.pdf,6138,"Genba Sopanrao Moze Trust Parvatibai Genba Moze College of Engineering,Wagholi, Pune",0613824110,2025-26,2,Maharashtra,GNTDH,GNTDH,HU,71.1549338,percentile,GNTDH | 9396 | 71.1549338 | Stage-I,166,Home University Seats Allotted to Home University Candidates,6f2bea03a216a666f0e38a0ea52f59a8cf8b41aee87688203cb3eec5713b5ea2
f6ffd36c4c00-PG_MCA_CAP2_Cutoff_All_Institutes_2025_26__1_.pdf,6138,"Genba Sopanrao Moze Trust Parvatibai Genba Moze College of Engineering,Wagholi, Pune",0613824110,2025-26,2,Maharashtra,GOBCH,GOBCH,HU,67.3579428,percentile,GOBCH | 10417 | 67.3579428 | Stage-I,166,Home University Seats Allotted to Home University Candidates,93e387d0cbd6741af29e71a5ed7ef7f93a303c75829e89ef264006c42746cdab
f6ffd36c4c00-PG_MCA_CAP2_Cutoff_All_Institutes_2025_26__1_.pdf,6138,"Genba Sopanrao Moze Trust Parvatibai Genba Moze College of Engineering,Wagholi, Pune",0613824110,2025-26,2,Maharashtra,GNTAH,GNTAH,HU,71.1549338,percentile,GNTAH | 9108 | 71.1549338 | Stage-I,166,Home University Seats Allotted to Other Than Home University Candidates,61e8e36ab70a4055dd468fe7c666725aa84a771af0a54b59274ecd2ba2db2358
f6ffd36c4c00-PG_MCA_CAP2_Cutoff_All_Institutes_2025_26__1_.pdf,6138,"Genba Sopanrao Moze Trust Parvatibai Genba Moze College of Engineering,Wagholi, Pune",0613824110,2025-26,2,Maharashtra,GOPENO,GOPENO,HU,82.9644433,percentile,GOPENO | 5540 | 82.9644433 | Stage-I,166,Other Than Home University Seats Allotted to Other Than Home University Candidates,a39bea0d90e56849943f87be9acebb9f79f5f76651f01ba32f8788ac6cb4848e
f6ffd36c4c00-PG_MCA_CAP2_Cutoff_All_Institutes_2025_26__1_.pdf,6138,"Genba Sopanrao Moze Trust Parvatibai Genba Moze College of Engineering,Wagholi, Pune",0613824110,2025-26,2,Maharashtra,GSCO,GSCO,HU,69.7143504,percentile,GSCO | 10078 | 69.7143504 | Stage-I,166,Other Than Home University Seats Allotted to Other Than Home University Candidates,e820f4c675507586298ea14af02bbfbe0e72abcbb6b57e208ff5816a111c1ac9
f6ffd36c4c00-PG_MCA_CAP2_Cutoff_All_Institutes_2025_26__1_.pdf,6138,"Genba Sopanrao Moze Trust Parvatibai Genba Moze College of Engineering,Wagholi, Pune",0613824110,2025-26,2,Maharashtra,GSTO,GSTO,HU,69.7143504,percentile,GSTO | 9765 | 69.7143504 | Stage-I,166,Other Than Home University Seats Allotted to Other Than Home University Candidates,e22b99b9f70d8da58b988bd0ae047543043fc8a0eea0fde20382e1e5575956c1
f6ffd36c4c00-PG_MCA_CAP2_Cutoff_All_Institutes_2025_26__1_.pdf,6138,"Genba Sopanrao Moze Trust Parvatibai Genba Moze College of Engineering,Wagholi, Pune",0613824110,2025-26,2,Maharashtra,GNTCO,GNTCO,HU,80.5399495,percentile,GNTCO | 6266 | 80.5399495 | Stage-I,166,Other Than Home University Seats Allotted to Other Than Home University Candidates,dbf578d3ae4fc065a751ba1290782ef59ba9cac319f423fa2d220c1d635df604
f6ffd36c4c00-PG_MCA_CAP2_Cutoff_All_Institutes_2025_26__1_.pdf,6138,"Genba Sopanrao Moze Trust Parvatibai Genba Moze College of Engineering,Wagholi, Pune",0613824110,2025-26,2,Maharashtra,EWS,EWS,SL,39.3989669,percentile,EWS | 17800 | 39.3989669 | Stage-I,167,,6e7a1e4c8a2443a068e9b24d27704a97e0725fe3952c8051ff79387ca628b63a
f6ffd36c4c00-PG_MCA_CAP2_Cutoff_All_Institutes_2025_26__1_.pdf,6138,"Genba Sopanrao Moze Trust Parvatibai Genba Moze College of Engineering,Wagholi, Pune",0613824110,2025-26,2,Maharashtra,TFWS,TFWS,SL,93.405226,percentile,TFWS | 2073 | 93.405226 | Stage-I,167,,3637ec4e47dc33f2f67029b6073c9b2f895a53656000581b3eb321238d14af01
f6ffd36c4c00-PG_MCA_CAP2_Cutoff_All_Institutes_2025_26__1_.pdf,6139,"Progressive Education Society's Modern College of Engineering, Pune",0613924110,2025-26,2,Maharashtra,GOPENH,GOPENH,HU,98.0566771,percentile,GOPENH | 530 | 98.0566771 | Stage-I,168,Home University Seats Allotted to Home University Candidates,35c8f5dc4f351593f7624a8c52dfa0a9ebb42fb8c60321b8bce88faa9b556bf6
f6ffd36c4c00-PG_MCA_CAP2_Cutoff_All_Institutes_2025_26__1_.pdf,6139,"Progressive Education Society's Modern College of Engineering, Pune",0613924110,2025-26,2,Maharashtra,GSCH,GSCH,HU,90.9663786,percentile,GSCH | 2805 | 90.9663786 | Stage-I,168,Home University Seats Allotted to Home University Candidates,9d5a821d5b692de5aac29fbb262d2ebde80e927f64024c6ee4138c58c3cddcc5
f6ffd36c4c00-PG_MCA_CAP2_Cutoff_All_Institutes_2025_26__1_.pdf,6139,"Progressive Education Society's Modern College of Engineering, Pune",0613924110,2025-26,2,Maharashtra,GSTH,GSTH,HU,63.1574978,percentile,GSTH | 11794 | 63.1574978 | Stage-I,168,Home University Seats Allotted to Home University Candidates,f0186f7b2a22657d9fe2e98280b34335b3ad41c71b42f768be6fa125fe679ddf
f6ffd36c4c00-PG_MCA_CAP2_Cutoff_All_Institutes_2025_26__1_.pdf,6139,"Progressive Education Society's Modern College of Engineering, Pune",0613924110,2025-26,2,Maharashtra,GNTCH,GNTCH,HU,97.0718086,percentile,GNTCH | 790 | 97.0718086 | Stage-I,168,Home University Seats Allotted to Home University Candidates,80b75f04948b28508c8a083339083c7cab7b7573a7e6d4190e438a741b710b03
f6ffd36c4c00-PG_MCA_CAP2_Cutoff_All_Institutes_2025_26__1_.pdf,6139,"Progressive Education Society's Modern College of Engineering, Pune",0613924110,2025-26,2,Maharashtra,GOBCH,GOBCH,HU,97.0718086,percentile,GOBCH | 835 | 97.0718086 | Stage-I,168,Home University Seats Allotted to Home University Candidates,cfee6ab0111324a131f98b3aefe58ec3e128e5cebf121c376d5eb2214e32ae8a
f6ffd36c4c00-PG_MCA_CAP2_Cutoff_All_Institutes_2025_26__1_.pdf,6139,"Progressive Education Society's Modern College of Engineering, Pune",0613924110,2025-26,2,Maharashtra,GSTH,GSTH,HU,74.782248,percentile,GSTH | 8449 | 74.782248 | Stage-I,168,Home University Seats Allotted to Other Than Home University Candidates,807751a882294cecdca6204c0bb215d23031b13e7bdbb575d832004c7d7babb0
f6ffd36c4c00-PG_MCA_CAP2_Cutoff_All_Institutes_2025_26__1_.pdf,6139,"Progressive Education Society's Modern College of Engineering, Pune",0613924110,2025-26,2,Maharashtra,GOPENO,GOPENO,HU,97.390747,percentile,GOPENO | 775 | 97.390747 | Stage-I,168,Other Than Home University Seats Allotted to Other Than Home University Candidates,33270c20d57e2dd7d9c1fc3d56390ede9e47c13dca67697454f56622c57804b6
f6ffd36c4c00-PG_MCA_CAP2_Cutoff_All_Institutes_2025_26__1_.pdf,6139,"Progressive Education Society's Modern College of Engineering, Pune",0613924110,2025-26,2,Maharashtra,GNTCO,GNTCO,HU,93.405226,percentile,GNTCO | 2084 | 93.405226 | Stage-I,168,Other Than Home University Seats Allotted to Other Than Home University Candidates,65d33e846649216f0b7d8eef406823e1b8051bd48f2c115628cd502f9336da34
f6ffd36c4c00-PG_MCA_CAP2_Cutoff_All_Institutes_2025_26__1_.pdf,6139,"Progressive Education Society's Modern College of Engineering, Pune",0613924110,2025-26,2,Maharashtra,GOBCO,GOBCO,HU,95.5548847,percentile,GOBCO | 1224 | 95.5548847 | Stage-I,168,Other Than Home University Seats Allotted to Other Than Home University Candidates,b48dd874c7127966ec7def957e6469c9a2082db35026f2ee094741ab4e55395a
f6ffd36c4c00-PG_MCA_CAP2_Cutoff_All_Institutes_2025_26__1_.pdf,6139,"Progressive Education Society's Modern College of Engineering, Pune",0613924110,2025-26,2,Maharashtra,GSEBCO,GSEBCO,HU,96.392589,percentile,GSEBCO | 1060 | 96.392589 | Stage-I,168,Other Than Home University Seats Allotted to Other Than Home University Candidates,85f36bc359c38bb8752045fceb6111f2f1de7fbc78aaf092ea3eb70d064c134d
f6ffd36c4c00-PG_MCA_CAP2_Cutoff_All_Institutes_2025_26__1_.pdf,6140,"Dnyan Kala Krida & Krishi Prathishtan's Maharashtra Institute of Management, Kalamb, Pune",0614024110,2025-26,2,Maharashtra,GOPENH,GOPENH,HU,49.3533426,percentile,GOPENH | 15297 | 49.3533426 | Stage-I,169,Home University Seats Allotted to Home University Candidates,3e30d72a94324e828d00f6628cb3a7446cd646ec2d2b81a805bd8b0deab65c16
f6ffd36c4c00-PG_MCA_CAP2_Cutoff_All_Institutes_2025_26__1_.pdf,6140,"Dnyan Kala Krida & Krishi Prathishtan's Maharashtra Institute of Management, Kalamb, Pune",0614024110,2025-26,2,Maharashtra,GSCH,GSCH,HU,49.3533426,percentile,GSCH | 15581 | 49.3533426 | Stage-I,169,Home University Seats Allotted to Home University Candidates,1adbf2aeae99440e6dbe0645bfc960fe9211218f4b023fe54bb5befa664c559d
f6ffd36c4c00-PG_MCA_CAP2_Cutoff_All_Institutes_2025_26__1_.pdf,6140,"Dnyan Kala Krida & Krishi Prathishtan's Maharashtra Institute of Management, Kalamb, Pune",0614024110,2025-26,2,Maharashtra,GSTH,GSTH,HU,19.1539942,percentile,GSTH | 22258 | 19.1539942 | Stage-I,169,Home University Seats Allotted to Home University Candidates,fc12bd312af8c8d6f11a01924e41c44bb0d1b90e759fde2b06e86e5378cd80c1
f6ffd36c4c00-PG_MCA_CAP2_Cutoff_All_Institutes_2025_26__1_.pdf,6140,"Dnyan Kala Krida & Krishi Prathishtan's Maharashtra Institute of Management, Kalamb, Pune",0614024110,2025-26,2,Maharashtra,GNTAH,GNTAH,HU,21.0059952,percentile,GNTAH | 21902 | 21.0059952 | Stage-I,169,Home University Seats Allotted to Home University Candidates,63f08d28801d1488c4df702272dc98a20f60cfe8307ec6038ba22ad66489c334
f6ffd36c4c00-PG_MCA_CAP2_Cutoff_All_Institutes_2025_26__1_.pdf,6140,"Dnyan Kala Krida & Krishi Prathishtan's Maharashtra Institute of Management, Kalamb, Pune",0614024110,2025-26,2,Maharashtra,GSCH,GSCH,HU,7.9446476,percentile,GSCH | 24257 | 7.9446476 | Stage-I,169,Home University Seats Allotted to Other Than Home University Candidates,433bbdd11122445ea0d5906c5d27ec1f9ae70b691eaf0a2f152f690e68829311
f6ffd36c4c00-PG_MCA_CAP2_Cutoff_All_Institutes_2025_26__1_.pdf,6140,"Dnyan Kala Krida & Krishi Prathishtan's Maharashtra Institute of Management, Kalamb, Pune",0614024110,2025-26,2,Maharashtra,GOPENO,GOPENO,HU,65.8578922,percentile,GOPENO | 11075 | 65.8578922 | Stage-I,169,Other Than Home University Seats Allotted to Other Than Home University Candidates,c2132d55b16447bf3705b4f6b833127219625f1053811e595a563cf01f871ca2
f6ffd36c4c00-PG_MCA_CAP2_Cutoff_All_Institutes_2025_26__1_.pdf,6140,"Dnyan Kala Krida & Krishi Prathishtan's Maharashtra Institute of Management, Kalamb, Pune",0614024110,2025-26,2,Maharashtra,GSCO,GSCO,HU,29.9046039,percentile,GSCO | 20275 | 29.9046039 | Stage-I,169,Other Than Home University Seats Allotted to Other Than Home University Candidates,8d72c638d8edbd922c0d7483798283a107d520d59af1a815946d1860e853f9f5
f6ffd36c4c00-PG_MCA_CAP2_Cutoff_All_Institutes_2025_26__1_.pdf,6140,"Dnyan Kala Krida & Krishi Prathishtan's Maharashtra Institute of Management, Kalamb, Pune",0614024110,2025-26,2,Maharashtra,GSTO,GSTO,HU,58.7911466,percentile,GSTO | 13337 | 58.7911466 | Stage-I,169,Other Than Home University Seats Allotted to Other Than Home University Candidates,4f4ea4359e82cab21faf6b06d454a7c62823b7c3ada9f08887d8fe5f322f8492
f6ffd36c4c00-PG_MCA_CAP2_Cutoff_All_Institutes_2025_26__1_.pdf,6140,"Dnyan Kala Krida & Krishi Prathishtan's Maharashtra Institute of Management, Kalamb, Pune",0614024110,2025-26,2,Maharashtra,GNTBO,GNTBO,HU,58.7911466,percentile,GNTBO | 13095 | 58.7911466 | Stage-I,169,Other Than Home University Seats Allotted to Other Than Home University Candidates,dd69f48bf0694c3ba705a0c7bffab4c55fed6b86d64689a0efac9465411e0ef3
f6ffd36c4c00-PG_MCA_CAP2_Cutoff_All_Institutes_2025_26__1_.pdf,6141,"Jaywant Shikshan Prasarak Mandal's,Rajarshi Shahu College of Engineering, Tathawade, Pune",0614124110,2025-26,2,Maharashtra,GOPENH,GOPENH,HU,98.2089665,percentile,GOPENH | 472 | 98.2089665 | Stage-I,170,Home University Seats Allotted to Home University Candidates,eb789d1fe9e4eba17c6bffe8827aa297ac964dd55ecb7e8e2b84836cea8471d9
f6ffd36c4c00-PG_MCA_CAP2_Cutoff_All_Institutes_2025_26__1_.pdf,6141,"Jaywant Shikshan Prasarak Mandal's,Rajarshi Shahu College of Engineering, Tathawade, Pune",0614124110,2025-26,2,Maharashtra,GOPENO,GOPENO,HU,97.8055126,percentile,GOPENO | 566 | 97.8055126 | Stage-I,170,Other Than Home University Seats Allotted to Other Than Home University Candidates,f9394004dcfe3cf2d5b16ad96685ba47409a8cd37f676887036a41a3f3c7fee5
f6ffd36c4c00-PG_MCA_CAP2_Cutoff_All_Institutes_2025_26__1_.pdf,6141,"Jaywant Shikshan Prasarak Mandal's,Rajarshi Shahu College of Engineering, Tathawade, Pune",0614124110,2025-26,2,Maharashtra,GSCO,GSCO,HU,95.5548847,percentile,GSCO | 1292 | 95.5548847 | Stage-I,170,Other Than Home University Seats Allotted to Other Than Home University Candidates,e21a6975c64cb32c73117635c60caa7e789efe0c8ab14647e61e1208db0fb702
f6ffd36c4c00-PG_MCA_CAP2_Cutoff_All_Institutes_2025_26__1_.pdf,6141,"Jaywant Shikshan Prasarak Mandal's,Rajarshi Shahu College of Engineering, Tathawade, Pune",0614124110,2025-26,2,Maharashtra,GNTCO,GNTCO,HU,97.8055126,percentile,GNTCO | 591 | 97.8055126 | Stage-I,170,Other Than Home University Seats Allotted to Other Than Home University Candidates,e7a19c5b1e436785fd36ee1177f057e0639c89f6a3a2e696e6a0e6e2ac36321a
f6ffd36c4c00-PG_MCA_CAP2_Cutoff_All_Institutes_2025_26__1_.pdf,6141,"Jaywant Shikshan Prasarak Mandal's,Rajarshi Shahu College of Engineering, Tathawade, Pune",0614124110,2025-26,2,Maharashtra,GOBCO,GOBCO,HU,97.390747,percentile,GOBCO | 700 | 97.390747 | Stage-I,170,Other Than Home University Seats Allotted to Other Than Home University Candidates,53a03dd743fdef9b4f623b8ad37d9bb78deb3231cfd68c455d18bb3e9d52c190
f6ffd36c4c00-PG_MCA_CAP2_Cutoff_All_Institutes_2025_26__1_.pdf,6141,"Jaywant Shikshan Prasarak Mandal's,Rajarshi Shahu College of Engineering, Tathawade, Pune",0614124110,2025-26,2,Maharashtra,EWS,EWS,SL,95.5548847,percentile,EWS | 1283 | 95.5548847 | Stage-I,170,Other Than Home University Seats Allotted to Other Than Home University Candidates,51dee5ee1e6725c160a12ad432524f28a815f6919463ccda1f6331844a5e7249
f6ffd36c4c00-PG_MCA_CAP2_Cutoff_All_Institutes_2025_26__1_.pdf,6141,"Jaywant Shikshan Prasarak Mandal's,Rajarshi Shahu College of Engineering, Tathawade, Pune",0614124110,2025-26,2,Maharashtra,TFWS,TFWS,SL,98.7632442,percentile,TFWS | 286 | 98.7632442 | Stage-I,170,Other Than Home University Seats Allotted to Other Than Home University Candidates,f07f9092c9c73bc6ce90e2fc22f7cc2eafddfa8d7fca4006e742a71cd3bf2e67
f6ffd36c4c00-PG_MCA_CAP2_Cutoff_All_Institutes_2025_26__1_.pdf,6144,"Genba Sopanrao Moze College of Engineering, Baner-Balewadi, Pune",0614424110,2025-26,2,Maharashtra,GOPENH,GOPENH,HU,90.9663786,percentile,GOPENH | 2836 | 90.9663786 | Stage-I,171,Home University Seats Allotted to Home University Candidates,34999f2f8fb1660efd2e9ab4f1ca753490f73cfa6b59f09037cea673f07be702
f6ffd36c4c00-PG_MCA_CAP2_Cutoff_All_Institutes_2025_26__1_.pdf,6144,"Genba Sopanrao Moze College of Engineering, Baner-Balewadi, Pune",0614424110,2025-26,2,Maharashtra,GSCH,GSCH,HU,53.942159,percentile,GSCH | 14418 | 53.942159 | Stage-I,171,Home University Seats Allotted to Home University Candidates,e2d95dedc347bf6d1f9dcb643e3ebdcfff73e0bc13597b4e23d6a66ec5a9476e
f6ffd36c4c00-PG_MCA_CAP2_Cutoff_All_Institutes_2025_26__1_.pdf,6144,"Genba Sopanrao Moze College of Engineering, Baner-Balewadi, Pune",0614424110,2025-26,2,Maharashtra,GSTH,GSTH,HU,87.2080299,percentile,GSTH | 4246 | 87.2080299 | Stage-I,171,Home University Seats Allotted to Home University Candidates,21000226390c1a085aa6fd718c8469efdbdc432167e79dde4acbfb5e9786c56a
f6ffd36c4c00-PG_MCA_CAP2_Cutoff_All_Institutes_2025_26__1_.pdf,6144,"Genba Sopanrao Moze College of Engineering, Baner-Balewadi, Pune",0614424110,2025-26,2,Maharashtra,GOBCH,GOBCH,HU,69.7143504,percentile,GOBCH | 9682 | 69.7143504 | Stage-I,171,Home University Seats Allotted to Home University Candidates,e36cc0aa13e4f22bd00a78327600e52f887863661ec90b83945c133e7af6c70b
f6ffd36c4c00-PG_MCA_CAP2_Cutoff_All_Institutes_2025_26__1_.pdf,6144,"Genba Sopanrao Moze College of Engineering, Baner-Balewadi, Pune",0614424110,2025-26,2,Maharashtra,GOPENO,GOPENO,HU,89.1966341,percentile,GOPENO | 3524 | 89.1966341 | Stage-I,171,Other Than Home University Seats Allotted to Other Than Home University Candidates,80b39c03414297a46f922a06c808aac2583908676c11f55ffc0f2a8c9fa10d6b
f6ffd36c4c00-PG_MCA_CAP2_Cutoff_All_Institutes_2025_26__1_.pdf,6144,"Genba Sopanrao Moze College of Engineering, Baner-Balewadi, Pune",0614424110,2025-26,2,Maharashtra,GSTO,GSTO,HU,44.5345198,percentile,GSTO | 16566 | 44.5345198 | Stage-I,171,Other Than Home University Seats Allotted to Other Than Home University Candidates,5056c7dd42b9eecb9372aa964e621c69e53611f392f7391a70e8070b760e8ca3
f6ffd36c4c00-PG_MCA_CAP2_Cutoff_All_Institutes_2025_26__1_.pdf,6144,"Genba Sopanrao Moze College of Engineering, Baner-Balewadi, Pune",0614424110,2025-26,2,Maharashtra,GNTBO,GNTBO,HU,87.2080299,percentile,GNTBO | 4248 | 87.2080299 | Stage-I,171,Other Than Home University Seats Allotted to Other Than Home University Candidates,7564ec055dee73a50099c90cf230a19c27a19cc239c2a080555fbbeaf8a20866
f6ffd36c4c00-PG_MCA_CAP2_Cutoff_All_Institutes_2025_26__1_.pdf,6144,"Genba Sopanrao Moze College of Engineering, Baner-Balewadi, Pune",0614424110,2025-26,2,Maharashtra,GOBCO,GOBCO,HU,80.5399495,percentile,GOBCO | 6331 | 80.5399495 | Stage-I,171,Other Than Home University Seats Allotted to Other Than Home University Candidates,ab1510d78176345c1da1a361551a25b4883a6af5db7c2f529332a9b63008034a
f6ffd36c4c00-PG_MCA_CAP2_Cutoff_All_Institutes_2025_26__1_.pdf,6145,"JSPM'S Jaywantrao Sawant College of Engineering,Pune",0614524110,2025-26,2,Maharashtra,GOPENH,GOPENH,HU,94.4270578,percentile,GOPENH | 1808 | 94.4270578 | Stage-I,172,Home University Seats Allotted to Home University Candidates,3b333baa937136ed570d9076135b6490427018b030c1619fec77452b2905f039
f6ffd36c4c00-PG_MCA_CAP2_Cutoff_All_Institutes_2025_26__1_.pdf,6145,"JSPM'S Jaywantrao Sawant College of Engineering,Pune",0614524110,2025-26,2,Maharashtra,GSTH,GSTH,HU,82.9644433,percentile,GSTH | 5535 | 82.9644433 | Stage-I,172,Home University Seats Allotted to Home University Candidates,9306de6e2f94587ec1044664dfc8251bff219c5e65f4916c2e6e0014d79653fb
f6ffd36c4c00-PG_MCA_CAP2_Cutoff_All_Institutes_2025_26__1_.pdf,6145,"JSPM'S Jaywantrao Sawant College of Engineering,Pune",0614524110,2025-26,2,Maharashtra,GNTBH,GNTBH,HU,90.9663786,percentile,GNTBH | 2791 | 90.9663786 | Stage-I,172,Home University Seats Allotted to Home University Candidates,5fb5088f3b2f471726406c6ee1944338d2e60d356efd4a5eda81fe1587ed95c0
f6ffd36c4c00-PG_MCA_CAP2_Cutoff_All_Institutes_2025_26__1_.pdf,6145,"JSPM'S Jaywantrao Sawant College of Engineering,Pune",0614524110,2025-26,2,Maharashtra,GOPENO,GOPENO,HU,94.6454851,percentile,GOPENO | 1540 | 94.6454851 | Stage-I,172,Other Than Home University Seats Allotted to Other Than Home University Candidates,3835448d7c37af79c97abc390c8b2ec7157b9fb93178431600ef77935182c1a8
f6ffd36c4c00-PG_MCA_CAP2_Cutoff_All_Institutes_2025_26__1_.pdf,6145,"JSPM'S Jaywantrao Sawant College of Engineering,Pune",0614524110,2025-26,2,Maharashtra,GSCO,GSCO,HU,90.7733494,percentile,GSCO | 3152 | 90.7733494 | Stage-I,172,Other Than Home University Seats Allotted to Other Than Home University Candidates,fdce44dbea8ad1021d3535bed497be36cfbb8deada2ccb3e0596e7e333b40d0c
f6ffd36c4c00-PG_MCA_CAP2_Cutoff_All_Institutes_2025_26__1_.pdf,6145,"JSPM'S Jaywantrao Sawant College of Engineering,Pune",0614524110,2025-26,2,Maharashtra,GNTCO,GNTCO,HU,89.1331398,percentile,GNTCO | 3691 | 89.1331398 | Stage-I,172,Other Than Home University Seats Allotted to Other Than Home University Candidates,048488b1c8f2f3bf608db2a6db990be7970a27bf6273975f4f6d50a440ae4b85
f6ffd36c4c00-PG_MCA_CAP2_Cutoff_All_Institutes_2025_26__1_.pdf,6145,"JSPM'S Jaywantrao Sawant College of Engineering,Pune",0614524110,2025-26,2,Maharashtra,GOBCO,GOBCO,HU,94.4270578,percentile,GOBCO | 1735 | 94.4270578 | Stage-I,172,Other Than Home University Seats Allotted to Other Than Home University Candidates,1ed0d0146bc234c5e72da478974a133102caa47a5d516e3125481536cb6539d9
f6ffd36c4c00-PG_MCA_CAP2_Cutoff_All_Institutes_2025_26__1_.pdf,6145,"JSPM'S Jaywantrao Sawant College of Engineering,Pune",0614524110,2025-26,2,Maharashtra,GSEBCO,GSEBCO,HU,94.4270578,percentile,GSEBCO | 1697 | 94.4270578 | Stage-I,172,Other Than Home University Seats Allotted to Other Than Home University Candidates,a2e37b350b726dcb3ba3460c57a538f783eae0c6d4a05316a5d40ceeffa8150f
f6ffd36c4c00-PG_MCA_CAP2_Cutoff_All_Institutes_2025_26__1_.pdf,6145,"JSPM'S Jaywantrao Sawant College of Engineering,Pune",0614524110,2025-26,2,Maharashtra,EWS,EWS,SL,87.3496474,percentile,EWS | 3864 | 87.3496474 | Stage-I,172,Other Than Home University Seats Allotted to Other Than Home University Candidates,62526afcd1d50103622dd91f0d1bfcf5d04b08b888157906ce540c2a58e215e5
f6ffd36c4c00-PG_MCA_CAP2_Cutoff_All_Institutes_2025_26__1_.pdf,6145,"JSPM'S Jaywantrao Sawant College of Engineering,Pune",0614524110,2025-26,2,Maharashtra,TFWS,TFWS,SL,95.5548847,percentile,TFWS | 1274 | 95.5548847 | Stage-I,172,Other Than Home University Seats Allotted to Other Than Home University Candidates,237f43580b1dc2e23c569fbf1c36a81bd65840703ccd9187e31c2dd4acb778ed
f6ffd36c4c00-PG_MCA_CAP2_Cutoff_All_Institutes_2025_26__1_.pdf,6152,"Zeal Education Society's Zeal Institute of Business Administration, Computer Application and Research, Pune",0615224110,2025-26,2,Maharashtra,GOPENH,GOPENH,HU,74.782248,percentile,GOPENH | 7940 | 74.782248 | Stage-I,173,Home University Seats Allotted to Home University Candidates,90a63a1f6bd340711367ae61c2c9e5b5c8926f933eebf08b8ef3830f0abd6026
f6ffd36c4c00-PG_MCA_CAP2_Cutoff_All_Institutes_2025_26__1_.pdf,6152,"Zeal Education Society's Zeal Institute of Business Administration, Computer Application and Research, Pune",0615224110,2025-26,2,Maharashtra,GSCH,GSCH,HU,34.5198145,percentile,GSCH | 19269 | 34.5198145 | Stage-I,173,Home University Seats Allotted to Home University Candidates,c6959974fb05e8ed17b05833f60868428d8a8928517f24f5b742177f22b7eb19
f6ffd36c4c00-PG_MCA_CAP2_Cutoff_All_Institutes_2025_26__1_.pdf,6152,"Zeal Education Society's Zeal Institute of Business Administration, Computer Application and Research, Pune",0615224110,2025-26,2,Maharashtra,GSTH,GSTH,HU,34.5198145,percentile,GSTH | 19171 | 34.5198145 | Stage-I,173,Home University Seats Allotted to Home University Candidates,f8f99eed3108619c11811248dba677fe2eb8a92ae0055199c4f58cc6b8526f28
f6ffd36c4c00-PG_MCA_CAP2_Cutoff_All_Institutes_2025_26__1_.pdf,6152,"Zeal Education Society's Zeal Institute of Business Administration, Computer Application and Research, Pune",0615224110,2025-26,2,Maharashtra,GNTAH,GNTAH,HU,36.496736,percentile,GNTAH | 18624 | 36.496736 | Stage-I,173,Home University Seats Allotted to Home University Candidates,208360db98f640041102703272e5e7f7eaec3d246450befb95dccbec467717d7
f6ffd36c4c00-PG_MCA_CAP2_Cutoff_All_Institutes_2025_26__1_.pdf,6152,"Zeal Education Society's Zeal Institute of Business Administration, Computer Application and Research, Pune",0615224110,2025-26,2,Maharashtra,GNTBH,GNTBH,HU,58.7911466,percentile,GNTBH | 12971 | 58.7911466 | Stage-I,173,Home University Seats Allotted to Home University Candidates,29e2f27e8995ef6e088abcf648be31ace744fe42129d94424190257e55c04552
f6ffd36c4c00-PG_MCA_CAP2_Cutoff_All_Institutes_2025_26__1_.pdf,6152,"Zeal Education Society's Zeal Institute of Business Administration, Computer Application and Research, Pune",0615224110,2025-26,2,Maharashtra,GNTCH,GNTCH,HU,16.9789978,percentile,GNTCH | 22711 | 16.9789978 | Stage-I,173,Home University Seats Allotted to Home University Candidates,24f54a3956ce014d49242aff7f59fa83c9f6139ee6fdcf658c8ffe407d6d9d8f
f6ffd36c4c00-PG_MCA_CAP2_Cutoff_All_Institutes_2025_26__1_.pdf,6152,"Zeal Education Society's Zeal Institute of Business Administration, Computer Application and Research, Pune",0615224110,2025-26,2,Maharashtra,GNTDH,GNTDH,HU,65.8578922,percentile,GNTDH | 11216 | 65.8578922 | Stage-I,173,Home University Seats Allotted to Home University Candidates,83f0eb0f9e697844ade47f4c8998b52332145ba6df96c1f71aa39e365c520dfb
f6ffd36c4c00-PG_MCA_CAP2_Cutoff_All_Institutes_2025_26__1_.pdf,6152,"Zeal Education Society's Zeal Institute of Business Administration, Computer Application and Research, Pune",0615224110,2025-26,2,Maharashtra,GOBCH,GOBCH,HU,53.942159,percentile,GOBCH | 14370 | 53.942159 | Stage-I,173,Home University Seats Allotted to Home University Candidates,7450be5bb5843856bc6ad31d981e15c964279e9e0875d783d4de446dea542af2
f6ffd36c4c00-PG_MCA_CAP2_Cutoff_All_Institutes_2025_26__1_.pdf,6152,"Zeal Education Society's Zeal Institute of Business Administration, Computer Application and Research, Pune",0615224110,2025-26,2,Maharashtra,GOPENO,GOPENO,HU,85.3851665,percentile,GOPENO | 4745 | 85.3851665 | Stage-I,173,Other Than Home University Seats Allotted to Other Than Home University Candidates,6a95cda00c034450700fc4a904e894b5c8724108f338ee2fdada9110761c5b4d
f6ffd36c4c00-PG_MCA_CAP2_Cutoff_All_Institutes_2025_26__1_.pdf,6152,"Zeal Education Society's Zeal Institute of Business Administration, Computer Application and Research, Pune",0615224110,2025-26,2,Maharashtra,GSCO,GSCO,HU,76.9216256,percentile,GSCO | 7700 | 76.9216256 | Stage-I,173,Other Than Home University Seats Allotted to Other Than Home University Candidates,4383261ec5e71e4c20c5ee79e2a7ebf1577f99966a42e18860d695226cf321d8
f6ffd36c4c00-PG_MCA_CAP2_Cutoff_All_Institutes_2025_26__1_.pdf,6152,"Zeal Education Society's Zeal Institute of Business Administration, Computer Application and Research, Pune",0615224110,2025-26,2,Maharashtra,GSTO,GSTO,HU,79.9969812,percentile,GSTO | 6905 | 79.9969812 | Stage-I,173,Other Than Home University Seats Allotted to Other Than Home University Candidates,2c26c7e49a7491babab1892c434e0aa8b955d77d422a8beae11538b809a50444
f6ffd36c4c00-PG_MCA_CAP2_Cutoff_All_Institutes_2025_26__1_.pdf,6152,"Zeal Education Society's Zeal Institute of Business Administration, Computer Application and Research, Pune",0615224110,2025-26,2,Maharashtra,GNTCO,GNTCO,HU,82.8308366,percentile,GNTCO | 5785 | 82.8308366 | Stage-I,173,Other Than Home University Seats Allotted to Other Than Home University Candidates,e4e0f1c24fa5dc548e6bda9ec80b1eb1f797c1915a6fc779554d3fdf6e8ed500
f6ffd36c4c00-PG_MCA_CAP2_Cutoff_All_Institutes_2025_26__1_.pdf,6152,"Zeal Education Society's Zeal Institute of Business Administration, Computer Application and Research, Pune",0615224110,2025-26,2,Maharashtra,GNTDO,GNTDO,HU,82.9644433,percentile,GNTDO | 5622 | 82.9644433 | Stage-I,173,Other Than Home University Seats Allotted to Other Than Home University Candidates,22915379dfc7024f790cd24165f0159c0a68cc84cf64c86f1fc3490734bf3b34
f6ffd36c4c00-PG_MCA_CAP2_Cutoff_All_Institutes_2025_26__1_.pdf,6152,"Zeal Education Society's Zeal Institute of Business Administration, Computer Application and Research, Pune",0615224110,2025-26,2,Maharashtra,GOBCO,GOBCO,HU,80.5399495,percentile,GOBCO | 6278 | 80.5399495 | Stage-I,173,Other Than Home University Seats Allotted to Other Than Home University Candidates,ce4e6bca5c82f8dabe37d67c067795e4014328e0ea9bd1f811cae29c229d97f1
f6ffd36c4c00-PG_MCA_CAP2_Cutoff_All_Institutes_2025_26__1_.pdf,6152,"Zeal Education Society's Zeal Institute of Business Administration, Computer Application and Research, Pune",0615224110,2025-26,2,Maharashtra,EWS,EWS,SL,21.0059952,percentile,EWS | 21973 | 21.0059952 | Stage-I,173,Other Than Home University Seats Allotted to Other Than Home University Candidates,0eeaa22b77861e4519e4a3dddec9ab17d1172120c63e92cd2840173ca3daebcd
f6ffd36c4c00-PG_MCA_CAP2_Cutoff_All_Institutes_2025_26__1_.pdf,6152,"Zeal Education Society's Zeal Institute of Business Administration, Computer Application and Research, Pune",0615224110,2025-26,2,Maharashtra,TFWS,TFWS,SL,93.5511867,percentile,TFWS | 1957 | 93.5511867 | Stage-I,173,Other Than Home University Seats Allotted to Other Than Home University Candidates,984ab7e66fa73cafd9d9dfa75a6b8b9cdad7b243cc350f12a197555420322d22
f6ffd36c4c00-PG_MCA_CAP2_Cutoff_All_Institutes_2025_26__1_.pdf,6154,"Institute of Industrial & Computer Management & Research, Nigdi, Pune",0615424110,2025-26,2,Maharashtra,GOPENH,GOPENH,HU,89.1966341,percentile,GOPENH | 3334 | 89.1966341 | Stage-I,174,Home University Seats Allotted to Home University Candidates,5bb5ea8d8c129c008de0708389432117655ba24cb9b045cdc1264333344a4b1e
f6ffd36c4c00-PG_MCA_CAP2_Cutoff_All_Institutes_2025_26__1_.pdf,6154,"Institute of Industrial & Computer Management & Research, Nigdi, Pune",0615424110,2025-26,2,Maharashtra,GOPENO,GOPENO,HU,94.4270578,percentile,GOPENO | 1780 | 94.4270578 | Stage-I,174,Other Than Home University Seats Allotted to Other Than Home University Candidates,709487a70e450f71e1ef08e0bd291cb59f10fc04dc611dec761fb6874b6e58ae
f6ffd36c4c00-PG_MCA_CAP2_Cutoff_All_Institutes_2025_26__1_.pdf,6154,"Institute of Industrial & Computer Management & Research, Nigdi, Pune",0615424110,2025-26,2,Maharashtra,TFWS,TFWS,SL,95.2942951,percentile,TFWS | 1424 | 95.2942951 | Stage-I,174,Other Than Home University Seats Allotted to Other Than Home University Candidates,8f405bfd2074413029d3f654d9de7703ac195a6faf09e855ff4c023c99dbafa7
f6ffd36c4c00-PG_MCA_CAP2_Cutoff_All_Institutes_2025_26__1_.pdf,6154,"Institute of Industrial & Computer Management & Research, Nigdi, Pune",0615424110,2025-26,2,Maharashtra,MI-MH,MI-MH,MI,89.1331398,percentile,MI-MH | 3622 | 89.1331398 | Stage-MI-MH,174,Minority Seats : Minority Seats Allotted to Non Minority Candidates,deb25d972dbf4ac10df86804f9f62e3dcb1007dd854b48a941e5146e563be804
f6ffd36c4c00-PG_MCA_CAP2_Cutoff_All_Institutes_2025_26__1_.pdf,6155,"G.H.Raisoni College of Engineering & Management, Wagholi, Pune",0615524110,2025-26,2,Maharashtra,GOPENH,GOPENH,HU,85.2118788,percentile,GOPENH | 5006 | 85.2118788 | Stage-I,175,Home University Seats Allotted to Home University Candidates,ddafeb17fe771be3f0c2d07b4e9fda8aff9d29edfd55d8dd519b5050b844f709
f6ffd36c4c00-PG_MCA_CAP2_Cutoff_All_Institutes_2025_26__1_.pdf,6155,"G.H.Raisoni College of Engineering & Management, Wagholi, Pune",0615524110,2025-26,2,Maharashtra,GOPENO,GOPENO,HU,89.1966341,percentile,GOPENO | 3434 | 89.1966341 | Stage-I,175,Other Than Home University Seats Allotted to Other Than Home University Candidates,88cc17b538ec5fdbda14358556ec4493d92ab2801347094a27070c60721cf3a9
f6ffd36c4c00-PG_MCA_CAP2_Cutoff_All_Institutes_2025_26__1_.pdf,6155,"G.H.Raisoni College of Engineering & Management, Wagholi, Pune",0615524110,2025-26,2,Maharashtra,MI-MH,MI-MH,MI,85.2118788,percentile,MI-MH | 5187 | 85.2118788 | Stage-MI-MH,175,Minority Seats : Minority Seats Allotted to Non Minority Candidates,cfb3b6145c3d87fc562c05e0bbb9463c8e54674fc366c9bae7396309480517f0
f6ffd36c4c00-PG_MCA_CAP2_Cutoff_All_Institutes_2025_26__1_.pdf,6158,"Rajmata Jijau Shikshan Prasarak Mandal's Institute of Computer and Management Research, Dudulgaon, Pune",0615824110,2025-26,2,Maharashtra,GOPENH,GOPENH,HU,73.5368477,percentile,GOPENH | 8790 | 73.5368477 | Stage-I,176,Home University Seats Allotted to Home University Candidates,2b05dace2dd18f028aefb8d67d51a5e918f9ac6b8043281287c5be0d82e8dd57
f6ffd36c4c00-PG_MCA_CAP2_Cutoff_All_Institutes_2025_26__1_.pdf,6158,"Rajmata Jijau Shikshan Prasarak Mandal's Institute of Computer and Management Research, Dudulgaon, Pune",0615824110,2025-26,2,Maharashtra,GSCH,GSCH,HU,9.7430286,percentile,GSCH | 24062 | 9.7430286 | Stage-I,176,Home University Seats Allotted to Home University Candidates,d2681b5e7a6452909690566a3a806ce597b845875898d91d0de7f3202f71b48a
f6ffd36c4c00-PG_MCA_CAP2_Cutoff_All_Institutes_2025_26__1_.pdf,6158,"Rajmata Jijau Shikshan Prasarak Mandal's Institute of Computer and Management Research, Dudulgaon, Pune",0615824110,2025-26,2,Maharashtra,GSTH,GSTH,HU,34.5198145,percentile,GSTH | 19329 | 34.5198145 | Stage-I,176,Home University Seats Allotted to Home University Candidates,d5cf75077a24584675ff47c6c19968b4037e10b5a64680b5de8adc83dce44412
f6ffd36c4c00-PG_MCA_CAP2_Cutoff_All_Institutes_2025_26__1_.pdf,6158,"Rajmata Jijau Shikshan Prasarak Mandal's Institute of Computer and Management Research, Dudulgaon, Pune",0615824110,2025-26,2,Maharashtra,GNTAH,GNTAH,HU,36.496736,percentile,GNTAH | 18354 | 36.496736 | Stage-I,176,Home University Seats Allotted to Home University Candidates,88a2cf7ca8d9a4b6fc0690e2410a7cf10dd2fc1783524b63d74bc1d926ae7ba4
f6ffd36c4c00-PG_MCA_CAP2_Cutoff_All_Institutes_2025_26__1_.pdf,6158,"Rajmata Jijau Shikshan Prasarak Mandal's Institute of Computer and Management Research, Dudulgaon, Pune",0615824110,2025-26,2,Maharashtra,GOBCH,GOBCH,HU,65.8578922,percentile,GOBCH | 10938 | 65.8578922 | Stage-I,176,Home University Seats Allotted to Home University Candidates,7607e08e94d01714d3d1992d4b7dbc943fa10b36b3f7e9775c4d808cc9e5f580
f6ffd36c4c00-PG_MCA_CAP2_Cutoff_All_Institutes_2025_26__1_.pdf,6158,"Rajmata Jijau Shikshan Prasarak Mandal's Institute of Computer and Management Research, Dudulgaon, Pune",0615824110,2025-26,2,Maharashtra,GSEBCH,GSEBCH,HU,41.4550394,percentile,GSEBCH | 17250 | 41.4550394 | Stage-I,176,Home University Seats Allotted to Home University Candidates,a4c7653892d62c70ad129ea30abf665b36a84abe327ab9d5ffbea1d59350cd20
f6ffd36c4c00-PG_MCA_CAP2_Cutoff_All_Institutes_2025_26__1_.pdf,6158,"Rajmata Jijau Shikshan Prasarak Mandal's Institute of Computer and Management Research, Dudulgaon, Pune",0615824110,2025-26,2,Maharashtra,GSCH,GSCH,HU,58.7911466,percentile,GSCH | 13112 | 58.7911466 | Stage-I,176,Home University Seats Allotted to Other Than Home University Candidates,4138f45da50dc9facb26daab81ffadb7d522c6b1c2b62fef7bdeeb3a3f553c31
f6ffd36c4c00-PG_MCA_CAP2_Cutoff_All_Institutes_2025_26__1_.pdf,6158,"Rajmata Jijau Shikshan Prasarak Mandal's Institute of Computer and Management Research, Dudulgaon, Pune",0615824110,2025-26,2,Maharashtra,GNTBH,GNTBH,HU,61.2807064,percentile,GNTBH | 12234 | 61.2807064 | Stage-I,176,Home University Seats Allotted to Other Than Home University Candidates,538bf1010eaa3eee429a26649e17a6b7f4d23cb8141ca034eb12cdf2510134c3
f6ffd36c4c00-PG_MCA_CAP2_Cutoff_All_Institutes_2025_26__1_.pdf,6158,"Rajmata Jijau Shikshan Prasarak Mandal's Institute of Computer and Management Research, Dudulgaon, Pune",0615824110,2025-26,2,Maharashtra,GOPENO,GOPENO,HU,76.9216256,percentile,GOPENO | 7679 | 76.9216256 | Stage-I,176,Other Than Home University Seats Allotted to Other Than Home University Candidates,372fce27d38b904f503edb74cd872d001b29a4162ad35932c60b6bdf38c23214
f6ffd36c4c00-PG_MCA_CAP2_Cutoff_All_Institutes_2025_26__1_.pdf,6158,"Rajmata Jijau Shikshan Prasarak Mandal's Institute of Computer and Management Research, Dudulgaon, Pune",0615824110,2025-26,2,Maharashtra,GSCO,GSCO,HU,63.1574978,percentile,GSCO | 11900 | 63.1574978 | Stage-I,176,Other Than Home University Seats Allotted to Other Than Home University Candidates,fa0786e1f266229414d5cbb302f6d57c90bab075d89fec4904d8675373703248
f6ffd36c4c00-PG_MCA_CAP2_Cutoff_All_Institutes_2025_26__1_.pdf,6158,"Rajmata Jijau Shikshan Prasarak Mandal's Institute of Computer and Management Research, Dudulgaon, Pune",0615824110,2025-26,2,Maharashtra,GSTO,GSTO,HU,65.8578922,percentile,GSTO | 11205 | 65.8578922 | Stage-I,176,Other Than Home University Seats Allotted to Other Than Home University Candidates,a79f612519df54eb8727f3229baef30f8cb74c840e255dfdf97ec8d48b9b28fa
f6ffd36c4c00-PG_MCA_CAP2_Cutoff_All_Institutes_2025_26__1_.pdf,6158,"Rajmata Jijau Shikshan Prasarak Mandal's Institute of Computer and Management Research, Dudulgaon, Pune",0615824110,2025-26,2,Maharashtra,GNTAO,GNTAO,HU,69.7143504,percentile,GNTAO | 9750 | 69.7143504 | Stage-I,176,Other Than Home University Seats Allotted to Other Than Home University Candidates,8a76f70892fa8f52cc19c4f586adc2d2f74a14831020e7e4eeb51e9d09a1e4a9
f6ffd36c4c00-PG_MCA_CAP2_Cutoff_All_Institutes_2025_26__1_.pdf,6158,"Rajmata Jijau Shikshan Prasarak Mandal's Institute of Computer and Management Research, Dudulgaon, Pune",0615824110,2025-26,2,Maharashtra,GNTDO,GNTDO,HU,69.7143504,percentile,GNTDO | 9776 | 69.7143504 | Stage-I,176,Other Than Home University Seats Allotted to Other Than Home University Candidates,917c8f77b710f0649cfcbf02563117f01893ac320ea0341fd9730c6541eda181
f6ffd36c4c00-PG_MCA_CAP2_Cutoff_All_Institutes_2025_26__1_.pdf,6164,"Psd Shastri Educational Foundation's Asma Institute Of Management, Pune",0616424110,2025-26,2,Maharashtra,GOPENH,GOPENH,HU,82.8308366,percentile,GOPENH | 5702 | 82.8308366 | Stage-I,178,Home University Seats Allotted to Home University Candidates,53cc8819f51c85029fe42dba0e1611776c8a8f5b2dfee114986170606ff64fde
f6ffd36c4c00-PG_MCA_CAP2_Cutoff_All_Institutes_2025_26__1_.pdf,6164,"Psd Shastri Educational Foundation's Asma Institute Of Management, Pune",0616424110,2025-26,2,Maharashtra,GOPENO,GOPENO,HU,85.3851665,percentile,GOPENO | 4453 | 85.3851665 | Stage-I,178,Other Than Home University Seats Allotted to Other Than Home University Candidates,a338cf685226e8f2d4283d1e225fecaec54c9a7b465e13c4e8b97ff5ee894980
f6ffd36c4c00-PG_MCA_CAP2_Cutoff_All_Institutes_2025_26__1_.pdf,6164,"Psd Shastri Educational Foundation's Asma Institute Of Management, Pune",0616424110,2025-26,2,Maharashtra,TFWS,TFWS,SL,93.5511867,percentile,TFWS | 1994 | 93.5511867 | Stage-I,178,Other Than Home University Seats Allotted to Other Than Home University Candidates,28a68d88ff1bace2b427fbd8ab0efa74054ab589426457b70f829d93d20f8e76
f6ffd36c4c00-PG_MCA_CAP2_Cutoff_All_Institutes_2025_26__1_.pdf,6164,"Psd Shastri Educational Foundation's Asma Institute Of Management, Pune",0616424110,2025-26,2,Maharashtra,MI-MH,MI-MH,MI,74.782248,percentile,MI-MH | 8195 | 74.782248 | Stage-MI-MH,178,Minority Seats : Minority Seats Allotted to Non Minority Candidates,37733fa7135506c9e35f293a8f0e58005ef9d39fe99a704576c0a393927883ba
f6ffd36c4c00-PG_MCA_CAP2_Cutoff_All_Institutes_2025_26__1_.pdf,6167,"Kamla Education Society's Pratibha Institute of Business Management, Chinchwad, Pune",0616724110,2025-26,2,Maharashtra,GOPENH,GOPENH,HU,90.7733494,percentile,GOPENH | 3205 | 90.7733494 | Stage-I,179,Home University Seats Allotted to Home University Candidates,a727c4b8aa9b4340a390f3d9ed0701e72a3ece11c97d4307cf44a920c6589c65
f6ffd36c4c00-PG_MCA_CAP2_Cutoff_All_Institutes_2025_26__1_.pdf,6167,"Kamla Education Society's Pratibha Institute of Business Management, Chinchwad, Pune",0616724110,2025-26,2,Maharashtra,GSCH,GSCH,HU,65.8578922,percentile,GSCH | 11257 | 65.8578922 | Stage-I,179,Home University Seats Allotted to Home University Candidates,3829a44941a52c9902cdd66a074870748c98d306f2e5bcfc9e1f08331ef46615
f6ffd36c4c00-PG_MCA_CAP2_Cutoff_All_Institutes_2025_26__1_.pdf,6167,"Kamla Education Society's Pratibha Institute of Business Management, Chinchwad, Pune",0616724110,2025-26,2,Maharashtra,GSTH,GSTH,HU,61.2807064,percentile,GSTH | 12569 | 61.2807064 | Stage-I,179,Home University Seats Allotted to Home University Candidates,b171e75453fd43211b6aa5916d8623dd8276b740bb5f52d37d6ab7b8ea7e600d
f6ffd36c4c00-PG_MCA_CAP2_Cutoff_All_Institutes_2025_26__1_.pdf,6167,"Kamla Education Society's Pratibha Institute of Business Management, Chinchwad, Pune",0616724110,2025-26,2,Maharashtra,GNTBH,GNTBH,HU,67.3579428,percentile,GNTBH | 10280 | 67.3579428 | Stage-I,179,Home University Seats Allotted to Home University Candidates,2e9a54e81d3a302691124cd892193f2a6e115ffa1d151480dd49aa994f156bee
f6ffd36c4c00-PG_MCA_CAP2_Cutoff_All_Institutes_2025_26__1_.pdf,6167,"Kamla Education Society's Pratibha Institute of Business Management, Chinchwad, Pune",0616724110,2025-26,2,Maharashtra,GNTCH,GNTCH,HU,73.5368477,percentile,GNTCH | 8974 | 73.5368477 | Stage-I,179,Home University Seats Allotted to Home University Candidates,29abb933addf176f3fefd88eeb89ce6d03e2cf4cc00c8664b341a4a4d6afb5a5
f6ffd36c4c00-PG_MCA_CAP2_Cutoff_All_Institutes_2025_26__1_.pdf,6167,"Kamla Education Society's Pratibha Institute of Business Management, Chinchwad, Pune",0616724110,2025-26,2,Maharashtra,GNTDH,GNTDH,HU,61.2807064,percentile,GNTDH | 12128 | 61.2807064 | Stage-I,179,Home University Seats Allotted to Home University Candidates,39f1e7b0b9185e657ef11a8c7c22b5eec4be3a1a56ee39ac19bd0160a62decf7
f6ffd36c4c00-PG_MCA_CAP2_Cutoff_All_Institutes_2025_26__1_.pdf,6167,"Kamla Education Society's Pratibha Institute of Business Management, Chinchwad, Pune",0616724110,2025-26,2,Maharashtra,GOBCH,GOBCH,HU,82.8308366,percentile,GOBCH | 5767 | 82.8308366 | Stage-I,179,Home University Seats Allotted to Home University Candidates,33ed487f7adab7b4a268da47bba9d42f15acdd65eb975f2e1557850f63391bc2
f6ffd36c4c00-PG_MCA_CAP2_Cutoff_All_Institutes_2025_26__1_.pdf,6167,"Kamla Education Society's Pratibha Institute of Business Management, Chinchwad, Pune",0616724110,2025-26,2,Maharashtra,GNTAH,GNTAH,HU,74.782248,percentile,GNTAH | 8289 | 74.782248 | Stage-I,179,Home University Seats Allotted to Other Than Home University Candidates,6a5dee34c7a1a41cc9deee3e57ae9ac660219dac8c5e0267a3525f4f510edfb2
f6ffd36c4c00-PG_MCA_CAP2_Cutoff_All_Institutes_2025_26__1_.pdf,6167,"Kamla Education Society's Pratibha Institute of Business Management, Chinchwad, Pune",0616724110,2025-26,2,Maharashtra,GOPENO,GOPENO,HU,89.1331398,percentile,GOPENO | 3598 | 89.1331398 | Stage-I,179,Other Than Home University Seats Allotted to Other Than Home University Candidates,5b560c6c9ec16509d11d19354cf7cd7a40af9810e87f89c54e7255a83b593262
f6ffd36c4c00-PG_MCA_CAP2_Cutoff_All_Institutes_2025_26__1_.pdf,6167,"Kamla Education Society's Pratibha Institute of Business Management, Chinchwad, Pune",0616724110,2025-26,2,Maharashtra,GSCO,GSCO,HU,80.5399495,percentile,GSCO | 6315 | 80.5399495 | Stage-I,179,Other Than Home University Seats Allotted to Other Than Home University Candidates,b1afc3824d14467248a639cf924f94c41e9f9cf2e373c2cfc4e00cef3e956587
f6ffd36c4c00-PG_MCA_CAP2_Cutoff_All_Institutes_2025_26__1_.pdf,6167,"Kamla Education Society's Pratibha Institute of Business Management, Chinchwad, Pune",0616724110,2025-26,2,Maharashtra,GSTO,GSTO,HU,77.8251197,percentile,GSTO | 7410 | 77.8251197 | Stage-I,179,Other Than Home University Seats Allotted to Other Than Home University Candidates,d58c2a9a650a6f8bf87775a4d539284ab0527accf6e096fad9d77f6762fd03d9
f6ffd36c4c00-PG_MCA_CAP2_Cutoff_All_Institutes_2025_26__1_.pdf,6167,"Kamla Education Society's Pratibha Institute of Business Management, Chinchwad, Pune",0616724110,2025-26,2,Maharashtra,GNTAO,GNTAO,HU,76.9216256,percentile,GNTAO | 7753 | 76.9216256 | Stage-I,179,Other Than Home University Seats Allotted to Other Than Home University Candidates,90fc1aac71047a53146ca49a76ab5c58d76efe6aa7f5fd8d669d843736069284
f6ffd36c4c00-PG_MCA_CAP2_Cutoff_All_Institutes_2025_26__1_.pdf,6167,"Kamla Education Society's Pratibha Institute of Business Management, Chinchwad, Pune",0616724110,2025-26,2,Maharashtra,GNTCO,GNTCO,HU,85.3851665,percentile,GNTCO | 4535 | 85.3851665 | Stage-I,179,Other Than Home University Seats Allotted to Other Than Home University Candidates,f74321b076f054171064dc92e60a335f2400b2cb7628a8728e4457d79dfd52d0
f6ffd36c4c00-PG_MCA_CAP2_Cutoff_All_Institutes_2025_26__1_.pdf,6167,"Kamla Education Society's Pratibha Institute of Business Management, Chinchwad, Pune",0616724110,2025-26,2,Maharashtra,GOBCO,GOBCO,HU,85.3851665,percentile,GOBCO | 4564 | 85.3851665 | Stage-I,179,Other Than Home University Seats Allotted to Other Than Home University Candidates,58854a4864a352297cab25b266cd04145b008e2e6396e1dc01143f57a90f4e02
f6ffd36c4c00-PG_MCA_CAP2_Cutoff_All_Institutes_2025_26__1_.pdf,6167,"Kamla Education Society's Pratibha Institute of Business Management, Chinchwad, Pune",0616724110,2025-26,2,Maharashtra,EWS,EWS,SL,29.9046039,percentile,EWS | 20176 | 29.9046039 | Stage-I,179,Other Than Home University Seats Allotted to Other Than Home University Candidates,c20dc04253ba251340f57c27eb41868fca16c410951a8f3e590220a9b05dfb9f
f6ffd36c4c00-PG_MCA_CAP2_Cutoff_All_Institutes_2025_26__1_.pdf,6167,"Kamla Education Society's Pratibha Institute of Business Management, Chinchwad, Pune",0616724110,2025-26,2,Maharashtra,TFWS,TFWS,SL,94.6454851,percentile,TFWS | 1596 | 94.6454851 | Stage-I,179,Other Than Home University Seats Allotted to Other Than Home University Candidates,3507562bdf4f787ad00b8713e88d9aa1f5600525cc653bf364e75af8eedcd1c5
f6ffd36c4c00-PG_MCA_CAP2_Cutoff_All_Institutes_2025_26__1_.pdf,6168,"Shikshan Maharshi Dr. D.Y. Patil Centre for Management & Research, Chikhali , Pune",0616824110,2025-26,2,Maharashtra,GOPENH,GOPENH,HU,82.9644433,percentile,GOPENH | 5607 | 82.9644433 | Stage-I,180,Home University Seats Allotted to Home University Candidates,f19e6a6e512dd4dd6601f05a2ca586cefcaf87a7a1513c7a27f8c85af18aa935
f6ffd36c4c00-PG_MCA_CAP2_Cutoff_All_Institutes_2025_26__1_.pdf,6168,"Shikshan Maharshi Dr. D.Y. Patil Centre for Management & Research, Chikhali , Pune",0616824110,2025-26,2,Maharashtra,GSCH,GSCH,HU,56.5488095,percentile,GSCH | 13651 | 56.5488095 | Stage-I,180,Home University Seats Allotted to Home University Candidates,2acf1757d5115ce82c9cd84e69abca22120679245f7f6f837381be2cc37cf9b0
f6ffd36c4c00-PG_MCA_CAP2_Cutoff_All_Institutes_2025_26__1_.pdf,6168,"Shikshan Maharshi Dr. D.Y. Patil Centre for Management & Research, Chikhali , Pune",0616824110,2025-26,2,Maharashtra,GSTH,GSTH,HU,53.942159,percentile,GSTH | 14343 | 53.942159 | Stage-I,180,Home University Seats Allotted to Home University Candidates,ce8cf3f2bdd22f4dd4fa0eecec0822bc1c908d1b86b103daf1f3610dcf26a8e6
f6ffd36c4c00-PG_MCA_CAP2_Cutoff_All_Institutes_2025_26__1_.pdf,6168,"Shikshan Maharshi Dr. D.Y. Patil Centre for Management & Research, Chikhali , Pune",0616824110,2025-26,2,Maharashtra,GNTBH,GNTBH,HU,56.5488095,percentile,GNTBH | 13419 | 56.5488095 | Stage-I,180,Home University Seats Allotted to Home University Candidates,744590deafbb9c4f27393fac9b749179ec2018e38f5dbef3519f4cee3dd6aa82
f6ffd36c4c00-PG_MCA_CAP2_Cutoff_All_Institutes_2025_26__1_.pdf,6168,"Shikshan Maharshi Dr. D.Y. Patil Centre for Management & Research, Chikhali , Pune",0616824110,2025-26,2,Maharashtra,GNTCH,GNTCH,HU,71.1549338,percentile,GNTCH | 9153 | 71.1549338 | Stage-I,180,Home University Seats Allotted to Home University Candidates,9452d00edf34c74d4d8c184b87dddaac27f62ada08e3dd539333ab9ca8ed9211
f6ffd36c4c00-PG_MCA_CAP2_Cutoff_All_Institutes_2025_26__1_.pdf,6168,"Shikshan Maharshi Dr. D.Y. Patil Centre for Management & Research, Chikhali , Pune",0616824110,2025-26,2,Maharashtra,GOPENO,GOPENO,HU,82.9644433,percentile,GOPENO | 5247 | 82.9644433 | Stage-I,180,Other Than Home University Seats Allotted to Other Than Home University Candidates,ae7d6d3caf4c40b559ec9a1dbbd57e5fb35d92e2386736bc93a695c34534e66f
f6ffd36c4c00-PG_MCA_CAP2_Cutoff_All_Institutes_2025_26__1_.pdf,6168,"Shikshan Maharshi Dr. D.Y. Patil Centre for Management & Research, Chikhali , Pune",0616824110,2025-26,2,Maharashtra,GSTO,GSTO,HU,74.782248,percentile,GSTO | 8029 | 74.782248 | Stage-I,180,Other Than Home University Seats Allotted to Other Than Home University Candidates,b4543a1e7f953f4ce30b38d868aa36cf78ae899f97976b6630b44a88b663dbc5
f6ffd36c4c00-PG_MCA_CAP2_Cutoff_All_Institutes_2025_26__1_.pdf,6168,"Shikshan Maharshi Dr. D.Y. Patil Centre for Management & Research, Chikhali , Pune",0616824110,2025-26,2,Maharashtra,GNTBO,GNTBO,HU,82.8308366,percentile,GNTBO | 5986 | 82.8308366 | Stage-I,180,Other Than Home University Seats Allotted to Other Than Home University Candidates,2f33f11e48402a19bc67c5429d3164ce31a96c60f56e47ef19807f7f9fb91772
f6ffd36c4c00-PG_MCA_CAP2_Cutoff_All_Institutes_2025_26__1_.pdf,6168,"Shikshan Maharshi Dr. D.Y. Patil Centre for Management & Research, Chikhali , Pune",0616824110,2025-26,2,Maharashtra,GNTDO,GNTDO,HU,77.8251197,percentile,GNTDO | 7172 | 77.8251197 | Stage-I,180,Other Than Home University Seats Allotted to Other Than Home University Candidates,220441d66818f59b3fe3dcb6950ad70a96bf9e412afd1ff5e0b7365805f2fabc
f6ffd36c4c00-PG_MCA_CAP2_Cutoff_All_Institutes_2025_26__1_.pdf,6168,"Shikshan Maharshi Dr. D.Y. Patil Centre for Management & Research, Chikhali , Pune",0616824110,2025-26,2,Maharashtra,GOBCO,GOBCO,HU,76.9216256,percentile,GOBCO | 7784 | 76.9216256 | Stage-I,180,Other Than Home University Seats Allotted to Other Than Home University Candidates,7a43f3f85ca11b69677c12c40fb473321e055309ea0cd8fcf469dc597dd92f4a
f6ffd36c4c00-PG_MCA_CAP2_Cutoff_All_Institutes_2025_26__1_.pdf,6168,"Shikshan Maharshi Dr. D.Y. Patil Centre for Management & Research, Chikhali , Pune",0616824110,2025-26,2,Maharashtra,EWS,EWS,SL,51.4093808,percentile,EWS | 14955 | 51.4093808 | Stage-I,180,Other Than Home University Seats Allotted to Other Than Home University Candidates,8cc9370efcb430cf1af53d0130a7d9810ac234f30c5d06787987f614e9fe46d5
f6ffd36c4c00-PG_MCA_CAP2_Cutoff_All_Institutes_2025_26__1_.pdf,6168,"Shikshan Maharshi Dr. D.Y. Patil Centre for Management & Research, Chikhali , Pune",0616824110,2025-26,2,Maharashtra,TFWS,TFWS,SL,87.3496474,percentile,TFWS | 4093 | 87.3496474 | Stage-I,180,Other Than Home University Seats Allotted to Other Than Home University Candidates,fb8d1ccf14474a2af2e487b26640361746662a5f739c16d4e3b83b83b011daf4
f6ffd36c4c00-PG_MCA_CAP2_Cutoff_All_Institutes_2025_26__1_.pdf,6170,"Abhinav Education Society's Institute of Management and Research, Haveli, Pune",0617024110,2025-26,2,Maharashtra,GOPENH,GOPENH,HU,74.782248,percentile,GOPENH | 8347 | 74.782248 | Stage-I,181,Home University Seats Allotted to Home University Candidates,89926b2940e58352c124fa39cd91bdcfbc3fa7b795f4c594898893cf22223624
f6ffd36c4c00-PG_MCA_CAP2_Cutoff_All_Institutes_2025_26__1_.pdf,6170,"Abhinav Education Society's Institute of Management and Research, Haveli, Pune",0617024110,2025-26,2,Maharashtra,GSCH,GSCH,HU,46.3793819,percentile,GSCH | 16028 | 46.3793819 | Stage-I,181,Home University Seats Allotted to Home University Candidates,d65bb7b089d94793c56672057a634fe93794552516e473ee6093ebabb81d17be
f6ffd36c4c00-PG_MCA_CAP2_Cutoff_All_Institutes_2025_26__1_.pdf,6170,"Abhinav Education Society's Institute of Management and Research, Haveli, Pune",0617024110,2025-26,2,Maharashtra,GSTH,GSTH,HU,65.8578922,percentile,GSTH | 11337 | 65.8578922 | Stage-I,181,Home University Seats Allotted to Home University Candidates,1007c6425bad144a85fefa39f33234050d56d6ac597aa04331bcc55cc5a5fce4
f6ffd36c4c00-PG_MCA_CAP2_Cutoff_All_Institutes_2025_26__1_.pdf,6170,"Abhinav Education Society's Institute of Management and Research, Haveli, Pune",0617024110,2025-26,2,Maharashtra,GNTCH,GNTCH,HU,63.1574978,percentile,GNTCH | 11777 | 63.1574978 | Stage-I,181,Home University Seats Allotted to Home University Candidates,df6f10ffe8ce46dc296b7ca595b83bf962743223ac2dc62ed7b5439a4e867d06
f6ffd36c4c00-PG_MCA_CAP2_Cutoff_All_Institutes_2025_26__1_.pdf,6170,"Abhinav Education Society's Institute of Management and Research, Haveli, Pune",0617024110,2025-26,2,Maharashtra,GNTDH,GNTDH,HU,61.2807064,percentile,GNTDH | 12199 | 61.2807064 | Stage-I,181,Home University Seats Allotted to Home University Candidates,c416b4e6bbe6186dd7f55b1bf4d9af27705f42838ac49166d83b35efc9012bcb
f6ffd36c4c00-PG_MCA_CAP2_Cutoff_All_Institutes_2025_26__1_.pdf,6170,"Abhinav Education Society's Institute of Management and Research, Haveli, Pune",0617024110,2025-26,2,Maharashtra,GOPENO,GOPENO,HU,77.8251197,percentile,GOPENO | 7215 | 77.8251197 | Stage-I,181,Other Than Home University Seats Allotted to Other Than Home University Candidates,3be2bd813303bf50dbfc037c9d2a88a2b8aa8001e1da82b90394448c3b8d9087
f6ffd36c4c00-PG_MCA_CAP2_Cutoff_All_Institutes_2025_26__1_.pdf,6170,"Abhinav Education Society's Institute of Management and Research, Haveli, Pune",0617024110,2025-26,2,Maharashtra,GSCO,GSCO,HU,65.8578922,percentile,GSCO | 10897 | 65.8578922 | Stage-I,181,Other Than Home University Seats Allotted to Other Than Home University Candidates,41fd5afeafd671db05fa8cc30a9f580ba09fbbb635cb3d1ad3f922e35c28bb1d
f6ffd36c4c00-PG_MCA_CAP2_Cutoff_All_Institutes_2025_26__1_.pdf,6170,"Abhinav Education Society's Institute of Management and Research, Haveli, Pune",0617024110,2025-26,2,Maharashtra,GSTO,GSTO,HU,73.5368477,percentile,GSTO | 8550 | 73.5368477 | Stage-I,181,Other Than Home University Seats Allotted to Other Than Home University Candidates,0d10eb261eaf0ca8edbe81023203e1cd03271a795b1165163f1d54c008b15e5b
f6ffd36c4c00-PG_MCA_CAP2_Cutoff_All_Institutes_2025_26__1_.pdf,6170,"Abhinav Education Society's Institute of Management and Research, Haveli, Pune",0617024110,2025-26,2,Maharashtra,GOBCO,GOBCO,HU,76.9216256,percentile,GOBCO | 7710 | 76.9216256 | Stage-I,181,Other Than Home University Seats Allotted to Other Than Home University Candidates,a97720dee66007791aa6fca2a7de37ea7223e6ad9ec13b34659a263a1f89c7c3
f6ffd36c4c00-PG_MCA_CAP2_Cutoff_All_Institutes_2025_26__1_.pdf,6170,"Abhinav Education Society's Institute of Management and Research, Haveli, Pune",0617024110,2025-26,2,Maharashtra,EWS,EWS,SL,25.4779232,percentile,EWS | 20847 | 25.4779232 | Stage-I,181,Other Than Home University Seats Allotted to Other Than Home University Candidates,6c704e67963036bbf5d65e6329741c9175c3046923549ea9d4b2d89faf4aedfc
f6ffd36c4c00-PG_MCA_CAP2_Cutoff_All_Institutes_2025_26__1_.pdf,6170,"Abhinav Education Society's Institute of Management and Research, Haveli, Pune",0617024110,2025-26,2,Maharashtra,TFWS,TFWS,SL,90.7733494,percentile,TFWS | 3018 | 90.7733494 | Stage-I,181,Other Than Home University Seats Allotted to Other Than Home University Candidates,cdc63c96d955668a4966041ffc335b0a36abe94e5911db1b14fe5822bbdd4be5
f6ffd36c4c00-PG_MCA_CAP2_Cutoff_All_Institutes_2025_26__1_.pdf,6175,"Pimpri Chinchwad Education Trust, Pimpri Chinchwad College of Engineering, Pune",0617524110,2025-26,2,Maharashtra,GSTH,GSTH,HU,94.6454851,percentile,GSTH | 1603 | 94.6454851 | Stage-I,182,Home University Seats Allotted to Home University Candidates,31aa90a786a124a2ab111582fd448898fa0f7df89a2ba76c3037f2854c7b7386
f6ffd36c4c00-PG_MCA_CAP2_Cutoff_All_Institutes_2025_26__1_.pdf,6175,"Pimpri Chinchwad Education Trust, Pimpri Chinchwad College of Engineering, Pune",0617524110,2025-26,2,Maharashtra,GOBCH,GOBCH,HU,98.5181554,percentile,GOBCH | 386 | 98.5181554 | Stage-I,182,Home University Seats Allotted to Home University Candidates,b149aca71a9b31ef3e270cd7b4c02681fd98272743ba8db5e5c2b360599d345d
f6ffd36c4c00-PG_MCA_CAP2_Cutoff_All_Institutes_2025_26__1_.pdf,6175,"Pimpri Chinchwad Education Trust, Pimpri Chinchwad College of Engineering, Pune",0617524110,2025-26,2,Maharashtra,PWDOPENH,PWDOPENH,HU,46.3793819,percentile,PWDOPENH | 16380 | 46.3793819 | Stage-I,182,Home University Seats Allotted to Home University Candidates,5bf962534907da257b6465a3dc7eac406dce801a6975e28052cf6f8eecef72dc
f6ffd36c4c00-PG_MCA_CAP2_Cutoff_All_Institutes_2025_26__1_.pdf,6175,"Pimpri Chinchwad Education Trust, Pimpri Chinchwad College of Engineering, Pune",0617524110,2025-26,2,Maharashtra,TFWS,TFWS,SL,99.5814637,percentile,TFWS | 93 | 99.5814637 | Stage-I,182,Home University Seats Allotted to Home University Candidates,c15bc718600116e482aa73aec090dd4ed859fb5ef35b1bcb2d2ab215882ae38c
f6ffd36c4c00-PG_MCA_CAP2_Cutoff_All_Institutes_2025_26__1_.pdf,6179,"Indira College of Engineering & Management, Pune",0617924110,2025-26,2,Maharashtra,GOPENH,GOPENH,HU,97.6265047,percentile,GOPENH | 623 | 97.6265047 | Stage-I,183,Home University Seats Allotted to Home University Candidates,c8e0f6e11200be98aee4223044b5daa0f835b6576f37148e185f1c5dbd65a607
f6ffd36c4c00-PG_MCA_CAP2_Cutoff_All_Institutes_2025_26__1_.pdf,6179,"Indira College of Engineering & Management, Pune",0617924110,2025-26,2,Maharashtra,GSCH,GSCH,HU,93.5511867,percentile,GSCH | 1883 | 93.5511867 | Stage-I,183,Home University Seats Allotted to Home University Candidates,cd4414978619160ac58ba68bc08cba759d70dc717e9e6a3ece2dddc24b43eb10
f6ffd36c4c00-PG_MCA_CAP2_Cutoff_All_Institutes_2025_26__1_.pdf,6179,"Indira College of Engineering & Management, Pune",0617924110,2025-26,2,Maharashtra,GOBCH,GOBCH,HU,96.828928,percentile,GOBCH | 924 | 96.828928 | Stage-I,183,Home University Seats Allotted to Home University Candidates,be93309ad9446151e737b93d7d309d217fc937f08f8277185fc4ad4a084842a7
f6ffd36c4c00-PG_MCA_CAP2_Cutoff_All_Institutes_2025_26__1_.pdf,6179,"Indira College of Engineering & Management, Pune",0617924110,2025-26,2,Maharashtra,PWDOPENH,PWDOPENH,HU,90.7733494,percentile,PWDOPENH | 3149 | 90.7733494 | Stage-I,183,Home University Seats Allotted to Other Than Home University Candidates,cde94019b7bf6460852395cbf2463a3f3bd275ff6561cfa7b1ac7e2d43a55ccb
f6ffd36c4c00-PG_MCA_CAP2_Cutoff_All_Institutes_2025_26__1_.pdf,6179,"Indira College of Engineering & Management, Pune",0617924110,2025-26,2,Maharashtra,PWDROBCH,PWDROBCH,HU,41.4550394,percentile,PWDROBCH | 17117 | 41.4550394 | Stage-I,183,Home University Seats Allotted to Other Than Home University Candidates,a85b1e8b4f6968f3a19072b0acd4e526eb53952926bce7099b504c6bdbc28496
f6ffd36c4c00-PG_MCA_CAP2_Cutoff_All_Institutes_2025_26__1_.pdf,6179,"Indira College of Engineering & Management, Pune",0617924110,2025-26,2,Maharashtra,GOPENO,GOPENO,HU,98.5181554,percentile,GOPENO | 383 | 98.5181554 | Stage-I,183,Other Than Home University Seats Allotted to Other Than Home University Candidates,18889c359660717ae1247459dc8547941fbd7c070b85540101a0c6dacff58ae1
f6ffd36c4c00-PG_MCA_CAP2_Cutoff_All_Institutes_2025_26__1_.pdf,6179,"Indira College of Engineering & Management, Pune",0617924110,2025-26,2,Maharashtra,GSCO,GSCO,HU,95.2942951,percentile,GSCO | 1407 | 95.2942951 | Stage-I,183,Other Than Home University Seats Allotted to Other Than Home University Candidates,12372ff13838ee6093c8057e32458c2c7749a4b9a7812f6d3496c4494cf8dab6
f6ffd36c4c00-PG_MCA_CAP2_Cutoff_All_Institutes_2025_26__1_.pdf,6179,"Indira College of Engineering & Management, Pune",0617924110,2025-26,2,Maharashtra,GOBCO,GOBCO,HU,97.8055126,percentile,GOBCO | 557 | 97.8055126 | Stage-I,183,Other Than Home University Seats Allotted to Other Than Home University Candidates,273aa5377363cb43becafe999a57347c31cc680e5c7f7d13f3a2695e597b7e08
f6ffd36c4c00-PG_MCA_CAP2_Cutoff_All_Institutes_2025_26__1_.pdf,6179,"Indira College of Engineering & Management, Pune",0617924110,2025-26,2,Maharashtra,EWS,EWS,SL,96.1125146,percentile,EWS | 1130 | 96.1125146 | Stage-I,183,Other Than Home University Seats Allotted to Other Than Home University Candidates,f164d88649eb637454629795cfd354ac3b70ecca5ef465fa3312abe1f8c2cc41
f6ffd36c4c00-PG_MCA_CAP2_Cutoff_All_Institutes_2025_26__1_.pdf,6179,"Indira College of Engineering & Management, Pune",0617924110,2025-26,2,Maharashtra,TFWS,TFWS,SL,98.7632442,percentile,TFWS | 295 | 98.7632442 | Stage-I,183,Other Than Home University Seats Allotted to Other Than Home University Candidates,a457b6780f465a66dfef43f25e30f502f139b18f40b1875f5ec952e3c2a45e04
f6ffd36c4c00-PG_MCA_CAP2_Cutoff_All_Institutes_2025_26__1_.pdf,6201,"Dr. D. Y. Patil School Of MCA, Lohegaon,Pune",0620124110,2025-26,2,Maharashtra,GOPENH,GOPENH,HU,89.1331398,percentile,GOPENH | 3688 | 89.1331398 | Stage-I,184,Home University Seats Allotted to Home University Candidates,edf149cb0838ea030a64658b9caa7125103055a478c3e65ae092c36751bee6f2
f6ffd36c4c00-PG_MCA_CAP2_Cutoff_All_Institutes_2025_26__1_.pdf,6201,"Dr. D. Y. Patil School Of MCA, Lohegaon,Pune",0620124110,2025-26,2,Maharashtra,GSCH,GSCH,HU,76.9216256,percentile,GSCH | 7840 | 76.9216256 | Stage-I,184,Home University Seats Allotted to Home University Candidates,97a7c3587a69d80df8f28913bb90402f94d727ad7697729e87404a2c4ea59165
f6ffd36c4c00-PG_MCA_CAP2_Cutoff_All_Institutes_2025_26__1_.pdf,6201,"Dr. D. Y. Patil School Of MCA, Lohegaon,Pune",0620124110,2025-26,2,Maharashtra,GSTH,GSTH,HU,19.1539942,percentile,GSTH | 22429 | 19.1539942 | Stage-I,184,Home University Seats Allotted to Home University Candidates,681223e2e3aa6e77f123383ee0a60744c581b2a6feb98b4bd991b0b1c5364d38
f6ffd36c4c00-PG_MCA_CAP2_Cutoff_All_Institutes_2025_26__1_.pdf,6201,"Dr. D. Y. Patil School Of MCA, Lohegaon,Pune",0620124110,2025-26,2,Maharashtra,GNTBH,GNTBH,HU,77.8251197,percentile,GNTBH | 7362 | 77.8251197 | Stage-I,184,Home University Seats Allotted to Home University Candidates,a4cb09af0314137bbaea8a2c506640038a6f0e8fe07a0c44b377ade5297b836d
f6ffd36c4c00-PG_MCA_CAP2_Cutoff_All_Institutes_2025_26__1_.pdf,6201,"Dr. D. Y. Patil School Of MCA, Lohegaon,Pune",0620124110,2025-26,2,Maharashtra,GNTCH,GNTCH,HU,87.3496474,percentile,GNTCH | 4136 | 87.3496474 | Stage-I,184,Home University Seats Allotted to Home University Candidates,be5e677e6ab0d0e3749e651ba4cf6c4c9ea35233302c4a270c8a7629658c0fef
f6ffd36c4c00-PG_MCA_CAP2_Cutoff_All_Institutes_2025_26__1_.pdf,6201,"Dr. D. Y. Patil School Of MCA, Lohegaon,Pune",0620124110,2025-26,2,Maharashtra,GOBCH,GOBCH,HU,82.9644433,percentile,GOBCH | 5414 | 82.9644433 | Stage-I,184,Home University Seats Allotted to Home University Candidates,682b607d6e8bfa3c507518b56ace08fd8dfbb7ee706dd01cd1ec6d36b69badab
f6ffd36c4c00-PG_MCA_CAP2_Cutoff_All_Institutes_2025_26__1_.pdf,6201,"Dr. D. Y. Patil School Of MCA, Lohegaon,Pune",0620124110,2025-26,2,Maharashtra,GSEBCH,GSEBCH,HU,76.9216256,percentile,GSEBCH | 7456 | 76.9216256 | Stage-I,184,Home University Seats Allotted to Home University Candidates,443c12575ed1603c5d445e5c11bbf80f344a31a3adc2e70744a3df2ec00da122
f6ffd36c4c00-PG_MCA_CAP2_Cutoff_All_Institutes_2025_26__1_.pdf,6201,"Dr. D. Y. Patil School Of MCA, Lohegaon,Pune",0620124110,2025-26,2,Maharashtra,GOPENO,GOPENO,HU,90.9663786,percentile,GOPENO | 2677 | 90.9663786 | Stage-I,184,Other Than Home University Seats Allotted to Other Than Home University Candidates,7dc58028f30ac73a895b66de6f60a0de14ad9a75dc27d3d1552a815b5a738947
f6ffd36c4c00-PG_MCA_CAP2_Cutoff_All_Institutes_2025_26__1_.pdf,6201,"Dr. D. Y. Patil School Of MCA, Lohegaon,Pune",0620124110,2025-26,2,Maharashtra,GSCO,GSCO,HU,89.1331398,percentile,GSCO | 3596 | 89.1331398 | Stage-I,184,Other Than Home University Seats Allotted to Other Than Home University Candidates,fbb2d37c2a11a8da825e6576ff456527b759fd2fd9a0b5fda13db327f5159d99
f6ffd36c4c00-PG_MCA_CAP2_Cutoff_All_Institutes_2025_26__1_.pdf,6201,"Dr. D. Y. Patil School Of MCA, Lohegaon,Pune",0620124110,2025-26,2,Maharashtra,GSTO,GSTO,HU,67.3579428,percentile,GSTO | 10530 | 67.3579428 | Stage-I,184,Other Than Home University Seats Allotted to Other Than Home University Candidates,6f9c34c1c4b0bc2da9a06db2da875d0a54c1105cac622f9239890991375e6d19
f6ffd36c4c00-PG_MCA_CAP2_Cutoff_All_Institutes_2025_26__1_.pdf,6201,"Dr. D. Y. Patil School Of MCA, Lohegaon,Pune",0620124110,2025-26,2,Maharashtra,GNTBO,GNTBO,HU,89.1331398,percentile,GNTBO | 3780 | 89.1331398 | Stage-I,184,Other Than Home University Seats Allotted to Other Than Home University Candidates,cbe6d367603a8e5803e7f52cbb3ad475e52e11a16cf42e8daf1e0ce80c5bae65
f6ffd36c4c00-PG_MCA_CAP2_Cutoff_All_Institutes_2025_26__1_.pdf,6201,"Dr. D. Y. Patil School Of MCA, Lohegaon,Pune",0620124110,2025-26,2,Maharashtra,GOBCO,GOBCO,HU,90.7733494,percentile,GOBCO | 3084 | 90.7733494 | Stage-I,184,Other Than Home University Seats Allotted to Other Than Home University Candidates,1ffc05ce05862ac3d6966cec28c45be22de94acf12531136c18c575a4cb44f87
f6ffd36c4c00-PG_MCA_CAP2_Cutoff_All_Institutes_2025_26__1_.pdf,6201,"Dr. D. Y. Patil School Of MCA, Lohegaon,Pune",0620124110,2025-26,2,Maharashtra,GSEBCO,GSEBCO,HU,90.7733494,percentile,GSEBCO | 3198 | 90.7733494 | Stage-I,184,Other Than Home University Seats Allotted to Other Than Home University Candidates,f262f33afe5a06a84eea56508761c5be52a17cb9d12bdf3fa2221df2ae359efd
f6ffd36c4c00-PG_MCA_CAP2_Cutoff_All_Institutes_2025_26__1_.pdf,6206,"Pune District Education Association's College of Engineering, Manjari(Bk), Hadapsar, Pune",0620624110,2025-26,2,Maharashtra,GOPENH,GOPENH,HU,82.9644433,percentile,GOPENH | 5628 | 82.9644433 | Stage-I,185,Home University Seats Allotted to Home University Candidates,b437e2c5339bbffd5711b50394d61cdee12d0472aa82676682c404d29b268265
f6ffd36c4c00-PG_MCA_CAP2_Cutoff_All_Institutes_2025_26__1_.pdf,6206,"Pune District Education Association's College of Engineering, Manjari(Bk), Hadapsar, Pune",0620624110,2025-26,2,Maharashtra,GSCH,GSCH,HU,63.1574978,percentile,GSCH | 11612 | 63.1574978 | Stage-I,185,Home University Seats Allotted to Home University Candidates,5ebdd74dd390b5cd4b01a0f370701f760875d14f49b0e1bb1170ecf75fb88ee6
f6ffd36c4c00-PG_MCA_CAP2_Cutoff_All_Institutes_2025_26__1_.pdf,6206,"Pune District Education Association's College of Engineering, Manjari(Bk), Hadapsar, Pune",0620624110,2025-26,2,Maharashtra,GSTH,GSTH,HU,67.3579428,percentile,GSTH | 10290 | 67.3579428 | Stage-I,185,Home University Seats Allotted to Home University Candidates,c995ea04ae9ca072d8468401ee68d3a640c2f8645fd0649c7c5023f719f2159e
f6ffd36c4c00-PG_MCA_CAP2_Cutoff_All_Institutes_2025_26__1_.pdf,6206,"Pune District Education Association's College of Engineering, Manjari(Bk), Hadapsar, Pune",0620624110,2025-26,2,Maharashtra,GNTCH,GNTCH,HU,71.1549338,percentile,GNTCH | 9061 | 71.1549338 | Stage-I,185,Home University Seats Allotted to Home University Candidates,86a0468c3ea7eaea53bcee7801ba5633ebcda3e1db416b1356d95f12da3c64ae
f6ffd36c4c00-PG_MCA_CAP2_Cutoff_All_Institutes_2025_26__1_.pdf,6206,"Pune District Education Association's College of Engineering, Manjari(Bk), Hadapsar, Pune",0620624110,2025-26,2,Maharashtra,GOBCH,GOBCH,HU,49.3533426,percentile,GOBCH | 15679 | 49.3533426 | Stage-I,185,Home University Seats Allotted to Home University Candidates,bd72dd2be669f77597eddfe27de0457b6a9793508a879fbaf739a93ed0f5fa77
f6ffd36c4c00-PG_MCA_CAP2_Cutoff_All_Institutes_2025_26__1_.pdf,6206,"Pune District Education Association's College of Engineering, Manjari(Bk), Hadapsar, Pune",0620624110,2025-26,2,Maharashtra,GNTAH,GNTAH,HU,39.3989669,percentile,GNTAH | 17816 | 39.3989669 | Stage-I,185,Home University Seats Allotted to Other Than Home University Candidates,0f5dd530b222c6d27c2dd09cc8c928b269e80610a2c6a2f923183498b3f06b2d
f6ffd36c4c00-PG_MCA_CAP2_Cutoff_All_Institutes_2025_26__1_.pdf,6206,"Pune District Education Association's College of Engineering, Manjari(Bk), Hadapsar, Pune",0620624110,2025-26,2,Maharashtra,GOPENO,GOPENO,HU,82.9644433,percentile,GOPENO | 5606 | 82.9644433 | Stage-I,185,Other Than Home University Seats Allotted to Other Than Home University Candidates,b3ec8f667af41a1f7c55b1301e2f05d316eff9e4c48f10c551453fcf55aeddac
f6ffd36c4c00-PG_MCA_CAP2_Cutoff_All_Institutes_2025_26__1_.pdf,6206,"Pune District Education Association's College of Engineering, Manjari(Bk), Hadapsar, Pune",0620624110,2025-26,2,Maharashtra,GSCO,GSCO,HU,79.9969812,percentile,GSCO | 6680 | 79.9969812 | Stage-I,185,Other Than Home University Seats Allotted to Other Than Home University Candidates,bcebadc16f3f3bb82a98bc51e3ae703c5da4205afab26df95ff431711391f749
f6ffd36c4c00-PG_MCA_CAP2_Cutoff_All_Institutes_2025_26__1_.pdf,6206,"Pune District Education Association's College of Engineering, Manjari(Bk), Hadapsar, Pune",0620624110,2025-26,2,Maharashtra,GSTO,GSTO,HU,65.8578922,percentile,GSTO | 11129 | 65.8578922 | Stage-I,185,Other Than Home University Seats Allotted to Other Than Home University Candidates,bd2304d16c29c7f2375c8c791725f830b70ab2dad5ab3a8414950da4b83cf651
f6ffd36c4c00-PG_MCA_CAP2_Cutoff_All_Institutes_2025_26__1_.pdf,6206,"Pune District Education Association's College of Engineering, Manjari(Bk), Hadapsar, Pune",0620624110,2025-26,2,Maharashtra,GNTBO,GNTBO,HU,79.9969812,percentile,GNTBO | 6523 | 79.9969812 | Stage-I,185,Other Than Home University Seats Allotted to Other Than Home University Candidates,291715766865087d0ec071cbed241bf135ec2235517731e277088ba1773f0802
f6ffd36c4c00-PG_MCA_CAP2_Cutoff_All_Institutes_2025_26__1_.pdf,6206,"Pune District Education Association's College of Engineering, Manjari(Bk), Hadapsar, Pune",0620624110,2025-26,2,Maharashtra,GOBCO,GOBCO,HU,76.9216256,percentile,GOBCO | 7434 | 76.9216256 | Stage-I,185,Other Than Home University Seats Allotted to Other Than Home University Candidates,bd294f7419c937e627a6e8cbcdfc1f52e9e536d4c4999ce5835bd06d87dba5b4
f6ffd36c4c00-PG_MCA_CAP2_Cutoff_All_Institutes_2025_26__1_.pdf,6206,"Pune District Education Association's College of Engineering, Manjari(Bk), Hadapsar, Pune",0620624110,2025-26,2,Maharashtra,EWS,EWS,SL,51.4093808,percentile,EWS | 14694 | 51.4093808 | Stage-I,186,,43d246af109b5cfb93a066cd118cc7f2e72be6c9ab317579cb7c028fe26e9ffd
f6ffd36c4c00-PG_MCA_CAP2_Cutoff_All_Institutes_2025_26__1_.pdf,6206,"Pune District Education Association's College of Engineering, Manjari(Bk), Hadapsar, Pune",0620624110,2025-26,2,Maharashtra,TFWS,TFWS,SL,93.5511867,percentile,TFWS | 2006 | 93.5511867 | Stage-I,186,,549bfe5d0e78507c72e2eef3d80c1caa3b8cc424cadebb09ffc59c7c36dbe991
f6ffd36c4c00-PG_MCA_CAP2_Cutoff_All_Institutes_2025_26__1_.pdf,6208,"Deccan Education Society's Chintamanrao Institute of Management Development & Research, Sangli",0620824110,2025-26,2,Maharashtra,GOPENH,GOPENH,HU,53.942159,percentile,GOPENH | 14294 | 53.942159 | Stage-I,187,Home University Seats Allotted to Home University Candidates,3e124991ef7a27171ce7ed408a28035985cf99918983b5ee188085ac2a143503
f6ffd36c4c00-PG_MCA_CAP2_Cutoff_All_Institutes_2025_26__1_.pdf,6208,"Deccan Education Society's Chintamanrao Institute of Management Development & Research, Sangli",0620824110,2025-26,2,Maharashtra,GSCH,GSCH,HU,23.1010151,percentile,GSCH | 21287 | 23.1010151 | Stage-I,187,Home University Seats Allotted to Home University Candidates,8a866c3ae359be264e6dbde75b7484c647ddeb7ec193b9f81ea10fcb2af3303a
f6ffd36c4c00-PG_MCA_CAP2_Cutoff_All_Institutes_2025_26__1_.pdf,6208,"Deccan Education Society's Chintamanrao Institute of Management Development & Research, Sangli",0620824110,2025-26,2,Maharashtra,GSTH,GSTH,HU,23.1010151,percentile,GSTH | 21347 | 23.1010151 | Stage-I,187,Home University Seats Allotted to Home University Candidates,09c3af319dda6b10351b757f4921dc46029b0c333bd55262377763d973e2a6b0
f6ffd36c4c00-PG_MCA_CAP2_Cutoff_All_Institutes_2025_26__1_.pdf,6208,"Deccan Education Society's Chintamanrao Institute of Management Development & Research, Sangli",0620824110,2025-26,2,Maharashtra,GOBCH,GOBCH,HU,39.3989669,percentile,GOBCH | 18110 | 39.3989669 | Stage-I,187,Home University Seats Allotted to Home University Candidates,5b88d47cb3e537c2bc7c30f3a33dbb2a82fb966085293c18233b1bd9135138a8
f6ffd36c4c00-PG_MCA_CAP2_Cutoff_All_Institutes_2025_26__1_.pdf,6208,"Deccan Education Society's Chintamanrao Institute of Management Development & Research, Sangli",0620824110,2025-26,2,Maharashtra,GOPENO,GOPENO,HU,2.0301121,percentile,GOPENO | 25271 | 2.0301121 | Stage-I,187,Other Than Home University Seats Allotted to Other Than Home University Candidates,29ffad6458d059fd34e9acbda97150c92d3bce0382e30d99304a36427fda1c3e
f6ffd36c4c00-PG_MCA_CAP2_Cutoff_All_Institutes_2025_26__1_.pdf,6208,"Deccan Education Society's Chintamanrao Institute of Management Development & Research, Sangli",0620824110,2025-26,2,Maharashtra,GOPENO,GOPENO,HU,49.3533426,percentile,GOPENO | 15369 | 49.3533426 | Stage-I,187,Other Than Home University Seats Allotted to Home University Candidates,d4e747a2a8cc717af69bef45d6372e351d975de174ed32ad53c7e448326d3f60
f6ffd36c4c00-PG_MCA_CAP2_Cutoff_All_Institutes_2025_26__1_.pdf,6208,"Deccan Education Society's Chintamanrao Institute of Management Development & Research, Sangli",0620824110,2025-26,2,Maharashtra,GSTO,GSTO,HU,34.5198145,percentile,GSTO | 19248 | 34.5198145 | Stage-I,187,Other Than Home University Seats Allotted to Home University Candidates,780f3fae3b793ea15abee275b007d7d8376fc3860bc11af66a2e258041492a76
f6ffd36c4c00-PG_MCA_CAP2_Cutoff_All_Institutes_2025_26__1_.pdf,6208,"Deccan Education Society's Chintamanrao Institute of Management Development & Research, Sangli",0620824110,2025-26,2,Maharashtra,EWS,EWS,SL,21.0059952,percentile,EWS | 22080 | 21.0059952 | Stage-I,187,Other Than Home University Seats Allotted to Home University Candidates,82160ba72d1287fd1e17a14c6ab9e7be75128a86417a2ac013df97daf432946e
f6ffd36c4c00-PG_MCA_CAP2_Cutoff_All_Institutes_2025_26__1_.pdf,6208,"Deccan Education Society's Chintamanrao Institute of Management Development & Research, Sangli",0620824110,2025-26,2,Maharashtra,TFWS,TFWS,SL,34.5198145,percentile,TFWS | 18922 | 34.5198145 | Stage-I,187,Other Than Home University Seats Allotted to Home University Candidates,ad00dbb1669ff35701e0192474fab973f2c682e4c5e4dce1d89574877a1a8490
f6ffd36c4c00-PG_MCA_CAP2_Cutoff_All_Institutes_2025_26__1_.pdf,6212,"KIT's Institute of Management Education & Research, Kolhapur",0621224110,2025-26,2,Maharashtra,GOPENH,GOPENH,HU,92.3361383,percentile,GOPENH | 2355 | 92.3361383 | Stage-I,188,Home University Seats Allotted to Home University Candidates,abc89559424f00546b57dba1694bbe1521e8dd99becd8067dc9281c05c40391c
f6ffd36c4c00-PG_MCA_CAP2_Cutoff_All_Institutes_2025_26__1_.pdf,6212,"KIT's Institute of Management Education & Research, Kolhapur",0621224110,2025-26,2,Maharashtra,GSCH,GSCH,HU,71.1549338,percentile,GSCH | 9402 | 71.1549338 | Stage-I,188,Home University Seats Allotted to Home University Candidates,dfd8032c613d49086629ca437a1b66e99b6cd3c81388d51bd50ffc2c429fc95a
f6ffd36c4c00-PG_MCA_CAP2_Cutoff_All_Institutes_2025_26__1_.pdf,6212,"KIT's Institute of Management Education & Research, Kolhapur",0621224110,2025-26,2,Maharashtra,GSTH,GSTH,HU,27.2744425,percentile,GSTH | 20551 | 27.2744425 | Stage-I,188,Home University Seats Allotted to Home University Candidates,3bb31f2ce8bd119aeaaf52b2100658b01097ec47b3f0da8e9b2115845bc09d43
f6ffd36c4c00-PG_MCA_CAP2_Cutoff_All_Institutes_2025_26__1_.pdf,6212,"KIT's Institute of Management Education & Research, Kolhapur",0621224110,2025-26,2,Maharashtra,GNTAH,GNTAH,HU,67.3579428,percentile,GNTAH | 10602 | 67.3579428 | Stage-I,188,Home University Seats Allotted to Home University Candidates,e5d04b155cbecb21faf987850f5c4d530180c4e8d8a7547c76e0e847d28f275b
f6ffd36c4c00-PG_MCA_CAP2_Cutoff_All_Institutes_2025_26__1_.pdf,6212,"KIT's Institute of Management Education & Research, Kolhapur",0621224110,2025-26,2,Maharashtra,GNTCH,GNTCH,HU,76.9216256,percentile,GNTCH | 7852 | 76.9216256 | Stage-I,188,Home University Seats Allotted to Home University Candidates,6e9fc02728dc0153dfc398d8ff0ca709b3c16336057997e503818b8ce85cb459
f6ffd36c4c00-PG_MCA_CAP2_Cutoff_All_Institutes_2025_26__1_.pdf,6212,"KIT's Institute of Management Education & Research, Kolhapur",0621224110,2025-26,2,Maharashtra,GNTDH,GNTDH,HU,87.3496474,percentile,GNTDH | 3978 | 87.3496474 | Stage-I,188,Home University Seats Allotted to Home University Candidates,7aa33ab82d58ee415a42c28382c0cd45b5f5280845af03fb714ccfa4ff1bd900
f6ffd36c4c00-PG_MCA_CAP2_Cutoff_All_Institutes_2025_26__1_.pdf,6212,"KIT's Institute of Management Education & Research, Kolhapur",0621224110,2025-26,2,Maharashtra,GOPENO,GOPENO,HU,90.7733494,percentile,GOPENO | 3176 | 90.7733494 | Stage-I,188,Other Than Home University Seats Allotted to Other Than Home University Candidates,e392aa2d28938fcbc75d808ccb3fa7107cb73264e39c1fafaef28237d79049d9
f6ffd36c4c00-PG_MCA_CAP2_Cutoff_All_Institutes_2025_26__1_.pdf,6212,"KIT's Institute of Management Education & Research, Kolhapur",0621224110,2025-26,2,Maharashtra,GSTO,GSTO,HU,21.0059952,percentile,GSTO | 22053 | 21.0059952 | Stage-I,188,Other Than Home University Seats Allotted to Other Than Home University Candidates,49834d8f0096e2e6ecbc949ca060dd69efe124641d6eab71fc9f5877433b58ab
f6ffd36c4c00-PG_MCA_CAP2_Cutoff_All_Institutes_2025_26__1_.pdf,6212,"KIT's Institute of Management Education & Research, Kolhapur",0621224110,2025-26,2,Maharashtra,GNTAO,GNTAO,HU,69.7143504,percentile,GNTAO | 10133 | 69.7143504 | Stage-I,188,Other Than Home University Seats Allotted to Other Than Home University Candidates,60f58d34f565b2aef6b9477a42a72c343b3f0356cfd0f271117041bd56848bc4
f6ffd36c4c00-PG_MCA_CAP2_Cutoff_All_Institutes_2025_26__1_.pdf,6212,"KIT's Institute of Management Education & Research, Kolhapur",0621224110,2025-26,2,Maharashtra,GNTDO,GNTDO,HU,82.9644433,percentile,GNTDO | 5369 | 82.9644433 | Stage-I,188,Other Than Home University Seats Allotted to Other Than Home University Candidates,2935d11c012cf5add8399598cb33a8db50ca1c5059ed97e3416777603711c579
f6ffd36c4c00-PG_MCA_CAP2_Cutoff_All_Institutes_2025_26__1_.pdf,6212,"KIT's Institute of Management Education & Research, Kolhapur",0621224110,2025-26,2,Maharashtra,GSCO,GSCO,HU,58.7911466,percentile,GSCO | 13351 | 58.7911466 | Stage-I,188,Other Than Home University Seats Allotted to Home University Candidates,9f9821f6bc023a5deb0313e9afd5886583b87ab0950e7c219130b18078d9d050
f6ffd36c4c00-PG_MCA_CAP2_Cutoff_All_Institutes_2025_26__1_.pdf,6213,"Chh. Shahu Institute Of Business Edu And Res Vasantraodada Patil Institute Of Management Studies & Research, Sangli",0621324110,2025-26,2,Maharashtra,GOPENH,GOPENH,HU,69.7143504,percentile,GOPENH | 10139 | 69.7143504 | Stage-I,190,Home University Seats Allotted to Home University Candidates,70f29340b1d0fdbdb3ac9ea80c61ba1d394b2b3b79498f9a069f62baa6273ef9
f6ffd36c4c00-PG_MCA_CAP2_Cutoff_All_Institutes_2025_26__1_.pdf,6213,"Chh. Shahu Institute Of Business Edu And Res Vasantraodada Patil Institute Of Management Studies & Research, Sangli",0621324110,2025-26,2,Maharashtra,GSCH,GSCH,HU,19.1539942,percentile,GSCH | 22436 | 19.1539942 | Stage-I,190,Home University Seats Allotted to Home University Candidates,1f9887cbb9903bdd9d23d85abd5f69d324d5337a1302437bc67fc134abd4780a
f6ffd36c4c00-PG_MCA_CAP2_Cutoff_All_Institutes_2025_26__1_.pdf,6213,"Chh. Shahu Institute Of Business Edu And Res Vasantraodada Patil Institute Of Management Studies & Research, Sangli",0621324110,2025-26,2,Maharashtra,GSTH,GSTH,HU,46.3793819,percentile,GSTH | 16368 | 46.3793819 | Stage-I,190,Home University Seats Allotted to Home University Candidates,70c60f08a50cba758a9a621844a1be200a086d8bfd0819ed9e0c027387e9a80b
f6ffd36c4c00-PG_MCA_CAP2_Cutoff_All_Institutes_2025_26__1_.pdf,6213,"Chh. Shahu Institute Of Business Edu And Res Vasantraodada Patil Institute Of Management Studies & Research, Sangli",0621324110,2025-26,2,Maharashtra,GNTAH,GNTAH,HU,23.1010151,percentile,GNTAH | 21368 | 23.1010151 | Stage-I,190,Home University Seats Allotted to Home University Candidates,e2a37765445a78edeb2d53ac43a61ac2edeac8a5428368f282c5dce284f4bb53
f6ffd36c4c00-PG_MCA_CAP2_Cutoff_All_Institutes_2025_26__1_.pdf,6213,"Chh. Shahu Institute Of Business Edu And Res Vasantraodada Patil Institute Of Management Studies & Research, Sangli",0621324110,2025-26,2,Maharashtra,GNTCH,GNTCH,HU,53.942159,percentile,GNTCH | 14179 | 53.942159 | Stage-I,190,Home University Seats Allotted to Home University Candidates,882d3a0f1e1b7b8d275b22cbaa5f218a1c7c3fbd16d19abd80ad5be247b77577
f6ffd36c4c00-PG_MCA_CAP2_Cutoff_All_Institutes_2025_26__1_.pdf,6213,"Chh. Shahu Institute Of Business Edu And Res Vasantraodada Patil Institute Of Management Studies & Research, Sangli",0621324110,2025-26,2,Maharashtra,GOPENO,GOPENO,HU,2.8640429,percentile,GOPENO | 25133 | 2.8640429 | Stage-I,190,Other Than Home University Seats Allotted to Other Than Home University Candidates,c400f12a3b2e6ccf78c3bad34c414ba5aa51b4cd52718e9248916d514ed5bc2e
f6ffd36c4c00-PG_MCA_CAP2_Cutoff_All_Institutes_2025_26__1_.pdf,6213,"Chh. Shahu Institute Of Business Edu And Res Vasantraodada Patil Institute Of Management Studies & Research, Sangli",0621324110,2025-26,2,Maharashtra,GOPENO,GOPENO,HU,53.942159,percentile,GOPENO | 14492 | 53.942159 | Stage-I,190,Other Than Home University Seats Allotted to Home University Candidates,fad892e54143eb9bd78d3daab5e9f5270f0c033820e24d8595d39693df38719a
f6ffd36c4c00-PG_MCA_CAP2_Cutoff_All_Institutes_2025_26__1_.pdf,6213,"Chh. Shahu Institute Of Business Edu And Res Vasantraodada Patil Institute Of Management Studies & Research, Sangli",0621324110,2025-26,2,Maharashtra,GSCO,GSCO,HU,39.3989669,percentile,GSCO | 17982 | 39.3989669 | Stage-I,190,Other Than Home University Seats Allotted to Home University Candidates,e675fdec9625143e22c75d493d688b9900ec0074486aea249bd0daf913b67187
f6ffd36c4c00-PG_MCA_CAP2_Cutoff_All_Institutes_2025_26__1_.pdf,6213,"Chh. Shahu Institute Of Business Edu And Res Vasantraodada Patil Institute Of Management Studies & Research, Sangli",0621324110,2025-26,2,Maharashtra,GSTO,GSTO,HU,3.0466423,percentile,GSTO | 25095 | 3.0466423 | Stage-I,190,Other Than Home University Seats Allotted to Home University Candidates,29e4b784cb07681df1f1804fcf93ec57fbe62a3c1a9f81609cdd4f30ffc0054c
f6ffd36c4c00-PG_MCA_CAP2_Cutoff_All_Institutes_2025_26__1_.pdf,6213,"Chh. Shahu Institute Of Business Edu And Res Vasantraodada Patil Institute Of Management Studies & Research, Sangli",0621324110,2025-26,2,Maharashtra,GNTAO,GNTAO,HU,51.4093808,percentile,GNTAO | 15023 | 51.4093808 | Stage-I,190,Other Than Home University Seats Allotted to Home University Candidates,3efbdf754fcb03401b245b607e32100e37bde77fa57682e4087176e6e19f2936
f6ffd36c4c00-PG_MCA_CAP2_Cutoff_All_Institutes_2025_26__1_.pdf,6214,"K. E. Society's Rajarambapu Institute of Technology, Walwa, Sangli",0621424110,2025-26,2,Maharashtra,GOPENH,GOPENH,HU,89.1966341,percentile,GOPENH | 3330 | 89.1966341 | Stage-I,191,Home University Seats Allotted to Home University Candidates,71f791fd5fa5be23f1ac82fcfde0b300f538e11df7660d8cdf8a4c0d9f21c1e6
f6ffd36c4c00-PG_MCA_CAP2_Cutoff_All_Institutes_2025_26__1_.pdf,6214,"K. E. Society's Rajarambapu Institute of Technology, Walwa, Sangli",0621424110,2025-26,2,Maharashtra,GSCH,GSCH,HU,61.2807064,percentile,GSCH | 12679 | 61.2807064 | Stage-I,191,Home University Seats Allotted to Home University Candidates,206a48b9820592445cd11bc0adcb9de40702e94ceb83b43d0879c1aab6c1202d
f6ffd36c4c00-PG_MCA_CAP2_Cutoff_All_Institutes_2025_26__1_.pdf,6214,"K. E. Society's Rajarambapu Institute of Technology, Walwa, Sangli",0621424110,2025-26,2,Maharashtra,GSTH,GSTH,HU,65.8578922,percentile,GSTH | 11357 | 65.8578922 | Stage-I,191,Home University Seats Allotted to Home University Candidates,cea7ace86f62e91453b26c8e894283a1be2ddccca3959746bf50fef6ce6a8e07
f6ffd36c4c00-PG_MCA_CAP2_Cutoff_All_Institutes_2025_26__1_.pdf,6214,"K. E. Society's Rajarambapu Institute of Technology, Walwa, Sangli",0621424110,2025-26,2,Maharashtra,GOPENO,GOPENO,HU,61.2807064,percentile,GOPENO | 12621 | 61.2807064 | Stage-I,191,Other Than Home University Seats Allotted to Other Than Home University Candidates,4dd0444a9527636a88efca8fc5cd67a86f745fc23486c66f5090314a1af88300
f6ffd36c4c00-PG_MCA_CAP2_Cutoff_All_Institutes_2025_26__1_.pdf,6214,"K. E. Society's Rajarambapu Institute of Technology, Walwa, Sangli",0621424110,2025-26,2,Maharashtra,GSCO,GSCO,HU,15.5994113,percentile,GSCO | 22987 | 15.5994113 | Stage-I,191,Other Than Home University Seats Allotted to Home University Candidates,444b64f58b50edc821b2a3263da3e42c7e5474b8f907232c094324e8886affbd
f6ffd36c4c00-PG_MCA_CAP2_Cutoff_All_Institutes_2025_26__1_.pdf,6214,"K. E. Society's Rajarambapu Institute of Technology, Walwa, Sangli",0621424110,2025-26,2,Maharashtra,GOBCO,GOBCO,HU,58.7911466,percentile,GOBCO | 13107 | 58.7911466 | Stage-I,191,Other Than Home University Seats Allotted to Home University Candidates,5bd81a229dca055171c21c2af658a5a7d498f3ccd1c1eb2e898c46f2cc2b225f
f6ffd36c4c00-PG_MCA_CAP2_Cutoff_All_Institutes_2025_26__1_.pdf,6214,"K. E. Society's Rajarambapu Institute of Technology, Walwa, Sangli",0621424110,2025-26,2,Maharashtra,TFWS,TFWS,SL,89.1331398,percentile,TFWS | 3655 | 89.1331398 | Stage-I,191,Other Than Home University Seats Allotted to Home University Candidates,569b815a2b87ec277d4d2920ceb036badfbd07ec94ffeb1b2e14845866d1dd50
f6ffd36c4c00-PG_MCA_CAP2_Cutoff_All_Institutes_2025_26__1_.pdf,6219,"KSGBS's Bharat- Ratna Indira Gandhi College of Engineering, Kegaon, Solapur",0621924110,2025-26,2,Maharashtra,GSCH,GSCH,HU,74.782248,percentile,GSCH | 8206 | 74.782248 | Stage-I,192,Home University Seats Allotted to Home University Candidates,169a1679acabc1c7d54465de48d7fba01bd5c04cbbcd12a5195c02ec1693c18e
f6ffd36c4c00-PG_MCA_CAP2_Cutoff_All_Institutes_2025_26__1_.pdf,6219,"KSGBS's Bharat- Ratna Indira Gandhi College of Engineering, Kegaon, Solapur",0621924110,2025-26,2,Maharashtra,GOPENO,GOPENO,HU,4.067771,percentile,GOPENO | 24959 | 4.067771 | Stage-I,192,Other Than Home University Seats Allotted to Other Than Home University Candidates,42c56cf9d55c6647ac6200a719b3c89d52a8246e3ed73fc1fcf928962752518a
f6ffd36c4c00-PG_MCA_CAP2_Cutoff_All_Institutes_2025_26__1_.pdf,6219,"KSGBS's Bharat- Ratna Indira Gandhi College of Engineering, Kegaon, Solapur",0621924110,2025-26,2,Maharashtra,GOPENO,GOPENO,HU,67.3579428,percentile,GOPENO | 10204 | 67.3579428 | Stage-I,192,Other Than Home University Seats Allotted to Home University Candidates,d9540318a238678db6711fbb2dea4fd4f916177d5cbe345ea7c18cc482728cfb
f6ffd36c4c00-PG_MCA_CAP2_Cutoff_All_Institutes_2025_26__1_.pdf,6219,"KSGBS's Bharat- Ratna Indira Gandhi College of Engineering, Kegaon, Solapur",0621924110,2025-26,2,Maharashtra,GSCO,GSCO,HU,41.4550394,percentile,GSCO | 17517 | 41.4550394 | Stage-I,192,Other Than Home University Seats Allotted to Home University Candidates,b54788dba8dc27beecd5531c5454613864a11a682914ceac07f9534bd8859b2f
f6ffd36c4c00-PG_MCA_CAP2_Cutoff_All_Institutes_2025_26__1_.pdf,6219,"KSGBS's Bharat- Ratna Indira Gandhi College of Engineering, Kegaon, Solapur",0621924110,2025-26,2,Maharashtra,GSTO,GSTO,HU,61.2807064,percentile,GSTO | 12497 | 61.2807064 | Stage-I,192,Other Than Home University Seats Allotted to Home University Candidates,297c27897f7e18a9f7bd3fbf5badfe7ef0c7c8d0090436d0d71f1c9a6e0176e4
f6ffd36c4c00-PG_MCA_CAP2_Cutoff_All_Institutes_2025_26__1_.pdf,6220,"SVERI's College of Engineering, Pandharpur",0622024110,2025-26,2,Maharashtra,GOPENH,GOPENH,HU,56.5488095,percentile,GOPENH | 13913 | 56.5488095 | Stage-I,193,Home University Seats Allotted to Home University Candidates,dff7ea081dd64d3318bfa542a45fe9010d2a46d8a4731d2b473d145600684eab
f6ffd36c4c00-PG_MCA_CAP2_Cutoff_All_Institutes_2025_26__1_.pdf,6220,"SVERI's College of Engineering, Pandharpur",0622024110,2025-26,2,Maharashtra,GSCH,GSCH,HU,41.4550394,percentile,GSCH | 17613 | 41.4550394 | Stage-I,193,Home University Seats Allotted to Home University Candidates,59482ac666cb982503e54f8c8f37fd1d5b1857aa1f83f362e2277186d66c7f39
f6ffd36c4c00-PG_MCA_CAP2_Cutoff_All_Institutes_2025_26__1_.pdf,6220,"SVERI's College of Engineering, Pandharpur",0622024110,2025-26,2,Maharashtra,GSTH,GSTH,HU,44.5345198,percentile,GSTH | 16650 | 44.5345198 | Stage-I,193,Home University Seats Allotted to Home University Candidates,91a9167ded4b79fdcd4406adc2e590281fb64fd1749555b51f73c1e6c6ca411c
f6ffd36c4c00-PG_MCA_CAP2_Cutoff_All_Institutes_2025_26__1_.pdf,6220,"SVERI's College of Engineering, Pandharpur",0622024110,2025-26,2,Maharashtra,GNTAH,GNTAH,HU,7.9446476,percentile,GNTAH | 24278 | 7.9446476 | Stage-I,193,Home University Seats Allotted to Home University Candidates,9e763334cf7d457d0f429459ccd320d548d893e7ee98f988fdce7c6e9858d629
f6ffd36c4c00-PG_MCA_CAP2_Cutoff_All_Institutes_2025_26__1_.pdf,6220,"SVERI's College of Engineering, Pandharpur",0622024110,2025-26,2,Maharashtra,GOPENO,GOPENO,HU,16.9789978,percentile,GOPENO | 22587 | 16.9789978 | Stage-I,193,Other Than Home University Seats Allotted to Other Than Home University Candidates,95d1382ae63fc062b442b54d36da2fb8a2e22e238586774505543523e7ec9a77
f6ffd36c4c00-PG_MCA_CAP2_Cutoff_All_Institutes_2025_26__1_.pdf,6220,"SVERI's College of Engineering, Pandharpur",0622024110,2025-26,2,Maharashtra,GSTO,GSTO,HU,9.7430286,percentile,GSTO | 23934 | 9.7430286 | Stage-IV,193,Other Than Home University Seats Allotted to Home University Candidates,5859b11fb53a5d0ea06b0ed22a81e28a52c1e22482cca3525b3eb217b3a66f8b
f6ffd36c4c00-PG_MCA_CAP2_Cutoff_All_Institutes_2025_26__1_.pdf,6220,"SVERI's College of Engineering, Pandharpur",0622024110,2025-26,2,Maharashtra,GNTBO,GNTBO,HU,4.302251,percentile,GNTBO | 24791 | 4.302251 | Stage-IV,193,Other Than Home University Seats Allotted to Home University Candidates,32bc6eed507abd26f0fc9b64bbabd2b132e552ae796a72e598ea9222e5190c28
f6ffd36c4c00-PG_MCA_CAP2_Cutoff_All_Institutes_2025_26__1_.pdf,6220,"SVERI's College of Engineering, Pandharpur",0622024110,2025-26,2,Maharashtra,GNTDO,GNTDO,HU,2.0301121,percentile,GNTDO | 25252 | 2.0301121 | Stage-IV,193,Other Than Home University Seats Allotted to Home University Candidates,ef2dfcd1bfa352050e69b576a8fcab1a6cc01dd03f20bcaa6ac0f1314d63903c
f6ffd36c4c00-PG_MCA_CAP2_Cutoff_All_Institutes_2025_26__1_.pdf,6220,"SVERI's College of Engineering, Pandharpur",0622024110,2025-26,2,Maharashtra,GOBCO,GOBCO,HU,0.8710079,percentile,GOBCO | 25395 | 0.8710079 | Stage-IV,193,Other Than Home University Seats Allotted to Home University Candidates,cfcd66cf0042070ecad2c0ba4486da12dd14902e50e75d2f3aaa0e4cb50e7f30
f6ffd36c4c00-PG_MCA_CAP2_Cutoff_All_Institutes_2025_26__1_.pdf,6220,"SVERI's College of Engineering, Pandharpur",0622024110,2025-26,2,Maharashtra,GSEBCO,GSEBCO,HU,10.5199653,percentile,GSEBCO | 23785 | 10.5199653 | Stage-IV,193,Other Than Home University Seats Allotted to Home University Candidates,9178a346562606b06dc6d393f006d43fb5006f1502bde90de07294bae944cab2
f6ffd36c4c00-PG_MCA_CAP2_Cutoff_All_Institutes_2025_26__1_.pdf,6220,"SVERI's College of Engineering, Pandharpur",0622024110,2025-26,2,Maharashtra,TFWS,TFWS,SL,69.7143504,percentile,TFWS | 10177 | 69.7143504 | Stage-I,194,,7102df161638d06aeedc11ac787894d73d4eac28ec2cee098ca17594ccfafc1b
f6ffd36c4c00-PG_MCA_CAP2_Cutoff_All_Institutes_2025_26__1_.pdf,6222,"Dattajirao Kadam Technical Education Society's Textile & Engineering Institute, Ichalkaranji.",0622224110,2025-26,2,Maharashtra,GOPENH,GOPENH,HU,89.1331398,percentile,GOPENH | 3579 | 89.1331398 | Stage-I,195,Home University Seats Allotted to Home University Candidates,a86b97244713416d61a39f1c8dce02d5c57b9830e9179d62b2a2ad81517ebca6
f6ffd36c4c00-PG_MCA_CAP2_Cutoff_All_Institutes_2025_26__1_.pdf,6222,"Dattajirao Kadam Technical Education Society's Textile & Engineering Institute, Ichalkaranji.",0622224110,2025-26,2,Maharashtra,GSCH,GSCH,HU,74.782248,percentile,GSCH | 8426 | 74.782248 | Stage-I,195,Home University Seats Allotted to Home University Candidates,c4de9fbf6842462b1f4481119881572cd615ee44494ba8391af5854ffccb27a5
f6ffd36c4c00-PG_MCA_CAP2_Cutoff_All_Institutes_2025_26__1_.pdf,6222,"Dattajirao Kadam Technical Education Society's Textile & Engineering Institute, Ichalkaranji.",0622224110,2025-26,2,Maharashtra,GOPENO,GOPENO,HU,27.2744425,percentile,GOPENO | 20755 | 27.2744425 | Stage-I,195,Other Than Home University Seats Allotted to Other Than Home University Candidates,779d2a09000e438de9d20d419e20f8da8282390871ac5d276a7cdb4d86ca209e
f6ffd36c4c00-PG_MCA_CAP2_Cutoff_All_Institutes_2025_26__1_.pdf,6222,"Dattajirao Kadam Technical Education Society's Textile & Engineering Institute, Ichalkaranji.",0622224110,2025-26,2,Maharashtra,GSTO,GSTO,HU,73.5368477,percentile,GSTO | 8551 | 73.5368477 | Stage-IV,195,Other Than Home University Seats Allotted to Home University Candidates,2b2f7182b996c37a74bc087fa9fcc0b72a2bb4543033eb26a5059bb42f16ee25
f6ffd36c4c00-PG_MCA_CAP2_Cutoff_All_Institutes_2025_26__1_.pdf,6222,"Dattajirao Kadam Technical Education Society's Textile & Engineering Institute, Ichalkaranji.",0622224110,2025-26,2,Maharashtra,GNTDO,GNTDO,HU,74.782248,percentile,GNTDO | 8322 | 74.782248 | Stage-IV,195,Other Than Home University Seats Allotted to Home University Candidates,a8f2307003bb1e758504bd586f769a47cf6a4f3438ff615391d9e2476a6ed398
f6ffd36c4c00-PG_MCA_CAP2_Cutoff_All_Institutes_2025_26__1_.pdf,6222,"Dattajirao Kadam Technical Education Society's Textile & Engineering Institute, Ichalkaranji.",0622224110,2025-26,2,Maharashtra,EWS,EWS,SL,93.5511867,percentile,EWS | 1865 | 93.5511867 | Stage-I,196,,667fbb24e81f7f41ee1ae1d7cae29252c0edb2abb1dec32c6b4dbb83a000efbb
f6ffd36c4c00-PG_MCA_CAP2_Cutoff_All_Institutes_2025_26__1_.pdf,6222,"Dattajirao Kadam Technical Education Society's Textile & Engineering Institute, Ichalkaranji.",0622224110,2025-26,2,Maharashtra,TFWS,TFWS,SL,94.4270578,percentile,TFWS | 1806 | 94.4270578 | Stage-I,196,,982475d08a43dc30bbe152c74ce1dab2ab7e186da13999cf12db1217548a4510
f6ffd36c4c00-PG_MCA_CAP2_Cutoff_All_Institutes_2025_26__1_.pdf,6228,"Dr. D. Y. Patil Pratishthan's D.Y.Patil Institute of Master of Computer Applications and Management, Akurdi, Pune",0622824110,2025-26,2,Maharashtra,GOPENH,GOPENH,HU,96.1125146,percentile,GOPENH | 1197 | 96.1125146 | Stage-I,197,Home University Seats Allotted to Home University Candidates,1bce639f51af443604e1e9c93c10312b41515a84de550b6b2d0b4251d549a31d
f6ffd36c4c00-PG_MCA_CAP2_Cutoff_All_Institutes_2025_26__1_.pdf,6228,"Dr. D. Y. Patil Pratishthan's D.Y.Patil Institute of Master of Computer Applications and Management, Akurdi, Pune",0622824110,2025-26,2,Maharashtra,GSCH,GSCH,HU,85.3851665,percentile,GSCH | 4709 | 85.3851665 | Stage-I,197,Home University Seats Allotted to Home University Candidates,3a76be6cd844760a9ccc65c44d12c8385697eba83390a2312d944f83a99abd21
f6ffd36c4c00-PG_MCA_CAP2_Cutoff_All_Institutes_2025_26__1_.pdf,6228,"Dr. D. Y. Patil Pratishthan's D.Y.Patil Institute of Master of Computer Applications and Management, Akurdi, Pune",0622824110,2025-26,2,Maharashtra,GNTAH,GNTAH,HU,85.3851665,percentile,GNTAH | 4730 | 85.3851665 | Stage-I,197,Home University Seats Allotted to Home University Candidates,8cb6e1a728e7bdf06462b91f2f69d587647822c2d7e8fab15454cd57e9147978
f6ffd36c4c00-PG_MCA_CAP2_Cutoff_All_Institutes_2025_26__1_.pdf,6228,"Dr. D. Y. Patil Pratishthan's D.Y.Patil Institute of Master of Computer Applications and Management, Akurdi, Pune",0622824110,2025-26,2,Maharashtra,GNTBH,GNTBH,HU,94.4270578,percentile,GNTBH | 1655 | 94.4270578 | Stage-I,197,Home University Seats Allotted to Home University Candidates,6742d268dc7d2ab94589ef5d44c29593290ed8d6d8d936affd75d961ceb91168
f6ffd36c4c00-PG_MCA_CAP2_Cutoff_All_Institutes_2025_26__1_.pdf,6228,"Dr. D. Y. Patil Pratishthan's D.Y.Patil Institute of Master of Computer Applications and Management, Akurdi, Pune",0622824110,2025-26,2,Maharashtra,GNTDH,GNTDH,HU,89.1966341,percentile,GNTDH | 3268 | 89.1966341 | Stage-I,197,Home University Seats Allotted to Home University Candidates,06bc91a91d7e8a77b5c7e8f0333662ef91f90d317186e5b604d09a4c41a1578b
f6ffd36c4c00-PG_MCA_CAP2_Cutoff_All_Institutes_2025_26__1_.pdf,6228,"Dr. D. Y. Patil Pratishthan's D.Y.Patil Institute of Master of Computer Applications and Management, Akurdi, Pune",0622824110,2025-26,2,Maharashtra,GOBCH,GOBCH,HU,94.6454851,percentile,GOBCH | 1511 | 94.6454851 | Stage-I,197,Home University Seats Allotted to Home University Candidates,5ef710d51ed575a899c9e969670dfaf51bc63e7c5ed45ddfe2faa75972b80d44
f6ffd36c4c00-PG_MCA_CAP2_Cutoff_All_Institutes_2025_26__1_.pdf,6228,"Dr. D. Y. Patil Pratishthan's D.Y.Patil Institute of Master of Computer Applications and Management, Akurdi, Pune",0622824110,2025-26,2,Maharashtra,GSEBCH,GSEBCH,HU,90.7733494,percentile,GSEBCH | 3194 | 90.7733494 | Stage-I,197,Home University Seats Allotted to Home University Candidates,4d7a3221cc4d9a4b66081fac58cc2748714d104b6bede88d6b46b6005e403136
f6ffd36c4c00-PG_MCA_CAP2_Cutoff_All_Institutes_2025_26__1_.pdf,6228,"Dr. D. Y. Patil Pratishthan's D.Y.Patil Institute of Master of Computer Applications and Management, Akurdi, Pune",0622824110,2025-26,2,Maharashtra,PWDOPENH,PWDOPENH,HU,76.9216256,percentile,PWDOPENH | 7842 | 76.9216256 | Stage-I,197,Home University Seats Allotted to Other Than Home University Candidates,6601506766f4e4a67279bcccb3de1e8469d00f72746dd5a96b3c5e59b60d751f
f6ffd36c4c00-PG_MCA_CAP2_Cutoff_All_Institutes_2025_26__1_.pdf,6228,"Dr. D. Y. Patil Pratishthan's D.Y.Patil Institute of Master of Computer Applications and Management, Akurdi, Pune",0622824110,2025-26,2,Maharashtra,GOPENO,GOPENO,HU,97.6265047,percentile,GOPENO | 629 | 97.6265047 | Stage-I,197,Other Than Home University Seats Allotted to Other Than Home University Candidates,fd04368338178b3393e0413cc57b643f788da97e538b679046c6b6e06e8267c0
f6ffd36c4c00-PG_MCA_CAP2_Cutoff_All_Institutes_2025_26__1_.pdf,6228,"Dr. D. Y. Patil Pratishthan's D.Y.Patil Institute of Master of Computer Applications and Management, Akurdi, Pune",0622824110,2025-26,2,Maharashtra,GSCO,GSCO,HU,96.828928,percentile,GSCO | 958 | 96.828928 | Stage-I,197,Other Than Home University Seats Allotted to Other Than Home University Candidates,b63de5ceedfc3a19955a0e7b6dbc04399fdd2e250d247d5e84aa553c7e3e6cf7
f6ffd36c4c00-PG_MCA_CAP2_Cutoff_All_Institutes_2025_26__1_.pdf,6228,"Dr. D. Y. Patil Pratishthan's D.Y.Patil Institute of Master of Computer Applications and Management, Akurdi, Pune",0622824110,2025-26,2,Maharashtra,GSTO,GSTO,HU,82.8308366,percentile,GSTO | 5923 | 82.8308366 | Stage-I,197,Other Than Home University Seats Allotted to Other Than Home University Candidates,50f77cbf291908f4a981d825bf2b334b4b8d659d5897571345426249a1883f43
f6ffd36c4c00-PG_MCA_CAP2_Cutoff_All_Institutes_2025_26__1_.pdf,6228,"Dr. D. Y. Patil Pratishthan's D.Y.Patil Institute of Master of Computer Applications and Management, Akurdi, Pune",0622824110,2025-26,2,Maharashtra,GNTCO,GNTCO,HU,94.4270578,percentile,GNTCO | 1791 | 94.4270578 | Stage-I,197,Other Than Home University Seats Allotted to Other Than Home University Candidates,5817a633970a76385e37971db8b7543b83def8f214d205530993ac9e126337eb
f6ffd36c4c00-PG_MCA_CAP2_Cutoff_All_Institutes_2025_26__1_.pdf,6228,"Dr. D. Y. Patil Pratishthan's D.Y.Patil Institute of Master of Computer Applications and Management, Akurdi, Pune",0622824110,2025-26,2,Maharashtra,GNTDO,GNTDO,HU,95.2942951,percentile,GNTDO | 1397 | 95.2942951 | Stage-I,197,Other Than Home University Seats Allotted to Other Than Home University Candidates,19c47a10b8c3f2499f5039f82d09729d1cb844c479d7f11851f46ce1a190874a
f6ffd36c4c00-PG_MCA_CAP2_Cutoff_All_Institutes_2025_26__1_.pdf,6228,"Dr. D. Y. Patil Pratishthan's D.Y.Patil Institute of Master of Computer Applications and Management, Akurdi, Pune",0622824110,2025-26,2,Maharashtra,GOBCO,GOBCO,HU,96.1125146,percentile,GOBCO | 1113 | 96.1125146 | Stage-I,197,Other Than Home University Seats Allotted to Other Than Home University Candidates,27ef7f1932d55cf18873dd1febfff9338bf0612cf92002445ec016951ab9b492
f6ffd36c4c00-PG_MCA_CAP2_Cutoff_All_Institutes_2025_26__1_.pdf,6228,"Dr. D. Y. Patil Pratishthan's D.Y.Patil Institute of Master of Computer Applications and Management, Akurdi, Pune",0622824110,2025-26,2,Maharashtra,EWS,EWS,SL,92.3361383,percentile,EWS | 2365 | 92.3361383 | Stage-I,197,Other Than Home University Seats Allotted to Other Than Home University Candidates,e9f8e72ca87684d79048c34b08fff2cafe60ec9396b685ea9761caeebfc43d8b
f6ffd36c4c00-PG_MCA_CAP2_Cutoff_All_Institutes_2025_26__1_.pdf,6228,"Dr. D. Y. Patil Pratishthan's D.Y.Patil Institute of Master of Computer Applications and Management, Akurdi, Pune",0622824110,2025-26,2,Maharashtra,TFWS,TFWS,SL,97.6265047,percentile,TFWS | 652 | 97.6265047 | Stage-I,197,Other Than Home University Seats Allotted to Other Than Home University Candidates,08e320c8a830c63e5976aa2e8084c7f40cf09faff5a889b91bca6c3e77c2faec
f6ffd36c4c00-PG_MCA_CAP2_Cutoff_All_Institutes_2025_26__1_.pdf,6231,"Sinhgad Technical Education Society's Sinhgad Institute of Management ,Vadgaon(Budruk),Pune",0623124110,2025-26,2,Maharashtra,GOPENH,GOPENH,HU,92.1797821,percentile,GOPENH | 2520 | 92.1797821 | Stage-I,198,Home University Seats Allotted to Home University Candidates,05111eb600090856094248498279ec76cb15590d471b82e073117c7f2cac626e
f6ffd36c4c00-PG_MCA_CAP2_Cutoff_All_Institutes_2025_26__1_.pdf,6231,"Sinhgad Technical Education Society's Sinhgad Institute of Management ,Vadgaon(Budruk),Pune",0623124110,2025-26,2,Maharashtra,GSCH,GSCH,HU,74.782248,percentile,GSCH | 8364 | 74.782248 | Stage-I,198,Home University Seats Allotted to Home University Candidates,72bf060e5b04a7ad865b04df0d0acd9d26dd2cf6da8cf6decba11c3fe4bbb873
f6ffd36c4c00-PG_MCA_CAP2_Cutoff_All_Institutes_2025_26__1_.pdf,6231,"Sinhgad Technical Education Society's Sinhgad Institute of Management ,Vadgaon(Budruk),Pune",0623124110,2025-26,2,Maharashtra,GSTH,GSTH,HU,74.782248,percentile,GSTH | 8003 | 74.782248 | Stage-I,198,Home University Seats Allotted to Home University Candidates,4692469be578384e45e896a7bd68cc3ee5b6d937f23ebefede1cd216d9d2df36
f6ffd36c4c00-PG_MCA_CAP2_Cutoff_All_Institutes_2025_26__1_.pdf,6231,"Sinhgad Technical Education Society's Sinhgad Institute of Management ,Vadgaon(Budruk),Pune",0623124110,2025-26,2,Maharashtra,GNTCH,GNTCH,HU,82.9644433,percentile,GNTCH | 5229 | 82.9644433 | Stage-I,198,Home University Seats Allotted to Home University Candidates,936e0ef1cbb3efcc26805c9f0f5adc98e1364bfee59046cf45cf6fbe88898f94
f6ffd36c4c00-PG_MCA_CAP2_Cutoff_All_Institutes_2025_26__1_.pdf,6231,"Sinhgad Technical Education Society's Sinhgad Institute of Management ,Vadgaon(Budruk),Pune",0623124110,2025-26,2,Maharashtra,GNTDH,GNTDH,HU,89.1331398,percentile,GNTDH | 3651 | 89.1331398 | Stage-I,198,Home University Seats Allotted to Home University Candidates,cf0af29b0f2f192f96c1d03334351450f4c17d8b6d361001231562c2dabc738c
f6ffd36c4c00-PG_MCA_CAP2_Cutoff_All_Institutes_2025_26__1_.pdf,6231,"Sinhgad Technical Education Society's Sinhgad Institute of Management ,Vadgaon(Budruk),Pune",0623124110,2025-26,2,Maharashtra,GOBCH,GOBCH,HU,80.5399495,percentile,GOBCH | 6431 | 80.5399495 | Stage-I,198,Home University Seats Allotted to Home University Candidates,5ff8756bccde1663b2b20b05e89f55b6a593e8215d94ef68206040c765abe983
f6ffd36c4c00-PG_MCA_CAP2_Cutoff_All_Institutes_2025_26__1_.pdf,6231,"Sinhgad Technical Education Society's Sinhgad Institute of Management ,Vadgaon(Budruk),Pune",0623124110,2025-26,2,Maharashtra,GOPENO,GOPENO,HU,93.5511867,percentile,GOPENO | 1850 | 93.5511867 | Stage-I,198,Other Than Home University Seats Allotted to Other Than Home University Candidates,5fd560610499a261f50f9b39eaf9bc7eebe05ca2559a0fda01963722da995f4e
f6ffd36c4c00-PG_MCA_CAP2_Cutoff_All_Institutes_2025_26__1_.pdf,6231,"Sinhgad Technical Education Society's Sinhgad Institute of Management ,Vadgaon(Budruk),Pune",0623124110,2025-26,2,Maharashtra,GSCO,GSCO,HU,90.9663786,percentile,GSCO | 2906 | 90.9663786 | Stage-I,198,Other Than Home University Seats Allotted to Other Than Home University Candidates,7efdd082fdfde53f65e05c1ea90f74176c828348a1b1180be83779acc1d5cd3a
f6ffd36c4c00-PG_MCA_CAP2_Cutoff_All_Institutes_2025_26__1_.pdf,6231,"Sinhgad Technical Education Society's Sinhgad Institute of Management ,Vadgaon(Budruk),Pune",0623124110,2025-26,2,Maharashtra,GSTO,GSTO,HU,79.9969812,percentile,GSTO | 6623 | 79.9969812 | Stage-I,198,Other Than Home University Seats Allotted to Other Than Home University Candidates,98d3e3e9ea8332150066f1027bed48072e34e2536fcaf4472f7de6fc6e7b01b4
f6ffd36c4c00-PG_MCA_CAP2_Cutoff_All_Institutes_2025_26__1_.pdf,6231,"Sinhgad Technical Education Society's Sinhgad Institute of Management ,Vadgaon(Budruk),Pune",0623124110,2025-26,2,Maharashtra,GOBCO,GOBCO,HU,92.3361383,percentile,GOBCO | 2242 | 92.3361383 | Stage-I,198,Other Than Home University Seats Allotted to Other Than Home University Candidates,48dd083808f5e3b61c50e1401aaf6ec97a63c07cf48551a5cfeea3812364a307
f6ffd36c4c00-PG_MCA_CAP2_Cutoff_All_Institutes_2025_26__1_.pdf,6231,"Sinhgad Technical Education Society's Sinhgad Institute of Management ,Vadgaon(Budruk),Pune",0623124110,2025-26,2,Maharashtra,GSEBCO,GSEBCO,HU,93.5511867,percentile,GSEBCO | 1921 | 93.5511867 | Stage-I,198,Other Than Home University Seats Allotted to Other Than Home University Candidates,da9ce8b9e27f940c53f35aa873514075da1817dfdbb6e63a418d62d15dd9901d
f6ffd36c4c00-PG_MCA_CAP2_Cutoff_All_Institutes_2025_26__1_.pdf,6231,"Sinhgad Technical Education Society's Sinhgad Institute of Management ,Vadgaon(Budruk),Pune",0623124110,2025-26,2,Maharashtra,EWS,EWS,SL,82.9644433,percentile,EWS | 5326 | 82.9644433 | Stage-I,198,Other Than Home University Seats Allotted to Other Than Home University Candidates,ce55ce202c6e132d9963245d99f91dfdd050c587a0070384d06de0206520a750
f6ffd36c4c00-PG_MCA_CAP2_Cutoff_All_Institutes_2025_26__1_.pdf,6231,"Sinhgad Technical Education Society's Sinhgad Institute of Management ,Vadgaon(Budruk),Pune",0623124110,2025-26,2,Maharashtra,TFWS,TFWS,SL,93.5511867,percentile,TFWS | 1858 | 93.5511867 | Stage-I,198,Other Than Home University Seats Allotted to Other Than Home University Candidates,55db25200cf90de132660a71adb506a77bd315644cf3ae3910c8ad0699c04f48
f6ffd36c4c00-PG_MCA_CAP2_Cutoff_All_Institutes_2025_26__1_.pdf,6232,"Maharashtra Education Society's Institute of Management and Career Courses (IMCC), Pune",0623224110,2025-26,2,Maharashtra,GOPENH,GOPENH,HU,95.2942951,percentile,GOPENH | 1450 | 95.2942951 | Stage-I,199,Home University Seats Allotted to Home University Candidates,449faf9b97a8e13350a880585796deea071d0a8c76085c352ad7f439eb4e3266
f6ffd36c4c00-PG_MCA_CAP2_Cutoff_All_Institutes_2025_26__1_.pdf,6232,"Maharashtra Education Society's Institute of Management and Career Courses (IMCC), Pune",0623224110,2025-26,2,Maharashtra,GSCH,GSCH,HU,85.2118788,percentile,GSCH | 5054 | 85.2118788 | Stage-I,199,Home University Seats Allotted to Home University Candidates,bdb96355143bea7e1f5528ce2842b59fffdea3f381625f815dc1f472ac4df8f3
f6ffd36c4c00-PG_MCA_CAP2_Cutoff_All_Institutes_2025_26__1_.pdf,6232,"Maharashtra Education Society's Institute of Management and Career Courses (IMCC), Pune",0623224110,2025-26,2,Maharashtra,GSTH,GSTH,HU,36.496736,percentile,GSTH | 18433 | 36.496736 | Stage-I,199,Home University Seats Allotted to Home University Candidates,29b4c5c2d6cd1ec2ab83b6a694d4df278ec93a701f6a8e90c3dfaa6fd5221369
f6ffd36c4c00-PG_MCA_CAP2_Cutoff_All_Institutes_2025_26__1_.pdf,6232,"Maharashtra Education Society's Institute of Management and Career Courses (IMCC), Pune",0623224110,2025-26,2,Maharashtra,GNTAH,GNTAH,HU,89.1966341,percentile,GNTAH | 3483 | 89.1966341 | Stage-I,199,Home University Seats Allotted to Home University Candidates,ad6869ba1e5711a3c28f4bdcb4296a172c52c6d9dd21f97b02ff8f3da90bafd1
f6ffd36c4c00-PG_MCA_CAP2_Cutoff_All_Institutes_2025_26__1_.pdf,6232,"Maharashtra Education Society's Institute of Management and Career Courses (IMCC), Pune",0623224110,2025-26,2,Maharashtra,GNTCH,GNTCH,HU,92.1797821,percentile,GNTCH | 2506 | 92.1797821 | Stage-I,199,Home University Seats Allotted to Home University Candidates,9ce9309b54a9641163e63044de1344d5b041818cee61850ac65e1e3d72cc876e
f6ffd36c4c00-PG_MCA_CAP2_Cutoff_All_Institutes_2025_26__1_.pdf,6232,"Maharashtra Education Society's Institute of Management and Career Courses (IMCC), Pune",0623224110,2025-26,2,Maharashtra,GOBCH,GOBCH,HU,93.5511867,percentile,GOBCH | 1834 | 93.5511867 | Stage-I,199,Home University Seats Allotted to Home University Candidates,c21619f78faf1a77c639677ec2bf78befee201252dc6610cb2d65bffdb99f287
f6ffd36c4c00-PG_MCA_CAP2_Cutoff_All_Institutes_2025_26__1_.pdf,6232,"Maharashtra Education Society's Institute of Management and Career Courses (IMCC), Pune",0623224110,2025-26,2,Maharashtra,GSEBCH,GSEBCH,HU,93.405226,percentile,GSEBCH | 2019 | 93.405226 | Stage-I,199,Home University Seats Allotted to Home University Candidates,eb7d5a7ac2e6e8e2e537c3fed6b0f3202dc666f8ecd8d25eb4c56f9e029e2981
f6ffd36c4c00-PG_MCA_CAP2_Cutoff_All_Institutes_2025_26__1_.pdf,6232,"Maharashtra Education Society's Institute of Management and Career Courses (IMCC), Pune",0623224110,2025-26,2,Maharashtra,GOPENO,GOPENO,HU,96.828928,percentile,GOPENO | 889 | 96.828928 | Stage-I,199,Other Than Home University Seats Allotted to Other Than Home University Candidates,21b2463bb686cc949668436d89d33dbf4ac8e24ab8e57f17af48d803a1b90869
f6ffd36c4c00-PG_MCA_CAP2_Cutoff_All_Institutes_2025_26__1_.pdf,6232,"Maharashtra Education Society's Institute of Management and Career Courses (IMCC), Pune",0623224110,2025-26,2,Maharashtra,GSCO,GSCO,HU,95.2942951,percentile,GSCO | 1469 | 95.2942951 | Stage-I,199,Other Than Home University Seats Allotted to Other Than Home University Candidates,e69d83f2d5af668e344920c9e8d320300a64de6604cb72716575f79b7e3e02a8
f6ffd36c4c00-PG_MCA_CAP2_Cutoff_All_Institutes_2025_26__1_.pdf,6232,"Maharashtra Education Society's Institute of Management and Career Courses (IMCC), Pune",0623224110,2025-26,2,Maharashtra,GSTO,GSTO,HU,56.5488095,percentile,GSTO | 13567 | 56.5488095 | Stage-I,199,Other Than Home University Seats Allotted to Other Than Home University Candidates,3c70fad95f1f0c386fca9f8e2ba6da91ef117354ab9ae6632d92ac2a19b729f9
f6ffd36c4c00-PG_MCA_CAP2_Cutoff_All_Institutes_2025_26__1_.pdf,6232,"Maharashtra Education Society's Institute of Management and Career Courses (IMCC), Pune",0623224110,2025-26,2,Maharashtra,GNTCO,GNTCO,HU,94.6454851,percentile,GNTCO | 1611 | 94.6454851 | Stage-I,199,Other Than Home University Seats Allotted to Other Than Home University Candidates,6522999497aa00f956f609de890c683628cab4e1c8d4b5c9c9287baff29114bf
f6ffd36c4c00-PG_MCA_CAP2_Cutoff_All_Institutes_2025_26__1_.pdf,6232,"Maharashtra Education Society's Institute of Management and Career Courses (IMCC), Pune",0623224110,2025-26,2,Maharashtra,GOBCO,GOBCO,HU,96.1125146,percentile,GOBCO | 1126 | 96.1125146 | Stage-I,199,Other Than Home University Seats Allotted to Other Than Home University Candidates,2355e53388c27e35c2f339df992bb03064bfc625f73b1a67ad4b13b1be0cfef6
f6ffd36c4c00-PG_MCA_CAP2_Cutoff_All_Institutes_2025_26__1_.pdf,6232,"Maharashtra Education Society's Institute of Management and Career Courses (IMCC), Pune",0623224110,2025-26,2,Maharashtra,EWS,EWS,SL,96.1125146,percentile,EWS | 1186 | 96.1125146 | Stage-I,199,Other Than Home University Seats Allotted to Other Than Home University Candidates,6158a642cbaaa4ebb2ea838bb019487190dfe8515ad27d7256fcd63621ba559d
f6ffd36c4c00-PG_MCA_CAP2_Cutoff_All_Institutes_2025_26__1_.pdf,6232,"Maharashtra Education Society's Institute of Management and Career Courses (IMCC), Pune",0623224110,2025-26,2,Maharashtra,TFWS,TFWS,SL,99.008333,percentile,TFWS | 239 | 99.008333 | Stage-I,199,Other Than Home University Seats Allotted to Other Than Home University Candidates,753e4af1f5891c1328313de9a30bafdea946ce1da382c9c7a4eb440ad144778e
f6ffd36c4c00-PG_MCA_CAP2_Cutoff_All_Institutes_2025_26__1_.pdf,6236,"Sinhgad Technical Education Society's , Sinhgad Institute of Business Administration & Research, Kondhawa-Saswad Road, Pune",0623624110,2025-26,2,Maharashtra,GOPENH,GOPENH,HU,85.2118788,percentile,GOPENH | 5033 | 85.2118788 | Stage-I,200,Home University Seats Allotted to Home University Candidates,6654e151fe5c377313c50ecd87a101485a239eebedddba9d7d18e0b6e5feb4ba
f6ffd36c4c00-PG_MCA_CAP2_Cutoff_All_Institutes_2025_26__1_.pdf,6236,"Sinhgad Technical Education Society's , Sinhgad Institute of Business Administration & Research, Kondhawa-Saswad Road, Pune",0623624110,2025-26,2,Maharashtra,GSCH,GSCH,HU,61.2807064,percentile,GSCH | 12283 | 61.2807064 | Stage-I,200,Home University Seats Allotted to Home University Candidates,51beea97ef7ec9b2a5db3dc2918b6e30875fa484dd1c1e85e2f0273a806f1a87
f6ffd36c4c00-PG_MCA_CAP2_Cutoff_All_Institutes_2025_26__1_.pdf,6236,"Sinhgad Technical Education Society's , Sinhgad Institute of Business Administration & Research, Kondhawa-Saswad Road, Pune",0623624110,2025-26,2,Maharashtra,GSTH,GSTH,HU,49.3533426,percentile,GSTH | 15841 | 49.3533426 | Stage-I,200,Home University Seats Allotted to Home University Candidates,1a35965b00efa2e4c892e2480dea7443e5f9fae22221fda468a7ccf6f68525eb
f6ffd36c4c00-PG_MCA_CAP2_Cutoff_All_Institutes_2025_26__1_.pdf,6236,"Sinhgad Technical Education Society's , Sinhgad Institute of Business Administration & Research, Kondhawa-Saswad Road, Pune",0623624110,2025-26,2,Maharashtra,GNTAH,GNTAH,HU,56.5488095,percentile,GNTAH | 13748 | 56.5488095 | Stage-I,200,Home University Seats Allotted to Home University Candidates,5d86e82bb0f55ddd7b4211120bd9239161122d2f66c46bc0e6132ade7f86f4b5
f6ffd36c4c00-PG_MCA_CAP2_Cutoff_All_Institutes_2025_26__1_.pdf,6236,"Sinhgad Technical Education Society's , Sinhgad Institute of Business Administration & Research, Kondhawa-Saswad Road, Pune",0623624110,2025-26,2,Maharashtra,GNTBH,GNTBH,HU,77.8251197,percentile,GNTBH | 7386 | 77.8251197 | Stage-I,200,Home University Seats Allotted to Home University Candidates,ede2766c9a527f55cb6916ee42cff159e6738b5d0264c476efbd18b62644ca18
f6ffd36c4c00-PG_MCA_CAP2_Cutoff_All_Institutes_2025_26__1_.pdf,6236,"Sinhgad Technical Education Society's , Sinhgad Institute of Business Administration & Research, Kondhawa-Saswad Road, Pune",0623624110,2025-26,2,Maharashtra,GOBCH,GOBCH,HU,61.2807064,percentile,GOBCH | 12250 | 61.2807064 | Stage-I,200,Home University Seats Allotted to Home University Candidates,975578e8e9486c06b596f1f4f212748e5d854c18d8695103e715f6e7eb8cb25b
f6ffd36c4c00-PG_MCA_CAP2_Cutoff_All_Institutes_2025_26__1_.pdf,6236,"Sinhgad Technical Education Society's , Sinhgad Institute of Business Administration & Research, Kondhawa-Saswad Road, Pune",0623624110,2025-26,2,Maharashtra,GOPENO,GOPENO,HU,89.1331398,percentile,GOPENO | 3827 | 89.1331398 | Stage-I,200,Other Than Home University Seats Allotted to Other Than Home University Candidates,6c72d81a679aaf5e9176607a31ae56e9d0caae949bbe343567eebe38de384fc0
f6ffd36c4c00-PG_MCA_CAP2_Cutoff_All_Institutes_2025_26__1_.pdf,6236,"Sinhgad Technical Education Society's , Sinhgad Institute of Business Administration & Research, Kondhawa-Saswad Road, Pune",0623624110,2025-26,2,Maharashtra,GSCO,GSCO,HU,76.9216256,percentile,GSCO | 7774 | 76.9216256 | Stage-I,200,Other Than Home University Seats Allotted to Other Than Home University Candidates,4aa01bd8fa50177101c8c15f36a9ed494fa5a38bc0c4571321ed7e3c52dea197
f6ffd36c4c00-PG_MCA_CAP2_Cutoff_All_Institutes_2025_26__1_.pdf,6236,"Sinhgad Technical Education Society's , Sinhgad Institute of Business Administration & Research, Kondhawa-Saswad Road, Pune",0623624110,2025-26,2,Maharashtra,GSTO,GSTO,HU,85.2118788,percentile,GSTO | 4879 | 85.2118788 | Stage-I,200,Other Than Home University Seats Allotted to Other Than Home University Candidates,27db9ae5bd5b0d5f47fc4b852720abc6f0101e063773f4a7e26700134b31a43e
f6ffd36c4c00-PG_MCA_CAP2_Cutoff_All_Institutes_2025_26__1_.pdf,6236,"Sinhgad Technical Education Society's , Sinhgad Institute of Business Administration & Research, Kondhawa-Saswad Road, Pune",0623624110,2025-26,2,Maharashtra,GNTBO,GNTBO,HU,80.5399495,percentile,GNTBO | 6342 | 80.5399495 | Stage-I,200,Other Than Home University Seats Allotted to Other Than Home University Candidates,cf2e9e96687615d1797fc2b17202d2f5ae1e32760876ec39627857aa79b16e20
f6ffd36c4c00-PG_MCA_CAP2_Cutoff_All_Institutes_2025_26__1_.pdf,6236,"Sinhgad Technical Education Society's , Sinhgad Institute of Business Administration & Research, Kondhawa-Saswad Road, Pune",0623624110,2025-26,2,Maharashtra,GNTDO,GNTDO,HU,85.3851665,percentile,GNTDO | 4595 | 85.3851665 | Stage-I,200,Other Than Home University Seats Allotted to Other Than Home University Candidates,88e00fc46d8e1343e6f3c71dc53c2b80ef79ff3354cf3516b28726981ac23c5a
f6ffd36c4c00-PG_MCA_CAP2_Cutoff_All_Institutes_2025_26__1_.pdf,6236,"Sinhgad Technical Education Society's , Sinhgad Institute of Business Administration & Research, Kondhawa-Saswad Road, Pune",0623624110,2025-26,2,Maharashtra,GOBCO,GOBCO,HU,80.5399495,percentile,GOBCO | 6149 | 80.5399495 | Stage-I,200,Other Than Home University Seats Allotted to Other Than Home University Candidates,cd6c2b72b53598521e9f91efd412a6e6b91703716c152ae197028ef5999989f5
f6ffd36c4c00-PG_MCA_CAP2_Cutoff_All_Institutes_2025_26__1_.pdf,6236,"Sinhgad Technical Education Society's , Sinhgad Institute of Business Administration & Research, Kondhawa-Saswad Road, Pune",0623624110,2025-26,2,Maharashtra,EWS,EWS,SL,49.3533426,percentile,EWS | 15493 | 49.3533426 | Stage-I,200,Other Than Home University Seats Allotted to Other Than Home University Candidates,393f622088431be0f9a102ddf44f4060817ba3957d20b4b1cbe7665f3bc3e47c
f6ffd36c4c00-PG_MCA_CAP2_Cutoff_All_Institutes_2025_26__1_.pdf,6236,"Sinhgad Technical Education Society's , Sinhgad Institute of Business Administration & Research, Kondhawa-Saswad Road, Pune",0623624110,2025-26,2,Maharashtra,TFWS,TFWS,SL,89.1966341,percentile,TFWS | 3471 | 89.1966341 | Stage-I,200,Other Than Home University Seats Allotted to Other Than Home University Candidates,4647463f444b8c4db2fe07581fc809eee74bc8ac8636b9e2b4ed8cd8b67c9c58
f6ffd36c4c00-PG_MCA_CAP2_Cutoff_All_Institutes_2025_26__1_.pdf,6239,"Sinhgad Technical Education Society, Sinhgad Institute of Management & Computer Application, Narhe (Ambegaon), Pune",0623924110,2025-26,2,Maharashtra,GOPENH,GOPENH,HU,85.3851665,percentile,GOPENH | 4683 | 85.3851665 | Stage-I,201,Home University Seats Allotted to Home University Candidates,70979eccabec3b3471c3c66d454c216ae4c1d8afa1329b5db381e73d10a3c4d3
f6ffd36c4c00-PG_MCA_CAP2_Cutoff_All_Institutes_2025_26__1_.pdf,6239,"Sinhgad Technical Education Society, Sinhgad Institute of Management & Computer Application, Narhe (Ambegaon), Pune",0623924110,2025-26,2,Maharashtra,GSCH,GSCH,HU,61.2807064,percentile,GSCH | 12496 | 61.2807064 | Stage-I,201,Home University Seats Allotted to Home University Candidates,a2034e5bb8ac0f313b018a52141dae8f2925a7d2758dbbd05abef0adceeea92b
f6ffd36c4c00-PG_MCA_CAP2_Cutoff_All_Institutes_2025_26__1_.pdf,6239,"Sinhgad Technical Education Society, Sinhgad Institute of Management & Computer Application, Narhe (Ambegaon), Pune",0623924110,2025-26,2,Maharashtra,GSTH,GSTH,HU,44.5345198,percentile,GSTH | 16557 | 44.5345198 | Stage-I,201,Home University Seats Allotted to Home University Candidates,6cb5a1ff7b77f8ce3cbf7c978003a5e967df13333a1a9331b55f3b78163a9951
f6ffd36c4c00-PG_MCA_CAP2_Cutoff_All_Institutes_2025_26__1_.pdf,6239,"Sinhgad Technical Education Society, Sinhgad Institute of Management & Computer Application, Narhe (Ambegaon), Pune",0623924110,2025-26,2,Maharashtra,GNTAH,GNTAH,HU,53.942159,percentile,GNTAH | 14563 | 53.942159 | Stage-I,201,Home University Seats Allotted to Home University Candidates,a3cf222bf5686c9bf65709e8e6fa62adcf3205593126dcd11b628e2799d64d5a
f6ffd36c4c00-PG_MCA_CAP2_Cutoff_All_Institutes_2025_26__1_.pdf,6239,"Sinhgad Technical Education Society, Sinhgad Institute of Management & Computer Application, Narhe (Ambegaon), Pune",0623924110,2025-26,2,Maharashtra,GNTBH,GNTBH,HU,82.9644433,percentile,GNTBH | 5524 | 82.9644433 | Stage-I,201,Home University Seats Allotted to Home University Candidates,2af35a01aee80e71cdc7ac759d22edd472719a00e795441b3673a386e4b35b96
f6ffd36c4c00-PG_MCA_CAP2_Cutoff_All_Institutes_2025_26__1_.pdf,6239,"Sinhgad Technical Education Society, Sinhgad Institute of Management & Computer Application, Narhe (Ambegaon), Pune",0623924110,2025-26,2,Maharashtra,GNTDH,GNTDH,HU,77.8251197,percentile,GNTDH | 7072 | 77.8251197 | Stage-I,201,Home University Seats Allotted to Home University Candidates,9bb6f573e98478e0a7ebbe083ba057929c3e7351e382be9ec8ed99e636ad1fe1
f6ffd36c4c00-PG_MCA_CAP2_Cutoff_All_Institutes_2025_26__1_.pdf,6239,"Sinhgad Technical Education Society, Sinhgad Institute of Management & Computer Application, Narhe (Ambegaon), Pune",0623924110,2025-26,2,Maharashtra,GOBCH,GOBCH,HU,71.1549338,percentile,GOBCH | 9072 | 71.1549338 | Stage-I,201,Home University Seats Allotted to Home University Candidates,7eac23c1a9c4585304222a0307f2ff8f71091bf550101963959702787dd3f93e
f6ffd36c4c00-PG_MCA_CAP2_Cutoff_All_Institutes_2025_26__1_.pdf,6239,"Sinhgad Technical Education Society, Sinhgad Institute of Management & Computer Application, Narhe (Ambegaon), Pune",0623924110,2025-26,2,Maharashtra,GOPENO,GOPENO,HU,90.9663786,percentile,GOPENO | 2862 | 90.9663786 | Stage-I,201,Other Than Home University Seats Allotted to Other Than Home University Candidates,1bcef199c31ab27affb3a67d345d1223938555bc18c27a7a39d98c9cf13cb4f9
f6ffd36c4c00-PG_MCA_CAP2_Cutoff_All_Institutes_2025_26__1_.pdf,6239,"Sinhgad Technical Education Society, Sinhgad Institute of Management & Computer Application, Narhe (Ambegaon), Pune",0623924110,2025-26,2,Maharashtra,GSCO,GSCO,HU,85.3851665,percentile,GSCO | 4785 | 85.3851665 | Stage-I,201,Other Than Home University Seats Allotted to Other Than Home University Candidates,7680c10276a132354179fb64da02bcee75575bdac79dec5bd8ff8f45a3b5ff27
f6ffd36c4c00-PG_MCA_CAP2_Cutoff_All_Institutes_2025_26__1_.pdf,6239,"Sinhgad Technical Education Society, Sinhgad Institute of Management & Computer Application, Narhe (Ambegaon), Pune",0623924110,2025-26,2,Maharashtra,GSTO,GSTO,HU,80.5399495,percentile,GSTO | 6134 | 80.5399495 | Stage-I,201,Other Than Home University Seats Allotted to Other Than Home University Candidates,1a16e4fb25193a0d0c4ed18d2549e9838eea4b81026df1b4cc089916b34fb197
f6ffd36c4c00-PG_MCA_CAP2_Cutoff_All_Institutes_2025_26__1_.pdf,6239,"Sinhgad Technical Education Society, Sinhgad Institute of Management & Computer Application, Narhe (Ambegaon), Pune",0623924110,2025-26,2,Maharashtra,GNTAO,GNTAO,HU,89.1966341,percentile,GNTAO | 3347 | 89.1966341 | Stage-I,201,Other Than Home University Seats Allotted to Other Than Home University Candidates,58769787f5874b5374f927df4596972d8744b0ea29e99fcaaffbfc8998d44740
f6ffd36c4c00-PG_MCA_CAP2_Cutoff_All_Institutes_2025_26__1_.pdf,6239,"Sinhgad Technical Education Society, Sinhgad Institute of Management & Computer Application, Narhe (Ambegaon), Pune",0623924110,2025-26,2,Maharashtra,GOBCO,GOBCO,HU,90.9663786,percentile,GOBCO | 2966 | 90.9663786 | Stage-I,201,Other Than Home University Seats Allotted to Other Than Home University Candidates,698b922ee57ec0d51c2499c0545603378c8d9fcdb077ab227dd798f8a61cacd0
f6ffd36c4c00-PG_MCA_CAP2_Cutoff_All_Institutes_2025_26__1_.pdf,6239,"Sinhgad Technical Education Society, Sinhgad Institute of Management & Computer Application, Narhe (Ambegaon), Pune",0623924110,2025-26,2,Maharashtra,EWS,EWS,SL,63.1574978,percentile,EWS | 11831 | 63.1574978 | Stage-I,201,Other Than Home University Seats Allotted to Other Than Home University Candidates,4c0a9126d92fca5b7e312288297a279324aa2d631e718963a5ca9a60a64d9097
f6ffd36c4c00-PG_MCA_CAP2_Cutoff_All_Institutes_2025_26__1_.pdf,6239,"Sinhgad Technical Education Society, Sinhgad Institute of Management & Computer Application, Narhe (Ambegaon), Pune",0623924110,2025-26,2,Maharashtra,TFWS,TFWS,SL,92.1797821,percentile,TFWS | 2428 | 92.1797821 | Stage-I,201,Other Than Home University Seats Allotted to Other Than Home University Candidates,e744f040aac3beeaf38edf7ae0b438355fe41df2402b3d4753f7be30afc24ebb
f6ffd36c4c00-PG_MCA_CAP2_Cutoff_All_Institutes_2025_26__1_.pdf,6240,"Siddhant Institute Of Computer Application, Sudambare",0624024110,2025-26,2,Maharashtra,GOPENH,GOPENH,HU,61.2807064,percentile,GOPENH | 12082 | 61.2807064 | Stage-I,202,Home University Seats Allotted to Home University Candidates,4664191c4b423f9b607e0e179a80e23eee92eaf30d62c962fe51f69a919d2524
f6ffd36c4c00-PG_MCA_CAP2_Cutoff_All_Institutes_2025_26__1_.pdf,6240,"Siddhant Institute Of Computer Application, Sudambare",0624024110,2025-26,2,Maharashtra,GOPENO,GOPENO,HU,76.9216256,percentile,GOPENO | 7645 | 76.9216256 | Stage-I,202,Other Than Home University Seats Allotted to Other Than Home University Candidates,78d0e3dbffbbe9d6def5a2c6434700bdbb66ee6d773d52eab25a18bfc691f124
f6ffd36c4c00-PG_MCA_CAP2_Cutoff_All_Institutes_2025_26__1_.pdf,6240,"Siddhant Institute Of Computer Application, Sudambare",0624024110,2025-26,2,Maharashtra,MI-MH,MI-MH,MI,53.942159,percentile,MI-MH | 14537 | 53.942159 | Stage-MI-MH,202,Minority Seats : Minority Seats Allotted to Non Minority Candidates,4f066f3cf81c038e02385b29e15e2d5906a8f1dcbcbd46843d12727daa625509
f6ffd36c4c00-PG_MCA_CAP2_Cutoff_All_Institutes_2025_26__1_.pdf,6248,"KFS - Krishna Institute of Computer Application & Management, Wathar",0624824110,2025-26,2,Maharashtra,GOPENH,GOPENH,HU,61.2807064,percentile,GOPENH | 12513 | 61.2807064 | Stage-I,203,Home University Seats Allotted to Home University Candidates,b2061d6ded4a3ac0dcbe8dd876ad994bbc650fd2f05b33dc44bd760955f57b8f
f6ffd36c4c00-PG_MCA_CAP2_Cutoff_All_Institutes_2025_26__1_.pdf,6248,"KFS - Krishna Institute of Computer Application & Management, Wathar",0624824110,2025-26,2,Maharashtra,GSCH,GSCH,HU,2.0662871,percentile,GSCH | 25222 | 2.0662871 | Stage-I,203,Home University Seats Allotted to Home University Candidates,9f081ecc3eaebd7e17d382a607c39aa99d87ef5f83627da08ca69534e2aac467
f6ffd36c4c00-PG_MCA_CAP2_Cutoff_All_Institutes_2025_26__1_.pdf,6248,"KFS - Krishna Institute of Computer Application & Management, Wathar",0624824110,2025-26,2,Maharashtra,GSTH,GSTH,HU,31.6629561,percentile,GSTH | 19744 | 31.6629561 | Stage-I,203,Home University Seats Allotted to Home University Candidates,2afe19f97d0da16f3b32f8f83f95cd32e0f8a9c6f5eb1b26a74e84e9a9c35aae
f6ffd36c4c00-PG_MCA_CAP2_Cutoff_All_Institutes_2025_26__1_.pdf,6248,"KFS - Krishna Institute of Computer Application & Management, Wathar",0624824110,2025-26,2,Maharashtra,GNTAH,GNTAH,HU,58.7911466,percentile,GNTAH | 13222 | 58.7911466 | Stage-I,203,Home University Seats Allotted to Home University Candidates,0cc9c055ffa6004295be6d2edf269cbc9d2679195f075926ace356a6a36e4c87
f6ffd36c4c00-PG_MCA_CAP2_Cutoff_All_Institutes_2025_26__1_.pdf,6248,"KFS - Krishna Institute of Computer Application & Management, Wathar",0624824110,2025-26,2,Maharashtra,GOPENO,GOPENO,HU,12.4750009,percentile,GOPENO | 23512 | 12.4750009 | Stage-I,203,Other Than Home University Seats Allotted to Other Than Home University Candidates,42a5edb6e26d04df881f8ecfe93501b12c63ef257bbd04f78ee2dc8f787e810a
f6ffd36c4c00-PG_MCA_CAP2_Cutoff_All_Institutes_2025_26__1_.pdf,6248,"KFS - Krishna Institute of Computer Application & Management, Wathar",0624824110,2025-26,2,Maharashtra,GOPENO,GOPENO,HU,41.4550394,percentile,GOPENO | 17513 | 41.4550394 | Stage-I,203,Other Than Home University Seats Allotted to Home University Candidates,eec5850b31f3f34e56b11d5e27836b6a819b785c0932c063ab4037f09f56299c
f6ffd36c4c00-PG_MCA_CAP2_Cutoff_All_Institutes_2025_26__1_.pdf,6248,"KFS - Krishna Institute of Computer Application & Management, Wathar",0624824110,2025-26,2,Maharashtra,GSCO,GSCO,HU,36.496736,percentile,GSCO | 18463 | 36.496736 | Stage-I,203,Other Than Home University Seats Allotted to Home University Candidates,a8d152f2f1cf357eb6f7ded3fe5f040bfb9a4e4e5cc6036cc93a0df6e08e1895
f6ffd36c4c00-PG_MCA_CAP2_Cutoff_All_Institutes_2025_26__1_.pdf,6248,"KFS - Krishna Institute of Computer Application & Management, Wathar",0624824110,2025-26,2,Maharashtra,TFWS,TFWS,SL,90.9663786,percentile,TFWS | 2696 | 90.9663786 | Stage-I,204,,11e90be5b5670dd084f7f0ef1f23b11ba786dfdf79b14d162489f7b5ae9be602
f6ffd36c4c00-PG_MCA_CAP2_Cutoff_All_Institutes_2025_26__1_.pdf,6268,"Tatyasaheb Kore Institute of Engineering and Technology, Warananagar",0626824110,2025-26,2,Maharashtra,GOPENH,GOPENH,HU,61.2807064,percentile,GOPENH | 12475 | 61.2807064 | Stage-I,205,Home University Seats Allotted to Other Than Home University Candidates,4567191ae386293944960ac33f9597fab4802b1c005261cad045a6aa66e74635
f6ffd36c4c00-PG_MCA_CAP2_Cutoff_All_Institutes_2025_26__1_.pdf,6268,"Tatyasaheb Kore Institute of Engineering and Technology, Warananagar",0626824110,2025-26,2,Maharashtra,GSCH,GSCH,HU,5.9311489,percentile,GSCH | 24596 | 5.9311489 | Stage-I,205,Home University Seats Allotted to Other Than Home University Candidates,2e716816760834c2642bc69de6e91efe6700a1914d4a731ad294328985b8b30b
f6ffd36c4c00-PG_MCA_CAP2_Cutoff_All_Institutes_2025_26__1_.pdf,6268,"Tatyasaheb Kore Institute of Engineering and Technology, Warananagar",0626824110,2025-26,2,Maharashtra,GSTH,GSTH,HU,46.3793819,percentile,GSTH | 16160 | 46.3793819 | Stage-I,205,Home University Seats Allotted to Other Than Home University Candidates,785ecaa94e320900a4b0561cad71d9f6da2af65a9b830ad45444cb39d2b85c16
f6ffd36c4c00-PG_MCA_CAP2_Cutoff_All_Institutes_2025_26__1_.pdf,6268,"Tatyasaheb Kore Institute of Engineering and Technology, Warananagar",0626824110,2025-26,2,Maharashtra,GNTAH,GNTAH,HU,3.0466423,percentile,GNTAH | 25043 | 3.0466423 | Stage-I,205,Home University Seats Allotted to Other Than Home University Candidates,a28e7c053781fc6a1aa0c88ea1f0adbf11f7ed9e268518388621f6a5a393efa0
f6ffd36c4c00-PG_MCA_CAP2_Cutoff_All_Institutes_2025_26__1_.pdf,6268,"Tatyasaheb Kore Institute of Engineering and Technology, Warananagar",0626824110,2025-26,2,Maharashtra,GNTCH,GNTCH,HU,53.942159,percentile,GNTCH | 14533 | 53.942159 | Stage-I,205,Home University Seats Allotted to Other Than Home University Candidates,4b84147731356ce128c7e0ecc9080e2615cb62fc1cdb6b1fdc883e95913e7700
f6ffd36c4c00-PG_MCA_CAP2_Cutoff_All_Institutes_2025_26__1_.pdf,6268,"Tatyasaheb Kore Institute of Engineering and Technology, Warananagar",0626824110,2025-26,2,Maharashtra,GOPENO,GOPENO,HU,76.9216256,percentile,GOPENO | 7734 | 76.9216256 | Stage-I,205,Other Than Home University Seats Allotted to Other Than Home University Candidates,52bb226511e545d64ab802253ff6aa18f420186d47b2015d2c73fb29b0a34e59
f6ffd36c4c00-PG_MCA_CAP2_Cutoff_All_Institutes_2025_26__1_.pdf,6268,"Tatyasaheb Kore Institute of Engineering and Technology, Warananagar",0626824110,2025-26,2,Maharashtra,GSCO,GSCO,HU,44.5345198,percentile,GSCO | 16904 | 44.5345198 | Stage-I,205,Other Than Home University Seats Allotted to Other Than Home University Candidates,f33673761f23ded4cf1476421d83bff0658481ead8deacb035355499f57570e6
f6ffd36c4c00-PG_MCA_CAP2_Cutoff_All_Institutes_2025_26__1_.pdf,6268,"Tatyasaheb Kore Institute of Engineering and Technology, Warananagar",0626824110,2025-26,2,Maharashtra,GSTO,GSTO,HU,36.496736,percentile,GSTO | 18401 | 36.496736 | Stage-I,205,Other Than Home University Seats Allotted to Other Than Home University Candidates,cb74d17417ad3d70f3ec46287df7b347d7697e2b5f993a272d8629e9f0afa32d
f6ffd36c4c00-PG_MCA_CAP2_Cutoff_All_Institutes_2025_26__1_.pdf,6268,"Tatyasaheb Kore Institute of Engineering and Technology, Warananagar",0626824110,2025-26,2,Maharashtra,GNTBO,GNTBO,HU,71.1549338,percentile,GNTBO | 9266 | 71.1549338 | Stage-I,205,Other Than Home University Seats Allotted to Other Than Home University Candidates,e0942f7e515f7843d952ab81699d488ac1d772933feef84f928cd7e7259b4d89
f6ffd36c4c00-PG_MCA_CAP2_Cutoff_All_Institutes_2025_26__1_.pdf,6268,"Tatyasaheb Kore Institute of Engineering and Technology, Warananagar",0626824110,2025-26,2,Maharashtra,EWS,EWS,SL,39.3989669,percentile,EWS | 18092 | 39.3989669 | Stage-I,205,Other Than Home University Seats Allotted to Other Than Home University Candidates,b46cda08bc94a06b7928d05598fba4903be81a0e34635caf6c7290901f6d5ec9
f6ffd36c4c00-PG_MCA_CAP2_Cutoff_All_Institutes_2025_26__1_.pdf,6268,"Tatyasaheb Kore Institute of Engineering and Technology, Warananagar",0626824110,2025-26,2,Maharashtra,TFWS,TFWS,SL,74.782248,percentile,TFWS | 8302 | 74.782248 | Stage-I,205,Other Than Home University Seats Allotted to Other Than Home University Candidates,08584528b794558c25fcea68059ba7b07adf43da2b9a2fb28ad55f721a1ec59a
f6ffd36c4c00-PG_MCA_CAP2_Cutoff_All_Institutes_2025_26__1_.pdf,6277,"Dr. J. J. Magdum Charitable Trust's Dr. J.J. Magdum College of Engineering, Jaysingpur",0627724110,2025-26,2,Maharashtra,GOPENH,GOPENH,HU,67.3579428,percentile,GOPENH | 10550 | 67.3579428 | Stage-I,206,Home University Seats Allotted to Home University Candidates,7d5508650ae55ec633c255ed83ae0b5f838ee12e657d73214b75d29e773da53f
f6ffd36c4c00-PG_MCA_CAP2_Cutoff_All_Institutes_2025_26__1_.pdf,6277,"Dr. J. J. Magdum Charitable Trust's Dr. J.J. Magdum College of Engineering, Jaysingpur",0627724110,2025-26,2,Maharashtra,GSTH,GSTH,HU,31.6629561,percentile,GSTH | 19406 | 31.6629561 | Stage-I,206,Home University Seats Allotted to Home University Candidates,3f6fdcdbc92891f72e86b939aef89bd6193f6fc8ffa69823fdc08f404740807d
f6ffd36c4c00-PG_MCA_CAP2_Cutoff_All_Institutes_2025_26__1_.pdf,6277,"Dr. J. J. Magdum Charitable Trust's Dr. J.J. Magdum College of Engineering, Jaysingpur",0627724110,2025-26,2,Maharashtra,GNTAH,GNTAH,HU,16.9789978,percentile,GNTAH | 22589 | 16.9789978 | Stage-I,206,Home University Seats Allotted to Home University Candidates,8e90ebe049bc34628152eda11ec7dcc8d2e8eae2b8b0a1aaa5f1c5b813fefee7
f6ffd36c4c00-PG_MCA_CAP2_Cutoff_All_Institutes_2025_26__1_.pdf,6277,"Dr. J. J. Magdum Charitable Trust's Dr. J.J. Magdum College of Engineering, Jaysingpur",0627724110,2025-26,2,Maharashtra,GNTBH,GNTBH,HU,19.1539942,percentile,GNTBH | 22366 | 19.1539942 | Stage-I,206,Home University Seats Allotted to Home University Candidates,c331f7566040050d0dc4623c324224d066246fbcb29805f4e647ae8006b612d3
f6ffd36c4c00-PG_MCA_CAP2_Cutoff_All_Institutes_2025_26__1_.pdf,6277,"Dr. J. J. Magdum Charitable Trust's Dr. J.J. Magdum College of Engineering, Jaysingpur",0627724110,2025-26,2,Maharashtra,GNTCH,GNTCH,HU,65.8578922,percentile,GNTCH | 11327 | 65.8578922 | Stage-I,206,Home University Seats Allotted to Home University Candidates,9f369085e75cdd55cda88760f3585a909ac3631283fb19c1d19d6bc5d454ee77
f6ffd36c4c00-PG_MCA_CAP2_Cutoff_All_Institutes_2025_26__1_.pdf,6277,"Dr. J. J. Magdum Charitable Trust's Dr. J.J. Magdum College of Engineering, Jaysingpur",0627724110,2025-26,2,Maharashtra,GOPENO,GOPENO,HU,69.7143504,percentile,GOPENO | 9867 | 69.7143504 | Stage-I,206,Other Than Home University Seats Allotted to Other Than Home University Candidates,e69f74da355dff27c154d1d8a80d1a1bede1dd4fb005e5615253855397db0077
f6ffd36c4c00-PG_MCA_CAP2_Cutoff_All_Institutes_2025_26__1_.pdf,6277,"Dr. J. J. Magdum Charitable Trust's Dr. J.J. Magdum College of Engineering, Jaysingpur",0627724110,2025-26,2,Maharashtra,GOPENO,GOPENO,HU,56.5488095,percentile,GOPENO | 13453 | 56.5488095 | Stage-I,206,Other Than Home University Seats Allotted to Home University Candidates,9a0ad994451b38d69c9d01912a192411b5c3360739be75e23e9643aeef570da6
f6ffd36c4c00-PG_MCA_CAP2_Cutoff_All_Institutes_2025_26__1_.pdf,6277,"Dr. J. J. Magdum Charitable Trust's Dr. J.J. Magdum College of Engineering, Jaysingpur",0627724110,2025-26,2,Maharashtra,GSTO,GSTO,HU,9.7430286,percentile,GSTO | 24049 | 9.7430286 | Stage-I,206,Other Than Home University Seats Allotted to Home University Candidates,1c593d60ff2b42e6047a3fece17a2d8f685770e557d7cd58e83a5776e5d1b7fe
f6ffd36c4c00-PG_MCA_CAP2_Cutoff_All_Institutes_2025_26__1_.pdf,6277,"Dr. J. J. Magdum Charitable Trust's Dr. J.J. Magdum College of Engineering, Jaysingpur",0627724110,2025-26,2,Maharashtra,GNTAO,GNTAO,HU,56.5488095,percentile,GNTAO | 13631 | 56.5488095 | Stage-I,206,Other Than Home University Seats Allotted to Home University Candidates,0c406a40a4cd870d9dc9177bdfb585315372ac08ea37a4d3d65cb86c5cab2318
f6ffd36c4c00-PG_MCA_CAP2_Cutoff_All_Institutes_2025_26__1_.pdf,6277,"Dr. J. J. Magdum Charitable Trust's Dr. J.J. Magdum College of Engineering, Jaysingpur",0627724110,2025-26,2,Maharashtra,EWS,EWS,SL,41.4550394,percentile,EWS | 17616 | 41.4550394 | Stage-I,207,,5b6f7e4950ff55e27e5d91133f03b4da699ce794c839a49aadad111169dfea97
f6ffd36c4c00-PG_MCA_CAP2_Cutoff_All_Institutes_2025_26__1_.pdf,6277,"Dr. J. J. Magdum Charitable Trust's Dr. J.J. Magdum College of Engineering, Jaysingpur",0627724110,2025-26,2,Maharashtra,TFWS,TFWS,SL,82.9644433,percentile,TFWS | 5517 | 82.9644433 | Stage-I,207,,f620b5a048fa732f369880bde8622c63521cefe200d6ce171e9d20043048b2d8
f6ffd36c4c00-PG_MCA_CAP2_Cutoff_All_Institutes_2025_26__1_.pdf,6310,"Nutan Maharashtra Vidya Prasarak Mandal, Nutan Maharashtra Institute of Engineering &Technology, Talegaon station, Pune",0631024110,2025-26,2,Maharashtra,GOPENH,GOPENH,HU,82.8308366,percentile,GOPENH | 6021 | 82.8308366 | Stage-I,208,Home University Seats Allotted to Home University Candidates,3b1511acea04fc09e060ade84598b240be91f8b6ac6c32c8fa9f928b7c434e94
f6ffd36c4c00-PG_MCA_CAP2_Cutoff_All_Institutes_2025_26__1_.pdf,6310,"Nutan Maharashtra Vidya Prasarak Mandal, Nutan Maharashtra Institute of Engineering &Technology, Talegaon station, Pune",0631024110,2025-26,2,Maharashtra,GSCH,GSCH,HU,74.782248,percentile,GSCH | 8235 | 74.782248 | Stage-I,208,Home University Seats Allotted to Home University Candidates,3751c1a92278261cea723a6bea4dbedbf6d87bb23a3e4a3d1f05bb7b128435a5
f6ffd36c4c00-PG_MCA_CAP2_Cutoff_All_Institutes_2025_26__1_.pdf,6310,"Nutan Maharashtra Vidya Prasarak Mandal, Nutan Maharashtra Institute of Engineering &Technology, Talegaon station, Pune",0631024110,2025-26,2,Maharashtra,GSTH,GSTH,HU,61.2807064,percentile,GSTH | 12675 | 61.2807064 | Stage-I,208,Home University Seats Allotted to Home University Candidates,640d4b16a1aa7b98ef36fa241b759113887fe50422f4ea952de4dea7f89ad688
f6ffd36c4c00-PG_MCA_CAP2_Cutoff_All_Institutes_2025_26__1_.pdf,6310,"Nutan Maharashtra Vidya Prasarak Mandal, Nutan Maharashtra Institute of Engineering &Technology, Talegaon station, Pune",0631024110,2025-26,2,Maharashtra,GNTDH,GNTDH,HU,63.1574978,percentile,GNTDH | 11940 | 63.1574978 | Stage-I,208,Home University Seats Allotted to Home University Candidates,92881b494f814d089a4fab598f54bcc40f69a866c3b1bf34f04e23117afb1b3c
f6ffd36c4c00-PG_MCA_CAP2_Cutoff_All_Institutes_2025_26__1_.pdf,6310,"Nutan Maharashtra Vidya Prasarak Mandal, Nutan Maharashtra Institute of Engineering &Technology, Talegaon station, Pune",0631024110,2025-26,2,Maharashtra,GOBCH,GOBCH,HU,69.7143504,percentile,GOBCH | 9753 | 69.7143504 | Stage-I,208,Home University Seats Allotted to Home University Candidates,35e9532dc7dbb0207b5ebe9bc5ec510287313399182531bc5a715454ae940387
f6ffd36c4c00-PG_MCA_CAP2_Cutoff_All_Institutes_2025_26__1_.pdf,6310,"Nutan Maharashtra Vidya Prasarak Mandal, Nutan Maharashtra Institute of Engineering &Technology, Talegaon station, Pune",0631024110,2025-26,2,Maharashtra,GSEBCH,GSEBCH,HU,44.5345198,percentile,GSEBCH | 16985 | 44.5345198 | Stage-I,208,Home University Seats Allotted to Home University Candidates,a0fd1ab7d039787a56a81108e741e9d9719828939b98cfe5fbdba40446858d42
f6ffd36c4c00-PG_MCA_CAP2_Cutoff_All_Institutes_2025_26__1_.pdf,6310,"Nutan Maharashtra Vidya Prasarak Mandal, Nutan Maharashtra Institute of Engineering &Technology, Talegaon station, Pune",0631024110,2025-26,2,Maharashtra,GOPENO,GOPENO,HU,76.9216256,percentile,GOPENO | 7448 | 76.9216256 | Stage-I,208,Other Than Home University Seats Allotted to Other Than Home University Candidates,02528bc1dcf656941b027057bee320bfcb15638b2f20d1efdb188cab9a406d90
f6ffd36c4c00-PG_MCA_CAP2_Cutoff_All_Institutes_2025_26__1_.pdf,6310,"Nutan Maharashtra Vidya Prasarak Mandal, Nutan Maharashtra Institute of Engineering &Technology, Talegaon station, Pune",0631024110,2025-26,2,Maharashtra,GSCO,GSCO,HU,63.1574978,percentile,GSCO | 11599 | 63.1574978 | Stage-I,208,Other Than Home University Seats Allotted to Other Than Home University Candidates,eb046953050a706683a4b75ff95a34993cd997ce211bddaa00c506c03fa4c910
f6ffd36c4c00-PG_MCA_CAP2_Cutoff_All_Institutes_2025_26__1_.pdf,6310,"Nutan Maharashtra Vidya Prasarak Mandal, Nutan Maharashtra Institute of Engineering &Technology, Talegaon station, Pune",0631024110,2025-26,2,Maharashtra,GSTO,GSTO,HU,71.1549338,percentile,GSTO | 9118 | 71.1549338 | Stage-I,208,Other Than Home University Seats Allotted to Other Than Home University Candidates,dd77ddc25fdcc55bfccfc28ca7cefd59f0507125f41acc018f487dffb7f904e5
f6ffd36c4c00-PG_MCA_CAP2_Cutoff_All_Institutes_2025_26__1_.pdf,6310,"Nutan Maharashtra Vidya Prasarak Mandal, Nutan Maharashtra Institute of Engineering &Technology, Talegaon station, Pune",0631024110,2025-26,2,Maharashtra,GNTCO,GNTCO,HU,73.5368477,percentile,GNTCO | 8753 | 73.5368477 | Stage-I,208,Other Than Home University Seats Allotted to Other Than Home University Candidates,2eb4512b8f0d5c2e708a89adf9a1d3bf6f79f37c70727676b807c80541f0b414
f6ffd36c4c00-PG_MCA_CAP2_Cutoff_All_Institutes_2025_26__1_.pdf,6310,"Nutan Maharashtra Vidya Prasarak Mandal, Nutan Maharashtra Institute of Engineering &Technology, Talegaon station, Pune",0631024110,2025-26,2,Maharashtra,GOBCO,GOBCO,HU,73.5368477,percentile,GOBCO | 8799 | 73.5368477 | Stage-I,208,Other Than Home University Seats Allotted to Other Than Home University Candidates,1956787296a02272da19e122b323a02ec9c87261ed9deff9712c36988b487518
f6ffd36c4c00-PG_MCA_CAP2_Cutoff_All_Institutes_2025_26__1_.pdf,6319,"Shahajirao Patil Vikas Pratishthan, S.B.Patil College of Engineering, Vangali, Tal. Indapur",0631924110,2025-26,2,Maharashtra,GOPENH,GOPENH,HU,56.5488095,percentile,GOPENH | 13494 | 56.5488095 | Stage-I,209,Home University Seats Allotted to Home University Candidates,11fa3edf971dfd95b6c0c5e28d89c22761f877488e7d87b7acb353058f99901c
f6ffd36c4c00-PG_MCA_CAP2_Cutoff_All_Institutes_2025_26__1_.pdf,6319,"Shahajirao Patil Vikas Pratishthan, S.B.Patil College of Engineering, Vangali, Tal. Indapur",0631924110,2025-26,2,Maharashtra,GSCH,GSCH,HU,25.4779232,percentile,GSCH | 20889 | 25.4779232 | Stage-I,209,Home University Seats Allotted to Home University Candidates,552c3a13cf20feea7e83697ad748d5bbe6c386918b3b252c8fb044069b832e28
f6ffd36c4c00-PG_MCA_CAP2_Cutoff_All_Institutes_2025_26__1_.pdf,6319,"Shahajirao Patil Vikas Pratishthan, S.B.Patil College of Engineering, Vangali, Tal. Indapur",0631924110,2025-26,2,Maharashtra,GSTH,GSTH,HU,31.6629561,percentile,GSTH | 19434 | 31.6629561 | Stage-I,209,Home University Seats Allotted to Home University Candidates,b5c007f9aa79580671e11f6d305cbbdfdbe9417b191ce2cdc85018c98a9845a5
f6ffd36c4c00-PG_MCA_CAP2_Cutoff_All_Institutes_2025_26__1_.pdf,6319,"Shahajirao Patil Vikas Pratishthan, S.B.Patil College of Engineering, Vangali, Tal. Indapur",0631924110,2025-26,2,Maharashtra,GSEBCH,GSEBCH,HU,31.6629561,percentile,GSEBCH | 19816 | 31.6629561 | Stage-I,209,Home University Seats Allotted to Other Than Home University Candidates,1d8571af3dd300c34fc0f245dbb95ede5f36193cfbd6b80057beeda59632a281
f6ffd36c4c00-PG_MCA_CAP2_Cutoff_All_Institutes_2025_26__1_.pdf,6319,"Shahajirao Patil Vikas Pratishthan, S.B.Patil College of Engineering, Vangali, Tal. Indapur",0631924110,2025-26,2,Maharashtra,GSCO,GSCO,HU,36.496736,percentile,GSCO | 18797 | 36.496736 | Stage-I,209,Other Than Home University Seats Allotted to Other Than Home University Candidates,02b198c948c7d054104aaa4d2d41d6d767cb08162fb2c09de4cc568f7c7d2ab3
f6ffd36c4c00-PG_MCA_CAP2_Cutoff_All_Institutes_2025_26__1_.pdf,6319,"Shahajirao Patil Vikas Pratishthan, S.B.Patil College of Engineering, Vangali, Tal. Indapur",0631924110,2025-26,2,Maharashtra,GSTO,GSTO,HU,51.4093808,percentile,GSTO | 14946 | 51.4093808 | Stage-I,209,Other Than Home University Seats Allotted to Other Than Home University Candidates,5dcc1525c35f627d52f8498035f9c4c1d6335fd2aa5f25b82b6e4993eeba8afb
f6ffd36c4c00-PG_MCA_CAP2_Cutoff_All_Institutes_2025_26__1_.pdf,6319,"Shahajirao Patil Vikas Pratishthan, S.B.Patil College of Engineering, Vangali, Tal. Indapur",0631924110,2025-26,2,Maharashtra,GNTBO,GNTBO,HU,41.4550394,percentile,GNTBO | 17400 | 41.4550394 | Stage-I,209,Other Than Home University Seats Allotted to Other Than Home University Candidates,5e69684a3a5c0dc4e67668517120f92643ab9d4a4d3d83e40215e6850bac17e6
f6ffd36c4c00-PG_MCA_CAP2_Cutoff_All_Institutes_2025_26__1_.pdf,6319,"Shahajirao Patil Vikas Pratishthan, S.B.Patil College of Engineering, Vangali, Tal. Indapur",0631924110,2025-26,2,Maharashtra,TFWS,TFWS,SL,77.8251197,percentile,TFWS | 7176 | 77.8251197 | Stage-I,210,,f97246d20ea42dfbecf64b8789113da44d7a85787a2eac64647605210819ae84
f6ffd36c4c00-PG_MCA_CAP2_Cutoff_All_Institutes_2025_26__1_.pdf,6321,"Vidya Vikas Pratishthan Institute of Engineering and Technology, Solapur",0632124110,2025-26,2,Maharashtra,GSCH,GSCH,HU,46.3793819,percentile,GSCH | 16034 | 46.3793819 | Stage-IV,211,Home University Seats Allotted to Home University Candidates,bc0a6f898ac9da3ce12ba973a604d0893504b869271fed94577be1e6c25f1aea
f6ffd36c4c00-PG_MCA_CAP2_Cutoff_All_Institutes_2025_26__1_.pdf,6321,"Vidya Vikas Pratishthan Institute of Engineering and Technology, Solapur",0632124110,2025-26,2,Maharashtra,GSTH,GSTH,HU,44.5345198,percentile,GSTH | 16619 | 44.5345198 | Stage-IV,211,Home University Seats Allotted to Home University Candidates,a424ddc85bdc5cd8ab3b3048da88b8113e719ffe63dc5ba63ba0300132f87b6f
f6ffd36c4c00-PG_MCA_CAP2_Cutoff_All_Institutes_2025_26__1_.pdf,6321,"Vidya Vikas Pratishthan Institute of Engineering and Technology, Solapur",0632124110,2025-26,2,Maharashtra,GNTBH,GNTBH,HU,56.5488095,percentile,GNTBH | 13476 | 56.5488095 | Stage-IV,211,Home University Seats Allotted to Home University Candidates,23234fd7f20d0e00e958b4f18e81c28408b3074957916991a2f2a243c383affb
f6ffd36c4c00-PG_MCA_CAP2_Cutoff_All_Institutes_2025_26__1_.pdf,6321,"Vidya Vikas Pratishthan Institute of Engineering and Technology, Solapur",0632124110,2025-26,2,Maharashtra,GNTDH,GNTDH,HU,56.5488095,percentile,GNTDH | 13667 | 56.5488095 | Stage-IV,211,Home University Seats Allotted to Home University Candidates,775fd39ac14b36f418973f2128303f1edc8d951da9163545433fff42ee12d90d
f6ffd36c4c00-PG_MCA_CAP2_Cutoff_All_Institutes_2025_26__1_.pdf,6321,"Vidya Vikas Pratishthan Institute of Engineering and Technology, Solapur",0632124110,2025-26,2,Maharashtra,GOBCH,GOBCH,HU,41.4550394,percentile,GOBCH | 17432 | 41.4550394 | Stage-IV,211,Home University Seats Allotted to Home University Candidates,aff7cf1d28728c2aab4ad5de656063e6b2964746580e13536d8bfdae981959d1
f6ffd36c4c00-PG_MCA_CAP2_Cutoff_All_Institutes_2025_26__1_.pdf,6321,"Vidya Vikas Pratishthan Institute of Engineering and Technology, Solapur",0632124110,2025-26,2,Maharashtra,GOPENO,GOPENO,HU,10.5199653,percentile,GOPENO | 23870 | 10.5199653 | Stage-I,211,Other Than Home University Seats Allotted to Other Than Home University Candidates,85b20a8fa15370e4f1b72b25c984e8f8d412417b9cae285727779bda8a8c18bf
f6ffd36c4c00-PG_MCA_CAP2_Cutoff_All_Institutes_2025_26__1_.pdf,6321,"Vidya Vikas Pratishthan Institute of Engineering and Technology, Solapur",0632124110,2025-26,2,Maharashtra,GSCO,GSCO,HU,36.496736,percentile,GSCO | 18487 | 36.496736 | Stage-IV,211,Other Than Home University Seats Allotted to Home University Candidates,0e4bbeb885da473b50891449ac8fe4755f64c45d25fb73cc116d0d1019f50c57
f6ffd36c4c00-PG_MCA_CAP2_Cutoff_All_Institutes_2025_26__1_.pdf,6321,"Vidya Vikas Pratishthan Institute of Engineering and Technology, Solapur",0632124110,2025-26,2,Maharashtra,GSTO,GSTO,HU,34.5198145,percentile,GSTO | 18953 | 34.5198145 | Stage-IV,211,Other Than Home University Seats Allotted to Home University Candidates,520d38c8ca525cd528aaa21d464a3b7a9acdd1772e7b1437894a5fa41ec5c9c9
f6ffd36c4c00-PG_MCA_CAP2_Cutoff_All_Institutes_2025_26__1_.pdf,6321,"Vidya Vikas Pratishthan Institute of Engineering and Technology, Solapur",0632124110,2025-26,2,Maharashtra,GNTDO,GNTDO,HU,39.3989669,percentile,GNTDO | 17924 | 39.3989669 | Stage-IV,211,Other Than Home University Seats Allotted to Home University Candidates,8aba7ec0cd8735983881c56cd2af9de5be716668214039ec92405132b9ab4d43
f6ffd36c4c00-PG_MCA_CAP2_Cutoff_All_Institutes_2025_26__1_.pdf,6321,"Vidya Vikas Pratishthan Institute of Engineering and Technology, Solapur",0632124110,2025-26,2,Maharashtra,GOBCO,GOBCO,HU,36.496736,percentile,GOBCO | 18307 | 36.496736 | Stage-IV,211,Other Than Home University Seats Allotted to Home University Candidates,b5b561de2adc4782dd603e2749ad414a9efa7cfa075aa8fe13565c1a853064d2
f6ffd36c4c00-PG_MCA_CAP2_Cutoff_All_Institutes_2025_26__1_.pdf,6321,"Vidya Vikas Pratishthan Institute of Engineering and Technology, Solapur",0632124110,2025-26,2,Maharashtra,TFWS,TFWS,SL,34.5198145,percentile,TFWS | 18872 | 34.5198145 | Stage-I,212,,2283475281410bd2dc22a2decfa28aa4ea41529be0594fc2c5262974bdbe31c6
f6ffd36c4c00-PG_MCA_CAP2_Cutoff_All_Institutes_2025_26__1_.pdf,6467,"Swami Vivekanand Institute Of Technology, Solapur",0646724110,2025-26,2,Maharashtra,GOPENH,GOPENH,HU,31.6629561,percentile,GOPENH | 19636 | 31.6629561 | Stage-I,213,Home University Seats Allotted to Home University Candidates,939e0eb95eaf19688564cde21091b3182265b2c412892580635617b5ff8937d2
f6ffd36c4c00-PG_MCA_CAP2_Cutoff_All_Institutes_2025_26__1_.pdf,6467,"Swami Vivekanand Institute Of Technology, Solapur",0646724110,2025-26,2,Maharashtra,GSTH,GSTH,HU,2.0301121,percentile,GSTH | 25291 | 2.0301121 | Stage-I,213,Home University Seats Allotted to Home University Candidates,0ff3963059ca9e9fdc82ad805a0f85deb58b3391a2ae56c3db23a1c9ab43e132
f6ffd36c4c00-PG_MCA_CAP2_Cutoff_All_Institutes_2025_26__1_.pdf,6467,"Swami Vivekanand Institute Of Technology, Solapur",0646724110,2025-26,2,Maharashtra,GOPENO,GOPENO,HU,27.2744425,percentile,GOPENO | 20350 | 27.2744425 | Stage-I,213,Other Than Home University Seats Allotted to Other Than Home University Candidates,4b8f72d6645839936fed810e0c20cd48d1012325df32b057b1a9b559d1fc9cb8
f6ffd36c4c00-PG_MCA_CAP2_Cutoff_All_Institutes_2025_26__1_.pdf,6545,"Samarth Education Trust's Arvind Gavali College Of Engineering Panwalewadi, Varye,Satara.",0654524110,2025-26,2,Maharashtra,GOPENH,GOPENH,HU,67.3579428,percentile,GOPENH | 10563 | 67.3579428 | Stage-I,214,Home University Seats Allotted to Home University Candidates,16ced3d244e574bdff597adae484b6d54eba66949e084e0af3a2761966fd5f50
f6ffd36c4c00-PG_MCA_CAP2_Cutoff_All_Institutes_2025_26__1_.pdf,6545,"Samarth Education Trust's Arvind Gavali College Of Engineering Panwalewadi, Varye,Satara.",0654524110,2025-26,2,Maharashtra,GOPENO,GOPENO,HU,15.5994113,percentile,GOPENO | 23075 | 15.5994113 | Stage-I,214,Other Than Home University Seats Allotted to Other Than Home University Candidates,7b15f601c5e278515c0c86df4ae45e8db2412b8e9da5be03eaf10134f660e22e
f6ffd36c4c00-PG_MCA_CAP2_Cutoff_All_Institutes_2025_26__1_.pdf,6545,"Samarth Education Trust's Arvind Gavali College Of Engineering Panwalewadi, Varye,Satara.",0654524110,2025-26,2,Maharashtra,TFWS,TFWS,SL,77.8251197,percentile,TFWS | 7332 | 77.8251197 | Stage-I,214,Other Than Home University Seats Allotted to Other Than Home University Candidates,4ac3a724c17be8cb0d27d7aac9ff4e2b68c96522450a482318d7a6c223fef667
f6ffd36c4c00-PG_MCA_CAP2_Cutoff_All_Institutes_2025_26__1_.pdf,6547,"Suryadatta Educational Foundation, Suryadatta Institute of Management and Mass Communication, Pune",0654724110,2025-26,2,Maharashtra,GOPENH,GOPENH,HU,82.8308366,percentile,GOPENH | 5850 | 82.8308366 | Stage-I,215,Home University Seats Allotted to Home University Candidates,890ebc8a136d04ec8d170cb3e9199e492e9d0e0fd6b3de5fa6b92a006782ac53
f6ffd36c4c00-PG_MCA_CAP2_Cutoff_All_Institutes_2025_26__1_.pdf,6547,"Suryadatta Educational Foundation, Suryadatta Institute of Management and Mass Communication, Pune",0654724110,2025-26,2,Maharashtra,GOPENO,GOPENO,HU,90.9663786,percentile,GOPENO | 2833 | 90.9663786 | Stage-I,215,Other Than Home University Seats Allotted to Other Than Home University Candidates,ca33f8279fe0ff2c09a20f5948cfbd2ce3417fa629d6249afc994aaef36f3638
f6ffd36c4c00-PG_MCA_CAP2_Cutoff_All_Institutes_2025_26__1_.pdf,6547,"Suryadatta Educational Foundation, Suryadatta Institute of Management and Mass Communication, Pune",0654724110,2025-26,2,Maharashtra,MI-MH,MI-MH,MI,73.5368477,percentile,MI-MH | 8917 | 73.5368477 | Stage-MI-MH,215,Minority Seats : Minority Seats Allotted to Non Minority Candidates,f30159ef502023ce9f42420f935fcc234257c04a688c414a92cf36769d93178a
f6ffd36c4c00-PG_MCA_CAP2_Cutoff_All_Institutes_2025_26__1_.pdf,6548,"Suryadatta Educational Foundation, Suryadatta Institute of Business Management and Technology, Pune",0654824110,2025-26,2,Maharashtra,GOPENH,GOPENH,HU,79.9969812,percentile,GOPENH | 6772 | 79.9969812 | Stage-I,216,Home University Seats Allotted to Home University Candidates,f848be3e5e0649e197d37d923161028fa4c36f8d4ef56100b9db380ab16334b5
f6ffd36c4c00-PG_MCA_CAP2_Cutoff_All_Institutes_2025_26__1_.pdf,6548,"Suryadatta Educational Foundation, Suryadatta Institute of Business Management and Technology, Pune",0654824110,2025-26,2,Maharashtra,GOPENO,GOPENO,HU,80.5399495,percentile,GOPENO | 6375 | 80.5399495 | Stage-I,216,Other Than Home University Seats Allotted to Other Than Home University Candidates,f6b89dc910f5effd60acd26b4b58ed16b34b5e1ee2d6776d51c30eff05e5c2fe
f6ffd36c4c00-PG_MCA_CAP2_Cutoff_All_Institutes_2025_26__1_.pdf,6548,"Suryadatta Educational Foundation, Suryadatta Institute of Business Management and Technology, Pune",0654824110,2025-26,2,Maharashtra,MI-MH,MI-MH,MI,69.7143504,percentile,MI-MH | 9809 | 69.7143504 | Stage-MI-MH,216,Minority Seats : Minority Seats Allotted to Non Minority Candidates,fca7543f3900993915a73c2fa04948e471281f052c84eb9c76dd3a0870953e06
f6ffd36c4c00-PG_MCA_CAP2_Cutoff_All_Institutes_2025_26__1_.pdf,6614,"Sadhu Vaswani Institute Of Management Studies For Girls, Koregaon, Pune",0654824110,2025-26,2,Maharashtra,GOPENH,GOPENH,HU,65.8578922,percentile,GOPENH | 11263 | 65.8578922 | Stage-I,217,Home University Seats Allotted to Home University Candidates,8414e087f1fecf76dae92f35cc0e3a9e22e5f4c102a1240a6fc6a89011ca59d9
f6ffd36c4c00-PG_MCA_CAP2_Cutoff_All_Institutes_2025_26__1_.pdf,6614,"Sadhu Vaswani Institute Of Management Studies For Girls, Koregaon, Pune",0654824110,2025-26,2,Maharashtra,GOPENO,GOPENO,HU,69.7143504,percentile,GOPENO | 9644 | 69.7143504 | Stage-I,217,Other Than Home University Seats Allotted to Other Than Home University Candidates,d6f3c80f9ad1bb7f13de8f52ee74469584fdac1dd32ad0c833487a11928aa0bc
f6ffd36c4c00-PG_MCA_CAP2_Cutoff_All_Institutes_2025_26__1_.pdf,6614,"Sadhu Vaswani Institute Of Management Studies For Girls, Koregaon, Pune",0654824110,2025-26,2,Maharashtra,TFWS,TFWS,SL,85.2118788,percentile,TFWS | 5137 | 85.2118788 | Stage-I,217,Other Than Home University Seats Allotted to Other Than Home University Candidates,433a1d2cc9b9eb01f7f4277c30bd3a337e80e0ba0c78da485b69f0a7e06f7ac9
f6ffd36c4c00-PG_MCA_CAP2_Cutoff_All_Institutes_2025_26__1_.pdf,6614,"Sadhu Vaswani Institute Of Management Studies For Girls, Koregaon, Pune",0654824110,2025-26,2,Maharashtra,MI-MH,MI-MH,MI,58.7911466,percentile,MI-MH | 13202 | 58.7911466 | Stage-MI-MH,218,Minority Seats : Minority Seats Allotted to Non Minority Candidates,a497cf97a1c0cbb5712b68d92ffb6514584fc8003682ea3e1fe1ab979992ea09
f6ffd36c4c00-PG_MCA_CAP2_Cutoff_All_Institutes_2025_26__1_.pdf,6628,"Dattakala Group Of Institutions, Swami - Chincholi Tal. Daund Dist. Pune",0662824110,2025-26,2,Maharashtra,GOPENH,GOPENH,HU,44.5345198,percentile,GOPENH | 16974 | 44.5345198 | Stage-I,219,Home University Seats Allotted to Home University Candidates,79fc4a9e82f43f540763c494dfa62761455bad4c61eae388bf5dadffc4e5bd08
f6ffd36c4c00-PG_MCA_CAP2_Cutoff_All_Institutes_2025_26__1_.pdf,6628,"Dattakala Group Of Institutions, Swami - Chincholi Tal. Daund Dist. Pune",0662824110,2025-26,2,Maharashtra,GSCH,GSCH,HU,39.3989669,percentile,GSCH | 17882 | 39.3989669 | Stage-I,219,Home University Seats Allotted to Home University Candidates,9d9d57e1d0c4f552019ea6490b40876f531956988c35a9700a80c502ddfcb981
f6ffd36c4c00-PG_MCA_CAP2_Cutoff_All_Institutes_2025_26__1_.pdf,6628,"Dattakala Group Of Institutions, Swami - Chincholi Tal. Daund Dist. Pune",0662824110,2025-26,2,Maharashtra,GSTH,GSTH,HU,25.4779232,percentile,GSTH | 21209 | 25.4779232 | Stage-I,219,Home University Seats Allotted to Home University Candidates,b97ed97b1944d6a5911bf3b98771d38be54d2d3964dda929258e5b9921353239
f6ffd36c4c00-PG_MCA_CAP2_Cutoff_All_Institutes_2025_26__1_.pdf,6628,"Dattakala Group Of Institutions, Swami - Chincholi Tal. Daund Dist. Pune",0662824110,2025-26,2,Maharashtra,GNTAH,GNTAH,HU,31.6629561,percentile,GNTAH | 19341 | 31.6629561 | Stage-I,219,Home University Seats Allotted to Home University Candidates,5b253df2db9fdc8330c0bd0324bc2f6b69fc2e30121f076bc085a4162ac67cbb
f6ffd36c4c00-PG_MCA_CAP2_Cutoff_All_Institutes_2025_26__1_.pdf,6628,"Dattakala Group Of Institutions, Swami - Chincholi Tal. Daund Dist. Pune",0662824110,2025-26,2,Maharashtra,GNTBH,GNTBH,HU,21.0059952,percentile,GNTBH | 21718 | 21.0059952 | Stage-I,219,Home University Seats Allotted to Home University Candidates,d929b5e90052f61fe9454966ca23c67db3bcc810c13086b3ff3a831d852b4078
f6ffd36c4c00-PG_MCA_CAP2_Cutoff_All_Institutes_2025_26__1_.pdf,6628,"Dattakala Group Of Institutions, Swami - Chincholi Tal. Daund Dist. Pune",0662824110,2025-26,2,Maharashtra,GNTCH,GNTCH,HU,5.5960152,percentile,GNTCH | 24642 | 5.5960152 | Stage-I,219,Home University Seats Allotted to Home University Candidates,6fd710a6ae28a6a8a887032ad74a9dc117f25431ce388b84203c0183b03250ec
f6ffd36c4c00-PG_MCA_CAP2_Cutoff_All_Institutes_2025_26__1_.pdf,6628,"Dattakala Group Of Institutions, Swami - Chincholi Tal. Daund Dist. Pune",0662824110,2025-26,2,Maharashtra,GSCH,GSCH,HU,4.302251,percentile,GSCH | 24838 | 4.302251 | Stage-I,219,Home University Seats Allotted to Other Than Home University Candidates,6ea4745845796d2153fc76fabf833fd841b8035e4ea323810284889cd0f55322
f6ffd36c4c00-PG_MCA_CAP2_Cutoff_All_Institutes_2025_26__1_.pdf,6628,"Dattakala Group Of Institutions, Swami - Chincholi Tal. Daund Dist. Pune",0662824110,2025-26,2,Maharashtra,GNTBH,GNTBH,HU,44.5345198,percentile,GNTBH | 16836 | 44.5345198 | Stage-I,219,Home University Seats Allotted to Other Than Home University Candidates,6fd12ba93008feee06a5ee09f182b6cf20312ae89bd2dfa5cf15160fdb90bbf5
f6ffd36c4c00-PG_MCA_CAP2_Cutoff_All_Institutes_2025_26__1_.pdf,6628,"Dattakala Group Of Institutions, Swami - Chincholi Tal. Daund Dist. Pune",0662824110,2025-26,2,Maharashtra,GOPENO,GOPENO,HU,61.2807064,percentile,GOPENO | 12075 | 61.2807064 | Stage-I,219,Other Than Home University Seats Allotted to Other Than Home University Candidates,07f6f621732f461a4c8142f4862125e0050f38467255b0e5354b63739bb17776
f6ffd36c4c00-PG_MCA_CAP2_Cutoff_All_Institutes_2025_26__1_.pdf,6628,"Dattakala Group Of Institutions, Swami - Chincholi Tal. Daund Dist. Pune",0662824110,2025-26,2,Maharashtra,GSCO,GSCO,HU,15.5994113,percentile,GSCO | 23001 | 15.5994113 | Stage-I,219,Other Than Home University Seats Allotted to Other Than Home University Candidates,ad86934a5a39e0908b5c8a39279b4f3169df99aa735fcfea25bcf36bc05ffb48
f6ffd36c4c00-PG_MCA_CAP2_Cutoff_All_Institutes_2025_26__1_.pdf,6628,"Dattakala Group Of Institutions, Swami - Chincholi Tal. Daund Dist. Pune",0662824110,2025-26,2,Maharashtra,GSTO,GSTO,HU,44.5345198,percentile,GSTO | 16543 | 44.5345198 | Stage-I,219,Other Than Home University Seats Allotted to Other Than Home University Candidates,677bbb45c225bf051e50da7a9a35330d8e3b44b8c6663e8fbb29ffc0ba6e1aaf
f6ffd36c4c00-PG_MCA_CAP2_Cutoff_All_Institutes_2025_26__1_.pdf,6628,"Dattakala Group Of Institutions, Swami - Chincholi Tal. Daund Dist. Pune",0662824110,2025-26,2,Maharashtra,GNTAO,GNTAO,HU,53.942159,percentile,GNTAO | 14057 | 53.942159 | Stage-I,219,Other Than Home University Seats Allotted to Other Than Home University Candidates,dc418a4bb6b2e5de1357b085fa43dd23d3c9159525ce0ae35cbc9d84510257ef
f6ffd36c4c00-PG_MCA_CAP2_Cutoff_All_Institutes_2025_26__1_.pdf,6628,"Dattakala Group Of Institutions, Swami - Chincholi Tal. Daund Dist. Pune",0662824110,2025-26,2,Maharashtra,GNTBO,GNTBO,HU,44.5345198,percentile,GNTBO | 16886 | 44.5345198 | Stage-I,219,Other Than Home University Seats Allotted to Other Than Home University Candidates,09c16e6bd6699fc43bf676554c9402cc495ea7280b6066c4179ad3211458cabb
f6ffd36c4c00-PG_MCA_CAP2_Cutoff_All_Institutes_2025_26__1_.pdf,6628,"Dattakala Group Of Institutions, Swami - Chincholi Tal. Daund Dist. Pune",0662824110,2025-26,2,Maharashtra,EWS,EWS,SL,25.4779232,percentile,EWS | 21170 | 25.4779232 | Stage-I,220,,3878aa51493387d66f8fc25dab2750ea7b5b865947b19ef8c1b76b6142c738a0
f6ffd36c4c00-PG_MCA_CAP2_Cutoff_All_Institutes_2025_26__1_.pdf,6628,"Dattakala Group Of Institutions, Swami - Chincholi Tal. Daund Dist. Pune",0662824110,2025-26,2,Maharashtra,TFWS,TFWS,SL,93.405226,percentile,TFWS | 2011 | 93.405226 | Stage-I,220,,d3d1bb405e77fe684479a597ab3cf715fd1749bc6f1b68b0504b0ae26890b02e
f6ffd36c4c00-PG_MCA_CAP2_Cutoff_All_Institutes_2025_26__1_.pdf,6632,Navsahyadri Education Society's Group of Institutions,0663224110,2025-26,2,Maharashtra,GOPENH,GOPENH,HU,56.5488095,percentile,GOPENH | 13644 | 56.5488095 | Stage-I,221,Home University Seats Allotted to Home University Candidates,53fe87a0a8249d668ebf56f2a437715e32fa63a1560fba71b0ffb34da2666f96
f6ffd36c4c00-PG_MCA_CAP2_Cutoff_All_Institutes_2025_26__1_.pdf,6632,Navsahyadri Education Society's Group of Institutions,0663224110,2025-26,2,Maharashtra,GSCH,GSCH,HU,41.4550394,percentile,GSCH | 17655 | 41.4550394 | Stage-I,221,Home University Seats Allotted to Home University Candidates,8dcc6a938dc2c135a749a91e2f55df49879a73a6e8d00478cbf32bf6303d3b96
f6ffd36c4c00-PG_MCA_CAP2_Cutoff_All_Institutes_2025_26__1_.pdf,6632,Navsahyadri Education Society's Group of Institutions,0663224110,2025-26,2,Maharashtra,GSTH,GSTH,HU,31.6629561,percentile,GSTH | 19660 | 31.6629561 | Stage-I,221,Home University Seats Allotted to Home University Candidates,ad610b5bff7a73a9a53d323c8bce4a80e3d84a0ccbdcdede7b82b302e0460ca1
f6ffd36c4c00-PG_MCA_CAP2_Cutoff_All_Institutes_2025_26__1_.pdf,6632,Navsahyadri Education Society's Group of Institutions,0663224110,2025-26,2,Maharashtra,GNTBH,GNTBH,HU,2.0301121,percentile,GNTBH | 25243 | 2.0301121 | Stage-I,221,Home University Seats Allotted to Home University Candidates,bc55658807ed45c7f0dab80bae12db0ed3fcb8f227d3856adc0386f36a214625
f6ffd36c4c00-PG_MCA_CAP2_Cutoff_All_Institutes_2025_26__1_.pdf,6632,Navsahyadri Education Society's Group of Institutions,0663224110,2025-26,2,Maharashtra,GNTCH,GNTCH,HU,36.496736,percentile,GNTCH | 18695 | 36.496736 | Stage-I,221,Home University Seats Allotted to Home University Candidates,578805468cc9e3245acc3a2380793bbe8377dd3134b65bcbaa234f5e84d29288
f6ffd36c4c00-PG_MCA_CAP2_Cutoff_All_Institutes_2025_26__1_.pdf,6632,Navsahyadri Education Society's Group of Institutions,0663224110,2025-26,2,Maharashtra,GNTDH,GNTDH,HU,23.1010151,percentile,GNTDH | 21608 | 23.1010151 | Stage-I,221,Home University Seats Allotted to Home University Candidates,6c5097004b25419355117ed7e09931b8e136fd9128221e86449f2ef4b7980725
f6ffd36c4c00-PG_MCA_CAP2_Cutoff_All_Institutes_2025_26__1_.pdf,6632,Navsahyadri Education Society's Group of Institutions,0663224110,2025-26,2,Maharashtra,GNTAH,GNTAH,HU,58.7911466,percentile,GNTAH | 13308 | 58.7911466 | Stage-I,221,Home University Seats Allotted to Other Than Home University Candidates,09bafb5833a02d8a4af1c824754512444757f3f88236814b3e5313ab734b9fad
f6ffd36c4c00-PG_MCA_CAP2_Cutoff_All_Institutes_2025_26__1_.pdf,6632,Navsahyadri Education Society's Group of Institutions,0663224110,2025-26,2,Maharashtra,GOPENO,GOPENO,HU,65.8578922,percentile,GOPENO | 11221 | 65.8578922 | Stage-I,221,Other Than Home University Seats Allotted to Other Than Home University Candidates,ee42c896c002d316accf3683e1ede2a0664637c76eec8c0562752612447cf35c
f6ffd36c4c00-PG_MCA_CAP2_Cutoff_All_Institutes_2025_26__1_.pdf,6632,Navsahyadri Education Society's Group of Institutions,0663224110,2025-26,2,Maharashtra,GSCO,GSCO,HU,3.0466423,percentile,GSCO | 25049 | 3.0466423 | Stage-I,221,Other Than Home University Seats Allotted to Other Than Home University Candidates,525df99bfd328d6b4d2ddfbfeeddcd0b8e326a5a979af3044bddcdf6b80e02b2
f6ffd36c4c00-PG_MCA_CAP2_Cutoff_All_Institutes_2025_26__1_.pdf,6632,Navsahyadri Education Society's Group of Institutions,0663224110,2025-26,2,Maharashtra,GSTO,GSTO,HU,23.1010151,percentile,GSTO | 21566 | 23.1010151 | Stage-I,221,Other Than Home University Seats Allotted to Other Than Home University Candidates,489444a811aaa65f52ce75be117cc64bd9685b4bf6f2f69e1ca37feea68949e3
f6ffd36c4c00-PG_MCA_CAP2_Cutoff_All_Institutes_2025_26__1_.pdf,6632,Navsahyadri Education Society's Group of Institutions,0663224110,2025-26,2,Maharashtra,GNTBO,GNTBO,HU,19.1539942,percentile,GNTBO | 22107 | 19.1539942 | Stage-I,221,Other Than Home University Seats Allotted to Other Than Home University Candidates,66acca5ab6cae991a9849f30518aa2045c3bbc45a24109fc3da79a9a2688907d
f6ffd36c4c00-PG_MCA_CAP2_Cutoff_All_Institutes_2025_26__1_.pdf,6632,Navsahyadri Education Society's Group of Institutions,0663224110,2025-26,2,Maharashtra,GNTDO,GNTDO,HU,56.5488095,percentile,GNTDO | 13509 | 56.5488095 | Stage-I,221,Other Than Home University Seats Allotted to Other Than Home University Candidates,53a134f5b51d2b632ae01b568fed9579c821d230761b4a5782a405bca1452b81
f6ffd36c4c00-PG_MCA_CAP2_Cutoff_All_Institutes_2025_26__1_.pdf,6632,Navsahyadri Education Society's Group of Institutions,0663224110,2025-26,2,Maharashtra,GOBCO,GOBCO,HU,65.8578922,percentile,GOBCO | 11245 | 65.8578922 | Stage-I,221,Other Than Home University Seats Allotted to Other Than Home University Candidates,51d8898f1bd1861056dd65b205b52c4a6afffad8340fb2f671e5ea13a4689bb2
f6ffd36c4c00-PG_MCA_CAP2_Cutoff_All_Institutes_2025_26__1_.pdf,6632,Navsahyadri Education Society's Group of Institutions,0663224110,2025-26,2,Maharashtra,TFWS,TFWS,SL,74.782248,percentile,TFWS | 8470 | 74.782248 | Stage-I,222,,c3d14752674ff805a7f85cd741f754bb12bdc5b6f8b37deec6f1c3c800d093ec
f6ffd36c4c00-PG_MCA_CAP2_Cutoff_All_Institutes_2025_26__1_.pdf,6634,"KJEI's Trinity Academy of Engineering, Yewalewadi, Pune",0663424110,2025-26,2,Maharashtra,GOPENH,GOPENH,HU,76.9216256,percentile,GOPENH | 7903 | 76.9216256 | Stage-I,223,Home University Seats Allotted to Home University Candidates,d7dac4e3d2cdc82dcc1b99cfe085ff66874e9da15d45e3978c37d09ab6866457
f6ffd36c4c00-PG_MCA_CAP2_Cutoff_All_Institutes_2025_26__1_.pdf,6634,"KJEI's Trinity Academy of Engineering, Yewalewadi, Pune",0663424110,2025-26,2,Maharashtra,GSCH,GSCH,HU,7.9446476,percentile,GSCH | 24310 | 7.9446476 | Stage-I,223,Home University Seats Allotted to Home University Candidates,e369b3587fbeb98d48667d4fcffe270e9e5b4be2bfc3f3656e85ab81285828b6
f6ffd36c4c00-PG_MCA_CAP2_Cutoff_All_Institutes_2025_26__1_.pdf,6634,"KJEI's Trinity Academy of Engineering, Yewalewadi, Pune",0663424110,2025-26,2,Maharashtra,GSTH,GSTH,HU,53.942159,percentile,GSTH | 14142 | 53.942159 | Stage-I,223,Home University Seats Allotted to Home University Candidates,55140f5cb250a706fd5f1b654d87e4a1de62afba1a4983b28d862bf3a7b5c1e3
f6ffd36c4c00-PG_MCA_CAP2_Cutoff_All_Institutes_2025_26__1_.pdf,6634,"KJEI's Trinity Academy of Engineering, Yewalewadi, Pune",0663424110,2025-26,2,Maharashtra,GNTDH,GNTDH,HU,65.8578922,percentile,GNTDH | 11217 | 65.8578922 | Stage-I,223,Home University Seats Allotted to Home University Candidates,273afda7f9e9f092dcdeacc5f31382540a0ac536fbcc24323a5388dc52d1bda0
f6ffd36c4c00-PG_MCA_CAP2_Cutoff_All_Institutes_2025_26__1_.pdf,6634,"KJEI's Trinity Academy of Engineering, Yewalewadi, Pune",0663424110,2025-26,2,Maharashtra,GOBCH,GOBCH,HU,44.5345198,percentile,GOBCH | 16686 | 44.5345198 | Stage-I,223,Home University Seats Allotted to Home University Candidates,e78a8f897675349bda97a615fabd98adc3c897338244ad313abdd6935bd4f5bb
f6ffd36c4c00-PG_MCA_CAP2_Cutoff_All_Institutes_2025_26__1_.pdf,6634,"KJEI's Trinity Academy of Engineering, Yewalewadi, Pune",0663424110,2025-26,2,Maharashtra,GNTAH,GNTAH,HU,39.3989669,percentile,GNTAH | 17672 | 39.3989669 | Stage-I,223,Home University Seats Allotted to Other Than Home University Candidates,52d45586cc338ae0dbcf712ad057e1803cadd96a282c1217f5c81cca9e16bba5
f6ffd36c4c00-PG_MCA_CAP2_Cutoff_All_Institutes_2025_26__1_.pdf,6634,"KJEI's Trinity Academy of Engineering, Yewalewadi, Pune",0663424110,2025-26,2,Maharashtra,GNTBH,GNTBH,HU,51.4093808,percentile,GNTBH | 15047 | 51.4093808 | Stage-I,223,Home University Seats Allotted to Other Than Home University Candidates,a32795521543f7d90458beafb8ff5c1e6c688a73d0f080cd0556a00c133dc368
f6ffd36c4c00-PG_MCA_CAP2_Cutoff_All_Institutes_2025_26__1_.pdf,6634,"KJEI's Trinity Academy of Engineering, Yewalewadi, Pune",0663424110,2025-26,2,Maharashtra,GOPENO,GOPENO,HU,77.8251197,percentile,GOPENO | 7316 | 77.8251197 | Stage-I,223,Other Than Home University Seats Allotted to Other Than Home University Candidates,ff23c0cf0af6505aa2c2dcaa87d9ae1f2a1b222b39861ff0f3713b81da8fb426
f6ffd36c4c00-PG_MCA_CAP2_Cutoff_All_Institutes_2025_26__1_.pdf,6634,"KJEI's Trinity Academy of Engineering, Yewalewadi, Pune",0663424110,2025-26,2,Maharashtra,GSCO,GSCO,HU,56.5488095,percentile,GSCO | 13609 | 56.5488095 | Stage-I,223,Other Than Home University Seats Allotted to Other Than Home University Candidates,fac9647043113aa5fcef4dc542a5efcdd29db227fa5d869988f3276c856a365b
f6ffd36c4c00-PG_MCA_CAP2_Cutoff_All_Institutes_2025_26__1_.pdf,6634,"KJEI's Trinity Academy of Engineering, Yewalewadi, Pune",0663424110,2025-26,2,Maharashtra,GSTO,GSTO,HU,71.1549338,percentile,GSTO | 9288 | 71.1549338 | Stage-I,223,Other Than Home University Seats Allotted to Other Than Home University Candidates,64ed8ae4f73bf957be5a31c69baddc9c1a0d90bb74bee5707d612334c7295bb4
f6ffd36c4c00-PG_MCA_CAP2_Cutoff_All_Institutes_2025_26__1_.pdf,6634,"KJEI's Trinity Academy of Engineering, Yewalewadi, Pune",0663424110,2025-26,2,Maharashtra,GNTAO,GNTAO,HU,69.7143504,percentile,GNTAO | 9862 | 69.7143504 | Stage-I,223,Other Than Home University Seats Allotted to Other Than Home University Candidates,95665ebfce32c3d3b5e642bc0b4406732293da77f33b6f692a3fd4134e7ea402
f6ffd36c4c00-PG_MCA_CAP2_Cutoff_All_Institutes_2025_26__1_.pdf,6634,"KJEI's Trinity Academy of Engineering, Yewalewadi, Pune",0663424110,2025-26,2,Maharashtra,GNTBO,GNTBO,HU,73.5368477,percentile,GNTBO | 8526 | 73.5368477 | Stage-I,223,Other Than Home University Seats Allotted to Other Than Home University Candidates,511108d4a2fecfcf09400392ad29f1fa53bd180e42ec5cedbc57dea3d9c4aa00
f6ffd36c4c00-PG_MCA_CAP2_Cutoff_All_Institutes_2025_26__1_.pdf,6634,"KJEI's Trinity Academy of Engineering, Yewalewadi, Pune",0663424110,2025-26,2,Maharashtra,GNTCO,GNTCO,HU,69.7143504,percentile,GNTCO | 9659 | 69.7143504 | Stage-I,223,Other Than Home University Seats Allotted to Other Than Home University Candidates,bf1f33a117a1ef7e8c4f018915a6603c910d36bc9aaf7af49e22a9f502c45967
f6ffd36c4c00-PG_MCA_CAP2_Cutoff_All_Institutes_2025_26__1_.pdf,6634,"KJEI's Trinity Academy of Engineering, Yewalewadi, Pune",0663424110,2025-26,2,Maharashtra,GOBCO,GOBCO,HU,73.5368477,percentile,GOBCO | 8836 | 73.5368477 | Stage-I,223,Other Than Home University Seats Allotted to Other Than Home University Candidates,ca72758bbad10cdfc0505b505fb628312c9300443baccdc9f9c98b6e0dd7c6a2
f6ffd36c4c00-PG_MCA_CAP2_Cutoff_All_Institutes_2025_26__1_.pdf,6634,"KJEI's Trinity Academy of Engineering, Yewalewadi, Pune",0663424110,2025-26,2,Maharashtra,TFWS,TFWS,SL,89.1966341,percentile,TFWS | 3444 | 89.1966341 | Stage-I,224,,4df91c1e433cec46733113802751b32be9f0f4e58a177a7f4248f0af3db16499
f6ffd36c4c00-PG_MCA_CAP2_Cutoff_All_Institutes_2025_26__1_.pdf,6635,Samarth College of Engineering and Management,0663524110,2025-26,2,Maharashtra,GOPENH,GOPENH,HU,51.4093808,percentile,GOPENH | 14743 | 51.4093808 | Stage-I,225,Home University Seats Allotted to Home University Candidates,3e0ce15e4fe6b96aa666fceee3f239612b1143fc888d33bf07b1df000b1ef967
f6ffd36c4c00-PG_MCA_CAP2_Cutoff_All_Institutes_2025_26__1_.pdf,6635,Samarth College of Engineering and Management,0663524110,2025-26,2,Maharashtra,GSCH,GSCH,HU,44.5345198,percentile,GSCH | 16978 | 44.5345198 | Stage-I,225,Home University Seats Allotted to Home University Candidates,7757d58166b0d371c665bc8d27211c48cb10f3d4d81aaa4ee23de6ea21071e62
f6ffd36c4c00-PG_MCA_CAP2_Cutoff_All_Institutes_2025_26__1_.pdf,6635,Samarth College of Engineering and Management,0663524110,2025-26,2,Maharashtra,GSTH,GSTH,HU,27.2744425,percentile,GSTH | 20369 | 27.2744425 | Stage-I,225,Home University Seats Allotted to Home University Candidates,97fea323e3b4fe4e9f637f6e4a83d7436cb292b8931c858c57492be811e90ebe
f6ffd36c4c00-PG_MCA_CAP2_Cutoff_All_Institutes_2025_26__1_.pdf,6635,Samarth College of Engineering and Management,0663524110,2025-26,2,Maharashtra,GNTBH,GNTBH,HU,41.4550394,percentile,GNTBH | 17081 | 41.4550394 | Stage-I,225,Home University Seats Allotted to Other Than Home University Candidates,666ee96edb0b4c8172e9bf9926b7d3a7581739f06ddb559d1854f545312cc318
f6ffd36c4c00-PG_MCA_CAP2_Cutoff_All_Institutes_2025_26__1_.pdf,6635,Samarth College of Engineering and Management,0663524110,2025-26,2,Maharashtra,GSEBCH,GSEBCH,HU,16.9789978,percentile,GSEBCH | 22590 | 16.9789978 | Stage-I,225,Home University Seats Allotted to Other Than Home University Candidates,4570e07dce6e5c84a9dde543e687e4ffcffc0d448180c8bba5a70dafb6e17eb4
f6ffd36c4c00-PG_MCA_CAP2_Cutoff_All_Institutes_2025_26__1_.pdf,6635,Samarth College of Engineering and Management,0663524110,2025-26,2,Maharashtra,GOPENO,GOPENO,HU,46.3793819,percentile,GOPENO | 16018 | 46.3793819 | Stage-I,225,Other Than Home University Seats Allotted to Other Than Home University Candidates,6622edbd25b67f403043e51c8537e91ee8c8470e02e17db4521c1823126c2035
f6ffd36c4c00-PG_MCA_CAP2_Cutoff_All_Institutes_2025_26__1_.pdf,6635,Samarth College of Engineering and Management,0663524110,2025-26,2,Maharashtra,GSCO,GSCO,HU,34.5198145,percentile,GSCO | 18984 | 34.5198145 | Stage-I,225,Other Than Home University Seats Allotted to Other Than Home University Candidates,cb60940c7b4da997e6c95423c6f43edc85981f2546156cf68aa018f5f3f57c4d
f6ffd36c4c00-PG_MCA_CAP2_Cutoff_All_Institutes_2025_26__1_.pdf,6635,Samarth College of Engineering and Management,0663524110,2025-26,2,Maharashtra,GSTO,GSTO,HU,41.4550394,percentile,GSTO | 17243 | 41.4550394 | Stage-I,225,Other Than Home University Seats Allotted to Other Than Home University Candidates,89a800ac1b017d05fe8f5588ba9049aa8457f74514fc38cb5b4aec515af6b621
f6ffd36c4c00-PG_MCA_CAP2_Cutoff_All_Institutes_2025_26__1_.pdf,6635,Samarth College of Engineering and Management,0663524110,2025-26,2,Maharashtra,GNTAO,GNTAO,HU,41.4550394,percentile,GNTAO | 17347 | 41.4550394 | Stage-I,225,Other Than Home University Seats Allotted to Other Than Home University Candidates,f725b8a6d6e1a673744835e14e414f2f0b25f214553e5fb43e7a05adad08ff3d
f6ffd36c4c00-PG_MCA_CAP2_Cutoff_All_Institutes_2025_26__1_.pdf,6635,Samarth College of Engineering and Management,0663524110,2025-26,2,Maharashtra,GNTDO,GNTDO,HU,31.6629561,percentile,GNTDO | 19591 | 31.6629561 | Stage-I,225,Other Than Home University Seats Allotted to Other Than Home University Candidates,e4b0244cac54bb261f1508837720e631b23961e0ac299721b4af169ad7d574b8
f6ffd36c4c00-PG_MCA_CAP2_Cutoff_All_Institutes_2025_26__1_.pdf,6635,Samarth College of Engineering and Management,0663524110,2025-26,2,Maharashtra,TFWS,TFWS,SL,82.8308366,percentile,TFWS | 5809 | 82.8308366 | Stage-I,226,,a96888765efc56395bdb2a61cfcb5a7af749301ce05bcf7f29f1bef3b39cdaf4
f6ffd36c4c00-PG_MCA_CAP2_Cutoff_All_Institutes_2025_26__1_.pdf,6755,"JSPM Narhe Technical Campus, Pune.",0675524110,2025-26,2,Maharashtra,GOPENH,GOPENH,HU,89.1331398,percentile,GOPENH | 3750 | 89.1331398 | Stage-I,227,Home University Seats Allotted to Home University Candidates,ea8e11847cfc5a2baffd42441e0a5a7b1d0e5d057f6125c4016cd07b908ecfff
f6ffd36c4c00-PG_MCA_CAP2_Cutoff_All_Institutes_2025_26__1_.pdf,6755,"JSPM Narhe Technical Campus, Pune.",0675524110,2025-26,2,Maharashtra,GSCH,GSCH,HU,80.5399495,percentile,GSCH | 6449 | 80.5399495 | Stage-I,227,Home University Seats Allotted to Home University Candidates,7861a9134468cff34399599282616a1917609b93600785bbe7d0890002ebe2cc
f6ffd36c4c00-PG_MCA_CAP2_Cutoff_All_Institutes_2025_26__1_.pdf,6755,"JSPM Narhe Technical Campus, Pune.",0675524110,2025-26,2,Maharashtra,GSTH,GSTH,HU,56.5488095,percentile,GSTH | 13944 | 56.5488095 | Stage-I,227,Home University Seats Allotted to Home University Candidates,63dbefe6d231f15c11873a1fa69aa4992d1314dd7e374ad6f00954ed4675d053
f6ffd36c4c00-PG_MCA_CAP2_Cutoff_All_Institutes_2025_26__1_.pdf,6755,"JSPM Narhe Technical Campus, Pune.",0675524110,2025-26,2,Maharashtra,GNTDH,GNTDH,HU,87.3496474,percentile,GNTDH | 3986 | 87.3496474 | Stage-I,227,Home University Seats Allotted to Home University Candidates,a5304f8b2ad912d6af1dc3ca2b960f43fb56e0d3f3cff7acb3ff6402fa6eb130
f6ffd36c4c00-PG_MCA_CAP2_Cutoff_All_Institutes_2025_26__1_.pdf,6755,"JSPM Narhe Technical Campus, Pune.",0675524110,2025-26,2,Maharashtra,GOBCH,GOBCH,HU,80.5399495,percentile,GOBCH | 6448 | 80.5399495 | Stage-I,227,Home University Seats Allotted to Home University Candidates,37d64031f728d5d0240389a0013224a0472951f68984328c6ff3d40d4dd6df57
f6ffd36c4c00-PG_MCA_CAP2_Cutoff_All_Institutes_2025_26__1_.pdf,6755,"JSPM Narhe Technical Campus, Pune.",0675524110,2025-26,2,Maharashtra,GOPENO,GOPENO,HU,93.5511867,percentile,GOPENO | 2001 | 93.5511867 | Stage-I,227,Other Than Home University Seats Allotted to Other Than Home University Candidates,c050bf8c57e27e8bfe9f17c4c16fc5f950846b5ce3d8eff11169213af4cef59f
f6ffd36c4c00-PG_MCA_CAP2_Cutoff_All_Institutes_2025_26__1_.pdf,6755,"JSPM Narhe Technical Campus, Pune.",0675524110,2025-26,2,Maharashtra,GSCO,GSCO,HU,89.1966341,percentile,GSCO | 3423 | 89.1966341 | Stage-I,227,Other Than Home University Seats Allotted to Other Than Home University Candidates,e935f67b172e37d2f84db89b404d450dc6779790e4fefc2c3c05dab80ca7b576
f6ffd36c4c00-PG_MCA_CAP2_Cutoff_All_Institutes_2025_26__1_.pdf,6755,"JSPM Narhe Technical Campus, Pune.",0675524110,2025-26,2,Maharashtra,GSTO,GSTO,HU,73.5368477,percentile,GSTO | 8582 | 73.5368477 | Stage-I,227,Other Than Home University Seats Allotted to Other Than Home University Candidates,0c8a7f5689829db9160965a0560e152c68352c8cc89a467805fb799f6d386904
f6ffd36c4c00-PG_MCA_CAP2_Cutoff_All_Institutes_2025_26__1_.pdf,6755,"JSPM Narhe Technical Campus, Pune.",0675524110,2025-26,2,Maharashtra,GOBCO,GOBCO,HU,92.3361383,percentile,GOBCO | 2304 | 92.3361383 | Stage-I,227,Other Than Home University Seats Allotted to Other Than Home University Candidates,8d388d5a43bfa6da1360b272c404df1372ba62a3c8420884ee1401ef81473b50
f6ffd36c4c00-PG_MCA_CAP2_Cutoff_All_Institutes_2025_26__1_.pdf,6755,"JSPM Narhe Technical Campus, Pune.",0675524110,2025-26,2,Maharashtra,GSEBCO,GSEBCO,HU,90.7733494,percentile,GSEBCO | 3141 | 90.7733494 | Stage-I,227,Other Than Home University Seats Allotted to Other Than Home University Candidates,9a674e07b2513a3af6ae30a2632462098fb28beec855969aa641ed1e2c342545
f6ffd36c4c00-PG_MCA_CAP2_Cutoff_All_Institutes_2025_26__1_.pdf,6755,"JSPM Narhe Technical Campus, Pune.",0675524110,2025-26,2,Maharashtra,EWS,EWS,SL,87.2080299,percentile,EWS | 4408 | 87.2080299 | Stage-I,227,Other Than Home University Seats Allotted to Other Than Home University Candidates,283168415c539fddc3a4bb4aab6cf0831ef60dea99084c79af14bdfd78bffaec
f6ffd36c4c00-PG_MCA_CAP2_Cutoff_All_Institutes_2025_26__1_.pdf,6755,"JSPM Narhe Technical Campus, Pune.",0675524110,2025-26,2,Maharashtra,TFWS,TFWS,SL,95.5548847,percentile,TFWS | 1258 | 95.5548847 | Stage-I,227,Other Than Home University Seats Allotted to Other Than Home University Candidates,fd6c3f46d8b3deae9a0479eec6f6ab419707658cb5e9061bb5ef0e6c55c59e44
f6ffd36c4c00-PG_MCA_CAP2_Cutoff_All_Institutes_2025_26__1_.pdf,6757,"Yashoda Technical Campus, Wadhe, Satara.",0675724110,2025-26,2,Maharashtra,GOPENH,GOPENH,HU,73.5368477,percentile,GOPENH | 8807 | 73.5368477 | Stage-I,228,Home University Seats Allotted to Home University Candidates,db1cda168cb353b1dc8f957d27957b7cfc9be7e59f07c25359fbc61157b3b2ec
f6ffd36c4c00-PG_MCA_CAP2_Cutoff_All_Institutes_2025_26__1_.pdf,6757,"Yashoda Technical Campus, Wadhe, Satara.",0675724110,2025-26,2,Maharashtra,GSCH,GSCH,HU,31.6629561,percentile,GSCH | 19598 | 31.6629561 | Stage-I,228,Home University Seats Allotted to Home University Candidates,45c9cc2b84c51f6886a014093850b080166f2a7c851068abdeda3579718755f0
f6ffd36c4c00-PG_MCA_CAP2_Cutoff_All_Institutes_2025_26__1_.pdf,6757,"Yashoda Technical Campus, Wadhe, Satara.",0675724110,2025-26,2,Maharashtra,GSTH,GSTH,HU,34.5198145,percentile,GSTH | 18878 | 34.5198145 | Stage-I,228,Home University Seats Allotted to Home University Candidates,97df94f10f1afea8e983faa61d1aec78c2170a5006299dbac4312a378dbf1da0
f6ffd36c4c00-PG_MCA_CAP2_Cutoff_All_Institutes_2025_26__1_.pdf,6757,"Yashoda Technical Campus, Wadhe, Satara.",0675724110,2025-26,2,Maharashtra,GNTAH,GNTAH,HU,34.5198145,percentile,GNTAH | 19222 | 34.5198145 | Stage-I,228,Home University Seats Allotted to Home University Candidates,a85642c4471c19b95bab726e85b025103ed458e75d50d5281a7e9173017a9acf
f6ffd36c4c00-PG_MCA_CAP2_Cutoff_All_Institutes_2025_26__1_.pdf,6757,"Yashoda Technical Campus, Wadhe, Satara.",0675724110,2025-26,2,Maharashtra,GNTBH,GNTBH,HU,36.496736,percentile,GNTBH | 18291 | 36.496736 | Stage-I,228,Home University Seats Allotted to Home University Candidates,1d2bc258bcfcd0ba38dccba1a472541de6ad7fd324056810926a6cb5284c0b85
f6ffd36c4c00-PG_MCA_CAP2_Cutoff_All_Institutes_2025_26__1_.pdf,6757,"Yashoda Technical Campus, Wadhe, Satara.",0675724110,2025-26,2,Maharashtra,GOPENO,GOPENO,HU,39.3989669,percentile,GOPENO | 17791 | 39.3989669 | Stage-I,228,Other Than Home University Seats Allotted to Other Than Home University Candidates,eb0938c3cb494875991086a54adf7d9e287a123c5f70eac6264a3c4147cfb33f
f6ffd36c4c00-PG_MCA_CAP2_Cutoff_All_Institutes_2025_26__1_.pdf,6757,"Yashoda Technical Campus, Wadhe, Satara.",0675724110,2025-26,2,Maharashtra,GOPENO,GOPENO,HU,49.3533426,percentile,GOPENO | 15565 | 49.3533426 | Stage-I,228,Other Than Home University Seats Allotted to Home University Candidates,177aedfb307dae1fcf4af3ffc1fc4bf86133d65ef0e0b53696f899a91006f8fe
f6ffd36c4c00-PG_MCA_CAP2_Cutoff_All_Institutes_2025_26__1_.pdf,6757,"Yashoda Technical Campus, Wadhe, Satara.",0675724110,2025-26,2,Maharashtra,GSCO,GSCO,HU,27.2744425,percentile,GSCO | 20701 | 27.2744425 | Stage-I,228,Other Than Home University Seats Allotted to Home University Candidates,7efe9b262e11393c2c3d7dfec0361725d7792a895682c8b859c4e85f03ddd08c
f6ffd36c4c00-PG_MCA_CAP2_Cutoff_All_Institutes_2025_26__1_.pdf,6757,"Yashoda Technical Campus, Wadhe, Satara.",0675724110,2025-26,2,Maharashtra,TFWS,TFWS,SL,92.1797821,percentile,TFWS | 2466 | 92.1797821 | Stage-I,229,,236df3930fb3442af4ec8c904a5b5df4417e82bb200f8ae25b77b472e542992d
f6ffd36c4c00-PG_MCA_CAP2_Cutoff_All_Institutes_2025_26__1_.pdf,6775,"Yashaswi Education Society's International Institute of Management Science, Chinchwad, Pune",0677524110,2025-26,2,Maharashtra,GOPENH,GOPENH,HU,79.9969812,percentile,GOPENH | 6588 | 79.9969812 | Stage-I,230,Home University Seats Allotted to Home University Candidates,2d90336c305d14b6b57797f9e045b6bddb990796fcb4b0cc657aefd5b3d56dac
f6ffd36c4c00-PG_MCA_CAP2_Cutoff_All_Institutes_2025_26__1_.pdf,6775,"Yashaswi Education Society's International Institute of Management Science, Chinchwad, Pune",0677524110,2025-26,2,Maharashtra,GSCH,GSCH,HU,7.4072677,percentile,GSCH | 24316 | 7.4072677 | Stage-I,230,Home University Seats Allotted to Home University Candidates,5677a6dc66574f253bf78b475e367282963623d82f094e730c67266352217f88
f6ffd36c4c00-PG_MCA_CAP2_Cutoff_All_Institutes_2025_26__1_.pdf,6775,"Yashaswi Education Society's International Institute of Management Science, Chinchwad, Pune",0677524110,2025-26,2,Maharashtra,GSTH,GSTH,HU,51.4093808,percentile,GSTH | 15064 | 51.4093808 | Stage-I,230,Home University Seats Allotted to Home University Candidates,d4251cb2bbd5327e053dbbbc7329e359b3145df326046dc658a9c3fa6cd0e507
f6ffd36c4c00-PG_MCA_CAP2_Cutoff_All_Institutes_2025_26__1_.pdf,6775,"Yashaswi Education Society's International Institute of Management Science, Chinchwad, Pune",0677524110,2025-26,2,Maharashtra,GNTBH,GNTBH,HU,53.942159,percentile,GNTBH | 14522 | 53.942159 | Stage-I,230,Home University Seats Allotted to Home University Candidates,5b3bd19157db09a73c614b1e73e3bc3b8fdab230c714a5a41848679e629d67e2
f6ffd36c4c00-PG_MCA_CAP2_Cutoff_All_Institutes_2025_26__1_.pdf,6775,"Yashaswi Education Society's International Institute of Management Science, Chinchwad, Pune",0677524110,2025-26,2,Maharashtra,GNTCH,GNTCH,HU,49.3533426,percentile,GNTCH | 15785 | 49.3533426 | Stage-I,230,Home University Seats Allotted to Home University Candidates,1b59f2ae1865587bb68288191e6e155a28b5f21aca9168bfbd175dab40f54124
f6ffd36c4c00-PG_MCA_CAP2_Cutoff_All_Institutes_2025_26__1_.pdf,6775,"Yashaswi Education Society's International Institute of Management Science, Chinchwad, Pune",0677524110,2025-26,2,Maharashtra,GNTDH,GNTDH,HU,67.3579428,percentile,GNTDH | 10355 | 67.3579428 | Stage-I,230,Home University Seats Allotted to Home University Candidates,28c1aa74c1a504593696a773d68202d9e0777de9664e250e7b60aa02544c381b
f6ffd36c4c00-PG_MCA_CAP2_Cutoff_All_Institutes_2025_26__1_.pdf,6775,"Yashaswi Education Society's International Institute of Management Science, Chinchwad, Pune",0677524110,2025-26,2,Maharashtra,GOBCH,GOBCH,HU,67.3579428,percentile,GOBCH | 10731 | 67.3579428 | Stage-I,230,Home University Seats Allotted to Home University Candidates,ed4d26520553c5ff3858dfd75e678832796712733730527c00031ebd457d3789
f6ffd36c4c00-PG_MCA_CAP2_Cutoff_All_Institutes_2025_26__1_.pdf,6775,"Yashaswi Education Society's International Institute of Management Science, Chinchwad, Pune",0677524110,2025-26,2,Maharashtra,GNTAH,GNTAH,HU,51.4093808,percentile,GNTAH | 15149 | 51.4093808 | Stage-I,230,Home University Seats Allotted to Other Than Home University Candidates,74ef37f5b085d94b36dfaf91a92505d0074a54c60f70db37e859e491d83d2175
f6ffd36c4c00-PG_MCA_CAP2_Cutoff_All_Institutes_2025_26__1_.pdf,6775,"Yashaswi Education Society's International Institute of Management Science, Chinchwad, Pune",0677524110,2025-26,2,Maharashtra,GOPENO,GOPENO,HU,82.9644433,percentile,GOPENO | 5541 | 82.9644433 | Stage-I,230,Other Than Home University Seats Allotted to Other Than Home University Candidates,548fa801fb1ea85eec443f2188afc51dc598470c808d0dfe046ae6da709acd50
f6ffd36c4c00-PG_MCA_CAP2_Cutoff_All_Institutes_2025_26__1_.pdf,6775,"Yashaswi Education Society's International Institute of Management Science, Chinchwad, Pune",0677524110,2025-26,2,Maharashtra,GSCO,GSCO,HU,67.3579428,percentile,GSCO | 10460 | 67.3579428 | Stage-I,230,Other Than Home University Seats Allotted to Other Than Home University Candidates,13dda473249549ded518b622a6b86c242eb5507d72345d7939143a743166bb59
f6ffd36c4c00-PG_MCA_CAP2_Cutoff_All_Institutes_2025_26__1_.pdf,6775,"Yashaswi Education Society's International Institute of Management Science, Chinchwad, Pune",0677524110,2025-26,2,Maharashtra,GNTAO,GNTAO,HU,61.2807064,percentile,GNTAO | 12404 | 61.2807064 | Stage-I,230,Other Than Home University Seats Allotted to Other Than Home University Candidates,da627cd3b9188d13a18e4f99cee4ef98226c450e9d86e27bf53f4a9a20d34f5e
f6ffd36c4c00-PG_MCA_CAP2_Cutoff_All_Institutes_2025_26__1_.pdf,6775,"Yashaswi Education Society's International Institute of Management Science, Chinchwad, Pune",0677524110,2025-26,2,Maharashtra,GNTBO,GNTBO,HU,69.7143504,percentile,GNTBO | 9775 | 69.7143504 | Stage-I,230,Other Than Home University Seats Allotted to Other Than Home University Candidates,7a5441e14d1f2b92b8f4bfbca33a568efac8afdb768f03e8b03d81ea268b183f
f6ffd36c4c00-PG_MCA_CAP2_Cutoff_All_Institutes_2025_26__1_.pdf,6775,"Yashaswi Education Society's International Institute of Management Science, Chinchwad, Pune",0677524110,2025-26,2,Maharashtra,GNTCO,GNTCO,HU,74.782248,percentile,GNTCO | 8140 | 74.782248 | Stage-I,230,Other Than Home University Seats Allotted to Other Than Home University Candidates,62b5d5ad32e7dc3a77fe2df2237d9ba95eefb4f2fdb28d05ff961f76f0d93cd8
f6ffd36c4c00-PG_MCA_CAP2_Cutoff_All_Institutes_2025_26__1_.pdf,6775,"Yashaswi Education Society's International Institute of Management Science, Chinchwad, Pune",0677524110,2025-26,2,Maharashtra,GOBCO,GOBCO,HU,79.9969812,percentile,GOBCO | 6777 | 79.9969812 | Stage-I,230,Other Than Home University Seats Allotted to Other Than Home University Candidates,81a28f9df2191df38be7aff2817d12da45f8347a953af8d020f00edd10667bb7
f6ffd36c4c00-PG_MCA_CAP2_Cutoff_All_Institutes_2025_26__1_.pdf,6775,"Yashaswi Education Society's International Institute of Management Science, Chinchwad, Pune",0677524110,2025-26,2,Maharashtra,GSEBCO,GSEBCO,HU,80.5399495,percentile,GSEBCO | 6394 | 80.5399495 | Stage-I,230,Other Than Home University Seats Allotted to Other Than Home University Candidates,64af45850e8af049454957f502e67ca7fb13ddfd6a9818d71da7ce994da9ee2e
f6ffd36c4c00-PG_MCA_CAP2_Cutoff_All_Institutes_2025_26__1_.pdf,6794,"Anantrao Pawar College of Engineering & Research, Pune",0679424110,2025-26,2,Maharashtra,GOPENH,GOPENH,HU,71.1549338,percentile,GOPENH | 9509 | 71.1549338 | Stage-I,231,Home University Seats Allotted to Home University Candidates,3ccc556af96f189f60da01fc2377af09bc33b601e06c4910fa53ba75ffe48a04
f6ffd36c4c00-PG_MCA_CAP2_Cutoff_All_Institutes_2025_26__1_.pdf,6794,"Anantrao Pawar College of Engineering & Research, Pune",0679424110,2025-26,2,Maharashtra,GSCH,GSCH,HU,31.6629561,percentile,GSCH | 19586 | 31.6629561 | Stage-I,231,Home University Seats Allotted to Home University Candidates,a7c7fa70068ac05c667036b70cb7072be9c63375f2c1bf7c603ba3da412f5a74
f6ffd36c4c00-PG_MCA_CAP2_Cutoff_All_Institutes_2025_26__1_.pdf,6794,"Anantrao Pawar College of Engineering & Research, Pune",0679424110,2025-26,2,Maharashtra,GSTH,GSTH,HU,39.3989669,percentile,GSTH | 17994 | 39.3989669 | Stage-I,231,Home University Seats Allotted to Home University Candidates,32011a7b4728d9a446972e158c0cd8f451d0081e8a1161701004f9646ccd2edf
f6ffd36c4c00-PG_MCA_CAP2_Cutoff_All_Institutes_2025_26__1_.pdf,6794,"Anantrao Pawar College of Engineering & Research, Pune",0679424110,2025-26,2,Maharashtra,GNTAH,GNTAH,HU,58.7911466,percentile,GNTAH | 12898 | 58.7911466 | Stage-I,231,Home University Seats Allotted to Home University Candidates,daa76824edca4593c1906efed3bb432ab381d4f4310eaba685fa6d6c37eadaf7
f6ffd36c4c00-PG_MCA_CAP2_Cutoff_All_Institutes_2025_26__1_.pdf,6794,"Anantrao Pawar College of Engineering & Research, Pune",0679424110,2025-26,2,Maharashtra,GNTBH,GNTBH,HU,67.3579428,percentile,GNTBH | 10586 | 67.3579428 | Stage-I,231,Home University Seats Allotted to Home University Candidates,6d3511deb61b32229a671ff5e50d81154067ae96b3a36bbae24e8310bd23f4d7
f6ffd36c4c00-PG_MCA_CAP2_Cutoff_All_Institutes_2025_26__1_.pdf,6794,"Anantrao Pawar College of Engineering & Research, Pune",0679424110,2025-26,2,Maharashtra,GOBCH,GOBCH,HU,58.7911466,percentile,GOBCH | 13318 | 58.7911466 | Stage-I,231,Home University Seats Allotted to Home University Candidates,5de287873066dab1e900000120bf658a8b7cf82cd9f77bf07d65aee639de0890
f6ffd36c4c00-PG_MCA_CAP2_Cutoff_All_Institutes_2025_26__1_.pdf,6794,"Anantrao Pawar College of Engineering & Research, Pune",0679424110,2025-26,2,Maharashtra,GOPENO,GOPENO,HU,89.1966341,percentile,GOPENO | 3448 | 89.1966341 | Stage-I,231,Other Than Home University Seats Allotted to Other Than Home University Candidates,efd792e4ad65b444b0bcaa7fed50da66e42225dacdca6a64551e509ff7e54bbe
f6ffd36c4c00-PG_MCA_CAP2_Cutoff_All_Institutes_2025_26__1_.pdf,6794,"Anantrao Pawar College of Engineering & Research, Pune",0679424110,2025-26,2,Maharashtra,GSCO,GSCO,HU,61.2807064,percentile,GSCO | 12268 | 61.2807064 | Stage-I,231,Other Than Home University Seats Allotted to Other Than Home University Candidates,b3704fd767afc0dd31e472305f753e0d3d9a1d22522e2990f0f986ce57bdc77a
f6ffd36c4c00-PG_MCA_CAP2_Cutoff_All_Institutes_2025_26__1_.pdf,6794,"Anantrao Pawar College of Engineering & Research, Pune",0679424110,2025-26,2,Maharashtra,GSTO,GSTO,HU,65.8578922,percentile,GSTO | 10933 | 65.8578922 | Stage-I,231,Other Than Home University Seats Allotted to Other Than Home University Candidates,4526e10e194228acdf152909d7d556d312fa18c88882eedd5d1755120e23bf4c
f6ffd36c4c00-PG_MCA_CAP2_Cutoff_All_Institutes_2025_26__1_.pdf,6794,"Anantrao Pawar College of Engineering & Research, Pune",0679424110,2025-26,2,Maharashtra,GNTCO,GNTCO,HU,77.8251197,percentile,GNTCO | 7266 | 77.8251197 | Stage-I,231,Other Than Home University Seats Allotted to Other Than Home University Candidates,610adace7ec13f8b6c730cda9581a35d3f052f7d37a6e9bc1d05d9a8a61d15ac
f6ffd36c4c00-PG_MCA_CAP2_Cutoff_All_Institutes_2025_26__1_.pdf,6794,"Anantrao Pawar College of Engineering & Research, Pune",0679424110,2025-26,2,Maharashtra,GOBCO,GOBCO,HU,76.9216256,percentile,GOBCO | 7680 | 76.9216256 | Stage-I,231,Other Than Home University Seats Allotted to Other Than Home University Candidates,abefe89e62dac01cc8f057f7c12d476655208cbea9502f35772798f5572c8cb3
f6ffd36c4c00-PG_MCA_CAP2_Cutoff_All_Institutes_2025_26__1_.pdf,6794,"Anantrao Pawar College of Engineering & Research, Pune",0679424110,2025-26,2,Maharashtra,EWS,EWS,SL,29.9046039,percentile,EWS | 20028 | 29.9046039 | Stage-I,231,Other Than Home University Seats Allotted to Other Than Home University Candidates,bd303b171688acae9e1331216e1903c3ca669da5d5a4a9483814aeed8e8adb95
f6ffd36c4c00-PG_MCA_CAP2_Cutoff_All_Institutes_2025_26__1_.pdf,6794,"Anantrao Pawar College of Engineering & Research, Pune",0679424110,2025-26,2,Maharashtra,TFWS,TFWS,SL,97.6265047,percentile,TFWS | 650 | 97.6265047 | Stage-I,231,Other Than Home University Seats Allotted to Other Than Home University Candidates,089440bdd86dc844d5c875ef2313db87d56c0174386b6e41a2092074a7246d7c
f6ffd36c4c00-PG_MCA_CAP2_Cutoff_All_Institutes_2025_26__1_.pdf,6803,"Sant Gajanan Maharaj College of Engineering, Gadhinglaj",0680324110,2025-26,2,Maharashtra,GOPENH,GOPENH,HU,82.9644433,percentile,GOPENH | 5339 | 82.9644433 | Stage-I,232,Home University Seats Allotted to Home University Candidates,6855c0b2a0a81537857779a541638d067ded4381be8577473fc6acdc6ecaecf5
f6ffd36c4c00-PG_MCA_CAP2_Cutoff_All_Institutes_2025_26__1_.pdf,6803,"Sant Gajanan Maharaj College of Engineering, Gadhinglaj",0680324110,2025-26,2,Maharashtra,GSCH,GSCH,HU,2.0301121,percentile,GSCH | 25283 | 2.0301121 | Stage-I,232,Home University Seats Allotted to Home University Candidates,6c2aeffe7e0f162da896f570d6ce7c9db92f5d90baf78ae45e79bfd320a5fe6e
f6ffd36c4c00-PG_MCA_CAP2_Cutoff_All_Institutes_2025_26__1_.pdf,6803,"Sant Gajanan Maharaj College of Engineering, Gadhinglaj",0680324110,2025-26,2,Maharashtra,GSTH,GSTH,HU,51.4093808,percentile,GSTH | 14991 | 51.4093808 | Stage-I,232,Home University Seats Allotted to Home University Candidates,d867adcd508a5f5454637e559d54fae5f8c688d987aa9c15ec36ca1efb89c9ce
f6ffd36c4c00-PG_MCA_CAP2_Cutoff_All_Institutes_2025_26__1_.pdf,6803,"Sant Gajanan Maharaj College of Engineering, Gadhinglaj",0680324110,2025-26,2,Maharashtra,GOPENO,GOPENO,HU,23.1010151,percentile,GOPENO | 21437 | 23.1010151 | Stage-I,232,Other Than Home University Seats Allotted to Other Than Home University Candidates,428f2d5c3369a7261768bf0a11d9e933bc4d0641927bf7538707565214dabfcd
f6ffd36c4c00-PG_MCA_CAP2_Cutoff_All_Institutes_2025_26__1_.pdf,6803,"Sant Gajanan Maharaj College of Engineering, Gadhinglaj",0680324110,2025-26,2,Maharashtra,GOPENO,GOPENO,HU,56.5488095,percentile,GOPENO | 13481 | 56.5488095 | Stage-I,232,Other Than Home University Seats Allotted to Home University Candidates,15e9b1c00333986eea4322d584a48a1bc51f6273f2ceb3105989e18b30e7b2ea
f6ffd36c4c00-PG_MCA_CAP2_Cutoff_All_Institutes_2025_26__1_.pdf,6803,"Sant Gajanan Maharaj College of Engineering, Gadhinglaj",0680324110,2025-26,2,Maharashtra,GSCO,GSCO,HU,49.3533426,percentile,GSCO | 15518 | 49.3533426 | Stage-I,232,Other Than Home University Seats Allotted to Home University Candidates,e164910c76a756f74529f8f5cf4aeb7efd911e8ae55e402dea44ea8ded3a4ed1
f6ffd36c4c00-PG_MCA_CAP2_Cutoff_All_Institutes_2025_26__1_.pdf,6812,"Progressive Education Society's Modern Institute of Business Studies, Nigdi, Pune",0681224110,2025-26,2,Maharashtra,GOPENH,GOPENH,HU,90.9663786,percentile,GOPENH | 2821 | 90.9663786 | Stage-I,233,Home University Seats Allotted to Home University Candidates,5940dc6aef6d91b179efe5884a8b223f8b11cb02f7a41b601314bc2b9bee6722
f6ffd36c4c00-PG_MCA_CAP2_Cutoff_All_Institutes_2025_26__1_.pdf,6812,"Progressive Education Society's Modern Institute of Business Studies, Nigdi, Pune",0681224110,2025-26,2,Maharashtra,GSCH,GSCH,HU,67.3579428,percentile,GSCH | 10273 | 67.3579428 | Stage-I,233,Home University Seats Allotted to Home University Candidates,f7fcf85c2058d3f6a2a0383a6294a9e7101d0f72074bf1d33fb9914011ee342f
f6ffd36c4c00-PG_MCA_CAP2_Cutoff_All_Institutes_2025_26__1_.pdf,6812,"Progressive Education Society's Modern Institute of Business Studies, Nigdi, Pune",0681224110,2025-26,2,Maharashtra,GSTH,GSTH,HU,76.9216256,percentile,GSTH | 7505 | 76.9216256 | Stage-I,233,Home University Seats Allotted to Home University Candidates,859a48613b42beb73367334d875655af2b5f6fa1aa05f8e7a3843cf75638ef96
f6ffd36c4c00-PG_MCA_CAP2_Cutoff_All_Institutes_2025_26__1_.pdf,6812,"Progressive Education Society's Modern Institute of Business Studies, Nigdi, Pune",0681224110,2025-26,2,Maharashtra,GNTBH,GNTBH,HU,89.1331398,percentile,GNTBH | 3759 | 89.1331398 | Stage-I,233,Home University Seats Allotted to Home University Candidates,173e0144fa18553e71eb379c7a2f290112825ab9a4574ae3f2f864560fc97167
f6ffd36c4c00-PG_MCA_CAP2_Cutoff_All_Institutes_2025_26__1_.pdf,6812,"Progressive Education Society's Modern Institute of Business Studies, Nigdi, Pune",0681224110,2025-26,2,Maharashtra,GNTCH,GNTCH,HU,65.8578922,percentile,GNTCH | 11394 | 65.8578922 | Stage-I,233,Home University Seats Allotted to Home University Candidates,44526dfbbe00fbe6302c3c9e91ea506f76518eef73f514f7756d93cfa5415ad3
f6ffd36c4c00-PG_MCA_CAP2_Cutoff_All_Institutes_2025_26__1_.pdf,6812,"Progressive Education Society's Modern Institute of Business Studies, Nigdi, Pune",0681224110,2025-26,2,Maharashtra,GNTDH,GNTDH,HU,89.1331398,percentile,GNTDH | 3755 | 89.1331398 | Stage-I,233,Home University Seats Allotted to Home University Candidates,d1023ab11f14d0a1d5f638ff3c9eef89a01fdaeb7fe6e94fa119c72755bdeff2
f6ffd36c4c00-PG_MCA_CAP2_Cutoff_All_Institutes_2025_26__1_.pdf,6812,"Progressive Education Society's Modern Institute of Business Studies, Nigdi, Pune",0681224110,2025-26,2,Maharashtra,GOBCH,GOBCH,HU,85.2118788,percentile,GOBCH | 5015 | 85.2118788 | Stage-I,233,Home University Seats Allotted to Home University Candidates,b840b984f43d6267ccad3dc163705d51e52ea19c2c57f4550ba70db1bfd436a1
f6ffd36c4c00-PG_MCA_CAP2_Cutoff_All_Institutes_2025_26__1_.pdf,6812,"Progressive Education Society's Modern Institute of Business Studies, Nigdi, Pune",0681224110,2025-26,2,Maharashtra,GOPENO,GOPENO,HU,94.6454851,percentile,GOPENO | 1529 | 94.6454851 | Stage-I,233,Other Than Home University Seats Allotted to Other Than Home University Candidates,ea6dd4c053c7fae46e292d0e0fc59df8b844f6c795bdfa3abfe6a8d79afd8f82
f6ffd36c4c00-PG_MCA_CAP2_Cutoff_All_Institutes_2025_26__1_.pdf,6812,"Progressive Education Society's Modern Institute of Business Studies, Nigdi, Pune",0681224110,2025-26,2,Maharashtra,GSCO,GSCO,HU,90.7733494,percentile,GSCO | 3148 | 90.7733494 | Stage-I,233,Other Than Home University Seats Allotted to Other Than Home University Candidates,2d9863f43af9b9394d549714d74216a08678f0ec863b1de4881bbefa91a77902
f6ffd36c4c00-PG_MCA_CAP2_Cutoff_All_Institutes_2025_26__1_.pdf,6812,"Progressive Education Society's Modern Institute of Business Studies, Nigdi, Pune",0681224110,2025-26,2,Maharashtra,GSTO,GSTO,HU,44.5345198,percentile,GSTO | 16696 | 44.5345198 | Stage-I,233,Other Than Home University Seats Allotted to Other Than Home University Candidates,a38c33c27b571672b85f116eb7e9123a3c292131c5afee6b00ed314ad4ef8787
f6ffd36c4c00-PG_MCA_CAP2_Cutoff_All_Institutes_2025_26__1_.pdf,6812,"Progressive Education Society's Modern Institute of Business Studies, Nigdi, Pune",0681224110,2025-26,2,Maharashtra,GOBCO,GOBCO,HU,93.5511867,percentile,GOBCO | 1892 | 93.5511867 | Stage-I,233,Other Than Home University Seats Allotted to Other Than Home University Candidates,269678bd7f192d2b3a6e5ab8b0f2d5dfce3cc1c4cde0e86f536ac1bdaf8bb602
f6ffd36c4c00-PG_MCA_CAP2_Cutoff_All_Institutes_2025_26__1_.pdf,6812,"Progressive Education Society's Modern Institute of Business Studies, Nigdi, Pune",0681224110,2025-26,2,Maharashtra,EWS,EWS,SL,82.9644433,percentile,EWS | 5544 | 82.9644433 | Stage-I,233,Other Than Home University Seats Allotted to Other Than Home University Candidates,e363703102485aa91d450c0adbd562b9bf152991804c2a20b4a8080d72927788
f6ffd36c4c00-PG_MCA_CAP2_Cutoff_All_Institutes_2025_26__1_.pdf,6812,"Progressive Education Society's Modern Institute of Business Studies, Nigdi, Pune",0681224110,2025-26,2,Maharashtra,TFWS,TFWS,SL,95.5548847,percentile,TFWS | 1321 | 95.5548847 | Stage-I,233,Other Than Home University Seats Allotted to Other Than Home University Candidates,f443230ecf1d1922f410df70fa199db3b66bf6cc035b5479014a6c5911aab61a
f6ffd36c4c00-PG_MCA_CAP2_Cutoff_All_Institutes_2025_26__1_.pdf,6836,"Dr.D.Y.Patil Institute Of Management & Entrepreneur Development,Talegaon",0683624110,2025-26,2,Maharashtra,GOPENH,GOPENH,HU,76.9216256,percentile,GOPENH | 7890 | 76.9216256 | Stage-I,234,Home University Seats Allotted to Home University Candidates,59c6c496c89f941e6fa0ad3c647625da23e5fd1059a63532564bc12bbf9bacab
f6ffd36c4c00-PG_MCA_CAP2_Cutoff_All_Institutes_2025_26__1_.pdf,6836,"Dr.D.Y.Patil Institute Of Management & Entrepreneur Development,Talegaon",0683624110,2025-26,2,Maharashtra,GSCH,GSCH,HU,34.5198145,percentile,GSCH | 18938 | 34.5198145 | Stage-I,234,Home University Seats Allotted to Home University Candidates,4b99540862fc67011b8f108a16815880473fe1d3f9243f9cd4439f42082dfa60
f6ffd36c4c00-PG_MCA_CAP2_Cutoff_All_Institutes_2025_26__1_.pdf,6836,"Dr.D.Y.Patil Institute Of Management & Entrepreneur Development,Talegaon",0683624110,2025-26,2,Maharashtra,GSTH,GSTH,HU,25.4779232,percentile,GSTH | 20945 | 25.4779232 | Stage-I,234,Home University Seats Allotted to Home University Candidates,6a05731bc4c27507882e6ea1a8a90b78f7628f672a8235f70e068139d0fcae74
f6ffd36c4c00-PG_MCA_CAP2_Cutoff_All_Institutes_2025_26__1_.pdf,6836,"Dr.D.Y.Patil Institute Of Management & Entrepreneur Development,Talegaon",0683624110,2025-26,2,Maharashtra,GNTAH,GNTAH,HU,39.3989669,percentile,GNTAH | 18011 | 39.3989669 | Stage-I,234,Home University Seats Allotted to Home University Candidates,586734bf5673a51bc171be020956e53b5af40a8506ee1708425f1543bbaa130b
f6ffd36c4c00-PG_MCA_CAP2_Cutoff_All_Institutes_2025_26__1_.pdf,6836,"Dr.D.Y.Patil Institute Of Management & Entrepreneur Development,Talegaon",0683624110,2025-26,2,Maharashtra,GNTDH,GNTDH,HU,71.1549338,percentile,GNTDH | 9604 | 71.1549338 | Stage-I,234,Home University Seats Allotted to Home University Candidates,67f47ad48638d29e87e07f7d3d0686016225321163d2981e98673df652d43333
f6ffd36c4c00-PG_MCA_CAP2_Cutoff_All_Institutes_2025_26__1_.pdf,6836,"Dr.D.Y.Patil Institute Of Management & Entrepreneur Development,Talegaon",0683624110,2025-26,2,Maharashtra,GOBCH,GOBCH,HU,61.2807064,percentile,GOBCH | 12437 | 61.2807064 | Stage-I,234,Home University Seats Allotted to Home University Candidates,2e48cfbe042f982f299654b1598b2c7c447c34f2da4c134cb670ba9ea1d2995d
f6ffd36c4c00-PG_MCA_CAP2_Cutoff_All_Institutes_2025_26__1_.pdf,6836,"Dr.D.Y.Patil Institute Of Management & Entrepreneur Development,Talegaon",0683624110,2025-26,2,Maharashtra,GSEBCH,GSEBCH,HU,96.1125146,percentile,GSEBCH | 1193 | 96.1125146 | Stage-I,234,Home University Seats Allotted to Home University Candidates,77423a28b5aa23fb04a288a3ace676421a7925c504a9657c96a1e2aefef97bb1
f6ffd36c4c00-PG_MCA_CAP2_Cutoff_All_Institutes_2025_26__1_.pdf,6836,"Dr.D.Y.Patil Institute Of Management & Entrepreneur Development,Talegaon",0683624110,2025-26,2,Maharashtra,GOPENO,GOPENO,HU,87.3496474,percentile,GOPENO | 4018 | 87.3496474 | Stage-I,234,Other Than Home University Seats Allotted to Other Than Home University Candidates,65bfc7864381b5f65ae4f4d489f7387fe711c8d361c624796f1465391b119402
f6ffd36c4c00-PG_MCA_CAP2_Cutoff_All_Institutes_2025_26__1_.pdf,6836,"Dr.D.Y.Patil Institute Of Management & Entrepreneur Development,Talegaon",0683624110,2025-26,2,Maharashtra,GSCO,GSCO,HU,76.9216256,percentile,GSCO | 7568 | 76.9216256 | Stage-I,234,Other Than Home University Seats Allotted to Other Than Home University Candidates,7e7b09a0bd46f3edc534585f4fe289470d7a921665d8a28d8483271dbef84520
f6ffd36c4c00-PG_MCA_CAP2_Cutoff_All_Institutes_2025_26__1_.pdf,6836,"Dr.D.Y.Patil Institute Of Management & Entrepreneur Development,Talegaon",0683624110,2025-26,2,Maharashtra,GSTO,GSTO,HU,87.2080299,percentile,GSTO | 4208 | 87.2080299 | Stage-I,234,Other Than Home University Seats Allotted to Other Than Home University Candidates,146eb94109e7d5a17973633252e506240529d0cdc953f43a7fe1fc6407354daa
f6ffd36c4c00-PG_MCA_CAP2_Cutoff_All_Institutes_2025_26__1_.pdf,6836,"Dr.D.Y.Patil Institute Of Management & Entrepreneur Development,Talegaon",0683624110,2025-26,2,Maharashtra,GNTCO,GNTCO,HU,56.5488095,percentile,GNTCO | 13860 | 56.5488095 | Stage-I,234,Other Than Home University Seats Allotted to Other Than Home University Candidates,f9522e29dfa53505b791b5810c5e8df7f2bddf2c23ea43ecef4dfce1c4ff72ee
f6ffd36c4c00-PG_MCA_CAP2_Cutoff_All_Institutes_2025_26__1_.pdf,6836,"Dr.D.Y.Patil Institute Of Management & Entrepreneur Development,Talegaon",0683624110,2025-26,2,Maharashtra,GNTDO,GNTDO,HU,85.3851665,percentile,GNTDO | 4653 | 85.3851665 | Stage-I,234,Other Than Home University Seats Allotted to Other Than Home University Candidates,609ebd41e497dbd672d8c185fd633f5851cdade28cfbd81cd6e23da3efc6cbcd
f6ffd36c4c00-PG_MCA_CAP2_Cutoff_All_Institutes_2025_26__1_.pdf,6836,"Dr.D.Y.Patil Institute Of Management & Entrepreneur Development,Talegaon",0683624110,2025-26,2,Maharashtra,GOBCO,GOBCO,HU,80.5399495,percentile,GOBCO | 6459 | 80.5399495 | Stage-I,234,Other Than Home University Seats Allotted to Other Than Home University Candidates,1eb1a21f951c64c06e65b9c9659ff223241d852433a31f737fe4ab8f80b4dd68
f6ffd36c4c00-PG_MCA_CAP2_Cutoff_All_Institutes_2025_26__1_.pdf,6836,"Dr.D.Y.Patil Institute Of Management & Entrepreneur Development,Talegaon",0683624110,2025-26,2,Maharashtra,EWS,EWS,SL,13.5402134,percentile,EWS | 23382 | 13.5402134 | Stage-I,234,Other Than Home University Seats Allotted to Other Than Home University Candidates,8514e48a477bd8b3a9005529a7291af059ef095a42236047e3c77cf7611bf4ff
f6ffd36c4c00-PG_MCA_CAP2_Cutoff_All_Institutes_2025_26__1_.pdf,6836,"Dr.D.Y.Patil Institute Of Management & Entrepreneur Development,Talegaon",0683624110,2025-26,2,Maharashtra,TFWS,TFWS,SL,93.5511867,percentile,TFWS | 1989 | 93.5511867 | Stage-I,234,Other Than Home University Seats Allotted to Other Than Home University Candidates,99e0849c08030c38a3d6faa9232e2a370632ac6f57defe85b278121adeade066
f6ffd36c4c00-PG_MCA_CAP2_Cutoff_All_Institutes_2025_26__1_.pdf,6899,"Chhatrapati Shahu Institute of Business Education & Research, Kolhapur",0689924110,2025-26,2,Maharashtra,GOPENH,GOPENH,HU,77.8251197,percentile,GOPENH | 7405 | 77.8251197 | Stage-I,235,Home University Seats Allotted to Home University Candidates,d5f9b37974b9462d16b597da24e1961c17d6b0e227979cac355db08d292b8a75
f6ffd36c4c00-PG_MCA_CAP2_Cutoff_All_Institutes_2025_26__1_.pdf,6899,"Chhatrapati Shahu Institute of Business Education & Research, Kolhapur",0689924110,2025-26,2,Maharashtra,GSCH,GSCH,HU,61.2807064,percentile,GSCH | 12517 | 61.2807064 | Stage-I,235,Home University Seats Allotted to Home University Candidates,6d2120e1ca6d6e5b506666cf44236f606b2d40663603b6a91ef9757f2a6b60c9
f6ffd36c4c00-PG_MCA_CAP2_Cutoff_All_Institutes_2025_26__1_.pdf,6899,"Chhatrapati Shahu Institute of Business Education & Research, Kolhapur",0689924110,2025-26,2,Maharashtra,GSTH,GSTH,HU,58.7911466,percentile,GSTH | 13146 | 58.7911466 | Stage-I,235,Home University Seats Allotted to Home University Candidates,02ae8a845396b99fb38a66eae8cebcf3bc14c58764835b53db9d39e48b4f3d33
f6ffd36c4c00-PG_MCA_CAP2_Cutoff_All_Institutes_2025_26__1_.pdf,6899,"Chhatrapati Shahu Institute of Business Education & Research, Kolhapur",0689924110,2025-26,2,Maharashtra,GNTAH,GNTAH,HU,76.9216256,percentile,GNTAH | 7892 | 76.9216256 | Stage-I,235,Home University Seats Allotted to Home University Candidates,4a24d839f4069d1110b4bfe3e94bd95ad5887cbaa3dd2b32a59675d7f1d8775b
f6ffd36c4c00-PG_MCA_CAP2_Cutoff_All_Institutes_2025_26__1_.pdf,6899,"Chhatrapati Shahu Institute of Business Education & Research, Kolhapur",0689924110,2025-26,2,Maharashtra,GOPENO,GOPENO,HU,46.3793819,percentile,GOPENO | 16235 | 46.3793819 | Stage-I,235,Other Than Home University Seats Allotted to Other Than Home University Candidates,1d0edacef3ac19b273adc155823232c635e34dbcbaf0fd2d70fe5b4fb0466394
f6ffd36c4c00-PG_MCA_CAP2_Cutoff_All_Institutes_2025_26__1_.pdf,6899,"Chhatrapati Shahu Institute of Business Education & Research, Kolhapur",0689924110,2025-26,2,Maharashtra,GSTO,GSTO,HU,16.9789978,percentile,GSTO | 22495 | 16.9789978 | Stage-I,235,Other Than Home University Seats Allotted to Other Than Home University Candidates,a25b2402ddcf193cdf62d9003056bb6da294c84dabc22a10be25756cc6d98b65
f6ffd36c4c00-PG_MCA_CAP2_Cutoff_All_Institutes_2025_26__1_.pdf,6899,"Chhatrapati Shahu Institute of Business Education & Research, Kolhapur",0689924110,2025-26,2,Maharashtra,GSCO,GSCO,HU,53.942159,percentile,GSCO | 14017 | 53.942159 | Stage-I,235,Other Than Home University Seats Allotted to Home University Candidates,d46be271d824ebbb9d1d0c46eda01acf2143549c75903928de931a988a6a22a3
f6ffd36c4c00-PG_MCA_CAP2_Cutoff_All_Institutes_2025_26__1_.pdf,6899,"Chhatrapati Shahu Institute of Business Education & Research, Kolhapur",0689924110,2025-26,2,Maharashtra,GSTO,GSTO,HU,51.4093808,percentile,GSTO | 15068 | 51.4093808 | Stage-I,235,Other Than Home University Seats Allotted to Home University Candidates,dd574f130daee069e7150c434d7bc63f09b1f7ccd24323a89687cca6eec2cee4
f6ffd36c4c00-PG_MCA_CAP2_Cutoff_All_Institutes_2025_26__1_.pdf,6899,"Chhatrapati Shahu Institute of Business Education & Research, Kolhapur",0689924110,2025-26,2,Maharashtra,GNTCO,GNTCO,HU,58.7911466,percentile,GNTCO | 13218 | 58.7911466 | Stage-I,235,Other Than Home University Seats Allotted to Home University Candidates,5ab0bd6d841871aee2a8fa20e06b9f005f101a149d290ae6f14a102693bf5d1e
f6ffd36c4c00-PG_MCA_CAP2_Cutoff_All_Institutes_2025_26__1_.pdf,6899,"Chhatrapati Shahu Institute of Business Education & Research, Kolhapur",0689924110,2025-26,2,Maharashtra,GOBCO,GOBCO,HU,74.782248,percentile,GOBCO | 8200 | 74.782248 | Stage-I,235,Other Than Home University Seats Allotted to Home University Candidates,4e0fdd438926de253cfedb9d8901710c920ff962537281b380b74fad0f59a6e4
f6ffd36c4c00-PG_MCA_CAP2_Cutoff_All_Institutes_2025_26__1_.pdf,6899,"Chhatrapati Shahu Institute of Business Education & Research, Kolhapur",0689924110,2025-26,2,Maharashtra,EWS,EWS,SL,19.1539942,percentile,EWS | 22382 | 19.1539942 | Stage-I,236,,a73825d494a7480fb2bee14e37c82d28a040fdd51a30593763884eb66c619269
f6ffd36c4c00-PG_MCA_CAP2_Cutoff_All_Institutes_2025_26__1_.pdf,6899,"Chhatrapati Shahu Institute of Business Education & Research, Kolhapur",0689924110,2025-26,2,Maharashtra,TFWS,TFWS,SL,93.5511867,percentile,TFWS | 1860 | 93.5511867 | Stage-I,236,,b02ae552ded842797ade0c8a4f4d76dd362dc75529af6146c77f8c42b66964a8
f6ffd36c4c00-PG_MCA_CAP2_Cutoff_All_Institutes_2025_26__1_.pdf,6971,"K.B. Joshi Institute of Information Technology, Pune",0689924110,2025-26,2,Maharashtra,GOPENS,GOPENS,SL,85.2118788,percentile,GOPENS | 5025 | 85.2118788 | Stage-I,237,,24efff5d1d8613e4a27245e6cc1d881ee3cb250569d5089c1101772177fd7120
f6ffd36c4c00-PG_MCA_CAP2_Cutoff_All_Institutes_2025_26__1_.pdf,6971,"K.B. Joshi Institute of Information Technology, Pune",0689924110,2025-26,2,Maharashtra,GSCS,GSCS,SL,67.3579428,percentile,GSCS | 10476 | 67.3579428 | Stage-I,237,,c854f03ae17ced9b55b473884795e6878db28122b5c8d39862ec9d1a56d3b09c
f6ffd36c4c00-PG_MCA_CAP2_Cutoff_All_Institutes_2025_26__1_.pdf,6971,"K.B. Joshi Institute of Information Technology, Pune",0689924110,2025-26,2,Maharashtra,GSTS,GSTS,SL,46.3793819,percentile,GSTS | 16132 | 46.3793819 | Stage-I,237,,15888bf361eeed8718448b727e651b341acefb5683a9052b535cc1b5f0eb60e1
f6ffd36c4c00-PG_MCA_CAP2_Cutoff_All_Institutes_2025_26__1_.pdf,6971,"K.B. Joshi Institute of Information Technology, Pune",0689924110,2025-26,2,Maharashtra,GNTCS,GNTCS,SL,73.5368477,percentile,GNTCS | 8494 | 73.5368477 | Stage-I,237,,603148a50a151c2a52634d98db6a770593ac63bb351a2aafcba78ed8a1736119
f6ffd36c4c00-PG_MCA_CAP2_Cutoff_All_Institutes_2025_26__1_.pdf,6971,"K.B. Joshi Institute of Information Technology, Pune",0689924110,2025-26,2,Maharashtra,GOBCS,GOBCS,SL,87.2080299,percentile,GOBCS | 4328 | 87.2080299 | Stage-I,237,,bfe23adc957dc8b03bd1255115a4145dddd1ac8cd8c9872a7f8b8e56fdee480b
f6ffd36c4c00-PG_MCA_CAP2_Cutoff_All_Institutes_2025_26__1_.pdf,6973,"ASMS Institute of Business Management and Research MCA, Pune",0697324110,2025-26,2,Maharashtra,GOPENH,GOPENH,HU,82.8308366,percentile,GOPENH | 5732 | 82.8308366 | Stage-I,238,Home University Seats Allotted to Home University Candidates,66c3b35785ff79ad0732f018a3d5220f8afb23ebafc3394203abcc1d42868afb
f6ffd36c4c00-PG_MCA_CAP2_Cutoff_All_Institutes_2025_26__1_.pdf,6973,"ASMS Institute of Business Management and Research MCA, Pune",0697324110,2025-26,2,Maharashtra,GSCH,GSCH,HU,53.942159,percentile,GSCH | 14500 | 53.942159 | Stage-I,238,Home University Seats Allotted to Home University Candidates,8b301b4d72c2ef1bf45544a0ec1e38f4ade9f69124863aeca0e6697c86bef649
f6ffd36c4c00-PG_MCA_CAP2_Cutoff_All_Institutes_2025_26__1_.pdf,6973,"ASMS Institute of Business Management and Research MCA, Pune",0697324110,2025-26,2,Maharashtra,GSTH,GSTH,HU,23.1010151,percentile,GSTH | 21496 | 23.1010151 | Stage-I,238,Home University Seats Allotted to Home University Candidates,cd1a25d9bc42c9e331e9fc04490760cce9e488e1ac52ddb8954e652a247839e4
f6ffd36c4c00-PG_MCA_CAP2_Cutoff_All_Institutes_2025_26__1_.pdf,6973,"ASMS Institute of Business Management and Research MCA, Pune",0697324110,2025-26,2,Maharashtra,GNTBH,GNTBH,HU,71.1549338,percentile,GNTBH | 9480 | 71.1549338 | Stage-I,238,Home University Seats Allotted to Home University Candidates,198316b2c51e031bbfe9e3c0534196cd9bdc5bfe20d99c3b9eb42c6b4c22b4f5
f6ffd36c4c00-PG_MCA_CAP2_Cutoff_All_Institutes_2025_26__1_.pdf,6973,"ASMS Institute of Business Management and Research MCA, Pune",0697324110,2025-26,2,Maharashtra,GNTCH,GNTCH,HU,65.8578922,percentile,GNTCH | 10917 | 65.8578922 | Stage-I,238,Home University Seats Allotted to Home University Candidates,7bfdf037222c6cda44e714734b026be668b716d5a7acc7d770f1b10388c3dd88
f6ffd36c4c00-PG_MCA_CAP2_Cutoff_All_Institutes_2025_26__1_.pdf,6973,"ASMS Institute of Business Management and Research MCA, Pune",0697324110,2025-26,2,Maharashtra,GOBCH,GOBCH,HU,69.7143504,percentile,GOBCH | 9719 | 69.7143504 | Stage-I,238,Home University Seats Allotted to Home University Candidates,466bdae05f115254d9ee572eac0da73559f43a94064010fd45c39fd073f65e27
f6ffd36c4c00-PG_MCA_CAP2_Cutoff_All_Institutes_2025_26__1_.pdf,6973,"ASMS Institute of Business Management and Research MCA, Pune",0697324110,2025-26,2,Maharashtra,GSEBCH,GSEBCH,HU,65.8578922,percentile,GSEBCH | 11190 | 65.8578922 | Stage-I,238,Home University Seats Allotted to Home University Candidates,8b79dc4dc66f8c6042db8dfcd9afa5cf37afa779b87969cbb4e73cb67739508a
f6ffd36c4c00-PG_MCA_CAP2_Cutoff_All_Institutes_2025_26__1_.pdf,6973,"ASMS Institute of Business Management and Research MCA, Pune",0697324110,2025-26,2,Maharashtra,GOPENO,GOPENO,HU,87.2080299,percentile,GOPENO | 4147 | 87.2080299 | Stage-I,238,Other Than Home University Seats Allotted to Other Than Home University Candidates,428d67f2594987bcc1408174fefb747c067bc39f34d486adef0f533b50ccae51
f6ffd36c4c00-PG_MCA_CAP2_Cutoff_All_Institutes_2025_26__1_.pdf,6973,"ASMS Institute of Business Management and Research MCA, Pune",0697324110,2025-26,2,Maharashtra,GSCO,GSCO,HU,80.5399495,percentile,GSCO | 6362 | 80.5399495 | Stage-I,238,Other Than Home University Seats Allotted to Other Than Home University Candidates,92ee859ffc010301938992980e8a0ca9927ff428b31be183679eb26aeacfc269
f6ffd36c4c00-PG_MCA_CAP2_Cutoff_All_Institutes_2025_26__1_.pdf,6973,"ASMS Institute of Business Management and Research MCA, Pune",0697324110,2025-26,2,Maharashtra,GSTO,GSTO,HU,58.7911466,percentile,GSTO | 12793 | 58.7911466 | Stage-I,238,Other Than Home University Seats Allotted to Other Than Home University Candidates,8b339ed6b91bb7b7ae18fa21debbbf7c2bf89ee91d552e6d530d4c668379df29
f6ffd36c4c00-PG_MCA_CAP2_Cutoff_All_Institutes_2025_26__1_.pdf,6973,"ASMS Institute of Business Management and Research MCA, Pune",0697324110,2025-26,2,Maharashtra,GNTAO,GNTAO,HU,65.8578922,percentile,GNTAO | 11285 | 65.8578922 | Stage-I,238,Other Than Home University Seats Allotted to Other Than Home University Candidates,a2ed6f28b64ae14c8a89a518e368d25c12d2155bf2c0071efe575b9ad029e31d
f6ffd36c4c00-PG_MCA_CAP2_Cutoff_All_Institutes_2025_26__1_.pdf,6973,"ASMS Institute of Business Management and Research MCA, Pune",0697324110,2025-26,2,Maharashtra,GNTBO,GNTBO,HU,73.5368477,percentile,GNTBO | 8606 | 73.5368477 | Stage-I,238,Other Than Home University Seats Allotted to Other Than Home University Candidates,c932162ea0960fd7d9fdae64d6900a5b9d6824d9bbbff5855a6a1d66e6b660d0
f6ffd36c4c00-PG_MCA_CAP2_Cutoff_All_Institutes_2025_26__1_.pdf,6973,"ASMS Institute of Business Management and Research MCA, Pune",0697324110,2025-26,2,Maharashtra,GOBCO,GOBCO,HU,85.2118788,percentile,GOBCO | 5180 | 85.2118788 | Stage-I,238,Other Than Home University Seats Allotted to Other Than Home University Candidates,42ac3993649823218379cc0db2b49271d8de7490721bc9887704a2798d75678c
f6ffd36c4c00-PG_MCA_CAP2_Cutoff_All_Institutes_2025_26__1_.pdf,6973,"ASMS Institute of Business Management and Research MCA, Pune",0697324110,2025-26,2,Maharashtra,GSEBCO,GSEBCO,HU,82.8308366,percentile,GSEBCO | 6070 | 82.8308366 | Stage-I,238,Other Than Home University Seats Allotted to Other Than Home University Candidates,cd31b67a7dd1c7163f0df138c2c1bc9fbb718c0078ed7b49a7572683eb2caf8f
f6ffd36c4c00-PG_MCA_CAP2_Cutoff_All_Institutes_2025_26__1_.pdf,6973,"ASMS Institute of Business Management and Research MCA, Pune",0697324110,2025-26,2,Maharashtra,EWS,EWS,SL,65.8578922,percentile,EWS | 11123 | 65.8578922 | Stage-I,238,Other Than Home University Seats Allotted to Other Than Home University Candidates,de36a03e106be4759dad5d90048f197d2657f4ed19acf0c40678284b72daa6bc
f6ffd36c4c00-PG_MCA_CAP2_Cutoff_All_Institutes_2025_26__1_.pdf,6973,"ASMS Institute of Business Management and Research MCA, Pune",0697324110,2025-26,2,Maharashtra,TFWS,TFWS,SL,89.1966341,percentile,TFWS | 3272 | 89.1966341 | Stage-I,238,Other Than Home University Seats Allotted to Other Than Home University Candidates,08709dff3fe4d31e06e49481f5c31030110cb07aa52772567dca19f90867b38a
f6ffd36c4c00-PG_MCA_CAP2_Cutoff_All_Institutes_2025_26__1_.pdf,6990,Jaihind Institute of Management and Research,0699024110,2025-26,2,Maharashtra,GOPENH,GOPENH,HU,63.1574978,percentile,GOPENH | 11705 | 63.1574978 | Stage-I,239,Home University Seats Allotted to Home University Candidates,f22a65210716bfae21a93c406e9ac86a523b64a4ea56d8aed0d481a50b7f782d
f6ffd36c4c00-PG_MCA_CAP2_Cutoff_All_Institutes_2025_26__1_.pdf,6990,Jaihind Institute of Management and Research,0699024110,2025-26,2,Maharashtra,GSCH,GSCH,HU,25.4779232,percentile,GSCH | 21192 | 25.4779232 | Stage-I,239,Home University Seats Allotted to Home University Candidates,9f0b77c5a79ef050b95eed8d9a30e4fd7e6e7aeabe38e5d7938a93f84551c6c1
f6ffd36c4c00-PG_MCA_CAP2_Cutoff_All_Institutes_2025_26__1_.pdf,6990,Jaihind Institute of Management and Research,0699024110,2025-26,2,Maharashtra,GSTH,GSTH,HU,1.3498737,percentile,GSTH | 25337 | 1.3498737 | Stage-I,239,Home University Seats Allotted to Home University Candidates,d9acf91df84e1c9416e96076682f7a10df49dbfb9d06240606b94dda40ba08b5
f6ffd36c4c00-PG_MCA_CAP2_Cutoff_All_Institutes_2025_26__1_.pdf,6990,Jaihind Institute of Management and Research,0699024110,2025-26,2,Maharashtra,GNTAH,GNTAH,HU,46.3793819,percentile,GNTAH | 16174 | 46.3793819 | Stage-I,239,Home University Seats Allotted to Home University Candidates,e1d0ece24982cc927b1bb21584499ae790289fa7ca48397e07f0daca6997f428
f6ffd36c4c00-PG_MCA_CAP2_Cutoff_All_Institutes_2025_26__1_.pdf,6990,Jaihind Institute of Management and Research,0699024110,2025-26,2,Maharashtra,GNTBH,GNTBH,HU,41.4550394,percentile,GNTBH | 17482 | 41.4550394 | Stage-I,239,Home University Seats Allotted to Home University Candidates,61ffb14240697f6db342c491c2697565ab60f91c2ee4f1a58dcee61a61d415ad
f6ffd36c4c00-PG_MCA_CAP2_Cutoff_All_Institutes_2025_26__1_.pdf,6990,Jaihind Institute of Management and Research,0699024110,2025-26,2,Maharashtra,GSCH,GSCH,HU,39.3989669,percentile,GSCH | 18106 | 39.3989669 | Stage-I,239,Home University Seats Allotted to Other Than Home University Candidates,d4089c2a51e38d216fc5458ceae8db2679a0ee27e9ff946ef7b584086c1373c3
f6ffd36c4c00-PG_MCA_CAP2_Cutoff_All_Institutes_2025_26__1_.pdf,6990,Jaihind Institute of Management and Research,0699024110,2025-26,2,Maharashtra,GOPENO,GOPENO,HU,58.7911466,percentile,GOPENO | 13113 | 58.7911466 | Stage-I,239,Other Than Home University Seats Allotted to Other Than Home University Candidates,458929360bfdb70fb50a9480ccd9cf683be3c71bf1e5ca52f94d98c8ade5fb75
f6ffd36c4c00-PG_MCA_CAP2_Cutoff_All_Institutes_2025_26__1_.pdf,6990,Jaihind Institute of Management and Research,0699024110,2025-26,2,Maharashtra,GSCO,GSCO,HU,41.4550394,percentile,GSCO | 17356 | 41.4550394 | Stage-I,239,Other Than Home University Seats Allotted to Other Than Home University Candidates,70eb51d773386dcb65c95793bc5ac6d41ac79c78b4c3e699ddf49c935a57c62f
f6ffd36c4c00-PG_MCA_CAP2_Cutoff_All_Institutes_2025_26__1_.pdf,6990,Jaihind Institute of Management and Research,0699024110,2025-26,2,Maharashtra,GSTO,GSTO,HU,23.1010151,percentile,GSTO | 21564 | 23.1010151 | Stage-I,239,Other Than Home University Seats Allotted to Other Than Home University Candidates,8196f7ac24c76fd7e880b35d8e2bcc1ce32c3b31e83eb7211fe9380998780c92
f6ffd36c4c00-PG_MCA_CAP2_Cutoff_All_Institutes_2025_26__1_.pdf,6990,Jaihind Institute of Management and Research,0699024110,2025-26,2,Maharashtra,GNTAO,GNTAO,HU,31.6629561,percentile,GNTAO | 19354 | 31.6629561 | Stage-I,239,Other Than Home University Seats Allotted to Other Than Home University Candidates,588bd0f25a50eefb52fdb2e485f10c74a08d279a6295c68d4180d81a838e1703
f6ffd36c4c00-PG_MCA_CAP2_Cutoff_All_Institutes_2025_26__1_.pdf,6990,Jaihind Institute of Management and Research,0699024110,2025-26,2,Maharashtra,GNTBO,GNTBO,HU,39.3989669,percentile,GNTBO | 18114 | 39.3989669 | Stage-I,239,Other Than Home University Seats Allotted to Other Than Home University Candidates,db8f5a39e9b73f7372d5a9058d747b1878ff0be8fedefe239a3dc9980083e4b0
f6ffd36c4c00-PG_MCA_CAP2_Cutoff_All_Institutes_2025_26__1_.pdf,6990,Jaihind Institute of Management and Research,0699024110,2025-26,2,Maharashtra,TFWS,TFWS,SL,80.5399495,percentile,TFWS | 6365 | 80.5399495 | Stage-I,240,,925fd441238f56d63c5b4de62c7d2d12738161d5777d5694ade924bb62c5f947
f6ffd36c4c00-PG_MCA_CAP2_Cutoff_All_Institutes_2025_26__1_.pdf,6991,"Dr. D.Y. Patil Technical Campus, Varale, Talegaon, Pune",0699124110,2025-26,2,Maharashtra,GOPENH,GOPENH,HU,67.3579428,percentile,GOPENH | 10522 | 67.3579428 | Stage-I,241,Home University Seats Allotted to Home University Candidates,09632219152c02e38f917e3077706b4a85f81b1614b129a36fdafe6096cabf78
f6ffd36c4c00-PG_MCA_CAP2_Cutoff_All_Institutes_2025_26__1_.pdf,6991,"Dr. D.Y. Patil Technical Campus, Varale, Talegaon, Pune",0699124110,2025-26,2,Maharashtra,GSTH,GSTH,HU,34.5198145,percentile,GSTH | 19052 | 34.5198145 | Stage-I,241,Home University Seats Allotted to Home University Candidates,361359c8c8ee81d49a9d317ed4902720f346a41ffeac373ed3e7665c5c4f2d58
f6ffd36c4c00-PG_MCA_CAP2_Cutoff_All_Institutes_2025_26__1_.pdf,6991,"Dr. D.Y. Patil Technical Campus, Varale, Talegaon, Pune",0699124110,2025-26,2,Maharashtra,GNTBH,GNTBH,HU,56.5488095,percentile,GNTBH | 13548 | 56.5488095 | Stage-I,241,Home University Seats Allotted to Home University Candidates,4f34bc492585fa694f4076ce600b98ce5e2474892422a2ced51fda63bd972f3d
f6ffd36c4c00-PG_MCA_CAP2_Cutoff_All_Institutes_2025_26__1_.pdf,6991,"Dr. D.Y. Patil Technical Campus, Varale, Talegaon, Pune",0699124110,2025-26,2,Maharashtra,GNTCH,GNTCH,HU,9.7430286,percentile,GNTCH | 24033 | 9.7430286 | Stage-I,241,Home University Seats Allotted to Home University Candidates,5119cf68e094b8af0e40a5ce89028011ab30a8074ee015df70c4772501060a6a
f6ffd36c4c00-PG_MCA_CAP2_Cutoff_All_Institutes_2025_26__1_.pdf,6991,"Dr. D.Y. Patil Technical Campus, Varale, Talegaon, Pune",0699124110,2025-26,2,Maharashtra,GNTDH,GNTDH,HU,58.7911466,percentile,GNTDH | 12886 | 58.7911466 | Stage-I,241,Home University Seats Allotted to Home University Candidates,1cf064010631cfa508bb52e53b40b88f140abde35677399d30f7ec618d5eafbb
f6ffd36c4c00-PG_MCA_CAP2_Cutoff_All_Institutes_2025_26__1_.pdf,6991,"Dr. D.Y. Patil Technical Campus, Varale, Talegaon, Pune",0699124110,2025-26,2,Maharashtra,GOBCH,GOBCH,HU,34.5198145,percentile,GOBCH | 18971 | 34.5198145 | Stage-I,241,Home University Seats Allotted to Home University Candidates,e8864881026d467cba2ad1597f1109185165d41442e0767e86d3271832ac8d9f
f6ffd36c4c00-PG_MCA_CAP2_Cutoff_All_Institutes_2025_26__1_.pdf,6991,"Dr. D.Y. Patil Technical Campus, Varale, Talegaon, Pune",0699124110,2025-26,2,Maharashtra,GSCH,GSCH,HU,69.7143504,percentile,GSCH | 9880 | 69.7143504 | Stage-I,241,Home University Seats Allotted to Other Than Home University Candidates,5a975c3f9181c37623cb4a2bc8ff07d09e3e3f20ff5daca658624744b19f5200
f6ffd36c4c00-PG_MCA_CAP2_Cutoff_All_Institutes_2025_26__1_.pdf,6991,"Dr. D.Y. Patil Technical Campus, Varale, Talegaon, Pune",0699124110,2025-26,2,Maharashtra,GOPENO,GOPENO,HU,85.3851665,percentile,GOPENO | 4651 | 85.3851665 | Stage-I,241,Other Than Home University Seats Allotted to Other Than Home University Candidates,0bf829b2b2c354326450e99afb63f9cbb25644b9747a814410e6b789204393d1
f6ffd36c4c00-PG_MCA_CAP2_Cutoff_All_Institutes_2025_26__1_.pdf,6991,"Dr. D.Y. Patil Technical Campus, Varale, Talegaon, Pune",0699124110,2025-26,2,Maharashtra,GSCO,GSCO,HU,74.782248,percentile,GSCO | 8096 | 74.782248 | Stage-I,241,Other Than Home University Seats Allotted to Other Than Home University Candidates,f97e1e9546a244b855dd184103a02b151cd1cb32bbb50cb9a663d2487437d050
f6ffd36c4c00-PG_MCA_CAP2_Cutoff_All_Institutes_2025_26__1_.pdf,6991,"Dr. D.Y. Patil Technical Campus, Varale, Talegaon, Pune",0699124110,2025-26,2,Maharashtra,GSTO,GSTO,HU,79.9969812,percentile,GSTO | 6547 | 79.9969812 | Stage-I,241,Other Than Home University Seats Allotted to Other Than Home University Candidates,b1dcd4c3f80754ca201bbf4fd1bf18584b0b7de5c6fa16be4d4f311504d0a473
f6ffd36c4c00-PG_MCA_CAP2_Cutoff_All_Institutes_2025_26__1_.pdf,6991,"Dr. D.Y. Patil Technical Campus, Varale, Talegaon, Pune",0699124110,2025-26,2,Maharashtra,GNTAO,GNTAO,HU,71.1549338,percentile,GNTAO | 9263 | 71.1549338 | Stage-I,241,Other Than Home University Seats Allotted to Other Than Home University Candidates,6b07d82b743bad97b74d021beaffa44636bd97eb916580f19dcdb77eae12eb9b
f6ffd36c4c00-PG_MCA_CAP2_Cutoff_All_Institutes_2025_26__1_.pdf,6991,"Dr. D.Y. Patil Technical Campus, Varale, Talegaon, Pune",0699124110,2025-26,2,Maharashtra,GNTBO,GNTBO,HU,77.8251197,percentile,GNTBO | 7041 | 77.8251197 | Stage-I,241,Other Than Home University Seats Allotted to Other Than Home University Candidates,e6bc5aa305cce3f3d69ad5c6d404b9948c9e72f6261fe4404bc297a66ac3a961
f6ffd36c4c00-PG_MCA_CAP2_Cutoff_All_Institutes_2025_26__1_.pdf,6991,"Dr. D.Y. Patil Technical Campus, Varale, Talegaon, Pune",0699124110,2025-26,2,Maharashtra,GOBCO,GOBCO,HU,82.8308366,percentile,GOBCO | 6085 | 82.8308366 | Stage-I,241,Other Than Home University Seats Allotted to Other Than Home University Candidates,c4164244077cc22ab0d6d42661e2befa1e9fb182f83c2de3fe4e9501b5a078a2
f6ffd36c4c00-PG_MCA_CAP2_Cutoff_All_Institutes_2025_26__1_.pdf,6991,"Dr. D.Y. Patil Technical Campus, Varale, Talegaon, Pune",0699124110,2025-26,2,Maharashtra,EWS,EWS,SL,5.9311489,percentile,EWS | 24534 | 5.9311489 | Stage-I,242,,178e6fb336129158b4432e69ff7f45a9e1c277879409f15d5f511fdd9fcf4438
f6ffd36c4c00-PG_MCA_CAP2_Cutoff_All_Institutes_2025_26__1_.pdf,6991,"Dr. D.Y. Patil Technical Campus, Varale, Talegaon, Pune",0699124110,2025-26,2,Maharashtra,TFWS,TFWS,SL,96.1125146,percentile,TFWS | 1199 | 96.1125146 | Stage-I,242,,85ad4f8e961f0a2a761930280447531e64d2aa61465ae298f3cdcb700b4c9f96
f6ffd36c4c00-PG_MCA_CAP2_Cutoff_All_Institutes_2025_26__1_.pdf,6992,"Pune Cambridge Institute of Management and Computer Application, Ambegaon Pathar, Pune",0699224110,2025-26,2,Maharashtra,GOPENH,GOPENH,HU,74.782248,percentile,GOPENH | 8051 | 74.782248 | Stage-I,243,Home University Seats Allotted to Home University Candidates,faac3f1522e5b61d9c5fb58fa49288fbbf68613f720acd97d7bbff499ebfd47b
f6ffd36c4c00-PG_MCA_CAP2_Cutoff_All_Institutes_2025_26__1_.pdf,6992,"Pune Cambridge Institute of Management and Computer Application, Ambegaon Pathar, Pune",0699224110,2025-26,2,Maharashtra,GSCH,GSCH,HU,9.7430286,percentile,GSCH | 24056 | 9.7430286 | Stage-I,243,Home University Seats Allotted to Home University Candidates,238a166e3d9d15c790efaf2d702eaaaea91c39daeb748bf7d80e6742cdeb8a2f
f6ffd36c4c00-PG_MCA_CAP2_Cutoff_All_Institutes_2025_26__1_.pdf,6992,"Pune Cambridge Institute of Management and Computer Application, Ambegaon Pathar, Pune",0699224110,2025-26,2,Maharashtra,GSTH,GSTH,HU,56.5488095,percentile,GSTH | 13637 | 56.5488095 | Stage-I,243,Home University Seats Allotted to Home University Candidates,d40aa1b7825f9001f16c7d79e10085dc91e3a31618d3b0e7b41807ae4b4f1707
f6ffd36c4c00-PG_MCA_CAP2_Cutoff_All_Institutes_2025_26__1_.pdf,6992,"Pune Cambridge Institute of Management and Computer Application, Ambegaon Pathar, Pune",0699224110,2025-26,2,Maharashtra,GOBCH,GOBCH,HU,46.3793819,percentile,GOBCH | 16195 | 46.3793819 | Stage-I,243,Home University Seats Allotted to Home University Candidates,050903c37ff48b5215b71052516b5567b58e042eade532da5173ecef8e33d026
f6ffd36c4c00-PG_MCA_CAP2_Cutoff_All_Institutes_2025_26__1_.pdf,6992,"Pune Cambridge Institute of Management and Computer Application, Ambegaon Pathar, Pune",0699224110,2025-26,2,Maharashtra,GSCH,GSCH,HU,76.9216256,percentile,GSCH | 7921 | 76.9216256 | Stage-I,243,Home University Seats Allotted to Other Than Home University Candidates,201fec4604a4eb6d9565b653a6bb2b5fdeabd41d4a73a27bd354112ec5f5f198
f6ffd36c4c00-PG_MCA_CAP2_Cutoff_All_Institutes_2025_26__1_.pdf,6992,"Pune Cambridge Institute of Management and Computer Application, Ambegaon Pathar, Pune",0699224110,2025-26,2,Maharashtra,GOPENO,GOPENO,HU,90.7733494,percentile,GOPENO | 3206 | 90.7733494 | Stage-I,243,Other Than Home University Seats Allotted to Other Than Home University Candidates,8e6704ffbd4eb2813960ad51bc32579fd09e3a197a7453ac2ef725509389b196
f6ffd36c4c00-PG_MCA_CAP2_Cutoff_All_Institutes_2025_26__1_.pdf,6992,"Pune Cambridge Institute of Management and Computer Application, Ambegaon Pathar, Pune",0699224110,2025-26,2,Maharashtra,GSTO,GSTO,HU,80.5399495,percentile,GSTO | 6333 | 80.5399495 | Stage-I,243,Other Than Home University Seats Allotted to Other Than Home University Candidates,cb21755ab22eb1b295ef04b46441a43799c1076d868dd568ab92c3caa5f4408f
f6ffd36c4c00-PG_MCA_CAP2_Cutoff_All_Institutes_2025_26__1_.pdf,6992,"Pune Cambridge Institute of Management and Computer Application, Ambegaon Pathar, Pune",0699224110,2025-26,2,Maharashtra,GOBCO,GOBCO,HU,87.3496474,percentile,GOBCO | 3991 | 87.3496474 | Stage-I,243,Other Than Home University Seats Allotted to Other Than Home University Candidates,3ceb510f731b5a69c87cc988d04567c0de79098f1c24e6f60f2d2bc72eb8ac20
f6ffd36c4c00-PG_MCA_CAP2_Cutoff_All_Institutes_2025_26__1_.pdf,6992,"Pune Cambridge Institute of Management and Computer Application, Ambegaon Pathar, Pune",1612224110,2025-26,2,Maharashtra,GOPENH,GOPENH,HU,82.8308366,percentile,GOPENH | 5981 | 82.8308366 | Stage-I,245,Home University Seats Allotted to Home University Candidates,d2017e5400c4c39741086590d293b526e7b84cac81298f903974219a52cc4fbd
f6ffd36c4c00-PG_MCA_CAP2_Cutoff_All_Institutes_2025_26__1_.pdf,6992,"Pune Cambridge Institute of Management and Computer Application, Ambegaon Pathar, Pune",1612224110,2025-26,2,Maharashtra,GSCH,GSCH,HU,10.5199653,percentile,GSCH | 23907 | 10.5199653 | Stage-I,245,Home University Seats Allotted to Home University Candidates,6401f4a611a1ff8dc7a2d0169a6940e2ed0886504a2273c11299aceb33a4b701
f6ffd36c4c00-PG_MCA_CAP2_Cutoff_All_Institutes_2025_26__1_.pdf,6992,"Pune Cambridge Institute of Management and Computer Application, Ambegaon Pathar, Pune",1612224110,2025-26,2,Maharashtra,GSTH,GSTH,HU,12.4750009,percentile,GSTH | 23510 | 12.4750009 | Stage-I,245,Home University Seats Allotted to Home University Candidates,212ca35caf038c334405ed84d915b6626bfc620c1e0b7565da97ee8a122152ed
f6ffd36c4c00-PG_MCA_CAP2_Cutoff_All_Institutes_2025_26__1_.pdf,6992,"Pune Cambridge Institute of Management and Computer Application, Ambegaon Pathar, Pune",1612224110,2025-26,2,Maharashtra,GNTAH,GNTAH,HU,34.5198145,percentile,GNTAH | 19286 | 34.5198145 | Stage-I,245,Home University Seats Allotted to Home University Candidates,77eac74787bfd01f9cc9080da087bdd1c0fecd56ce5cbb76e46ed8340322f975
f6ffd36c4c00-PG_MCA_CAP2_Cutoff_All_Institutes_2025_26__1_.pdf,6992,"Pune Cambridge Institute of Management and Computer Application, Ambegaon Pathar, Pune",1612224110,2025-26,2,Maharashtra,GNTBH,GNTBH,HU,23.1010151,percentile,GNTBH | 21397 | 23.1010151 | Stage-I,245,Home University Seats Allotted to Home University Candidates,71527291a995aaf8714b20f0edef2f7dd04457807e2d489c84991b575a2c4920
f6ffd36c4c00-PG_MCA_CAP2_Cutoff_All_Institutes_2025_26__1_.pdf,6992,"Pune Cambridge Institute of Management and Computer Application, Ambegaon Pathar, Pune",1612224110,2025-26,2,Maharashtra,GNTCH,GNTCH,HU,36.496736,percentile,GNTCH | 18632 | 36.496736 | Stage-I,245,Home University Seats Allotted to Home University Candidates,1606fe7de9aac989798789af0aebd8f9caf2b44c9655199fc3f2db5056d3c73a
f6ffd36c4c00-PG_MCA_CAP2_Cutoff_All_Institutes_2025_26__1_.pdf,6992,"Pune Cambridge Institute of Management and Computer Application, Ambegaon Pathar, Pune",1612224110,2025-26,2,Maharashtra,GNTDH,GNTDH,HU,12.4750009,percentile,GNTDH | 23426 | 12.4750009 | Stage-I,245,Home University Seats Allotted to Home University Candidates,29d1869a18e8e53e555f9c09a67a9335fb5e12b83637920fc56fa7b25506d09e
f6ffd36c4c00-PG_MCA_CAP2_Cutoff_All_Institutes_2025_26__1_.pdf,6992,"Pune Cambridge Institute of Management and Computer Application, Ambegaon Pathar, Pune",1612224110,2025-26,2,Maharashtra,GOPENO,GOPENO,HU,39.3989669,percentile,GOPENO | 17944 | 39.3989669 | Stage-I,245,Other Than Home University Seats Allotted to Other Than Home University Candidates,a76f280d1aba99279173e9ff36d67bc47231891060a638cc07297b44c14be728
f6ffd36c4c00-PG_MCA_CAP2_Cutoff_All_Institutes_2025_26__1_.pdf,6992,"Pune Cambridge Institute of Management and Computer Application, Ambegaon Pathar, Pune",1612224110,2025-26,2,Maharashtra,GSCO,GSCO,HU,31.6629561,percentile,GSCO | 19716 | 31.6629561 | Stage-I,245,Other Than Home University Seats Allotted to Other Than Home University Candidates,5d9c806e34559787093afbdd5847a221c589267a7a7f633da01c92bcdedb2794
f6ffd36c4c00-PG_MCA_CAP2_Cutoff_All_Institutes_2025_26__1_.pdf,6992,"Pune Cambridge Institute of Management and Computer Application, Ambegaon Pathar, Pune",1612224110,2025-26,2,Maharashtra,GSTO,GSTO,HU,25.4779232,percentile,GSTO | 20887 | 25.4779232 | Stage-I,245,Other Than Home University Seats Allotted to Other Than Home University Candidates,aae4506aa8e882968896a9d41f5d1919d861953468779bf718a7636ef848adba
f6ffd36c4c00-PG_MCA_CAP2_Cutoff_All_Institutes_2025_26__1_.pdf,6992,"Pune Cambridge Institute of Management and Computer Application, Ambegaon Pathar, Pune",1612224110,2025-26,2,Maharashtra,GNTCO,GNTCO,HU,29.9046039,percentile,GNTCO | 20098 | 29.9046039 | Stage-I,245,Other Than Home University Seats Allotted to Home University Candidates,3b4fcdb0c28803921fb2cd5364e17586b70536f4f7389048b3d69ee14cc01ad9
f6ffd36c4c00-PG_MCA_CAP2_Cutoff_All_Institutes_2025_26__1_.pdf,6992,"Pune Cambridge Institute of Management and Computer Application, Ambegaon Pathar, Pune",1612224110,2025-26,2,Maharashtra,EWS,EWS,SL,58.7911466,percentile,EWS | 12890 | 58.7911466 | Stage-I,246,,b27973a9928a13e12ee35b985747cedd7d8e8e13293e16b03e3d82f32ce63294
f6ffd36c4c00-PG_MCA_CAP2_Cutoff_All_Institutes_2025_26__1_.pdf,6992,"Pune Cambridge Institute of Management and Computer Application, Ambegaon Pathar, Pune",1612224110,2025-26,2,Maharashtra,TFWS,TFWS,SL,82.8308366,percentile,TFWS | 6072 | 82.8308366 | Stage-I,246,,2d16ec55ea5f04d064727254a14def4c9bce915474e3167dc418aeefdb91f84a
f6ffd36c4c00-PG_MCA_CAP2_Cutoff_All_Institutes_2025_26__1_.pdf,6992,"Pune Cambridge Institute of Management and Computer Application, Ambegaon Pathar, Pune",1612524210,2025-26,2,Maharashtra,GOPENH,GOPENH,HU,73.5368477,percentile,GOPENH | 8598 | 73.5368477 | Stage-I,247,Home University Seats Allotted to Home University Candidates,f0d027763f51151279cac82a89ac5ae1be73edc7112b9f7070d8bb6aba06cc8e
f6ffd36c4c00-PG_MCA_CAP2_Cutoff_All_Institutes_2025_26__1_.pdf,6992,"Pune Cambridge Institute of Management and Computer Application, Ambegaon Pathar, Pune",1612524210,2025-26,2,Maharashtra,GSTH,GSTH,HU,51.4093808,percentile,GSTH | 15104 | 51.4093808 | Stage-I,247,Home University Seats Allotted to Home University Candidates,04724b0041e897e89050707d3fbaa440250795e6e9f063fdfd78e6e0f7fb545b
f6ffd36c4c00-PG_MCA_CAP2_Cutoff_All_Institutes_2025_26__1_.pdf,6992,"Pune Cambridge Institute of Management and Computer Application, Ambegaon Pathar, Pune",1612524210,2025-26,2,Maharashtra,GNTAH,GNTAH,HU,67.3579428,percentile,GNTAH | 10491 | 67.3579428 | Stage-I,247,Home University Seats Allotted to Home University Candidates,d05b856b331115af016996f684fb94d92be670800714588d1214a5e3c3161664
f6ffd36c4c00-PG_MCA_CAP2_Cutoff_All_Institutes_2025_26__1_.pdf,6992,"Pune Cambridge Institute of Management and Computer Application, Ambegaon Pathar, Pune",1612524210,2025-26,2,Maharashtra,GOPENO,GOPENO,HU,46.3793819,percentile,GOPENO | 16365 | 46.3793819 | Stage-I,247,Other Than Home University Seats Allotted to Other Than Home University Candidates,413e7525e8a94fd21ee49dbe2837fc528b7361b8931dc6644673ea28348f9a23
f6ffd36c4c00-PG_MCA_CAP2_Cutoff_All_Institutes_2025_26__1_.pdf,6992,"Pune Cambridge Institute of Management and Computer Application, Ambegaon Pathar, Pune",1612524210,2025-26,2,Maharashtra,GOPENO,GOPENO,HU,67.3579428,percentile,GOPENO | 10753 | 67.3579428 | Stage-I,247,Other Than Home University Seats Allotted to Home University Candidates,df86552e826ac14ea4fd567dc52ba7a830e28e1133672da310581b9ae47bf10a
f6ffd36c4c00-PG_MCA_CAP2_Cutoff_All_Institutes_2025_26__1_.pdf,6992,"Pune Cambridge Institute of Management and Computer Application, Ambegaon Pathar, Pune",1612524210,2025-26,2,Maharashtra,GSCO,GSCO,HU,19.1539942,percentile,GSCO | 22302 | 19.1539942 | Stage-I,247,Other Than Home University Seats Allotted to Home University Candidates,4e9b01712d664fb7dc2cf774526d247aab8f13007fac828b023fa8ed46961570
f6ffd36c4c00-PG_MCA_CAP2_Cutoff_All_Institutes_2025_26__1_.pdf,6992,"Pune Cambridge Institute of Management and Computer Application, Ambegaon Pathar, Pune",1612524210,2025-26,2,Maharashtra,GSTO,GSTO,HU,41.4550394,percentile,GSTO | 17247 | 41.4550394 | Stage-I,247,Other Than Home University Seats Allotted to Home University Candidates,89e588c63e92f152e6aa7389e0a7d079d6f829f276d0af763ba49b717c0c8b84
f6ffd36c4c00-PG_MCA_CAP2_Cutoff_All_Institutes_2025_26__1_.pdf,6992,"Pune Cambridge Institute of Management and Computer Application, Ambegaon Pathar, Pune",1612524210,2025-26,2,Maharashtra,GNTAO,GNTAO,HU,63.1574978,percentile,GNTAO | 11786 | 63.1574978 | Stage-I,247,Other Than Home University Seats Allotted to Home University Candidates,126fcc3ec7753c9dc5e1f6736120001aa2c53adc8be44eb2b4ded5711844e3d1
f6ffd36c4c00-PG_MCA_CAP2_Cutoff_All_Institutes_2025_26__1_.pdf,6992,"Pune Cambridge Institute of Management and Computer Application, Ambegaon Pathar, Pune",1612524210,2025-26,2,Maharashtra,GOPENH,GOPENH,HU,74.782248,percentile,GOPENH | 8067 | 74.782248 | Stage-I,249,Home University Seats Allotted to Home University Candidates,3df5aff86acba90d5a485834c934d7f6e1a2bb90f6597a4ea6f880553fa2882e
f6ffd36c4c00-PG_MCA_CAP2_Cutoff_All_Institutes_2025_26__1_.pdf,6992,"Pune Cambridge Institute of Management and Computer Application, Ambegaon Pathar, Pune",1612524210,2025-26,2,Maharashtra,GSCH,GSCH,HU,15.5994113,percentile,GSCH | 22942 | 15.5994113 | Stage-I,249,Home University Seats Allotted to Home University Candidates,c9e1972100b8097d872f3b17c60dbceff9052a7ca34a6328c02803f929271199
f6ffd36c4c00-PG_MCA_CAP2_Cutoff_All_Institutes_2025_26__1_.pdf,6992,"Pune Cambridge Institute of Management and Computer Application, Ambegaon Pathar, Pune",1612524210,2025-26,2,Maharashtra,GSTH,GSTH,HU,65.8578922,percentile,GSTH | 11351 | 65.8578922 | Stage-I,249,Home University Seats Allotted to Home University Candidates,ff141efacde5e827af7930eb5d055ba003bb145a2292718df912b4263ea92245
f6ffd36c4c00-PG_MCA_CAP2_Cutoff_All_Institutes_2025_26__1_.pdf,6992,"Pune Cambridge Institute of Management and Computer Application, Ambegaon Pathar, Pune",1612524210,2025-26,2,Maharashtra,GOPENO,GOPENO,HU,56.5488095,percentile,GOPENO | 13735 | 56.5488095 | Stage-I,249,Other Than Home University Seats Allotted to Other Than Home University Candidates,d5e4db5ee990f06cf43b3d3169b8219f9aa3a8e10cd639e5ccee0f94ed15c672
f6ffd36c4c00-PG_MCA_CAP2_Cutoff_All_Institutes_2025_26__1_.pdf,6992,"Pune Cambridge Institute of Management and Computer Application, Ambegaon Pathar, Pune",1612524210,2025-26,2,Maharashtra,GOPENO,GOPENO,HU,65.8578922,percentile,GOPENO | 11023 | 65.8578922 | Stage-I,249,Other Than Home University Seats Allotted to Home University Candidates,8dae8e57cbdc38026f343c34742665d855c127434168e579a40f7ab2efe1c30e
f6ffd36c4c00-PG_MCA_CAP2_Cutoff_All_Institutes_2025_26__1_.pdf,6992,"Pune Cambridge Institute of Management and Computer Application, Ambegaon Pathar, Pune",1612524210,2025-26,2,Maharashtra,GOPENH,GOPENH,HU,65.8578922,percentile,GOPENH | 11335 | 65.8578922 | Stage-I,250,Home University Seats Allotted to Home University Candidates,91c14f362db12fd501ebb23abdbb7648c6a198ce9cb789eb767de9b985c8bda3
f6ffd36c4c00-PG_MCA_CAP2_Cutoff_All_Institutes_2025_26__1_.pdf,6992,"Pune Cambridge Institute of Management and Computer Application, Ambegaon Pathar, Pune",1612524210,2025-26,2,Maharashtra,GSCH,GSCH,HU,19.1539942,percentile,GSCH | 22356 | 19.1539942 | Stage-I,250,Home University Seats Allotted to Home University Candidates,226d86c80fe7542049eefc3f773ae28e2f172da0143d03546ed7a74e908af65c
f6ffd36c4c00-PG_MCA_CAP2_Cutoff_All_Institutes_2025_26__1_.pdf,6992,"Pune Cambridge Institute of Management and Computer Application, Ambegaon Pathar, Pune",1612524210,2025-26,2,Maharashtra,GSTH,GSTH,HU,23.1010151,percentile,GSTH | 21499 | 23.1010151 | Stage-I,250,Home University Seats Allotted to Home University Candidates,29708be81d38f6fc7ca4a2aa929279b7ed8214c7cc01b2c006bb344f3bbe3ab5
f6ffd36c4c00-PG_MCA_CAP2_Cutoff_All_Institutes_2025_26__1_.pdf,6992,"Pune Cambridge Institute of Management and Computer Application, Ambegaon Pathar, Pune",1612524210,2025-26,2,Maharashtra,GOPENO,GOPENO,HU,15.5994113,percentile,GOPENO | 22956 | 15.5994113 | Stage-I,250,Other Than Home University Seats Allotted to Home University Candidates,8caea40d62574953652712ce87bfbb42bc299a750016268d0e39724ccdb47ca9
f6ffd36c4c00-PG_MCA_CAP2_Cutoff_All_Institutes_2025_26__1_.pdf,6992,"Pune Cambridge Institute of Management and Computer Application, Ambegaon Pathar, Pune",1612524210,2025-26,2,Maharashtra,GOPENH,GOPENH,HU,53.942159,percentile,GOPENH | 14352 | 53.942159 | Stage-I,251,Home University Seats Allotted to Home University Candidates,03ccd48f05e5130a7f6cc8de445ce1ad53b880fac0ec7a7b536dd4b1e61e6454
f6ffd36c4c00-PG_MCA_CAP2_Cutoff_All_Institutes_2025_26__1_.pdf,6992,"Pune Cambridge Institute of Management and Computer Application, Ambegaon Pathar, Pune",1612524210,2025-26,2,Maharashtra,GSCH,GSCH,HU,49.3533426,percentile,GSCH | 15608 | 49.3533426 | Stage-I,251,Home University Seats Allotted to Home University Candidates,27e6af766ca1a4bff9078d1b285c6fbdf3315a6c66642b4bdc4d1ae95f8cce7c
f6ffd36c4c00-PG_MCA_CAP2_Cutoff_All_Institutes_2025_26__1_.pdf,6992,"Pune Cambridge Institute of Management and Computer Application, Ambegaon Pathar, Pune",1612524210,2025-26,2,Maharashtra,GOBCH,GOBCH,HU,4.302251,percentile,GOBCH | 24765 | 4.302251 | Stage-I,251,Home University Seats Allotted to Home University Candidates,2f9b1733d005df8cfc30655f1a0fe7eb7d952a30142e311ab57e7afd9bae8f2c
f6ffd36c4c00-PG_MCA_CAP2_Cutoff_All_Institutes_2025_26__1_.pdf,6992,"Pune Cambridge Institute of Management and Computer Application, Ambegaon Pathar, Pune",1612524210,2025-26,2,Maharashtra,GOPENO,GOPENO,HU,21.0059952,percentile,GOPENO | 22068 | 21.0059952 | Stage-I,251,Other Than Home University Seats Allotted to Other Than Home University Candidates,eecbb865fd8724ba56f5ea3bbc6586da3c80c7692dacc8e494496df6a0e6cf16
f6ffd36c4c00-PG_MCA_CAP2_Cutoff_All_Institutes_2025_26__1_.pdf,6992,"Pune Cambridge Institute of Management and Computer Application, Ambegaon Pathar, Pune",1612524210,2025-26,2,Maharashtra,GOPENO,GOPENO,HU,39.3989669,percentile,GOPENO | 18134 | 39.3989669 | Stage-I,251,Other Than Home University Seats Allotted to Home University Candidates,78635c747df5be8ee289832886c2346629ce7a5ad5f5c1c917e39ad75b7465f6
f6ffd36c4c00-PG_MCA_CAP2_Cutoff_All_Institutes_2025_26__1_.pdf,6992,"Pune Cambridge Institute of Management and Computer Application, Ambegaon Pathar, Pune",1612524210,2025-26,2,Maharashtra,TFWS,TFWS,SL,82.8308366,percentile,TFWS | 5984 | 82.8308366 | Stage-I,251,Other Than Home University Seats Allotted to Home University Candidates,4464adca50f0a396fb3a981065d03f3798577f1af74d2bf3540fb0b5cbe54601
f6ffd36c4c00-PG_MCA_CAP2_Cutoff_All_Institutes_2025_26__1_.pdf,6992,"Pune Cambridge Institute of Management and Computer Application, Ambegaon Pathar, Pune",1620024110,2025-26,2,Maharashtra,GOPENH,GOPENH,HU,51.4093808,percentile,GOPENH | 15029 | 51.4093808 | Stage-I,252,Home University Seats Allotted to Home University Candidates,33b02298c2bf4ee5ab32d138b710e1f046f6445efd9822bae39fa1aa40d1785d
f6ffd36c4c00-PG_MCA_CAP2_Cutoff_All_Institutes_2025_26__1_.pdf,6992,"Pune Cambridge Institute of Management and Computer Application, Ambegaon Pathar, Pune",1620024110,2025-26,2,Maharashtra,GSCH,GSCH,HU,49.3533426,percentile,GSCH | 15434 | 49.3533426 | Stage-I,252,Home University Seats Allotted to Home University Candidates,18f609bc7a718982fc23fd241516c8b2fde3cf5a7de585bd1b11195f7b8d0856
f6ffd36c4c00-PG_MCA_CAP2_Cutoff_All_Institutes_2025_26__1_.pdf,6992,"Pune Cambridge Institute of Management and Computer Application, Ambegaon Pathar, Pune",1620024110,2025-26,2,Maharashtra,GOPENO,GOPENO,HU,44.5345198,percentile,GOPENO | 16701 | 44.5345198 | Stage-I,252,Other Than Home University Seats Allotted to Other Than Home University Candidates,e610792562f37bd7b31bd87022b28fbf10ab37db649264def32abbb0bcc68a16
f6ffd36c4c00-PG_MCA_CAP2_Cutoff_All_Institutes_2025_26__1_.pdf,6992,"Pune Cambridge Institute of Management and Computer Application, Ambegaon Pathar, Pune",1620024110,2025-26,2,Maharashtra,GOPENO,GOPENO,HU,34.5198145,percentile,GOPENO | 19090 | 34.5198145 | Stage-I,252,Other Than Home University Seats Allotted to Home University Candidates,4fe1a5680542320a6cd582ca21f6380e07b454d27f7656833afd279bbb6ec42c
f6ffd36c4c00-PG_MCA_CAP2_Cutoff_All_Institutes_2025_26__1_.pdf,6992,"Pune Cambridge Institute of Management and Computer Application, Ambegaon Pathar, Pune",1620024110,2025-26,2,Maharashtra,GSCO,GSCO,HU,29.9046039,percentile,GSCO | 20233 | 29.9046039 | Stage-I,252,Other Than Home University Seats Allotted to Home University Candidates,cb5c2008fca4783d029ce3919eebc8ed369d734306cea971b204b6cf967dbec1
f6ffd36c4c00-PG_MCA_CAP2_Cutoff_All_Institutes_2025_26__1_.pdf,6992,"Pune Cambridge Institute of Management and Computer Application, Ambegaon Pathar, Pune",1620024110,2025-26,2,Maharashtra,GOPENH,GOPENH,HU,85.3851665,percentile,GOPENH | 4661 | 85.3851665 | Stage-I,253,Home University Seats Allotted to Home University Candidates,f6b2b1dcb72b6644e2e7607bb313a6c72728fd90dffe9416125f8bdfb3793e29
f6ffd36c4c00-PG_MCA_CAP2_Cutoff_All_Institutes_2025_26__1_.pdf,6992,"Pune Cambridge Institute of Management and Computer Application, Ambegaon Pathar, Pune",1620024110,2025-26,2,Maharashtra,GSCH,GSCH,HU,16.9789978,percentile,GSCH | 22784 | 16.9789978 | Stage-I,253,Home University Seats Allotted to Home University Candidates,e01ed85ef47eb0ad5b52afb99741728e3a07d50075688f4ad91b4d9cd03a518a
f6ffd36c4c00-PG_MCA_CAP2_Cutoff_All_Institutes_2025_26__1_.pdf,6992,"Pune Cambridge Institute of Management and Computer Application, Ambegaon Pathar, Pune",1620024110,2025-26,2,Maharashtra,GSTH,GSTH,HU,67.3579428,percentile,GSTH | 10621 | 67.3579428 | Stage-I,253,Home University Seats Allotted to Home University Candidates,ff38134c6fbddd4400f8df692df432825ab29efd3e0d06440e46b9c777b8e7df
f6ffd36c4c00-PG_MCA_CAP2_Cutoff_All_Institutes_2025_26__1_.pdf,6992,"Pune Cambridge Institute of Management and Computer Application, Ambegaon Pathar, Pune",1620024110,2025-26,2,Maharashtra,GOPENO,GOPENO,HU,56.5488095,percentile,GOPENO | 13820 | 56.5488095 | Stage-I,253,Other Than Home University Seats Allotted to Other Than Home University Candidates,6e7e3585555d3ae83ade8d18a4d94d6819f4624be3a91fe3e148445bc962b3aa
f6ffd36c4c00-PG_MCA_CAP2_Cutoff_All_Institutes_2025_26__1_.pdf,6992,"Pune Cambridge Institute of Management and Computer Application, Ambegaon Pathar, Pune",1620024110,2025-26,2,Maharashtra,GSTO,GSTO,HU,65.8578922,percentile,GSTO | 11148 | 65.8578922 | Stage-IV,253,Other Than Home University Seats Allotted to Home University Candidates,38c99cfd4f2f6f585b5bf11db93d483b8258fda979986d03fd8378d0cbdb92cb
f6ffd36c4c00-PG_MCA_CAP2_Cutoff_All_Institutes_2025_26__1_.pdf,6992,"Pune Cambridge Institute of Management and Computer Application, Ambegaon Pathar, Pune",1620024110,2025-26,2,Maharashtra,GNTAO,GNTAO,HU,65.8578922,percentile,GNTAO | 11287 | 65.8578922 | Stage-IV,253,Other Than Home University Seats Allotted to Home University Candidates,b36cdfb526237832bcc50bda51c55154725c9b8c33300f53fc7f53f36c0ff1ad
f6ffd36c4c00-PG_MCA_CAP2_Cutoff_All_Institutes_2025_26__1_.pdf,6992,"Pune Cambridge Institute of Management and Computer Application, Ambegaon Pathar, Pune",1620024110,2025-26,2,Maharashtra,GNTDO,GNTDO,HU,69.7143504,percentile,GNTDO | 9693 | 69.7143504 | Stage-IV,253,Other Than Home University Seats Allotted to Home University Candidates,f598cc42ffaab16b93b8fcbd6808a9e05fb1ec13eb59acc8ae756894d5d47e77
f6ffd36c4c00-PG_MCA_CAP2_Cutoff_All_Institutes_2025_26__1_.pdf,6992,"Pune Cambridge Institute of Management and Computer Application, Ambegaon Pathar, Pune",1620024110,2025-26,2,Maharashtra,TFWS,TFWS,SL,92.1797821,percentile,TFWS | 2586 | 92.1797821 | Stage-I,254,,bda1b3fef4392b27dd620f2ccff959332fbac6b4e061d90a26ce0ed015551335
f6ffd36c4c00-PG_MCA_CAP2_Cutoff_All_Institutes_2025_26__1_.pdf,6992,"Pune Cambridge Institute of Management and Computer Application, Ambegaon Pathar, Pune",1621624110,2025-26,2,Maharashtra,GOPENH,GOPENH,HU,76.9216256,percentile,GOPENH | 7744 | 76.9216256 | Stage-I,255,Home University Seats Allotted to Home University Candidates,efecc94a72990e351842314fd1d3d8472e592faba57ebda764b9c71bbe0d3cba
f6ffd36c4c00-PG_MCA_CAP2_Cutoff_All_Institutes_2025_26__1_.pdf,6992,"Pune Cambridge Institute of Management and Computer Application, Ambegaon Pathar, Pune",1621624110,2025-26,2,Maharashtra,GSCH,GSCH,HU,49.3533426,percentile,GSCH | 15776 | 49.3533426 | Stage-I,255,Home University Seats Allotted to Home University Candidates,4a50a616a864680470b0d6cc99597a2d4e6c5bdef7e0569d6edff2ae4047301c
f6ffd36c4c00-PG_MCA_CAP2_Cutoff_All_Institutes_2025_26__1_.pdf,6992,"Pune Cambridge Institute of Management and Computer Application, Ambegaon Pathar, Pune",1621624110,2025-26,2,Maharashtra,GOPENO,GOPENO,HU,19.1539942,percentile,GOPENO | 22215 | 19.1539942 | Stage-I,255,Other Than Home University Seats Allotted to Other Than Home University Candidates,9f053eb5e0782bb873af03fb2e279d684641dfa587527a565fb0310772bf6af8
f6ffd36c4c00-PG_MCA_CAP2_Cutoff_All_Institutes_2025_26__1_.pdf,6992,"Pune Cambridge Institute of Management and Computer Application, Ambegaon Pathar, Pune",1621624110,2025-26,2,Maharashtra,GSCO,GSCO,HU,15.5994113,percentile,GSCO | 23041 | 15.5994113 | Stage-I,255,Other Than Home University Seats Allotted to Other Than Home University Candidates,18dc88c3364abae2d575cb6d0ac33b526d4cb3127b5f233d8a8b8bd312196d74
f6ffd36c4c00-PG_MCA_CAP2_Cutoff_All_Institutes_2025_26__1_.pdf,6992,"Pune Cambridge Institute of Management and Computer Application, Ambegaon Pathar, Pune",1621624110,2025-26,2,Maharashtra,GSCO,GSCO,HU,44.5345198,percentile,GSCO | 16942 | 44.5345198 | Stage-IV,255,Other Than Home University Seats Allotted to Home University Candidates,232f4602630481504967b8c637f5a5ab00e9c8e070350205a3449b829e21cd24
f6ffd36c4c00-PG_MCA_CAP2_Cutoff_All_Institutes_2025_26__1_.pdf,6992,"Pune Cambridge Institute of Management and Computer Application, Ambegaon Pathar, Pune",1621624110,2025-26,2,Maharashtra,GSTO,GSTO,HU,7.4072677,percentile,GSTO | 24365 | 7.4072677 | Stage-IV,255,Other Than Home University Seats Allotted to Home University Candidates,5016a0e3660476b601f7be61bb4c8c87d357bafc11f5fe6fa721149c80f13c4d
f6ffd36c4c00-PG_MCA_CAP2_Cutoff_All_Institutes_2025_26__1_.pdf,6992,"Pune Cambridge Institute of Management and Computer Application, Ambegaon Pathar, Pune",1621624110,2025-26,2,Maharashtra,GNTBO,GNTBO,HU,49.3533426,percentile,GNTBO | 15590 | 49.3533426 | Stage-IV,255,Other Than Home University Seats Allotted to Home University Candidates,22c9bc7743fa6251a5453802804acd37cdac3ebcce71329d64961aa506e355d7
f6ffd36c4c00-PG_MCA_CAP2_Cutoff_All_Institutes_2025_26__1_.pdf,6992,"Pune Cambridge Institute of Management and Computer Application, Ambegaon Pathar, Pune",1621624110,2025-26,2,Maharashtra,GOBCO,GOBCO,HU,16.9789978,percentile,GOBCO | 22740 | 16.9789978 | Stage-IV,255,Other Than Home University Seats Allotted to Home University Candidates,37b6fba270270edd6c1d025f0098779d8b4d06aa3f9d282499a4826a5068d1e7
f6ffd36c4c00-PG_MCA_CAP2_Cutoff_All_Institutes_2025_26__1_.pdf,6992,"Pune Cambridge Institute of Management and Computer Application, Ambegaon Pathar, Pune",1622924210,2025-26,2,Maharashtra,GOPENH,GOPENH,HU,53.942159,percentile,GOPENH | 14097 | 53.942159 | Stage-I,257,Home University Seats Allotted to Home University Candidates,bceb463b6abe9fb80c0d5325b9e43e611480b97d8a8fe2315f1f453d9e3c9052
f6ffd36c4c00-PG_MCA_CAP2_Cutoff_All_Institutes_2025_26__1_.pdf,6992,"Pune Cambridge Institute of Management and Computer Application, Ambegaon Pathar, Pune",1622924210,2025-26,2,Maharashtra,GOPENO,GOPENO,HU,44.5345198,percentile,GOPENO | 16446 | 44.5345198 | Stage-I,257,Other Than Home University Seats Allotted to Home University Candidates,924f27f03694fc9024e03dfb86be5b718dada54e4289a81e6541704fabac3f66
f6ffd36c4c00-PG_MCA_CAP2_Cutoff_All_Institutes_2025_26__1_.pdf,6992,"Pune Cambridge Institute of Management and Computer Application, Ambegaon Pathar, Pune",1622924210,2025-26,2,Maharashtra,TFWS,TFWS,SL,31.6629561,percentile,TFWS | 19368 | 31.6629561 | Stage-I,257,Other Than Home University Seats Allotted to Home University Candidates,0f88ad1f071aace0564a8c842f6b089818d83608ac5498825c6d154a05948fb6
f6ffd36c4c00-PG_MCA_CAP2_Cutoff_All_Institutes_2025_26__1_.pdf,6992,"Pune Cambridge Institute of Management and Computer Application, Ambegaon Pathar, Pune",1622924210,2025-26,2,Maharashtra,MI-MH,MI-MH,MI,0.3883715,percentile,MI-MH | 25433 | 0.3883715 | Stage-MI-MH,257,Minority Seats : Minority Seats Allotted to Non Minority Candidates,3a5f8246cf924f71c9837bc510d32a368be21de2833263e90956b6b8e1e651ae
f6ffd36c4c00-PG_MCA_CAP2_Cutoff_All_Institutes_2025_26__1_.pdf,6992,"Pune Cambridge Institute of Management and Computer Application, Ambegaon Pathar, Pune",1625924110,2025-26,2,Maharashtra,GOPENH,GOPENH,HU,58.7911466,percentile,GOPENH | 13159 | 58.7911466 | Stage-I,258,Home University Seats Allotted to Home University Candidates,d12081a914cec42c5b5c0b93f6de8c69ce14f07b028ee18ae6b8638dc2decedb
f6ffd36c4c00-PG_MCA_CAP2_Cutoff_All_Institutes_2025_26__1_.pdf,6992,"Pune Cambridge Institute of Management and Computer Application, Ambegaon Pathar, Pune",1625924110,2025-26,2,Maharashtra,GSCH,GSCH,HU,27.2744425,percentile,GSCH | 20542 | 27.2744425 | Stage-I,258,Home University Seats Allotted to Home University Candidates,05c9ccfae2815551eabec15f92b1650503d1c711059c8f39f1b25841e982bb27
f6ffd36c4c00-PG_MCA_CAP2_Cutoff_All_Institutes_2025_26__1_.pdf,6992,"Pune Cambridge Institute of Management and Computer Application, Ambegaon Pathar, Pune",1625924110,2025-26,2,Maharashtra,GNTAH,GNTAH,HU,13.5402134,percentile,GNTAH | 23298 | 13.5402134 | Stage-I,258,Home University Seats Allotted to Other Than Home University Candidates,08bb233336b7ce5314979074461fdd0b5c150ddf527d8e960ba55e0705cfbbdc
f6ffd36c4c00-PG_MCA_CAP2_Cutoff_All_Institutes_2025_26__1_.pdf,6992,"Pune Cambridge Institute of Management and Computer Application, Ambegaon Pathar, Pune",1625924110,2025-26,2,Maharashtra,GSEBCH,GSEBCH,HU,36.496736,percentile,GSEBCH | 18439 | 36.496736 | Stage-I,258,Home University Seats Allotted to Other Than Home University Candidates,9c79a61b9f5dd35390ea7a315d7cfa4709823799c492b4a0627f6eaafc758a1a
f6ffd36c4c00-PG_MCA_CAP2_Cutoff_All_Institutes_2025_26__1_.pdf,6992,"Pune Cambridge Institute of Management and Computer Application, Ambegaon Pathar, Pune",1625924110,2025-26,2,Maharashtra,GOPENO,GOPENO,HU,71.1549338,percentile,GOPENO | 9183 | 71.1549338 | Stage-I,258,Other Than Home University Seats Allotted to Other Than Home University Candidates,a81415e232827d8b347813c5a8abca4059fee8e81c328957b95986bcc761b536
f6ffd36c4c00-PG_MCA_CAP2_Cutoff_All_Institutes_2025_26__1_.pdf,6992,"Pune Cambridge Institute of Management and Computer Application, Ambegaon Pathar, Pune",1625924110,2025-26,2,Maharashtra,GSCO,GSCO,HU,31.6629561,percentile,GSCO | 19632 | 31.6629561 | Stage-I,258,Other Than Home University Seats Allotted to Other Than Home University Candidates,f4f8da38f0afa2e98de0680d610ba5da515533254cf6b999ba380ab0c9d9ee6b
f6ffd36c4c00-PG_MCA_CAP2_Cutoff_All_Institutes_2025_26__1_.pdf,6992,"Pune Cambridge Institute of Management and Computer Application, Ambegaon Pathar, Pune",1633124110,2025-26,2,Maharashtra,GOPENH,GOPENH,HU,29.9046039,percentile,GOPENH | 20110 | 29.9046039 | Stage-I,259,Home University Seats Allotted to Home University Candidates,db75a9256df0348ee2b6696ec4dbbbdb8988f54f3ee7f595a55bae057abfd31f
f6ffd36c4c00-PG_MCA_CAP2_Cutoff_All_Institutes_2025_26__1_.pdf,6992,"Pune Cambridge Institute of Management and Computer Application, Ambegaon Pathar, Pune",1633124110,2025-26,2,Maharashtra,GSCH,GSCH,HU,23.1010151,percentile,GSCH | 21367 | 23.1010151 | Stage-I,259,Home University Seats Allotted to Home University Candidates,671205759e798dfb12c3d820d82e4a72bc6c5dd6e6bcfbe768658e3a09accf58
f6ffd36c4c00-PG_MCA_CAP2_Cutoff_All_Institutes_2025_26__1_.pdf,6992,"Pune Cambridge Institute of Management and Computer Application, Ambegaon Pathar, Pune",1633124110,2025-26,2,Maharashtra,GSTH,GSTH,HU,21.0059952,percentile,GSTH | 22074 | 21.0059952 | Stage-I,259,Home University Seats Allotted to Home University Candidates,669a4d39a01db45e149e8e92dae83bf68dc88495bcfbc0b484b6e7fca7076001
f6ffd36c4c00-PG_MCA_CAP2_Cutoff_All_Institutes_2025_26__1_.pdf,6992,"Pune Cambridge Institute of Management and Computer Application, Ambegaon Pathar, Pune",1633124110,2025-26,2,Maharashtra,GOPENO,GOPENO,HU,46.3793819,percentile,GOPENO | 16117 | 46.3793819 | Stage-I,259,Other Than Home University Seats Allotted to Other Than Home University Candidates,c8f29ce29eea628cb0e756d44af434ed523abc5fb5d29362a004c119b58d7351
f6ffd36c4c00-PG_MCA_CAP2_Cutoff_All_Institutes_2025_26__1_.pdf,6992,"Pune Cambridge Institute of Management and Computer Application, Ambegaon Pathar, Pune",1633124110,2025-26,2,Maharashtra,GSCO,GSCO,HU,44.5345198,percentile,GSCO | 16519 | 44.5345198 | Stage-I,259,Other Than Home University Seats Allotted to Other Than Home University Candidates,dbb22568d9c351740fa933db9e7f5b8de854be343bfbec541f6bf360d42336e2
f6ffd36c4c00-PG_MCA_CAP2_Cutoff_All_Institutes_2025_26__1_.pdf,6992,"Pune Cambridge Institute of Management and Computer Application, Ambegaon Pathar, Pune",1633124110,2025-26,2,Maharashtra,GSTO,GSTO,HU,25.4779232,percentile,GSTO | 20823 | 25.4779232 | Stage-I,259,Other Than Home University Seats Allotted to Other Than Home University Candidates,da42ea4b198b1ddb086a805e6ce78d1f024bdd92a56f7f4398780f5725d72246
f6ffd36c4c00-PG_MCA_CAP2_Cutoff_All_Institutes_2025_26__1_.pdf,6992,"Pune Cambridge Institute of Management and Computer Application, Ambegaon Pathar, Pune",1633124110,2025-26,2,Maharashtra,TFWS,TFWS,SL,56.5488095,percentile,TFWS | 13516 | 56.5488095 | Stage-I,259,Other Than Home University Seats Allotted to Other Than Home University Candidates,0c6d57163db834d19cbaf0f462612aaf15fe5e576c30ca53ddb26375a4901659
f6ffd36c4c00-PG_MCA_CAP2_Cutoff_All_Institutes_2025_26__1_.pdf,6992,"Pune Cambridge Institute of Management and Computer Application, Ambegaon Pathar, Pune",1635324110,2025-26,2,Maharashtra,GOPENH,GOPENH,HU,82.8308366,percentile,GOPENH | 5872 | 82.8308366 | Stage-I,260,Home University Seats Allotted to Home University Candidates,c470c78d1b62bfa7251202f675572c1c0c1a539c7d6ca406ee06b0d0064725a5
f6ffd36c4c00-PG_MCA_CAP2_Cutoff_All_Institutes_2025_26__1_.pdf,6992,"Pune Cambridge Institute of Management and Computer Application, Ambegaon Pathar, Pune",1635324110,2025-26,2,Maharashtra,GSCH,GSCH,HU,5.9311489,percentile,GSCH | 24580 | 5.9311489 | Stage-I,260,Home University Seats Allotted to Home University Candidates,a5d30c1a4f9b00327e3083da3933ff61b88dd164e3509bf03242664114c8c556
f6ffd36c4c00-PG_MCA_CAP2_Cutoff_All_Institutes_2025_26__1_.pdf,6992,"Pune Cambridge Institute of Management and Computer Application, Ambegaon Pathar, Pune",1635324110,2025-26,2,Maharashtra,GSTH,GSTH,HU,53.942159,percentile,GSTH | 14421 | 53.942159 | Stage-I,260,Home University Seats Allotted to Home University Candidates,b785f03b8554caa0ecad7a4b23b02b0023600103fdba920ac0a67f13e84d35e1
f6ffd36c4c00-PG_MCA_CAP2_Cutoff_All_Institutes_2025_26__1_.pdf,6992,"Pune Cambridge Institute of Management and Computer Application, Ambegaon Pathar, Pune",1635324110,2025-26,2,Maharashtra,GOPENO,GOPENO,HU,69.7143504,percentile,GOPENO | 10003 | 69.7143504 | Stage-I,260,Other Than Home University Seats Allotted to Home University Candidates,6504de5d80e9555bb60551ec24515fca796e22443881efdff46e4c00fc014a48
f6ffd36c4c00-PG_MCA_CAP2_Cutoff_All_Institutes_2025_26__1_.pdf,6992,"Pune Cambridge Institute of Management and Computer Application, Ambegaon Pathar, Pune",1635324110,2025-26,2,Maharashtra,GSCO,GSCO,HU,36.496736,percentile,GSCO | 18723 | 36.496736 | Stage-I,260,Other Than Home University Seats Allotted to Home University Candidates,0e02bf1fbe6e6f2068e3c89db604998c1a3c16e9e828586f9613ade59133600d
f6ffd36c4c00-PG_MCA_CAP2_Cutoff_All_Institutes_2025_26__1_.pdf,6992,"Pune Cambridge Institute of Management and Computer Application, Ambegaon Pathar, Pune",1635324110,2025-26,2,Maharashtra,TFWS,TFWS,SL,63.1574978,percentile,TFWS | 11930 | 63.1574978 | Stage-I,260,Other Than Home University Seats Allotted to Home University Candidates,646bfa992ae7826261d15e1e8444f3795a56ed71007ef55f6dbec03e45e04e49
f6ffd36c4c00-PG_MCA_CAP2_Cutoff_All_Institutes_2025_26__1_.pdf,6992,"Pune Cambridge Institute of Management and Computer Application, Ambegaon Pathar, Pune",1635524210,2025-26,2,Maharashtra,GOPENH,GOPENH,HU,27.2744425,percentile,GOPENH | 20382 | 27.2744425 | Stage-I,261,Home University Seats Allotted to Home University Candidates,8654781b85fa158e88f0c4a8a4790e45a421813cb7f1057afdc1dcfb20d352fc
f6ffd36c4c00-PG_MCA_CAP2_Cutoff_All_Institutes_2025_26__1_.pdf,6992,"Pune Cambridge Institute of Management and Computer Application, Ambegaon Pathar, Pune",1635524210,2025-26,2,Maharashtra,GSCH,GSCH,HU,15.5994113,percentile,GSCH | 23002 | 15.5994113 | Stage-I,261,Home University Seats Allotted to Home University Candidates,4d808e0f4c880efc02ed18e916970bd6ac2182d86c0103ffd05cea2daae7f8a7
f6ffd36c4c00-PG_MCA_CAP2_Cutoff_All_Institutes_2025_26__1_.pdf,6992,"Pune Cambridge Institute of Management and Computer Application, Ambegaon Pathar, Pune",1635524210,2025-26,2,Maharashtra,GSTH,GSTH,HU,13.5402134,percentile,GSTH | 23336 | 13.5402134 | Stage-I,261,Home University Seats Allotted to Home University Candidates,cbcf16c2263ea91cecc3093b8ad4d49c5c6ab4995031bf7947e04f70e0112f83
f6ffd36c4c00-PG_MCA_CAP2_Cutoff_All_Institutes_2025_26__1_.pdf,6992,"Pune Cambridge Institute of Management and Computer Application, Ambegaon Pathar, Pune",1635524210,2025-26,2,Maharashtra,GNTCH,GNTCH,HU,0.5995249,percentile,GNTCH | 25418 | 0.5995249 | Stage-I,261,Home University Seats Allotted to Home University Candidates,13464d4ef0a2bcf32eb3c3e2c6c990d30dfb6a65d31a0d26bd289954dce0235a
f6ffd36c4c00-PG_MCA_CAP2_Cutoff_All_Institutes_2025_26__1_.pdf,6992,"Pune Cambridge Institute of Management and Computer Application, Ambegaon Pathar, Pune",1635524210,2025-26,2,Maharashtra,GOBCH,GOBCH,HU,19.1539942,percentile,GOBCH | 22191 | 19.1539942 | Stage-I,261,Home University Seats Allotted to Home University Candidates,487add775199c48b65e27f9b9979b134aa0fb9997ca375121617ce4985d8922e
f6ffd36c4c00-PG_MCA_CAP2_Cutoff_All_Institutes_2025_26__1_.pdf,6992,"Pune Cambridge Institute of Management and Computer Application, Ambegaon Pathar, Pune",1635524210,2025-26,2,Maharashtra,GSCH,GSCH,HU,19.1539942,percentile,GSCH | 22387 | 19.1539942 | Stage-IV,261,Home University Seats Allotted to Other Than Home University Candidates,c7845d9b7659596a177a94b2753a01c80367b60ace0fec37b6ec63574ef76681
f6ffd36c4c00-PG_MCA_CAP2_Cutoff_All_Institutes_2025_26__1_.pdf,6992,"Pune Cambridge Institute of Management and Computer Application, Ambegaon Pathar, Pune",1635524210,2025-26,2,Maharashtra,GSTH,GSTH,HU,16.9789978,percentile,GSTH | 22678 | 16.9789978 | Stage-IV,261,Home University Seats Allotted to Other Than Home University Candidates,bf17f85ab7daf07158290e3f1c279beae0ba20b5790bc95a3dac6b6083807b54
f6ffd36c4c00-PG_MCA_CAP2_Cutoff_All_Institutes_2025_26__1_.pdf,6992,"Pune Cambridge Institute of Management and Computer Application, Ambegaon Pathar, Pune",1635524210,2025-26,2,Maharashtra,GNTAH,GNTAH,HU,27.2744425,percentile,GNTAH | 20615 | 27.2744425 | Stage-IV,261,Home University Seats Allotted to Other Than Home University Candidates,b49598885d1ed32d969bee7e4d247bce19858b230441ca17a3ab3614f9478c82
f6ffd36c4c00-PG_MCA_CAP2_Cutoff_All_Institutes_2025_26__1_.pdf,6992,"Pune Cambridge Institute of Management and Computer Application, Ambegaon Pathar, Pune",1635524210,2025-26,2,Maharashtra,GNTBH,GNTBH,HU,29.9046039,percentile,GNTBH | 20182 | 29.9046039 | Stage-IV,261,Home University Seats Allotted to Other Than Home University Candidates,1bd956c4a262569889066309a699e8d8bde114550cd33cf3b50ef1107f59113a
f6ffd36c4c00-PG_MCA_CAP2_Cutoff_All_Institutes_2025_26__1_.pdf,6992,"Pune Cambridge Institute of Management and Computer Application, Ambegaon Pathar, Pune",1635524210,2025-26,2,Maharashtra,GNTDH,GNTDH,HU,29.9046039,percentile,GNTDH | 20186 | 29.9046039 | Stage-IV,261,Home University Seats Allotted to Other Than Home University Candidates,0a6c76b50d5541b01c91b84090dd645347cc86e69dfacaccdb3f41f228636c3a
f6ffd36c4c00-PG_MCA_CAP2_Cutoff_All_Institutes_2025_26__1_.pdf,6992,"Pune Cambridge Institute of Management and Computer Application, Ambegaon Pathar, Pune",1635524210,2025-26,2,Maharashtra,GOBCH,GOBCH,HU,16.9789978,percentile,GOBCH | 22746 | 16.9789978 | Stage-IV,261,Home University Seats Allotted to Other Than Home University Candidates,6f9184b7a245680e517f209431b68f3f097932fd2bdf13179aa639a2d2c7a731
f6ffd36c4c00-PG_MCA_CAP2_Cutoff_All_Institutes_2025_26__1_.pdf,6992,"Pune Cambridge Institute of Management and Computer Application, Ambegaon Pathar, Pune",1635524210,2025-26,2,Maharashtra,GSEBCH,GSEBCH,HU,44.5345198,percentile,GSEBCH | 16657 | 44.5345198 | Stage-IV,261,Home University Seats Allotted to Other Than Home University Candidates,88bc66f78114cf4b17753cf4d81414246fd14c42dd3727f17916a43b46b0083b
f6ffd36c4c00-PG_MCA_CAP2_Cutoff_All_Institutes_2025_26__1_.pdf,6992,"Pune Cambridge Institute of Management and Computer Application, Ambegaon Pathar, Pune",1635524210,2025-26,2,Maharashtra,GOPENO,GOPENO,HU,61.2807064,percentile,GOPENO | 12642 | 61.2807064 | Stage-I,261,Other Than Home University Seats Allotted to Other Than Home University Candidates,cfd811dd58143070b7ce2d0144b163283eb38e620a4f243deb6560ac5ef2bed4
f6ffd36c4c00-PG_MCA_CAP2_Cutoff_All_Institutes_2025_26__1_.pdf,6992,"Pune Cambridge Institute of Management and Computer Application, Ambegaon Pathar, Pune",1635524210,2025-26,2,Maharashtra,GSCO,GSCO,HU,25.4779232,percentile,GSCO | 21141 | 25.4779232 | Stage-I,261,Other Than Home University Seats Allotted to Other Than Home University Candidates,97e6ba27e7e6d11b4799f47d3494e48f30e159dbec4a26732f110f16f0846c24
f6ffd36c4c00-PG_MCA_CAP2_Cutoff_All_Institutes_2025_26__1_.pdf,6992,"Pune Cambridge Institute of Management and Computer Application, Ambegaon Pathar, Pune",1635524210,2025-26,2,Maharashtra,GSTO,GSTO,HU,23.1010151,percentile,GSTO | 21501 | 23.1010151 | Stage-I,261,Other Than Home University Seats Allotted to Other Than Home University Candidates,a2cf87346d41b6f25cb947b67b53166986559cedddab7603693c92e57a23c0d7
f6ffd36c4c00-PG_MCA_CAP2_Cutoff_All_Institutes_2025_26__1_.pdf,6992,"Pune Cambridge Institute of Management and Computer Application, Ambegaon Pathar, Pune",1635524210,2025-26,2,Maharashtra,GNTAO,GNTAO,HU,21.0059952,percentile,GNTAO | 21969 | 21.0059952 | Stage-I,261,Other Than Home University Seats Allotted to Other Than Home University Candidates,d04984f9427373e04894bcefc801db497788b148176a331319cfa355cced4415
f6ffd36c4c00-PG_MCA_CAP2_Cutoff_All_Institutes_2025_26__1_.pdf,6992,"Pune Cambridge Institute of Management and Computer Application, Ambegaon Pathar, Pune",1635524210,2025-26,2,Maharashtra,GNTBO,GNTBO,HU,41.4550394,percentile,GNTBO | 17452 | 41.4550394 | Stage-I,261,Other Than Home University Seats Allotted to Other Than Home University Candidates,e6dcfd7ebe6c273eca30952c98a264a5738d625b047eed7dfbbca373d39c87df
f6ffd36c4c00-PG_MCA_CAP2_Cutoff_All_Institutes_2025_26__1_.pdf,6992,"Pune Cambridge Institute of Management and Computer Application, Ambegaon Pathar, Pune",1635524210,2025-26,2,Maharashtra,GNTCO,GNTCO,HU,46.3793819,percentile,GNTCO | 16378 | 46.3793819 | Stage-I,261,Other Than Home University Seats Allotted to Other Than Home University Candidates,265a5ae935e31b8039006c8d02550f8151367c50f29d7162282799c62f7c6417
f6ffd36c4c00-PG_MCA_CAP2_Cutoff_All_Institutes_2025_26__1_.pdf,6992,"Pune Cambridge Institute of Management and Computer Application, Ambegaon Pathar, Pune",1635524210,2025-26,2,Maharashtra,TFWS,TFWS,SL,74.782248,percentile,TFWS | 7966 | 74.782248 | Stage-I,262,,293780c944647cdc85137e037a77b73096df3946f4279d565422f71668cdc8d8
f6ffd36c4c00-PG_MCA_CAP2_Cutoff_All_Institutes_2025_26__1_.pdf,6992,"Pune Cambridge Institute of Management and Computer Application, Ambegaon Pathar, Pune",1635624110,2025-26,2,Maharashtra,GOPENH,GOPENH,HU,63.1574978,percentile,GOPENH | 11782 | 63.1574978 | Stage-I,263,Home University Seats Allotted to Home University Candidates,694871f7656802474e40efdfeab5fc42aa9a46ed2bbee5d0833dc5f3e2e5ed12
f6ffd36c4c00-PG_MCA_CAP2_Cutoff_All_Institutes_2025_26__1_.pdf,6992,"Pune Cambridge Institute of Management and Computer Application, Ambegaon Pathar, Pune",1635624110,2025-26,2,Maharashtra,GSCH,GSCH,HU,41.4550394,percentile,GSCH | 17182 | 41.4550394 | Stage-I,263,Home University Seats Allotted to Home University Candidates,5b01c9d49c089118ecf10985bc68b8e7d638d35d5ad0fcb7604fd611135632a0
f6ffd36c4c00-PG_MCA_CAP2_Cutoff_All_Institutes_2025_26__1_.pdf,6992,"Pune Cambridge Institute of Management and Computer Application, Ambegaon Pathar, Pune",1635624110,2025-26,2,Maharashtra,GSTH,GSTH,HU,27.2744425,percentile,GSTH | 20573 | 27.2744425 | Stage-I,263,Home University Seats Allotted to Home University Candidates,230b84bd4dfa40e0409fef25f77ceafc69233482d9a2d4a34c274426fe702200
f6ffd36c4c00-PG_MCA_CAP2_Cutoff_All_Institutes_2025_26__1_.pdf,6992,"Pune Cambridge Institute of Management and Computer Application, Ambegaon Pathar, Pune",1635624110,2025-26,2,Maharashtra,GNTBH,GNTBH,HU,19.1539942,percentile,GNTBH | 22341 | 19.1539942 | Stage-I,263,Home University Seats Allotted to Home University Candidates,e607502d107605c5e4b4abc3b3e25a14239301a313cfed65dbcde2ae2802c09b
f6ffd36c4c00-PG_MCA_CAP2_Cutoff_All_Institutes_2025_26__1_.pdf,6992,"Pune Cambridge Institute of Management and Computer Application, Ambegaon Pathar, Pune",1635624110,2025-26,2,Maharashtra,GNTCH,GNTCH,HU,31.6629561,percentile,GNTCH | 19528 | 31.6629561 | Stage-I,263,Home University Seats Allotted to Home University Candidates,bff05bb74dfa9075d36f7497b96a170ca3f7a674f7a75beaddb4c4859b8ec68d
f6ffd36c4c00-PG_MCA_CAP2_Cutoff_All_Institutes_2025_26__1_.pdf,6992,"Pune Cambridge Institute of Management and Computer Application, Ambegaon Pathar, Pune",1635624110,2025-26,2,Maharashtra,GOBCH,GOBCH,HU,29.9046039,percentile,GOBCH | 20201 | 29.9046039 | Stage-I,263,Home University Seats Allotted to Home University Candidates,ae8270df91663aa011055b806f8e5622fe65f88d813a396b60f7d94c8915e83c
f6ffd36c4c00-PG_MCA_CAP2_Cutoff_All_Institutes_2025_26__1_.pdf,6992,"Pune Cambridge Institute of Management and Computer Application, Ambegaon Pathar, Pune",1635624110,2025-26,2,Maharashtra,GSCH,GSCH,HU,44.5345198,percentile,GSCH | 16933 | 44.5345198 | Stage-I,263,Home University Seats Allotted to Other Than Home University Candidates,e7f90a0a48750e7f2cddbb5239b688227307b7e9540f027f1c64ae130da4ee5a
f6ffd36c4c00-PG_MCA_CAP2_Cutoff_All_Institutes_2025_26__1_.pdf,6992,"Pune Cambridge Institute of Management and Computer Application, Ambegaon Pathar, Pune",1635624110,2025-26,2,Maharashtra,GOPENO,GOPENO,HU,71.1549338,percentile,GOPENO | 9363 | 71.1549338 | Stage-I,263,Other Than Home University Seats Allotted to Other Than Home University Candidates,2cdd3975659fa9c6901f3f6af007f353fcbeafd88df70c1dbeec018d76d93a99
f6ffd36c4c00-PG_MCA_CAP2_Cutoff_All_Institutes_2025_26__1_.pdf,6992,"Pune Cambridge Institute of Management and Computer Application, Ambegaon Pathar, Pune",1635624110,2025-26,2,Maharashtra,GSCO,GSCO,HU,49.3533426,percentile,GSCO | 15798 | 49.3533426 | Stage-I,263,Other Than Home University Seats Allotted to Other Than Home University Candidates,50333b8eca8e27de50201529bd8c4890e3a0439d7524b467a2988ef206ecb26d
f6ffd36c4c00-PG_MCA_CAP2_Cutoff_All_Institutes_2025_26__1_.pdf,6992,"Pune Cambridge Institute of Management and Computer Application, Ambegaon Pathar, Pune",1635624110,2025-26,2,Maharashtra,GSTO,GSTO,HU,61.2807064,percentile,GSTO | 12235 | 61.2807064 | Stage-I,263,Other Than Home University Seats Allotted to Other Than Home University Candidates,2600a94a3b98fd5ab9fe57a2184573c2650aab68ba0113ee968e92adaab6f2a4
f6ffd36c4c00-PG_MCA_CAP2_Cutoff_All_Institutes_2025_26__1_.pdf,6992,"Pune Cambridge Institute of Management and Computer Application, Ambegaon Pathar, Pune",1635624110,2025-26,2,Maharashtra,EWS,EWS,SL,21.0059952,percentile,EWS | 21775 | 21.0059952 | Stage-I,264,,580fefc3509c17d5d4c311707911d540b3bec8d2b97d6c2b8bdaa35b0162d251
f6ffd36c4c00-PG_MCA_CAP2_Cutoff_All_Institutes_2025_26__1_.pdf,6992,"Pune Cambridge Institute of Management and Computer Application, Ambegaon Pathar, Pune",1635624110,2025-26,2,Maharashtra,TFWS,TFWS,SL,79.9969812,percentile,TFWS | 6950 | 79.9969812 | Stage-I,264,,cb717c54f759105532e6b543f8c83f28df9624264c64e8dcc3ea704a93953bba
f6ffd36c4c00-PG_MCA_CAP2_Cutoff_All_Institutes_2025_26__1_.pdf,6992,"Pune Cambridge Institute of Management and Computer Application, Ambegaon Pathar, Pune",1635824110,2025-26,2,Maharashtra,GOPENH,GOPENH,HU,31.6629561,percentile,GOPENH | 19448 | 31.6629561 | Stage-I,265,Home University Seats Allotted to Home University Candidates,5e418c127ccb50de8a2d6dda59ff949132f2d71d062f8c69cbc77dcc0df0b196
f6ffd36c4c00-PG_MCA_CAP2_Cutoff_All_Institutes_2025_26__1_.pdf,6992,"Pune Cambridge Institute of Management and Computer Application, Ambegaon Pathar, Pune",1635824110,2025-26,2,Maharashtra,GSCH,GSCH,HU,4.067771,percentile,GSCH | 24975 | 4.067771 | Stage-I,265,Home University Seats Allotted to Home University Candidates,77ea439ee42cbc3a8ee80b954e0b80849712b964d3234b7686b0210c9ec207eb
f6ffd36c4c00-PG_MCA_CAP2_Cutoff_All_Institutes_2025_26__1_.pdf,6992,"Pune Cambridge Institute of Management and Computer Application, Ambegaon Pathar, Pune",1635824110,2025-26,2,Maharashtra,GOPENO,GOPENO,HU,19.1539942,percentile,GOPENO | 22373 | 19.1539942 | Stage-I,265,Other Than Home University Seats Allotted to Other Than Home University Candidates,bdfb809af497f5ef3ccc06e51f855f62697eb37bff1edd6218610771c080f8bc
f6ffd36c4c00-PG_MCA_CAP2_Cutoff_All_Institutes_2025_26__1_.pdf,6992,"Pune Cambridge Institute of Management and Computer Application, Ambegaon Pathar, Pune",1635824110,2025-26,2,Maharashtra,GOBCO,GOBCO,HU,13.5402134,percentile,GOBCO | 23193 | 13.5402134 | Stage-I,265,Other Than Home University Seats Allotted to Other Than Home University Candidates,8e4ad7b3cc60ee6478fff966febc7df038b6972fb2b6fc3088612aa8ce65cd8a
f6ffd36c4c00-PG_MCA_CAP2_Cutoff_All_Institutes_2025_26__1_.pdf,6992,"Pune Cambridge Institute of Management and Computer Application, Ambegaon Pathar, Pune",1635824110,2025-26,2,Maharashtra,TFWS,TFWS,SL,27.2744425,percentile,TFWS | 20323 | 27.2744425 | Stage-I,265,Other Than Home University Seats Allotted to Other Than Home University Candidates,38ffaa327787c97e45b7ea87646d2ef3de031266226616b687230657e1c67aaa
